{
    "cameraHeight": 1.6,
    "layoutHeight": 6.749688295217649,
    "layoutObj2ds": {
        "num": 0,
        "obj2ds": []
    },
    "layoutPoints": {
        "num": 8,
        "points": [
            {
                "coords": [
                    0.740606054767651,
                    0.5
                ],
                "id": 0,
                "xyz": [
                    13.018043684989175,
                    0.0,
                    -0.7692692307692307
                ]
            },
            {
                "coords": [
                    0.7922283827465908,
                    0.5
                ],
                "id": 0,
                "xyz": [
                    13.018043684989175,
                    0.0,
                    3.537465289204121
                ]
            },
            {
                "coords": [
                    0.8289982462813642,
                    0.5
                ],
                "id": 0,
                "xyz": [
                    6.531674173082486,
                    0.0,
                    3.537465289204121
                ]
            },
            {
                "coords": [
                    0.9328339135822917,
                    0.5
                ],
                "id": 0,
                "xyz": [
                    6.531674173082486,
                    0.0,
                    14.547354994392862
                ]
            },
            {
                "coords": [
                    0.9667760015863269,
                    0.44297527131372605
                ],
                "id": 0,
                "xyz": [
                    3.0816921485410416,
                    2.69284063516949,
                    14.547354994392862
                ]
            },
            {
                "coords": [
                    0.9397222222222222,
                    0.40052659396259577
                ],
                "id": 0,
                "xyz": [
                    3.0816921485410416,
                    2.69284063516949,
                    7.743950404762382
                ]
            },
            {
                "coords": [
                    0.09245849385464794,
                    0.5
                ],
                "id": 0,
                "xyz": [
                    -5.083934164940973,
                    0.0,
                    7.743950404762382
                ]
            },
            {
                "coords": [
                    0.27390102311033016,
                    0.5
                ],
                "id": 0,
                "xyz": [
                    -5.083934164940973,
                    0.0,
                    -0.7692692307692307
                ]
            }
        ]
    },
    "layoutWalls": {
        "num": 8,
        "walls": [
            {
                "id": 0,
                "normal": [
                    1.0,
                    0.0,
                    -0.0
                ],
                "planeEquation": [
                    1.0,
                    0.0,
                    -0.0,
                    -13.018043684989175
                ],
                "pointsIdx": [
                    0,
                    1
                ],
                "width": 4.306734519973352
            },
            {
                "id": 0,
                "normal": [
                    0.0,
                    0.0,
                    1.0
                ],
                "planeEquation": [
                    0.0,
                    0.0,
                    1.0,
                    -3.537465289204121
                ],
                "pointsIdx": [
                    1,
                    2
                ],
                "width": 6.486369511906689
            },
            {
                "id": 0,
                "normal": [
                    1.0,
                    0.0,
                    -0.0
                ],
                "planeEquation": [
                    1.0,
                    0.0,
                    -0.0,
                    -6.531674173082486
                ],
                "pointsIdx": [
                    2,
                    3
                ],
                "width": 11.00988970518874
            },
            {
                "id": 0,
                "normal": [
                    0.0,
                    0.0,
                    1.0
                ],
                "planeEquation": [
                    0.0,
                    0.0,
                    1.0,
                    -14.547354994392862
                ],
                "pointsIdx": [
                    3,
                    4
                ],
                "width": 3.4499820245414443
            },
            {
                "id": 0,
                "normal": [
                    -1.0,
                    -0.0,
                    -0.0
                ],
                "planeEquation": [
                    -1.0,
                    -0.0,
                    -0.0,
                    3.0816921485410416
                ],
                "pointsIdx": [
                    4,
                    5
                ],
                "width": 6.80340458963048
            },
            {
                "id": 0,
                "normal": [
                    0.0,
                    0.0,
                    1.0
                ],
                "planeEquation": [
                    0.0,
                    0.0,
                    1.0,
                    -7.743950404762382
                ],
                "pointsIdx": [
                    5,
                    6
                ],
                "width": 8.165626313482015
            },
            {
                "id": 0,
                "normal": [
                    -1.0,
                    -0.0,
                    -0.0
                ],
                "planeEquation": [
                    -1.0,
                    -0.0,
                    -0.0,
                    -5.083934164940973
                ],
                "pointsIdx": [
                    6,
                    7
                ],
                "width": 8.513219635531613
            },
            {
                "id": 0,
                "normal": [
                    0.0,
                    0.0,
                    -1.0
                ],
                "planeEquation": [
                    0.0,
                    0.0,
                    -1.0,
                    -0.7692692307692307
                ],
                "pointsIdx": [
                    7,
                    0
                ],
                "width": 18.101977849930147
            }
        ]
    },
    "panoId": "nothing"
}