{
    "cameraHeight": 1.6,
    "layoutHeight": 4.3928782081604005,
    "layoutObj2ds": {
        "num": 0,
        "obj2ds": []
    },
    "layoutPoints": {
        "num": 6,
        "points": [
            {
                "coords": [
                    0.6137240378755576,
                    0.5
                ],
                "id": 0,
                "xyz": [
                    2.8125,
                    0.0,
                    -3.2421875
                ]
            },
            {
                "coords": [
                    0.6548959367309513,
                    0.5
                ],
                "id": 0,
                "xyz": [
                    2.8125,
                    0.0,
                    -1.9140625
                ]
            },
            {
                "coords": [
                    0.7018521035896788,
                    0.5
                ],
                "id": 0,
                "xyz": [
                    6.1328125,
                    0.0,
                    -1.9140625
                ]
            },
            {
                "coords": [
                    0.7731510125482162,
                    0.5
                ],
                "id": 0,
                "xyz": [
                    6.1328125,
                    0.0,
                    0.8984375
                ]
            },
            {
                "coords": [
                    0.18791914196580484,
                    0.5
                ],
                "id": 0,
                "xyz": [
                    -2.1852799999999997,
                    0.0,
                    0.8984375
                ]
            },
            {
                "coords": [
                    0.4056096541148736,
                    0.5
                ],
                "id": 0,
                "xyz": [
                    -2.1852799999999997,
                    0.0,
                    -3.2421875
                ]
            }
        ]
    },
    "layoutWalls": {
        "num": 6,
        "walls": [
            {
                "id": 0,
                "normal": [
                    1.0,
                    0.0,
                    -0.0
                ],
                "planeEquation": [
                    1.0,
                    0.0,
                    -0.0,
                    -2.8125
                ],
                "pointsIdx": [
                    0,
                    1
                ],
                "width": 1.328125
            },
            {
                "id": 0,
                "normal": [
                    0.0,
                    0.0,
                    -1.0
                ],
                "planeEquation": [
                    0.0,
                    0.0,
                    -1.0,
                    -1.9140625
                ],
                "pointsIdx": [
                    1,
                    2
                ],
                "width": 3.3203125
            },
            {
                "id": 0,
                "normal": [
                    1.0,
                    0.0,
                    -0.0
                ],
                "planeEquation": [
                    1.0,
                    0.0,
                    -0.0,
                    -6.1328125
                ],
                "pointsIdx": [
                    2,
                    3
                ],
                "width": 2.8125
            },
            {
                "id": 0,
                "normal": [
                    0.0,
                    0.0,
                    1.0
                ],
                "planeEquation": [
                    0.0,
                    0.0,
                    1.0,
                    -0.8984375
                ],
                "pointsIdx": [
                    3,
                    4
                ],
                "width": 8.318092499999999
            },
            {
                "id": 0,
                "normal": [
                    -1.0,
                    -0.0,
                    -0.0
                ],
                "planeEquation": [
                    -1.0,
                    -0.0,
                    -0.0,
                    -2.1852799999999997
                ],
                "pointsIdx": [
                    4,
                    5
                ],
                "width": 4.140625
            },
            {
                "id": 0,
                "normal": [
                    0.0,
                    0.0,
                    -1.0
                ],
                "planeEquation": [
                    0.0,
                    0.0,
                    -1.0,
                    -3.2421875
                ],
                "pointsIdx": [
                    5,
                    0
                ],
                "width": 4.99778
            }
        ]
    },
    "panoId": "nothing"
}