{
    "cameraHeight": 1.6,
    "layoutHeight": 2.4084896659851074,
    "layoutObj2ds": {
        "num": 0,
        "obj2ds": []
    },
    "layoutPoints": {
        "num": 6,
        "points": [
            {
                "coords": [
                    0.557829544807871,
                    0.5
                ],
                "id": 0,
                "xyz": [
                    1.0353255735038678,
                    0.0,
                    -2.722845598606522
                ]
            },
            {
                "coords": [
                    0.879513666966268,
                    0.5
                ],
                "id": 0,
                "xyz": [
                    1.0353255735038678,
                    0.0,
                    1.0957803862847761
                ]
            },
            {
                "coords": [
                    0.15404940624292135,
                    0.5
                ],
                "id": 0,
                "xyz": [
                    -1.5918565390691986,
                    0.0,
                    1.0957803862847761
                ]
            },
            {
                "coords": [
                    0.2661121508384007,
                    0.5
                ],
                "id": 0,
                "xyz": [
                    -1.5918565390691986,
                    0.0,
                    -0.16170539729448533
                ]
            },
            {
                "coords": [
                    0.26406095223009896,
                    0.5
                ],
                "id": 0,
                "xyz": [
                    -1.825567604163141,
                    0.0,
                    -0.16170539729448533
                ]
            },
            {
                "coords": [
                    0.40599890062555355,
                    0.5
                ],
                "id": 0,
                "xyz": [
                    -1.825567604163141,
                    0.0,
                    -2.722845598606522
                ]
            }
        ]
    },
    "layoutWalls": {
        "num": 6,
        "walls": [
            {
                "id": 0,
                "normal": [
                    1.0,
                    0.0,
                    -0.0
                ],
                "planeEquation": [
                    1.0,
                    0.0,
                    -0.0,
                    -1.0353255735038678
                ],
                "pointsIdx": [
                    0,
                    1
                ],
                "width": 3.8186259848912982
            },
            {
                "id": 0,
                "normal": [
                    0.0,
                    0.0,
                    1.0
                ],
                "planeEquation": [
                    0.0,
                    0.0,
                    1.0,
                    -1.0957803862847761
                ],
                "pointsIdx": [
                    1,
                    2
                ],
                "width": 2.6271821125730663
            },
            {
                "id": 0,
                "normal": [
                    -1.0,
                    -0.0,
                    -0.0
                ],
                "planeEquation": [
                    -1.0,
                    -0.0,
                    -0.0,
                    -1.5918565390691986
                ],
                "pointsIdx": [
                    2,
                    3
                ],
                "width": 1.2574857835792614
            },
            {
                "id": 0,
                "normal": [
                    0.0,
                    0.0,
                    1.0
                ],
                "planeEquation": [
                    0.0,
                    0.0,
                    1.0,
                    0.16170539729448533
                ],
                "pointsIdx": [
                    3,
                    4
                ],
                "width": 0.23371106509394246
            },
            {
                "id": 0,
                "normal": [
                    -1.0,
                    -0.0,
                    -0.0
                ],
                "planeEquation": [
                    -1.0,
                    -0.0,
                    -0.0,
                    -1.825567604163141
                ],
                "pointsIdx": [
                    4,
                    5
                ],
                "width": 2.561140201312037
            },
            {
                "id": 0,
                "normal": [
                    0.0,
                    0.0,
                    -1.0
                ],
                "planeEquation": [
                    0.0,
                    0.0,
                    -1.0,
                    -2.722845598606522
                ],
                "pointsIdx": [
                    5,
                    0
                ],
                "width": 2.860893177667009
            }
        ]
    },
    "panoId": "nothing"
}