{
    "cameraHeight": 1.6,
    "layoutHeight": 3.224414825439453,
    "layoutObj2ds": {
        "num": 0,
        "obj2ds": []
    },
    "layoutPoints": {
        "num": 4,
        "points": [
            {
                "coords": [
                    0.7188602198815179,
                    0.5
                ],
                "id": 0,
                "xyz": [
                    1.9675099999999999,
                    0.0,
                    -0.38994579193117596
                ]
            },
            {
                "coords": [
                    0.9471282701668875,
                    0.5
                ],
                "id": 0,
                "xyz": [
                    1.9675099999999999,
                    0.0,
                    5.703125
                ]
            },
            {
                "coords": [
                    0.03716890898421177,
                    0.5
                ],
                "id": 0,
                "xyz": [
                    -1.3566573431324458,
                    0.0,
                    5.703125
                ]
            },
            {
                "coords": [
                    0.2945452995862788,
                    0.5
                ],
                "id": 0,
                "xyz": [
                    -1.3566573431324458,
                    0.0,
                    -0.38994579193117596
                ]
            }
        ]
    },
    "layoutWalls": {
        "num": 4,
        "walls": [
            {
                "id": 0,
                "normal": [
                    1.0,
                    0.0,
                    -0.0
                ],
                "planeEquation": [
                    1.0,
                    0.0,
                    -0.0,
                    -1.9675099999999999
                ],
                "pointsIdx": [
                    0,
                    1
                ],
                "width": 6.093070791931176
            },
            {
                "id": 0,
                "normal": [
                    0.0,
                    0.0,
                    1.0
                ],
                "planeEquation": [
                    0.0,
                    0.0,
                    1.0,
                    -5.703125
                ],
                "pointsIdx": [
                    1,
                    2
                ],
                "width": 3.3241673431324457
            },
            {
                "id": 0,
                "normal": [
                    -1.0,
                    -0.0,
                    -0.0
                ],
                "planeEquation": [
                    -1.0,
                    -0.0,
                    -0.0,
                    -1.3566573431324458
                ],
                "pointsIdx": [
                    2,
                    3
                ],
                "width": 6.093070791931176
            },
            {
                "id": 0,
                "normal": [
                    0.0,
                    0.0,
                    -1.0
                ],
                "planeEquation": [
                    0.0,
                    0.0,
                    -1.0,
                    -0.38994579193117596
                ],
                "pointsIdx": [
                    3,
                    0
                ],
                "width": 3.3241673431324457
            }
        ]
    },
    "panoId": "nothing"
}