{
    "cameraHeight": 1.6,
    "layoutHeight": 3.3270844173431398,
    "layoutObj2ds": {
        "num": 0,
        "obj2ds": []
    },
    "layoutPoints": {
        "num": 4,
        "points": [
            {
                "coords": [
                    0.6112650399888397,
                    0.5
                ],
                "id": 0,
                "xyz": [
                    3.1659954776176558,
                    0.0,
                    -3.7656840408586203
                ]
            },
            {
                "coords": [
                    0.8120728888236276,
                    0.5
                ],
                "id": 0,
                "xyz": [
                    3.1659954776176558,
                    0.0,
                    1.3014552305609652
                ]
            },
            {
                "coords": [
                    0.16150148760514432,
                    0.5
                ],
                "id": 0,
                "xyz": [
                    -2.094176283558094,
                    0.0,
                    1.3014552305609652
                ]
            },
            {
                "coords": [
                    0.41922400447372543,
                    0.5
                ],
                "id": 0,
                "xyz": [
                    -2.094176283558094,
                    0.0,
                    -3.7656840408586203
                ]
            }
        ]
    },
    "layoutWalls": {
        "num": 4,
        "walls": [
            {
                "id": 0,
                "normal": [
                    1.0,
                    0.0,
                    -0.0
                ],
                "planeEquation": [
                    1.0,
                    0.0,
                    -0.0,
                    -3.1659954776176558
                ],
                "pointsIdx": [
                    0,
                    1
                ],
                "width": 5.0671392714195855
            },
            {
                "id": 0,
                "normal": [
                    0.0,
                    0.0,
                    1.0
                ],
                "planeEquation": [
                    0.0,
                    0.0,
                    1.0,
                    -1.3014552305609652
                ],
                "pointsIdx": [
                    1,
                    2
                ],
                "width": 5.26017176117575
            },
            {
                "id": 0,
                "normal": [
                    -1.0,
                    -0.0,
                    -0.0
                ],
                "planeEquation": [
                    -1.0,
                    -0.0,
                    -0.0,
                    -2.094176283558094
                ],
                "pointsIdx": [
                    2,
                    3
                ],
                "width": 5.0671392714195855
            },
            {
                "id": 0,
                "normal": [
                    0.0,
                    0.0,
                    -1.0
                ],
                "planeEquation": [
                    0.0,
                    0.0,
                    -1.0,
                    -3.7656840408586203
                ],
                "pointsIdx": [
                    3,
                    0
                ],
                "width": 5.26017176117575
            }
        ]
    },
    "panoId": "nothing"
}