{
    "cameraHeight": 1.6,
    "layoutHeight": 2.998732099533081,
    "layoutObj2ds": {
        "num": 0,
        "obj2ds": []
    },
    "layoutPoints": {
        "num": 12,
        "points": [
            {
                "coords": [
                    0.5348179428647989,
                    0.5
                ],
                "id": 0,
                "xyz": [
                    0.6628011511713572,
                    0.0,
                    -2.9812164828524863
                ]
            },
            {
                "coords": [
                    0.5468290182969757,
                    0.5
                ],
                "id": 0,
                "xyz": [
                    0.6628011511713572,
                    0.0,
                    -2.187237221630752
                ]
            },
            {
                "coords": [
                    0.6654780550628134,
                    0.5
                ],
                "id": 0,
                "xyz": [
                    3.723899726387287,
                    0.0,
                    -2.187237221630752
                ]
            },
            {
                "coords": [
                    0.6939273887890482,
                    0.5469127675692242
                ],
                "id": 0,
                "xyz": [
                    3.723899726387287,
                    -0.589019543344467,
                    -1.3691056473663823
                ]
            },
            {
                "coords": [
                    0.7286366865108715,
                    0.5183065798803062
                ],
                "id": 0,
                "xyz": [
                    10.138393505751576,
                    -0.589019543344467,
                    -1.3691056473663823
                ]
            },
            {
                "coords": [
                    0.7500251529619667,
                    0.5173384563783655
                ],
                "id": 0,
                "xyz": [
                    10.138393505751576,
                    -0.5527888439882097,
                    0.0016022790297343312
                ]
            },
            {
                "coords": [
                    0.7503694951641273,
                    0.7149624273748754
                ],
                "id": 0,
                "xyz": [
                    0.6901583414142765,
                    -0.5527888439882097,
                    0.0016022790297343312
                ]
            },
            {
                "coords": [
                    0.934949181320027,
                    0.5
                ],
                "id": 0,
                "xyz": [
                    0.6901583414142765,
                    0.0,
                    1.593465692445815
                ]
            },
            {
                "coords": [
                    0.04690355449401773,
                    0.5
                ],
                "id": 0,
                "xyz": [
                    -0.4836847462400001,
                    0.0,
                    1.593465692445815
                ]
            },
            {
                "coords": [
                    0.2625566994547736,
                    0.5
                ],
                "id": 0,
                "xyz": [
                    -0.4836847462400001,
                    0.0,
                    -0.03824020149955701
                ]
            },
            {
                "coords": [
                    0.2507340723101672,
                    0.5
                ],
                "id": 0,
                "xyz": [
                    -8.290837090032282,
                    0.0,
                    -0.03824020149955701
                ]
            },
            {
                "coords": [
                    0.30493764875967544,
                    0.5
                ],
                "id": 0,
                "xyz": [
                    -8.290837090032282,
                    0.0,
                    -2.9812164828524863
                ]
            }
        ]
    },
    "layoutWalls": {
        "num": 12,
        "walls": [
            {
                "id": 0,
                "normal": [
                    1.0,
                    0.0,
                    -0.0
                ],
                "planeEquation": [
                    1.0,
                    0.0,
                    -0.0,
                    -0.6628011511713572
                ],
                "pointsIdx": [
                    0,
                    1
                ],
                "width": 0.7939792612217342
            },
            {
                "id": 0,
                "normal": [
                    0.0,
                    0.0,
                    -1.0
                ],
                "planeEquation": [
                    0.0,
                    0.0,
                    -1.0,
                    -2.187237221630752
                ],
                "pointsIdx": [
                    1,
                    2
                ],
                "width": 3.06109857521593
            },
            {
                "id": 0,
                "normal": [
                    1.0,
                    0.0,
                    -0.0
                ],
                "planeEquation": [
                    1.0,
                    0.0,
                    -0.0,
                    -3.723899726387287
                ],
                "pointsIdx": [
                    2,
                    3
                ],
                "width": 0.8181315742643698
            },
            {
                "id": 0,
                "normal": [
                    0.0,
                    0.0,
                    -1.0
                ],
                "planeEquation": [
                    0.0,
                    0.0,
                    -1.0,
                    -1.3691056473663823
                ],
                "pointsIdx": [
                    3,
                    4
                ],
                "width": 6.414493779364289
            },
            {
                "id": 0,
                "normal": [
                    1.0,
                    0.0,
                    -0.0
                ],
                "planeEquation": [
                    1.0,
                    0.0,
                    -0.0,
                    -10.138393505751576
                ],
                "pointsIdx": [
                    4,
                    5
                ],
                "width": 1.3707079263961166
            },
            {
                "id": 0,
                "normal": [
                    0.0,
                    0.0,
                    1.0
                ],
                "planeEquation": [
                    0.0,
                    0.0,
                    1.0,
                    -0.0016022790297343312
                ],
                "pointsIdx": [
                    5,
                    6
                ],
                "width": 9.4482351643373
            },
            {
                "id": 0,
                "normal": [
                    1.0,
                    0.0,
                    -0.0
                ],
                "planeEquation": [
                    1.0,
                    0.0,
                    -0.0,
                    -0.6901583414142765
                ],
                "pointsIdx": [
                    6,
                    7
                ],
                "width": 1.5918634134160807
            },
            {
                "id": 0,
                "normal": [
                    0.0,
                    0.0,
                    1.0
                ],
                "planeEquation": [
                    0.0,
                    0.0,
                    1.0,
                    -1.593465692445815
                ],
                "pointsIdx": [
                    7,
                    8
                ],
                "width": 1.1738430876542765
            },
            {
                "id": 0,
                "normal": [
                    -1.0,
                    -0.0,
                    -0.0
                ],
                "planeEquation": [
                    -1.0,
                    -0.0,
                    -0.0,
                    -0.4836847462400001
                ],
                "pointsIdx": [
                    8,
                    9
                ],
                "width": 1.6317058939453721
            },
            {
                "id": 0,
                "normal": [
                    0.0,
                    0.0,
                    1.0
                ],
                "planeEquation": [
                    0.0,
                    0.0,
                    1.0,
                    0.03824020149955701
                ],
                "pointsIdx": [
                    9,
                    10
                ],
                "width": 7.807152343792282
            },
            {
                "id": 0,
                "normal": [
                    -1.0,
                    -0.0,
                    -0.0
                ],
                "planeEquation": [
                    -1.0,
                    -0.0,
                    -0.0,
                    -8.290837090032282
                ],
                "pointsIdx": [
                    10,
                    11
                ],
                "width": 2.942976281352929
            },
            {
                "id": 0,
                "normal": [
                    0.0,
                    0.0,
                    -1.0
                ],
                "planeEquation": [
                    0.0,
                    0.0,
                    -1.0,
                    -2.9812164828524863
                ],
                "pointsIdx": [
                    11,
                    0
                ],
                "width": 8.953638241203638
            }
        ]
    },
    "panoId": "nothing"
}