{
    "cameraHeight": 1.6,
    "layoutHeight": 3.1252689266204836,
    "layoutObj2ds": {
        "num": 0,
        "obj2ds": []
    },
    "layoutPoints": {
        "num": 4,
        "points": [
            {
                "coords": [
                    0.5879030077580952,
                    0.5
                ],
                "id": 0,
                "xyz": [
                    1.990142923458642,
                    0.0,
                    -3.229235044455547
                ]
            },
            {
                "coords": [
                    0.9285019692325737,
                    0.5
                ],
                "id": 0,
                "xyz": [
                    1.990142923458642,
                    0.0,
                    4.1279648538833715
                ]
            },
            {
                "coords": [
                    0.04122261964776103,
                    0.5
                ],
                "id": 0,
                "xyz": [
                    -1.09375,
                    0.0,
                    4.1279648538833715
                ]
            },
            {
                "coords": [
                    0.4480239743391064,
                    0.5
                ],
                "id": 0,
                "xyz": [
                    -1.09375,
                    0.0,
                    -3.229235044455547
                ]
            }
        ]
    },
    "layoutWalls": {
        "num": 4,
        "walls": [
            {
                "id": 0,
                "normal": [
                    1.0,
                    0.0,
                    -0.0
                ],
                "planeEquation": [
                    1.0,
                    0.0,
                    -0.0,
                    -1.990142923458642
                ],
                "pointsIdx": [
                    0,
                    1
                ],
                "width": 7.357199898338918
            },
            {
                "id": 0,
                "normal": [
                    0.0,
                    0.0,
                    1.0
                ],
                "planeEquation": [
                    0.0,
                    0.0,
                    1.0,
                    -4.1279648538833715
                ],
                "pointsIdx": [
                    1,
                    2
                ],
                "width": 3.083892923458642
            },
            {
                "id": 0,
                "normal": [
                    -1.0,
                    -0.0,
                    -0.0
                ],
                "planeEquation": [
                    -1.0,
                    -0.0,
                    -0.0,
                    -1.09375
                ],
                "pointsIdx": [
                    2,
                    3
                ],
                "width": 7.357199898338918
            },
            {
                "id": 0,
                "normal": [
                    0.0,
                    0.0,
                    -1.0
                ],
                "planeEquation": [
                    0.0,
                    0.0,
                    -1.0,
                    -3.229235044455547
                ],
                "pointsIdx": [
                    3,
                    0
                ],
                "width": 3.083892923458642
            }
        ]
    },
    "panoId": "nothing"
}