{
    "cameraHeight": 1.6,
    "layoutHeight": 2.9809624004364013,
    "layoutObj2ds": {
        "num": 0,
        "obj2ds": []
    },
    "layoutPoints": {
        "num": 6,
        "points": [
            {
                "coords": [
                    0.7081447345651483,
                    0.5
                ],
                "id": 0,
                "xyz": [
                    3.0078125,
                    0.0,
                    -0.8097623087756155
                ]
            },
            {
                "coords": [
                    0.8447738331945455,
                    0.5
                ],
                "id": 0,
                "xyz": [
                    3.0078125,
                    0.0,
                    2.03786496
                ]
            },
            {
                "coords": [
                    0.009142142599636915,
                    0.5
                ],
                "id": 0,
                "xyz": [
                    -0.1171875,
                    0.0,
                    2.03786496
                ]
            },
            {
                "coords": [
                    0.02702105153167117,
                    0.5
                ],
                "id": 0,
                "xyz": [
                    -0.1171875,
                    0.0,
                    0.68359375
                ]
            },
            {
                "coords": [
                    0.20330907731820486,
                    0.5
                ],
                "id": 0,
                "xyz": [
                    -2.26292525056,
                    0.0,
                    0.68359375
                ]
            },
            {
                "coords": [
                    0.304692157890135,
                    0.5
                ],
                "id": 0,
                "xyz": [
                    -2.26292525056,
                    0.0,
                    -0.8097623087756155
                ]
            }
        ]
    },
    "layoutWalls": {
        "num": 6,
        "walls": [
            {
                "id": 0,
                "normal": [
                    1.0,
                    0.0,
                    -0.0
                ],
                "planeEquation": [
                    1.0,
                    0.0,
                    -0.0,
                    -3.0078125
                ],
                "pointsIdx": [
                    0,
                    1
                ],
                "width": 2.8476272687756152
            },
            {
                "id": 0,
                "normal": [
                    0.0,
                    0.0,
                    1.0
                ],
                "planeEquation": [
                    0.0,
                    0.0,
                    1.0,
                    -2.03786496
                ],
                "pointsIdx": [
                    1,
                    2
                ],
                "width": 3.125
            },
            {
                "id": 0,
                "normal": [
                    -1.0,
                    -0.0,
                    -0.0
                ],
                "planeEquation": [
                    -1.0,
                    -0.0,
                    -0.0,
                    -0.1171875
                ],
                "pointsIdx": [
                    2,
                    3
                ],
                "width": 1.3542712099999998
            },
            {
                "id": 0,
                "normal": [
                    0.0,
                    0.0,
                    1.0
                ],
                "planeEquation": [
                    0.0,
                    0.0,
                    1.0,
                    -0.68359375
                ],
                "pointsIdx": [
                    3,
                    4
                ],
                "width": 2.14573775056
            },
            {
                "id": 0,
                "normal": [
                    -1.0,
                    -0.0,
                    -0.0
                ],
                "planeEquation": [
                    -1.0,
                    -0.0,
                    -0.0,
                    -2.26292525056
                ],
                "pointsIdx": [
                    4,
                    5
                ],
                "width": 1.4933560587756154
            },
            {
                "id": 0,
                "normal": [
                    0.0,
                    0.0,
                    -1.0
                ],
                "planeEquation": [
                    0.0,
                    0.0,
                    -1.0,
                    -0.8097623087756155
                ],
                "pointsIdx": [
                    5,
                    0
                ],
                "width": 5.27073775056
            }
        ]
    },
    "panoId": "nothing"
}