{
    "cameraHeight": 1.6,
    "layoutHeight": 3.2760982513427734,
    "layoutObj2ds": {
        "num": 0,
        "obj2ds": []
    },
    "layoutPoints": {
        "num": 10,
        "points": [
            {
                "coords": [
                    0.6131993260466507,
                    0.5
                ],
                "id": 0,
                "xyz": [
                    2.03125,
                    0.0,
                    -2.3572354565734397
                ]
            },
            {
                "coords": [
                    0.6651286656643078,
                    0.5
                ],
                "id": 0,
                "xyz": [
                    2.03125,
                    0.0,
                    -1.1990625
                ]
            },
            {
                "coords": [
                    0.7101428286963593,
                    0.5
                ],
                "id": 0,
                "xyz": [
                    4.6875,
                    0.0,
                    -1.1990625
                ]
            },
            {
                "coords": [
                    0.7720316706723063,
                    0.5
                ],
                "id": 0,
                "xyz": [
                    4.6875,
                    0.0,
                    0.6530630656
                ]
            },
            {
                "coords": [
                    0.05503150287072778,
                    0.5
                ],
                "id": 0,
                "xyz": [
                    -0.23526320260152034,
                    0.0,
                    0.6530630656
                ]
            },
            {
                "coords": [
                    0.007399709640364016,
                    0.5
                ],
                "id": 0,
                "xyz": [
                    -0.23526320260152034,
                    0.0,
                    5.056457557031583
                ]
            },
            {
                "coords": [
                    0.09455574141261724,
                    0.5
                ],
                "id": 0,
                "xyz": [
                    -3.4157708288000004,
                    0.0,
                    5.056457557031583
                ]
            },
            {
                "coords": [
                    0.2755689876779175,
                    0.5
                ],
                "id": 0,
                "xyz": [
                    -3.4157708288000004,
                    0.0,
                    -0.5535300000000001
                ]
            },
            {
                "coords": [
                    0.43555513315093203,
                    0.5
                ],
                "id": 0,
                "xyz": [
                    -0.23724499999999998,
                    0.0,
                    -0.5535300000000001
                ]
            },
            {
                "coords": [
                    0.48403553989084,
                    0.5
                ],
                "id": 0,
                "xyz": [
                    -0.23724499999999998,
                    0.0,
                    -2.3572354565734397
                ]
            }
        ]
    },
    "layoutWalls": {
        "num": 10,
        "walls": [
            {
                "id": 0,
                "normal": [
                    1.0,
                    0.0,
                    -0.0
                ],
                "planeEquation": [
                    1.0,
                    0.0,
                    -0.0,
                    -2.03125
                ],
                "pointsIdx": [
                    0,
                    1
                ],
                "width": 1.1581729565734398
            },
            {
                "id": 0,
                "normal": [
                    0.0,
                    0.0,
                    -1.0
                ],
                "planeEquation": [
                    0.0,
                    0.0,
                    -1.0,
                    -1.1990625
                ],
                "pointsIdx": [
                    1,
                    2
                ],
                "width": 2.65625
            },
            {
                "id": 0,
                "normal": [
                    1.0,
                    0.0,
                    -0.0
                ],
                "planeEquation": [
                    1.0,
                    0.0,
                    -0.0,
                    -4.6875
                ],
                "pointsIdx": [
                    2,
                    3
                ],
                "width": 1.8521255656
            },
            {
                "id": 0,
                "normal": [
                    0.0,
                    0.0,
                    1.0
                ],
                "planeEquation": [
                    0.0,
                    0.0,
                    1.0,
                    -0.6530630656
                ],
                "pointsIdx": [
                    3,
                    4
                ],
                "width": 4.92276320260152
            },
            {
                "id": 0,
                "normal": [
                    1.0,
                    0.0,
                    -0.0
                ],
                "planeEquation": [
                    1.0,
                    0.0,
                    -0.0,
                    0.23526320260152034
                ],
                "pointsIdx": [
                    4,
                    5
                ],
                "width": 4.403394491431582
            },
            {
                "id": 0,
                "normal": [
                    0.0,
                    0.0,
                    1.0
                ],
                "planeEquation": [
                    0.0,
                    0.0,
                    1.0,
                    -5.056457557031583
                ],
                "pointsIdx": [
                    5,
                    6
                ],
                "width": 3.18050762619848
            },
            {
                "id": 0,
                "normal": [
                    -1.0,
                    -0.0,
                    -0.0
                ],
                "planeEquation": [
                    -1.0,
                    -0.0,
                    -0.0,
                    -3.4157708288000004
                ],
                "pointsIdx": [
                    6,
                    7
                ],
                "width": 5.609987557031583
            },
            {
                "id": 0,
                "normal": [
                    0.0,
                    0.0,
                    -1.0
                ],
                "planeEquation": [
                    0.0,
                    0.0,
                    -1.0,
                    -0.5535300000000001
                ],
                "pointsIdx": [
                    7,
                    8
                ],
                "width": 3.1785258288000002
            },
            {
                "id": 0,
                "normal": [
                    -1.0,
                    -0.0,
                    -0.0
                ],
                "planeEquation": [
                    -1.0,
                    -0.0,
                    -0.0,
                    -0.23724499999999998
                ],
                "pointsIdx": [
                    8,
                    9
                ],
                "width": 1.8037054565734396
            },
            {
                "id": 0,
                "normal": [
                    0.0,
                    0.0,
                    -1.0
                ],
                "planeEquation": [
                    0.0,
                    0.0,
                    -1.0,
                    -2.3572354565734397
                ],
                "pointsIdx": [
                    9,
                    0
                ],
                "width": 2.268495
            }
        ]
    },
    "panoId": "nothing"
}