{
    "cameraHeight": 1.6,
    "layoutHeight": 3.3705596746400346,
    "layoutObj2ds": {
        "num": 0,
        "obj2ds": []
    },
    "layoutPoints": {
        "num": 8,
        "points": [
            {
                "coords": [
                    0.5822838427684726,
                    0.5
                ],
                "id": 0,
                "xyz": [
                    0.7636315067460376,
                    0.0,
                    -1.343023557555705
                ]
            },
            {
                "coords": [
                    0.8518028882702914,
                    0.5
                ],
                "id": 0,
                "xyz": [
                    0.7636315067460376,
                    0.0,
                    0.5681375407294555
                ]
            },
            {
                "coords": [
                    0.8982694267805011,
                    0.5
                ],
                "id": 0,
                "xyz": [
                    0.4222902325581396,
                    0.0,
                    0.5681375407294555
                ]
            },
            {
                "coords": [
                    0.9323524916402958,
                    0.5
                ],
                "id": 0,
                "xyz": [
                    0.4222902325581396,
                    0.0,
                    0.9329627256038943
                ]
            },
            {
                "coords": [
                    0.14084645087246989,
                    0.5
                ],
                "id": 0,
                "xyz": [
                    -1.1400494051629704,
                    0.0,
                    0.9329627256038943
                ]
            },
            {
                "coords": [
                    0.1713833871275528,
                    0.5
                ],
                "id": 0,
                "xyz": [
                    -1.1400494051629704,
                    0.0,
                    0.6139041953670373
                ]
            },
            {
                "coords": [
                    0.20992545702972287,
                    0.5
                ],
                "id": 0,
                "xyz": [
                    -2.3863583218453868,
                    0.0,
                    0.6139041953670373
                ]
            },
            {
                "coords": [
                    0.3315846234731309,
                    0.5
                ],
                "id": 0,
                "xyz": [
                    -2.3863583218453868,
                    0.0,
                    -1.343023557555705
                ]
            }
        ]
    },
    "layoutWalls": {
        "num": 8,
        "walls": [
            {
                "id": 0,
                "normal": [
                    1.0,
                    0.0,
                    -0.0
                ],
                "planeEquation": [
                    1.0,
                    0.0,
                    -0.0,
                    -0.7636315067460376
                ],
                "pointsIdx": [
                    0,
                    1
                ],
                "width": 1.9111610982851606
            },
            {
                "id": 0,
                "normal": [
                    0.0,
                    0.0,
                    1.0
                ],
                "planeEquation": [
                    0.0,
                    0.0,
                    1.0,
                    -0.5681375407294555
                ],
                "pointsIdx": [
                    1,
                    2
                ],
                "width": 0.34134127418789806
            },
            {
                "id": 0,
                "normal": [
                    1.0,
                    0.0,
                    -0.0
                ],
                "planeEquation": [
                    1.0,
                    0.0,
                    -0.0,
                    -0.4222902325581396
                ],
                "pointsIdx": [
                    2,
                    3
                ],
                "width": 0.3648251848744387
            },
            {
                "id": 0,
                "normal": [
                    0.0,
                    0.0,
                    1.0
                ],
                "planeEquation": [
                    0.0,
                    0.0,
                    1.0,
                    -0.9329627256038943
                ],
                "pointsIdx": [
                    3,
                    4
                ],
                "width": 1.5623396377211098
            },
            {
                "id": 0,
                "normal": [
                    -1.0,
                    -0.0,
                    -0.0
                ],
                "planeEquation": [
                    -1.0,
                    -0.0,
                    -0.0,
                    -1.1400494051629704
                ],
                "pointsIdx": [
                    4,
                    5
                ],
                "width": 0.31905853023685693
            },
            {
                "id": 0,
                "normal": [
                    0.0,
                    0.0,
                    1.0
                ],
                "planeEquation": [
                    0.0,
                    0.0,
                    1.0,
                    -0.6139041953670373
                ],
                "pointsIdx": [
                    5,
                    6
                ],
                "width": 1.2463089166824164
            },
            {
                "id": 0,
                "normal": [
                    -1.0,
                    -0.0,
                    -0.0
                ],
                "planeEquation": [
                    -1.0,
                    -0.0,
                    -0.0,
                    -2.3863583218453868
                ],
                "pointsIdx": [
                    6,
                    7
                ],
                "width": 1.9569277529227422
            },
            {
                "id": 0,
                "normal": [
                    0.0,
                    0.0,
                    -1.0
                ],
                "planeEquation": [
                    0.0,
                    0.0,
                    -1.0,
                    -1.343023557555705
                ],
                "pointsIdx": [
                    7,
                    0
                ],
                "width": 3.1499898285914245
            }
        ]
    },
    "panoId": "nothing"
}