{
    "cameraHeight": 1.6,
    "layoutHeight": 3.399198438856337,
    "layoutObj2ds": {
        "num": 0,
        "obj2ds": []
    },
    "layoutPoints": {
        "num": 4,
        "points": [
            {
                "coords": [
                    0.5959081897421823,
                    0.5
                ],
                "id": 0,
                "xyz": [
                    1.4674428508882134,
                    0.0,
                    -2.1329927037023966
                ]
            },
            {
                "coords": [
                    0.8619438931138705,
                    0.5
                ],
                "id": 0,
                "xyz": [
                    1.4674428508882134,
                    0.0,
                    1.2444732995578083
                ]
            },
            {
                "coords": [
                    0.06527958045093624,
                    0.5
                ],
                "id": 0,
                "xyz": [
                    -0.541129151534924,
                    0.0,
                    1.2444732995578083
                ]
            },
            {
                "coords": [
                    0.4604574634202204,
                    0.5
                ],
                "id": 0,
                "xyz": [
                    -0.541129151534924,
                    0.0,
                    -2.1329927037023966
                ]
            }
        ]
    },
    "layoutWalls": {
        "num": 4,
        "walls": [
            {
                "id": 0,
                "normal": [
                    1.0,
                    0.0,
                    -0.0
                ],
                "planeEquation": [
                    1.0,
                    0.0,
                    -0.0,
                    -1.4674428508882134
                ],
                "pointsIdx": [
                    0,
                    1
                ],
                "width": 3.3774660032602046
            },
            {
                "id": 0,
                "normal": [
                    0.0,
                    0.0,
                    1.0
                ],
                "planeEquation": [
                    0.0,
                    0.0,
                    1.0,
                    -1.2444732995578083
                ],
                "pointsIdx": [
                    1,
                    2
                ],
                "width": 2.0085720024231373
            },
            {
                "id": 0,
                "normal": [
                    -1.0,
                    -0.0,
                    -0.0
                ],
                "planeEquation": [
                    -1.0,
                    -0.0,
                    -0.0,
                    -0.541129151534924
                ],
                "pointsIdx": [
                    2,
                    3
                ],
                "width": 3.3774660032602046
            },
            {
                "id": 0,
                "normal": [
                    0.0,
                    0.0,
                    -1.0
                ],
                "planeEquation": [
                    0.0,
                    0.0,
                    -1.0,
                    -2.1329927037023966
                ],
                "pointsIdx": [
                    3,
                    0
                ],
                "width": 2.0085720024231373
            }
        ]
    },
    "panoId": "nothing"
}