{
    "cameraHeight": 1.6,
    "layoutHeight": 3.0192359839545357,
    "layoutObj2ds": {
        "num": 0,
        "obj2ds": []
    },
    "layoutPoints": {
        "num": 4,
        "points": [
            {
                "coords": [
                    0.5605652778269353,
                    0.5
                ],
                "id": 0,
                "xyz": [
                    1.6005552355555555,
                    0.0,
                    -4.000964735431111
                ]
            },
            {
                "coords": [
                    0.8125989632096313,
                    0.5
                ],
                "id": 0,
                "xyz": [
                    1.6005552355555555,
                    0.0,
                    0.6641379731827047
                ]
            },
            {
                "coords": [
                    0.2120316138915055,
                    0.5
                ],
                "id": 0,
                "xyz": [
                    -2.730902896817998,
                    0.0,
                    0.6641379731827047
                ]
            },
            {
                "coords": [
                    0.4046779866958953,
                    0.5
                ],
                "id": 0,
                "xyz": [
                    -2.730902896817998,
                    0.0,
                    -4.000964735431111
                ]
            }
        ]
    },
    "layoutWalls": {
        "num": 4,
        "walls": [
            {
                "id": 0,
                "normal": [
                    1.0,
                    0.0,
                    -0.0
                ],
                "planeEquation": [
                    1.0,
                    0.0,
                    -0.0,
                    -1.6005552355555555
                ],
                "pointsIdx": [
                    0,
                    1
                ],
                "width": 4.665102708613816
            },
            {
                "id": 0,
                "normal": [
                    0.0,
                    0.0,
                    1.0
                ],
                "planeEquation": [
                    0.0,
                    0.0,
                    1.0,
                    -0.6641379731827047
                ],
                "pointsIdx": [
                    1,
                    2
                ],
                "width": 4.3314581323735535
            },
            {
                "id": 0,
                "normal": [
                    -1.0,
                    -0.0,
                    -0.0
                ],
                "planeEquation": [
                    -1.0,
                    -0.0,
                    -0.0,
                    -2.730902896817998
                ],
                "pointsIdx": [
                    2,
                    3
                ],
                "width": 4.665102708613816
            },
            {
                "id": 0,
                "normal": [
                    0.0,
                    0.0,
                    -1.0
                ],
                "planeEquation": [
                    0.0,
                    0.0,
                    -1.0,
                    -4.000964735431111
                ],
                "pointsIdx": [
                    3,
                    0
                ],
                "width": 4.3314581323735535
            }
        ]
    },
    "panoId": "nothing"
}