{
    "cameraHeight": 1.6,
    "layoutHeight": 3.6100533676147464,
    "layoutObj2ds": {
        "num": 0,
        "obj2ds": []
    },
    "layoutPoints": {
        "num": 4,
        "points": [
            {
                "coords": [
                    0.5814245345660264,
                    0.5
                ],
                "id": 0,
                "xyz": [
                    2.3992357068800003,
                    0.0,
                    -4.273144950945855
                ]
            },
            {
                "coords": [
                    0.9038604835170392,
                    0.5
                ],
                "id": 0,
                "xyz": [
                    2.3992357068800003,
                    0.0,
                    3.4765625
                ]
            },
            {
                "coords": [
                    0.16396518997013748,
                    0.5
                ],
                "id": 0,
                "xyz": [
                    -5.792259870720001,
                    0.0,
                    3.4765625
                ]
            },
            {
                "coords": [
                    0.35115956707887375,
                    0.5
                ],
                "id": 0,
                "xyz": [
                    -5.792259870720001,
                    0.0,
                    -4.273144950945855
                ]
            }
        ]
    },
    "layoutWalls": {
        "num": 4,
        "walls": [
            {
                "id": 0,
                "normal": [
                    1.0,
                    0.0,
                    -0.0
                ],
                "planeEquation": [
                    1.0,
                    0.0,
                    -0.0,
                    -2.3992357068800003
                ],
                "pointsIdx": [
                    0,
                    1
                ],
                "width": 7.749707450945855
            },
            {
                "id": 0,
                "normal": [
                    0.0,
                    0.0,
                    1.0
                ],
                "planeEquation": [
                    0.0,
                    0.0,
                    1.0,
                    -3.4765625
                ],
                "pointsIdx": [
                    1,
                    2
                ],
                "width": 8.191495577600001
            },
            {
                "id": 0,
                "normal": [
                    -1.0,
                    -0.0,
                    -0.0
                ],
                "planeEquation": [
                    -1.0,
                    -0.0,
                    -0.0,
                    -5.792259870720001
                ],
                "pointsIdx": [
                    2,
                    3
                ],
                "width": 7.749707450945855
            },
            {
                "id": 0,
                "normal": [
                    0.0,
                    0.0,
                    -1.0
                ],
                "planeEquation": [
                    0.0,
                    0.0,
                    -1.0,
                    -4.273144950945855
                ],
                "pointsIdx": [
                    3,
                    0
                ],
                "width": 8.191495577600001
            }
        ]
    },
    "panoId": "nothing"
}