{
    "cameraHeight": 1.6,
    "layoutHeight": 3.423344850540161,
    "layoutObj2ds": {
        "num": 0,
        "obj2ds": []
    },
    "layoutPoints": {
        "num": 4,
        "points": [
            {
                "coords": [
                    0.6410798390385277,
                    0.5
                ],
                "id": 0,
                "xyz": [
                    0.8356709744764885,
                    0.0,
                    -0.6818300799999999
                ]
            },
            {
                "coords": [
                    0.9812359797174878,
                    0.5
                ],
                "id": 0,
                "xyz": [
                    0.8356709744764885,
                    0.0,
                    7.055223694490337
                ]
            },
            {
                "coords": [
                    0.077597998143898,
                    0.5
                ],
                "id": 0,
                "xyz": [
                    -3.741112514363743,
                    0.0,
                    7.055223694490337
                ]
            },
            {
                "coords": [
                    0.2786916026762216,
                    0.5
                ],
                "id": 0,
                "xyz": [
                    -3.741112514363743,
                    0.0,
                    -0.6818300799999999
                ]
            }
        ]
    },
    "layoutWalls": {
        "num": 4,
        "walls": [
            {
                "id": 0,
                "normal": [
                    1.0,
                    0.0,
                    -0.0
                ],
                "planeEquation": [
                    1.0,
                    0.0,
                    -0.0,
                    -0.8356709744764885
                ],
                "pointsIdx": [
                    0,
                    1
                ],
                "width": 7.737053774490337
            },
            {
                "id": 0,
                "normal": [
                    0.0,
                    0.0,
                    1.0
                ],
                "planeEquation": [
                    0.0,
                    0.0,
                    1.0,
                    -7.055223694490337
                ],
                "pointsIdx": [
                    1,
                    2
                ],
                "width": 4.576783488840231
            },
            {
                "id": 0,
                "normal": [
                    -1.0,
                    -0.0,
                    -0.0
                ],
                "planeEquation": [
                    -1.0,
                    -0.0,
                    -0.0,
                    -3.741112514363743
                ],
                "pointsIdx": [
                    2,
                    3
                ],
                "width": 7.737053774490337
            },
            {
                "id": 0,
                "normal": [
                    0.0,
                    0.0,
                    -1.0
                ],
                "planeEquation": [
                    0.0,
                    0.0,
                    -1.0,
                    -0.6818300799999999
                ],
                "pointsIdx": [
                    3,
                    0
                ],
                "width": 4.576783488840231
            }
        ]
    },
    "panoId": "nothing"
}