{
    "cameraHeight": 1.6,
    "layoutHeight": 3.3555358453230424,
    "layoutObj2ds": {
        "num": 0,
        "obj2ds": []
    },
    "layoutPoints": {
        "num": 10,
        "points": [
            {
                "coords": [
                    0.5118821587888545,
                    0.5
                ],
                "id": 0,
                "xyz": [
                    0.8877840909090908,
                    0.0,
                    -11.869275173900931
                ]
            },
            {
                "coords": [
                    0.9662567432559568,
                    0.5
                ],
                "id": 0,
                "xyz": [
                    0.8877840909090908,
                    0.0,
                    4.124431818181818
                ]
            },
            {
                "coords": [
                    0.04603352841014352,
                    0.5
                ],
                "id": 0,
                "xyz": [
                    -1.2273576442432443,
                    0.0,
                    4.124431818181818
                ]
            },
            {
                "coords": [
                    0.14614428162408416,
                    0.2778376440743383
                ],
                "id": 0,
                "xyz": [
                    -1.2273576442432443,
                    1.2956937366090657,
                    0.9379805101552131
                ]
            },
            {
                "coords": [
                    0.12375000000000008,
                    0.25249999999999995
                ],
                "id": 0,
                "xyz": [
                    -0.9233612654377501,
                    1.2956937366090657,
                    0.9379805101552131
                ]
            },
            {
                "coords": [
                    0.15749999999999997,
                    0.2650000000000001
                ],
                "id": 0,
                "xyz": [
                    -0.9233612654377501,
                    1.0052485108148612,
                    0.6065349833136798
                ]
            },
            {
                "coords": [
                    0.17390971544545158,
                    0.29263087587193115
                ],
                "id": 0,
                "xyz": [
                    -1.1704994623596614,
                    1.0052485108148612,
                    0.6065349833136798
                ]
            },
            {
                "coords": [
                    0.3276426920789407,
                    0.29583033788766744
                ],
                "id": 0,
                "xyz": [
                    -1.1704994623596614,
                    0.9894999378656396,
                    -0.6210918229132082
                ]
            },
            {
                "coords": [
                    0.34424012392991,
                    0.2686492772109246
                ],
                "id": 0,
                "xyz": [
                    -0.9233612654377501,
                    0.9894999378656396,
                    -0.6210918229132082
                ]
            },
            {
                "coords": [
                    0.4876435485888217,
                    0.5
                ],
                "id": 0,
                "xyz": [
                    -0.9233612654377501,
                    0.0,
                    -11.869275173900931
                ]
            }
        ]
    },
    "layoutWalls": {
        "num": 10,
        "walls": [
            {
                "id": 0,
                "normal": [
                    1.0,
                    0.0,
                    -0.0
                ],
                "planeEquation": [
                    1.0,
                    0.0,
                    -0.0,
                    -0.8877840909090908
                ],
                "pointsIdx": [
                    0,
                    1
                ],
                "width": 15.99370699208275
            },
            {
                "id": 0,
                "normal": [
                    0.0,
                    0.0,
                    1.0
                ],
                "planeEquation": [
                    0.0,
                    0.0,
                    1.0,
                    -4.124431818181818
                ],
                "pointsIdx": [
                    1,
                    2
                ],
                "width": 2.115141735152335
            },
            {
                "id": 0,
                "normal": [
                    -1.0,
                    -0.0,
                    -0.0
                ],
                "planeEquation": [
                    -1.0,
                    -0.0,
                    -0.0,
                    -1.2273576442432443
                ],
                "pointsIdx": [
                    2,
                    3
                ],
                "width": 3.1864513080266046
            },
            {
                "id": 0,
                "normal": [
                    0.0,
                    0.0,
                    -1.0
                ],
                "planeEquation": [
                    0.0,
                    0.0,
                    -1.0,
                    0.9379805101552131
                ],
                "pointsIdx": [
                    3,
                    4
                ],
                "width": 0.30399637880549424
            },
            {
                "id": 0,
                "normal": [
                    -1.0,
                    -0.0,
                    -0.0
                ],
                "planeEquation": [
                    -1.0,
                    -0.0,
                    -0.0,
                    -0.9233612654377501
                ],
                "pointsIdx": [
                    4,
                    5
                ],
                "width": 0.3314455268415333
            },
            {
                "id": 0,
                "normal": [
                    0.0,
                    0.0,
                    1.0
                ],
                "planeEquation": [
                    0.0,
                    0.0,
                    1.0,
                    -0.6065349833136798
                ],
                "pointsIdx": [
                    5,
                    6
                ],
                "width": 0.2471381969219113
            },
            {
                "id": 0,
                "normal": [
                    -1.0,
                    -0.0,
                    -0.0
                ],
                "planeEquation": [
                    -1.0,
                    -0.0,
                    -0.0,
                    -1.1704994623596614
                ],
                "pointsIdx": [
                    6,
                    7
                ],
                "width": 1.227626806226888
            },
            {
                "id": 0,
                "normal": [
                    0.0,
                    0.0,
                    -1.0
                ],
                "planeEquation": [
                    0.0,
                    0.0,
                    -1.0,
                    -0.6210918229132082
                ],
                "pointsIdx": [
                    7,
                    8
                ],
                "width": 0.2471381969219113
            },
            {
                "id": 0,
                "normal": [
                    -1.0,
                    -0.0,
                    -0.0
                ],
                "planeEquation": [
                    -1.0,
                    -0.0,
                    -0.0,
                    -0.9233612654377501
                ],
                "pointsIdx": [
                    8,
                    9
                ],
                "width": 11.248183350987723
            },
            {
                "id": 0,
                "normal": [
                    0.0,
                    0.0,
                    -1.0
                ],
                "planeEquation": [
                    0.0,
                    0.0,
                    -1.0,
                    -11.869275173900931
                ],
                "pointsIdx": [
                    9,
                    0
                ],
                "width": 1.811145356346841
            }
        ]
    },
    "panoId": "nothing"
}