{
    "cameraHeight": 1.6,
    "layoutHeight": 3.0742677416120254,
    "layoutObj2ds": {
        "num": 0,
        "obj2ds": []
    },
    "layoutPoints": {
        "num": 6,
        "points": [
            {
                "coords": [
                    0.6911510195247638,
                    0.5
                ],
                "id": 0,
                "xyz": [
                    4.263316723809524,
                    0.0,
                    -1.6524018285714286
                ]
            },
            {
                "coords": [
                    0.8987650824098365,
                    0.5
                ],
                "id": 0,
                "xyz": [
                    4.263316723809524,
                    0.0,
                    5.773214285714285
                ]
            },
            {
                "coords": [
                    0.09317197814132827,
                    0.5
                ],
                "id": 0,
                "xyz": [
                    -3.8272833766813337,
                    0.0,
                    5.773214285714285
                ]
            },
            {
                "coords": [
                    0.21574575311496857,
                    0.5064411056993697
                ],
                "id": 0,
                "xyz": [
                    -3.8272833766813337,
                    -0.07928619097756259,
                    0.8366892028301336
                ]
            },
            {
                "coords": [
                    0.20999999999999996,
                    0.5075
                ],
                "id": 0,
                "xyz": [
                    -3.258689294519622,
                    -0.07928619097756259,
                    0.8366892028301336
                ]
            },
            {
                "coords": [
                    0.32469015008295254,
                    0.5
                ],
                "id": 0,
                "xyz": [
                    -3.258689294519622,
                    0.0,
                    -1.6524018285714286
                ]
            }
        ]
    },
    "layoutWalls": {
        "num": 6,
        "walls": [
            {
                "id": 0,
                "normal": [
                    1.0,
                    0.0,
                    -0.0
                ],
                "planeEquation": [
                    1.0,
                    0.0,
                    -0.0,
                    -4.263316723809524
                ],
                "pointsIdx": [
                    0,
                    1
                ],
                "width": 7.425616114285714
            },
            {
                "id": 0,
                "normal": [
                    0.0,
                    0.0,
                    1.0
                ],
                "planeEquation": [
                    0.0,
                    0.0,
                    1.0,
                    -5.773214285714285
                ],
                "pointsIdx": [
                    1,
                    2
                ],
                "width": 8.090600100490857
            },
            {
                "id": 0,
                "normal": [
                    -1.0,
                    -0.0,
                    -0.0
                ],
                "planeEquation": [
                    -1.0,
                    -0.0,
                    -0.0,
                    -3.8272833766813337
                ],
                "pointsIdx": [
                    2,
                    3
                ],
                "width": 4.936525082884152
            },
            {
                "id": 0,
                "normal": [
                    0.0,
                    0.0,
                    -1.0
                ],
                "planeEquation": [
                    0.0,
                    0.0,
                    -1.0,
                    0.8366892028301336
                ],
                "pointsIdx": [
                    3,
                    4
                ],
                "width": 0.5685940821617117
            },
            {
                "id": 0,
                "normal": [
                    -1.0,
                    -0.0,
                    -0.0
                ],
                "planeEquation": [
                    -1.0,
                    -0.0,
                    -0.0,
                    -3.258689294519622
                ],
                "pointsIdx": [
                    4,
                    5
                ],
                "width": 2.4890910314015624
            },
            {
                "id": 0,
                "normal": [
                    0.0,
                    0.0,
                    -1.0
                ],
                "planeEquation": [
                    0.0,
                    0.0,
                    -1.0,
                    -1.6524018285714286
                ],
                "pointsIdx": [
                    5,
                    0
                ],
                "width": 7.5220060183291455
            }
        ]
    },
    "panoId": "nothing"
}