{
    "cameraHeight": 1.6,
    "layoutHeight": 2.817177744114652,
    "layoutObj2ds": {
        "num": 0,
        "obj2ds": []
    },
    "layoutPoints": {
        "num": 4,
        "points": [
            {
                "coords": [
                    0.6309116032130061,
                    0.5
                ],
                "id": 0,
                "xyz": [
                    0.7815309184673236,
                    0.0,
                    -0.7255274397469298
                ]
            },
            {
                "coords": [
                    0.9344527734734092,
                    0.5
                ],
                "id": 0,
                "xyz": [
                    0.7815309184673236,
                    0.0,
                    1.789108802191068
                ]
            },
            {
                "coords": [
                    0.12117867520680364,
                    0.5
                ],
                "id": 0,
                "xyz": [
                    -1.7051941419570595,
                    0.0,
                    1.789108802191068
                ]
            },
            {
                "coords": [
                    0.3140245090655159,
                    0.5
                ],
                "id": 0,
                "xyz": [
                    -1.7051941419570595,
                    0.0,
                    -0.7255274397469298
                ]
            }
        ]
    },
    "layoutWalls": {
        "num": 4,
        "walls": [
            {
                "id": 0,
                "normal": [
                    1.0,
                    0.0,
                    -0.0
                ],
                "planeEquation": [
                    1.0,
                    0.0,
                    -0.0,
                    -0.7815309184673236
                ],
                "pointsIdx": [
                    0,
                    1
                ],
                "width": 2.514636241937998
            },
            {
                "id": 0,
                "normal": [
                    0.0,
                    0.0,
                    1.0
                ],
                "planeEquation": [
                    0.0,
                    0.0,
                    1.0,
                    -1.789108802191068
                ],
                "pointsIdx": [
                    1,
                    2
                ],
                "width": 2.486725060424383
            },
            {
                "id": 0,
                "normal": [
                    -1.0,
                    -0.0,
                    -0.0
                ],
                "planeEquation": [
                    -1.0,
                    -0.0,
                    -0.0,
                    -1.7051941419570595
                ],
                "pointsIdx": [
                    2,
                    3
                ],
                "width": 2.514636241937998
            },
            {
                "id": 0,
                "normal": [
                    0.0,
                    0.0,
                    -1.0
                ],
                "planeEquation": [
                    0.0,
                    0.0,
                    -1.0,
                    -0.7255274397469298
                ],
                "pointsIdx": [
                    3,
                    0
                ],
                "width": 2.486725060424383
            }
        ]
    },
    "panoId": "nothing"
}