{
    "cameraHeight": 1.6,
    "layoutHeight": 3.2501410007476803,
    "layoutObj2ds": {
        "num": 0,
        "obj2ds": []
    },
    "layoutPoints": {
        "num": 4,
        "points": [
            {
                "coords": [
                    0.6359531604826575,
                    0.5
                ],
                "id": 0,
                "xyz": [
                    1.0275,
                    0.0,
                    -0.8949839593025346
                ]
            },
            {
                "coords": [
                    0.9130094045725883,
                    0.5
                ],
                "id": 0,
                "xyz": [
                    1.0275,
                    0.0,
                    1.6888372171523218
                ]
            },
            {
                "coords": [
                    0.1310148806472563,
                    0.5
                ],
                "id": 0,
                "xyz": [
                    -1.821567781391084,
                    0.0,
                    1.6888372171523218
                ]
            },
            {
                "coords": [
                    0.32268359802165136,
                    0.5
                ],
                "id": 0,
                "xyz": [
                    -1.821567781391084,
                    0.0,
                    -0.8949839593025346
                ]
            }
        ]
    },
    "layoutWalls": {
        "num": 4,
        "walls": [
            {
                "id": 0,
                "normal": [
                    1.0,
                    0.0,
                    -0.0
                ],
                "planeEquation": [
                    1.0,
                    0.0,
                    -0.0,
                    -1.0275
                ],
                "pointsIdx": [
                    0,
                    1
                ],
                "width": 2.5838211764548564
            },
            {
                "id": 0,
                "normal": [
                    0.0,
                    0.0,
                    1.0
                ],
                "planeEquation": [
                    0.0,
                    0.0,
                    1.0,
                    -1.6888372171523218
                ],
                "pointsIdx": [
                    1,
                    2
                ],
                "width": 2.849067781391084
            },
            {
                "id": 0,
                "normal": [
                    -1.0,
                    -0.0,
                    -0.0
                ],
                "planeEquation": [
                    -1.0,
                    -0.0,
                    -0.0,
                    -1.821567781391084
                ],
                "pointsIdx": [
                    2,
                    3
                ],
                "width": 2.5838211764548564
            },
            {
                "id": 0,
                "normal": [
                    0.0,
                    0.0,
                    -1.0
                ],
                "planeEquation": [
                    0.0,
                    0.0,
                    -1.0,
                    -0.8949839593025346
                ],
                "pointsIdx": [
                    3,
                    0
                ],
                "width": 2.849067781391084
            }
        ]
    },
    "panoId": "nothing"
}