{
    "cameraHeight": 1.6,
    "layoutHeight": 2.88745958580161,
    "layoutObj2ds": {
        "num": 0,
        "obj2ds": []
    },
    "layoutPoints": {
        "num": 6,
        "points": [
            {
                "coords": [
                    0.5412015242787971,
                    0.5
                ],
                "id": 0,
                "xyz": [
                    0.40454850429919215,
                    0.0,
                    -1.5276402263271223
                ]
            },
            {
                "coords": [
                    0.9366330042745629,
                    0.5
                ],
                "id": 0,
                "xyz": [
                    0.40454850429919215,
                    0.0,
                    0.961813355523864
                ]
            },
            {
                "coords": [
                    0.17135973791116466,
                    0.5
                ],
                "id": 0,
                "xyz": [
                    -1.78549771436769,
                    0.0,
                    0.961813355523864
                ]
            },
            {
                "coords": [
                    0.3961235571353341,
                    0.5
                ],
                "id": 0,
                "xyz": [
                    -1.78549771436769,
                    0.0,
                    -2.3357125948051833
                ]
            },
            {
                "coords": [
                    0.4752118625945551,
                    0.4966774523497576
                ],
                "id": 0,
                "xyz": [
                    -0.3667539698574829,
                    0.02468000074319389,
                    -2.3357125948051833
                ]
            },
            {
                "coords": [
                    0.4625,
                    0.495
                ],
                "id": 0,
                "xyz": [
                    -0.3667539698574829,
                    0.02468000074319389,
                    -1.5276402263271223
                ]
            }
        ]
    },
    "layoutWalls": {
        "num": 6,
        "walls": [
            {
                "id": 0,
                "normal": [
                    1.0,
                    0.0,
                    -0.0
                ],
                "planeEquation": [
                    1.0,
                    0.0,
                    -0.0,
                    -0.40454850429919215
                ],
                "pointsIdx": [
                    0,
                    1
                ],
                "width": 2.489453581850986
            },
            {
                "id": 0,
                "normal": [
                    0.0,
                    0.0,
                    1.0
                ],
                "planeEquation": [
                    0.0,
                    0.0,
                    1.0,
                    -0.961813355523864
                ],
                "pointsIdx": [
                    1,
                    2
                ],
                "width": 2.190046218666882
            },
            {
                "id": 0,
                "normal": [
                    -1.0,
                    -0.0,
                    -0.0
                ],
                "planeEquation": [
                    -1.0,
                    -0.0,
                    -0.0,
                    -1.78549771436769
                ],
                "pointsIdx": [
                    2,
                    3
                ],
                "width": 3.2975259503290473
            },
            {
                "id": 0,
                "normal": [
                    0.0,
                    0.0,
                    -1.0
                ],
                "planeEquation": [
                    0.0,
                    0.0,
                    -1.0,
                    -2.3357125948051833
                ],
                "pointsIdx": [
                    3,
                    4
                ],
                "width": 1.4187437445102071
            },
            {
                "id": 0,
                "normal": [
                    1.0,
                    0.0,
                    -0.0
                ],
                "planeEquation": [
                    1.0,
                    0.0,
                    -0.0,
                    0.3667539698574829
                ],
                "pointsIdx": [
                    4,
                    5
                ],
                "width": 0.8080723684780611
            },
            {
                "id": 0,
                "normal": [
                    0.0,
                    0.0,
                    -1.0
                ],
                "planeEquation": [
                    0.0,
                    0.0,
                    -1.0,
                    -1.5276402263271223
                ],
                "pointsIdx": [
                    5,
                    0
                ],
                "width": 0.771302474156675
            }
        ]
    },
    "panoId": "nothing"
}