{
    "cameraHeight": 1.6,
    "layoutHeight": 3.0869861793518067,
    "layoutObj2ds": {
        "num": 0,
        "obj2ds": []
    },
    "layoutPoints": {
        "num": 10,
        "points": [
            {
                "coords": [
                    0.4986164271822434,
                    0.5
                ],
                "id": 0,
                "xyz": [
                    -0.02478995421694353,
                    0.0,
                    -2.8515625
                ]
            },
            {
                "coords": [
                    0.49301938724078387,
                    0.5
                ],
                "id": 0,
                "xyz": [
                    -0.02478995421694353,
                    0.0,
                    -0.5648377239672216
                ]
            },
            {
                "coords": [
                    0.7161702714000868,
                    0.5
                ],
                "id": 0,
                "xyz": [
                    2.6171875,
                    0.0,
                    -0.5648377239672216
                ]
            },
            {
                "coords": [
                    0.7934144531535932,
                    0.5
                ],
                "id": 0,
                "xyz": [
                    2.6171875,
                    0.0,
                    0.732170030340695
                ]
            },
            {
                "coords": [
                    0.7972586671479873,
                    0.5
                ],
                "id": 0,
                "xyz": [
                    2.3928603648,
                    0.0,
                    0.732170030340695
                ]
            },
            {
                "coords": [
                    0.8465817483553928,
                    0.5
                ],
                "id": 0,
                "xyz": [
                    2.3928603648,
                    0.0,
                    1.6611885267353603
                ]
            },
            {
                "coords": [
                    0.9609754469273786,
                    0.5
                ],
                "id": 0,
                "xyz": [
                    0.41568516523934596,
                    0.0,
                    1.6611885267353603
                ]
            },
            {
                "coords": [
                    0.90883427110607,
                    0.5
                ],
                "id": 0,
                "xyz": [
                    0.41568516523934596,
                    0.0,
                    0.64453125
                ]
            },
            {
                "coords": [
                    0.169117132138854,
                    0.5
                ],
                "id": 0,
                "xyz": [
                    -1.1571464524800001,
                    0.0,
                    0.64453125
                ]
            },
            {
                "coords": [
                    0.4386471933589481,
                    0.5
                ],
                "id": 0,
                "xyz": [
                    -1.1571464524800001,
                    0.0,
                    -2.8515625
                ]
            }
        ]
    },
    "layoutWalls": {
        "num": 10,
        "walls": [
            {
                "id": 0,
                "normal": [
                    1.0,
                    0.0,
                    -0.0
                ],
                "planeEquation": [
                    1.0,
                    0.0,
                    -0.0,
                    0.02478995421694353
                ],
                "pointsIdx": [
                    0,
                    1
                ],
                "width": 2.2867247760327785
            },
            {
                "id": 0,
                "normal": [
                    0.0,
                    0.0,
                    -1.0
                ],
                "planeEquation": [
                    0.0,
                    0.0,
                    -1.0,
                    -0.5648377239672216
                ],
                "pointsIdx": [
                    1,
                    2
                ],
                "width": 2.6419774542169434
            },
            {
                "id": 0,
                "normal": [
                    1.0,
                    0.0,
                    -0.0
                ],
                "planeEquation": [
                    1.0,
                    0.0,
                    -0.0,
                    -2.6171875
                ],
                "pointsIdx": [
                    2,
                    3
                ],
                "width": 1.2970077543079168
            },
            {
                "id": 0,
                "normal": [
                    0.0,
                    0.0,
                    1.0
                ],
                "planeEquation": [
                    0.0,
                    0.0,
                    1.0,
                    -0.732170030340695
                ],
                "pointsIdx": [
                    3,
                    4
                ],
                "width": 0.2243271351999998
            },
            {
                "id": 0,
                "normal": [
                    1.0,
                    0.0,
                    -0.0
                ],
                "planeEquation": [
                    1.0,
                    0.0,
                    -0.0,
                    -2.3928603648
                ],
                "pointsIdx": [
                    4,
                    5
                ],
                "width": 0.9290184963946653
            },
            {
                "id": 0,
                "normal": [
                    0.0,
                    0.0,
                    1.0
                ],
                "planeEquation": [
                    0.0,
                    0.0,
                    1.0,
                    -1.6611885267353603
                ],
                "pointsIdx": [
                    5,
                    6
                ],
                "width": 1.9771751995606541
            },
            {
                "id": 0,
                "normal": [
                    -1.0,
                    -0.0,
                    -0.0
                ],
                "planeEquation": [
                    -1.0,
                    -0.0,
                    -0.0,
                    0.41568516523934596
                ],
                "pointsIdx": [
                    6,
                    7
                ],
                "width": 1.0166572767353603
            },
            {
                "id": 0,
                "normal": [
                    0.0,
                    0.0,
                    1.0
                ],
                "planeEquation": [
                    0.0,
                    0.0,
                    1.0,
                    -0.64453125
                ],
                "pointsIdx": [
                    7,
                    8
                ],
                "width": 1.5728316177193462
            },
            {
                "id": 0,
                "normal": [
                    -1.0,
                    -0.0,
                    -0.0
                ],
                "planeEquation": [
                    -1.0,
                    -0.0,
                    -0.0,
                    -1.1571464524800001
                ],
                "pointsIdx": [
                    8,
                    9
                ],
                "width": 3.49609375
            },
            {
                "id": 0,
                "normal": [
                    0.0,
                    0.0,
                    -1.0
                ],
                "planeEquation": [
                    0.0,
                    0.0,
                    -1.0,
                    -2.8515625
                ],
                "pointsIdx": [
                    9,
                    0
                ],
                "width": 1.1323564982630565
            }
        ]
    },
    "panoId": "nothing"
}