{
    "cameraHeight": 1.6,
    "layoutHeight": 2.8490800857543945,
    "layoutObj2ds": {
        "num": 0,
        "obj2ds": []
    },
    "layoutPoints": {
        "num": 4,
        "points": [
            {
                "coords": [
                    0.6904523656811853,
                    0.5
                ],
                "id": 0,
                "xyz": [
                    1.640625,
                    0.0,
                    -0.64418130444288
                ]
            },
            {
                "coords": [
                    0.8124237401962537,
                    0.5
                ],
                "id": 0,
                "xyz": [
                    1.640625,
                    0.0,
                    0.6786483200000001
                ]
            },
            {
                "coords": [
                    0.23904787723017468,
                    0.5
                ],
                "id": 0,
                "xyz": [
                    -9.84646472116141,
                    0.0,
                    0.6786483200000001
                ]
            },
            {
                "coords": [
                    0.260397512587626,
                    0.5
                ],
                "id": 0,
                "xyz": [
                    -9.84646472116141,
                    0.0,
                    -0.64418130444288
                ]
            }
        ]
    },
    "layoutWalls": {
        "num": 4,
        "walls": [
            {
                "id": 0,
                "normal": [
                    1.0,
                    0.0,
                    -0.0
                ],
                "planeEquation": [
                    1.0,
                    0.0,
                    -0.0,
                    -1.640625
                ],
                "pointsIdx": [
                    0,
                    1
                ],
                "width": 1.32282962444288
            },
            {
                "id": 0,
                "normal": [
                    0.0,
                    0.0,
                    1.0
                ],
                "planeEquation": [
                    0.0,
                    0.0,
                    1.0,
                    -0.6786483200000001
                ],
                "pointsIdx": [
                    1,
                    2
                ],
                "width": 11.48708972116141
            },
            {
                "id": 0,
                "normal": [
                    -1.0,
                    -0.0,
                    -0.0
                ],
                "planeEquation": [
                    -1.0,
                    -0.0,
                    -0.0,
                    -9.84646472116141
                ],
                "pointsIdx": [
                    2,
                    3
                ],
                "width": 1.32282962444288
            },
            {
                "id": 0,
                "normal": [
                    0.0,
                    0.0,
                    -1.0
                ],
                "planeEquation": [
                    0.0,
                    0.0,
                    -1.0,
                    -0.64418130444288
                ],
                "pointsIdx": [
                    3,
                    0
                ],
                "width": 11.48708972116141
            }
        ]
    },
    "panoId": "nothing"
}