{
    "cameraHeight": 1.6,
    "layoutHeight": 3.953646421432495,
    "layoutObj2ds": {
        "num": 0,
        "obj2ds": []
    },
    "layoutPoints": {
        "num": 4,
        "points": [
            {
                "coords": [
                    0.5505212614540438,
                    0.5
                ],
                "id": 0,
                "xyz": [
                    2.6171875,
                    0.0,
                    -7.966005663148493
                ]
            },
            {
                "coords": [
                    0.9135685213479394,
                    0.5
                ],
                "id": 0,
                "xyz": [
                    2.6171875,
                    0.0,
                    4.3359375
                ]
            },
            {
                "coords": [
                    0.0906193844212776,
                    0.5
                ],
                "id": 0,
                "xyz": [
                    -2.7753984760843275,
                    0.0,
                    4.3359375
                ]
            },
            {
                "coords": [
                    0.4466427590508884,
                    0.5
                ],
                "id": 0,
                "xyz": [
                    -2.7753984760843275,
                    0.0,
                    -7.966005663148493
                ]
            }
        ]
    },
    "layoutWalls": {
        "num": 4,
        "walls": [
            {
                "id": 0,
                "normal": [
                    1.0,
                    0.0,
                    -0.0
                ],
                "planeEquation": [
                    1.0,
                    0.0,
                    -0.0,
                    -2.6171875
                ],
                "pointsIdx": [
                    0,
                    1
                ],
                "width": 12.301943163148493
            },
            {
                "id": 0,
                "normal": [
                    0.0,
                    0.0,
                    1.0
                ],
                "planeEquation": [
                    0.0,
                    0.0,
                    1.0,
                    -4.3359375
                ],
                "pointsIdx": [
                    1,
                    2
                ],
                "width": 5.3925859760843275
            },
            {
                "id": 0,
                "normal": [
                    -1.0,
                    -0.0,
                    -0.0
                ],
                "planeEquation": [
                    -1.0,
                    -0.0,
                    -0.0,
                    -2.7753984760843275
                ],
                "pointsIdx": [
                    2,
                    3
                ],
                "width": 12.301943163148493
            },
            {
                "id": 0,
                "normal": [
                    0.0,
                    0.0,
                    -1.0
                ],
                "planeEquation": [
                    0.0,
                    0.0,
                    -1.0,
                    -7.966005663148493
                ],
                "pointsIdx": [
                    3,
                    0
                ],
                "width": 5.3925859760843275
            }
        ]
    },
    "panoId": "nothing"
}