{
    "cameraHeight": 1.6,
    "layoutHeight": 2.910194990370009,
    "layoutObj2ds": {
        "num": 0,
        "obj2ds": []
    },
    "layoutPoints": {
        "num": 14,
        "points": [
            {
                "coords": [
                    0.5916287376636158,
                    0.5
                ],
                "id": 0,
                "xyz": [
                    1.5606499328494554,
                    0.0,
                    -2.404444444444444
                ]
            },
            {
                "coords": [
                    0.6623325113099165,
                    0.5
                ],
                "id": 0,
                "xyz": [
                    1.5606499328494554,
                    0.0,
                    -0.9586280874058677
                ]
            },
            {
                "coords": [
                    0.5332871981185044,
                    0.5
                ],
                "id": 0,
                "xyz": [
                    0.2034722698383102,
                    0.0,
                    -0.9586280874058677
                ]
            },
            {
                "coords": [
                    0.5541555483402478,
                    0.5
                ],
                "id": 0,
                "xyz": [
                    0.2034722698383102,
                    0.0,
                    -0.5747155555555555
                ]
            },
            {
                "coords": [
                    0.59,
                    0.18500000000000005
                ],
                "id": 0,
                "xyz": [
                    0.3647255821543613,
                    1.0362334227700791,
                    -0.5747155555555555
                ]
            },
            {
                "coords": [
                    0.5800842863406035,
                    0.20069911173067018
                ],
                "id": 0,
                "xyz": [
                    0.3647255821543613,
                    1.0362334227700791,
                    -0.662601923032071
                ]
            },
            {
                "coords": [
                    0.6874540654469788,
                    0.5
                ],
                "id": 0,
                "xyz": [
                    1.5983576099387982,
                    0.0,
                    -0.662601923032071
                ]
            },
            {
                "coords": [
                    0.8139820530265217,
                    0.5
                ],
                "id": 0,
                "xyz": [
                    1.5983576099387982,
                    0.0,
                    0.6795670340947109
                ]
            },
            {
                "coords": [
                    0.9279949603351656,
                    0.5
                ],
                "id": 0,
                "xyz": [
                    0.33029981791383267,
                    0.0,
                    0.6795670340947109
                ]
            },
            {
                "coords": [
                    0.90875,
                    0.5
                ],
                "id": 0,
                "xyz": [
                    0.33029981791383267,
                    0.0,
                    0.5115440635139532
                ]
            },
            {
                "coords": [
                    0.9499573186108877,
                    0.5
                ],
                "id": 0,
                "xyz": [
                    0.16636242114915079,
                    0.0,
                    0.5115440635139532
                ]
            },
            {
                "coords": [
                    0.9891133430496153,
                    0.5
                ],
                "id": 0,
                "xyz": [
                    0.16636242114915079,
                    0.0,
                    2.428302222222222
                ]
            },
            {
                "coords": [
                    0.11271528451594953,
                    0.5
                ],
                "id": 0,
                "xyz": [
                    -2.0796533333333334,
                    0.0,
                    2.428302222222222
                ]
            },
            {
                "coords": [
                    0.3865077766760542,
                    0.5
                ],
                "id": 0,
                "xyz": [
                    -2.0796533333333334,
                    0.0,
                    -2.404444444444444
                ]
            }
        ]
    },
    "layoutWalls": {
        "num": 14,
        "walls": [
            {
                "id": 0,
                "normal": [
                    1.0,
                    0.0,
                    -0.0
                ],
                "planeEquation": [
                    1.0,
                    0.0,
                    -0.0,
                    -1.5606499328494554
                ],
                "pointsIdx": [
                    0,
                    1
                ],
                "width": 1.4458163570385765
            },
            {
                "id": 0,
                "normal": [
                    0.0,
                    0.0,
                    1.0
                ],
                "planeEquation": [
                    0.0,
                    0.0,
                    1.0,
                    0.9586280874058677
                ],
                "pointsIdx": [
                    1,
                    2
                ],
                "width": 1.3571776630111452
            },
            {
                "id": 0,
                "normal": [
                    1.0,
                    0.0,
                    -0.0
                ],
                "planeEquation": [
                    1.0,
                    0.0,
                    -0.0,
                    -0.2034722698383102
                ],
                "pointsIdx": [
                    2,
                    3
                ],
                "width": 0.38391253185031216
            },
            {
                "id": 0,
                "normal": [
                    0.0,
                    0.0,
                    -1.0
                ],
                "planeEquation": [
                    0.0,
                    0.0,
                    -1.0,
                    -0.5747155555555555
                ],
                "pointsIdx": [
                    3,
                    4
                ],
                "width": 0.16125331231605108
            },
            {
                "id": 0,
                "normal": [
                    -1.0,
                    -0.0,
                    -0.0
                ],
                "planeEquation": [
                    -1.0,
                    -0.0,
                    -0.0,
                    0.3647255821543613
                ],
                "pointsIdx": [
                    4,
                    5
                ],
                "width": 0.08788636747651546
            },
            {
                "id": 0,
                "normal": [
                    0.0,
                    0.0,
                    -1.0
                ],
                "planeEquation": [
                    0.0,
                    0.0,
                    -1.0,
                    -0.662601923032071
                ],
                "pointsIdx": [
                    5,
                    6
                ],
                "width": 1.2336320277844368
            },
            {
                "id": 0,
                "normal": [
                    1.0,
                    0.0,
                    -0.0
                ],
                "planeEquation": [
                    1.0,
                    0.0,
                    -0.0,
                    -1.5983576099387982
                ],
                "pointsIdx": [
                    6,
                    7
                ],
                "width": 1.3421689571267819
            },
            {
                "id": 0,
                "normal": [
                    0.0,
                    0.0,
                    1.0
                ],
                "planeEquation": [
                    0.0,
                    0.0,
                    1.0,
                    -0.6795670340947109
                ],
                "pointsIdx": [
                    7,
                    8
                ],
                "width": 1.2680577920249654
            },
            {
                "id": 0,
                "normal": [
                    -1.0,
                    -0.0,
                    -0.0
                ],
                "planeEquation": [
                    -1.0,
                    -0.0,
                    -0.0,
                    0.33029981791383267
                ],
                "pointsIdx": [
                    8,
                    9
                ],
                "width": 0.16802297058075766
            },
            {
                "id": 0,
                "normal": [
                    0.0,
                    0.0,
                    1.0
                ],
                "planeEquation": [
                    0.0,
                    0.0,
                    1.0,
                    -0.5115440635139532
                ],
                "pointsIdx": [
                    9,
                    10
                ],
                "width": 0.1639373967646819
            },
            {
                "id": 0,
                "normal": [
                    1.0,
                    0.0,
                    -0.0
                ],
                "planeEquation": [
                    1.0,
                    0.0,
                    -0.0,
                    -0.16636242114915079
                ],
                "pointsIdx": [
                    10,
                    11
                ],
                "width": 1.9167581587082687
            },
            {
                "id": 0,
                "normal": [
                    0.0,
                    0.0,
                    1.0
                ],
                "planeEquation": [
                    0.0,
                    0.0,
                    1.0,
                    -2.428302222222222
                ],
                "pointsIdx": [
                    11,
                    12
                ],
                "width": 2.2460157544824844
            },
            {
                "id": 0,
                "normal": [
                    -1.0,
                    -0.0,
                    -0.0
                ],
                "planeEquation": [
                    -1.0,
                    -0.0,
                    -0.0,
                    -2.0796533333333334
                ],
                "pointsIdx": [
                    12,
                    13
                ],
                "width": 4.832746666666666
            },
            {
                "id": 0,
                "normal": [
                    0.0,
                    0.0,
                    -1.0
                ],
                "planeEquation": [
                    0.0,
                    0.0,
                    -1.0,
                    -2.404444444444444
                ],
                "pointsIdx": [
                    13,
                    0
                ],
                "width": 3.640303266182789
            }
        ]
    },
    "panoId": "nothing"
}