{
    "cameraHeight": 1.6,
    "layoutHeight": 3.9891196155548103,
    "layoutObj2ds": {
        "num": 0,
        "obj2ds": []
    },
    "layoutPoints": {
        "num": 10,
        "points": [
            {
                "coords": [
                    0.6120483582278305,
                    0.5
                ],
                "id": 0,
                "xyz": [
                    2.34375,
                    0.0,
                    -2.76
                ]
            },
            {
                "coords": [
                    0.8837634524022,
                    0.5
                ],
                "id": 0,
                "xyz": [
                    2.34375,
                    0.0,
                    2.6171875
                ]
            },
            {
                "coords": [
                    0.9798567351475769,
                    0.5
                ],
                "id": 0,
                "xyz": [
                    0.3330214273589239,
                    0.0,
                    2.6171875
                ]
            },
            {
                "coords": [
                    0.9261877048722478,
                    0.5
                ],
                "id": 0,
                "xyz": [
                    0.3330214273589239,
                    0.0,
                    0.6658285785625984
                ]
            },
            {
                "coords": [
                    0.23336197604853637,
                    0.5
                ],
                "id": 0,
                "xyz": [
                    -6.345921558956842,
                    0.0,
                    0.6658285785625984
                ]
            },
            {
                "coords": [
                    0.3137723538958587,
                    0.5
                ],
                "id": 0,
                "xyz": [
                    -6.345921558956842,
                    0.0,
                    -2.688201826280901
                ]
            },
            {
                "coords": [
                    0.49323742288773964,
                    0.5356030140288521
                ],
                "id": 0,
                "xyz": [
                    -0.1142918981576111,
                    -0.30220876440837974,
                    -2.688201826280901
                ]
            },
            {
                "coords": [
                    0.479316530023231,
                    0.6050826248139946
                ],
                "id": 0,
                "xyz": [
                    -0.1142918981576111,
                    -0.30220876440837974,
                    -0.8744954377158464
                ]
            },
            {
                "coords": [
                    0.578421547129042,
                    0.5
                ],
                "id": 0,
                "xyz": [
                    0.4695245803549892,
                    0.0,
                    -0.8744954377158464
                ]
            },
            {
                "coords": [
                    0.5268183166727638,
                    0.5
                ],
                "id": 0,
                "xyz": [
                    0.4695245803549892,
                    0.0,
                    -2.76
                ]
            }
        ]
    },
    "layoutWalls": {
        "num": 10,
        "walls": [
            {
                "id": 0,
                "normal": [
                    1.0,
                    0.0,
                    -0.0
                ],
                "planeEquation": [
                    1.0,
                    0.0,
                    -0.0,
                    -2.34375
                ],
                "pointsIdx": [
                    0,
                    1
                ],
                "width": 5.3771875
            },
            {
                "id": 0,
                "normal": [
                    0.0,
                    0.0,
                    1.0
                ],
                "planeEquation": [
                    0.0,
                    0.0,
                    1.0,
                    -2.6171875
                ],
                "pointsIdx": [
                    1,
                    2
                ],
                "width": 2.010728572641076
            },
            {
                "id": 0,
                "normal": [
                    -1.0,
                    -0.0,
                    -0.0
                ],
                "planeEquation": [
                    -1.0,
                    -0.0,
                    -0.0,
                    0.3330214273589239
                ],
                "pointsIdx": [
                    2,
                    3
                ],
                "width": 1.9513589214374016
            },
            {
                "id": 0,
                "normal": [
                    0.0,
                    0.0,
                    1.0
                ],
                "planeEquation": [
                    0.0,
                    0.0,
                    1.0,
                    -0.6658285785625984
                ],
                "pointsIdx": [
                    3,
                    4
                ],
                "width": 6.678942986315766
            },
            {
                "id": 0,
                "normal": [
                    -1.0,
                    -0.0,
                    -0.0
                ],
                "planeEquation": [
                    -1.0,
                    -0.0,
                    -0.0,
                    -6.345921558956842
                ],
                "pointsIdx": [
                    4,
                    5
                ],
                "width": 3.354030404843499
            },
            {
                "id": 0,
                "normal": [
                    0.0,
                    0.0,
                    -1.0
                ],
                "planeEquation": [
                    0.0,
                    0.0,
                    -1.0,
                    -2.688201826280901
                ],
                "pointsIdx": [
                    5,
                    6
                ],
                "width": 6.231629660799231
            },
            {
                "id": 0,
                "normal": [
                    1.0,
                    0.0,
                    -0.0
                ],
                "planeEquation": [
                    1.0,
                    0.0,
                    -0.0,
                    0.1142918981576111
                ],
                "pointsIdx": [
                    6,
                    7
                ],
                "width": 1.8137063885650546
            },
            {
                "id": 0,
                "normal": [
                    0.0,
                    0.0,
                    -1.0
                ],
                "planeEquation": [
                    0.0,
                    0.0,
                    -1.0,
                    -0.8744954377158464
                ],
                "pointsIdx": [
                    7,
                    8
                ],
                "width": 0.5838164785126003
            },
            {
                "id": 0,
                "normal": [
                    -1.0,
                    -0.0,
                    -0.0
                ],
                "planeEquation": [
                    -1.0,
                    -0.0,
                    -0.0,
                    0.4695245803549892
                ],
                "pointsIdx": [
                    8,
                    9
                ],
                "width": 1.8855045622841535
            },
            {
                "id": 0,
                "normal": [
                    0.0,
                    0.0,
                    -1.0
                ],
                "planeEquation": [
                    0.0,
                    0.0,
                    -1.0,
                    -2.76
                ],
                "pointsIdx": [
                    9,
                    0
                ],
                "width": 1.8742254196450108
            }
        ]
    },
    "panoId": "nothing"
}