{
    "cameraHeight": 1.6,
    "layoutHeight": 2.884255356484271,
    "layoutObj2ds": {
        "num": 0,
        "obj2ds": []
    },
    "layoutPoints": {
        "num": 4,
        "points": [
            {
                "coords": [
                    0.5314137091989252,
                    0.5
                ],
                "id": 0,
                "xyz": [
                    0.7778551302187574,
                    0.0,
                    -3.8896276595744674
                ]
            },
            {
                "coords": [
                    0.8744868219478958,
                    0.5
                ],
                "id": 0,
                "xyz": [
                    0.7778551302187574,
                    0.0,
                    0.7728550142704498
                ]
            },
            {
                "coords": [
                    0.2087256211235895,
                    0.5
                ],
                "id": 0,
                "xyz": [
                    -2.913035680551995,
                    0.0,
                    0.7728550142704498
                ]
            },
            {
                "coords": [
                    0.397693270135158,
                    0.5
                ],
                "id": 0,
                "xyz": [
                    -2.913035680551995,
                    0.0,
                    -3.8896276595744674
                ]
            }
        ]
    },
    "layoutWalls": {
        "num": 4,
        "walls": [
            {
                "id": 0,
                "normal": [
                    1.0,
                    0.0,
                    -0.0
                ],
                "planeEquation": [
                    1.0,
                    0.0,
                    -0.0,
                    -0.7778551302187574
                ],
                "pointsIdx": [
                    0,
                    1
                ],
                "width": 4.662482673844917
            },
            {
                "id": 0,
                "normal": [
                    0.0,
                    0.0,
                    1.0
                ],
                "planeEquation": [
                    0.0,
                    0.0,
                    1.0,
                    -0.7728550142704498
                ],
                "pointsIdx": [
                    1,
                    2
                ],
                "width": 3.6908908107707523
            },
            {
                "id": 0,
                "normal": [
                    -1.0,
                    -0.0,
                    -0.0
                ],
                "planeEquation": [
                    -1.0,
                    -0.0,
                    -0.0,
                    -2.913035680551995
                ],
                "pointsIdx": [
                    2,
                    3
                ],
                "width": 4.662482673844917
            },
            {
                "id": 0,
                "normal": [
                    0.0,
                    0.0,
                    -1.0
                ],
                "planeEquation": [
                    0.0,
                    0.0,
                    -1.0,
                    -3.8896276595744674
                ],
                "pointsIdx": [
                    3,
                    0
                ],
                "width": 3.6908908107707523
            }
        ]
    },
    "panoId": "nothing"
}