{
    "cameraHeight": 1.6,
    "layoutHeight": 2.9984020900726316,
    "layoutObj2ds": {
        "num": 0,
        "obj2ds": []
    },
    "layoutPoints": {
        "num": 8,
        "points": [
            {
                "coords": [
                    0.6329642796063752,
                    0.5
                ],
                "id": 0,
                "xyz": [
                    0.6688501753291535,
                    0.0,
                    -0.6050496347750401
                ]
            },
            {
                "coords": [
                    0.9392909886021732,
                    0.5
                ],
                "id": 0,
                "xyz": [
                    0.6688501753291535,
                    0.0,
                    1.6675798822292742
                ]
            },
            {
                "coords": [
                    0.09308295298656827,
                    0.5
                ],
                "id": 0,
                "xyz": [
                    -1.1041599155611361,
                    0.0,
                    1.6675798822292742
                ]
            },
            {
                "coords": [
                    0.12474951692221747,
                    0.5
                ],
                "id": 0,
                "xyz": [
                    -1.1041599155611361,
                    0.0,
                    1.1076409204706508
                ]
            },
            {
                "coords": [
                    0.19578716107907207,
                    0.5
                ],
                "id": 0,
                "xyz": [
                    -3.125,
                    0.0,
                    1.1076409204706508
                ]
            },
            {
                "coords": [
                    0.22455907629904615,
                    0.5
                ],
                "id": 0,
                "xyz": [
                    -3.125,
                    0.0,
                    0.5038299904583085
                ]
            },
            {
                "coords": [
                    0.22958483021513326,
                    0.5
                ],
                "id": 0,
                "xyz": [
                    -3.90625,
                    0.0,
                    0.5038299904583085
                ]
            },
            {
                "coords": [
                    0.27445758236581735,
                    0.5
                ],
                "id": 0,
                "xyz": [
                    -3.90625,
                    0.0,
                    -0.6050496347750401
                ]
            }
        ]
    },
    "layoutWalls": {
        "num": 8,
        "walls": [
            {
                "id": 0,
                "normal": [
                    1.0,
                    0.0,
                    -0.0
                ],
                "planeEquation": [
                    1.0,
                    0.0,
                    -0.0,
                    -0.6688501753291535
                ],
                "pointsIdx": [
                    0,
                    1
                ],
                "width": 2.2726295170043143
            },
            {
                "id": 0,
                "normal": [
                    0.0,
                    0.0,
                    1.0
                ],
                "planeEquation": [
                    0.0,
                    0.0,
                    1.0,
                    -1.6675798822292742
                ],
                "pointsIdx": [
                    1,
                    2
                ],
                "width": 1.7730100908902897
            },
            {
                "id": 0,
                "normal": [
                    -1.0,
                    -0.0,
                    -0.0
                ],
                "planeEquation": [
                    -1.0,
                    -0.0,
                    -0.0,
                    -1.1041599155611361
                ],
                "pointsIdx": [
                    2,
                    3
                ],
                "width": 0.5599389617586235
            },
            {
                "id": 0,
                "normal": [
                    0.0,
                    0.0,
                    1.0
                ],
                "planeEquation": [
                    0.0,
                    0.0,
                    1.0,
                    -1.1076409204706508
                ],
                "pointsIdx": [
                    3,
                    4
                ],
                "width": 2.0208400844388636
            },
            {
                "id": 0,
                "normal": [
                    -1.0,
                    -0.0,
                    -0.0
                ],
                "planeEquation": [
                    -1.0,
                    -0.0,
                    -0.0,
                    -3.125
                ],
                "pointsIdx": [
                    4,
                    5
                ],
                "width": 0.6038109300123423
            },
            {
                "id": 0,
                "normal": [
                    0.0,
                    0.0,
                    1.0
                ],
                "planeEquation": [
                    0.0,
                    0.0,
                    1.0,
                    -0.5038299904583085
                ],
                "pointsIdx": [
                    5,
                    6
                ],
                "width": 0.78125
            },
            {
                "id": 0,
                "normal": [
                    -1.0,
                    -0.0,
                    -0.0
                ],
                "planeEquation": [
                    -1.0,
                    -0.0,
                    -0.0,
                    -3.90625
                ],
                "pointsIdx": [
                    6,
                    7
                ],
                "width": 1.1088796252333486
            },
            {
                "id": 0,
                "normal": [
                    0.0,
                    0.0,
                    -1.0
                ],
                "planeEquation": [
                    0.0,
                    0.0,
                    -1.0,
                    -0.6050496347750401
                ],
                "pointsIdx": [
                    7,
                    0
                ],
                "width": 4.575100175329154
            }
        ]
    },
    "panoId": "nothing"
}