{
    "cameraHeight": 1.6,
    "layoutHeight": 4.650345098972322,
    "layoutObj2ds": {
        "num": 0,
        "obj2ds": []
    },
    "layoutPoints": {
        "num": 4,
        "points": [
            {
                "coords": [
                    0.6519496143501813,
                    0.5
                ],
                "id": 0,
                "xyz": [
                    5.172538811830218,
                    0.0,
                    -3.6621093750000004
                ]
            },
            {
                "coords": [
                    0.917445388462906,
                    0.5
                ],
                "id": 0,
                "xyz": [
                    5.172538811830218,
                    0.0,
                    9.061200000000001
                ]
            },
            {
                "coords": [
                    0.035424035552475475,
                    0.5
                ],
                "id": 0,
                "xyz": [
                    -2.0507812500000004,
                    0.0,
                    9.061200000000001
                ]
            },
            {
                "coords": [
                    0.4187532601762584,
                    0.5
                ],
                "id": 0,
                "xyz": [
                    -2.0507812500000004,
                    0.0,
                    -3.6621093750000004
                ]
            }
        ]
    },
    "layoutWalls": {
        "num": 4,
        "walls": [
            {
                "id": 0,
                "normal": [
                    1.0,
                    0.0,
                    -0.0
                ],
                "planeEquation": [
                    1.0,
                    0.0,
                    -0.0,
                    -5.172538811830218
                ],
                "pointsIdx": [
                    0,
                    1
                ],
                "width": 12.723309375000001
            },
            {
                "id": 0,
                "normal": [
                    0.0,
                    0.0,
                    1.0
                ],
                "planeEquation": [
                    0.0,
                    0.0,
                    1.0,
                    -9.061200000000001
                ],
                "pointsIdx": [
                    1,
                    2
                ],
                "width": 7.2233200618302185
            },
            {
                "id": 0,
                "normal": [
                    -1.0,
                    -0.0,
                    -0.0
                ],
                "planeEquation": [
                    -1.0,
                    -0.0,
                    -0.0,
                    -2.0507812500000004
                ],
                "pointsIdx": [
                    2,
                    3
                ],
                "width": 12.723309375000001
            },
            {
                "id": 0,
                "normal": [
                    0.0,
                    0.0,
                    -1.0
                ],
                "planeEquation": [
                    0.0,
                    0.0,
                    -1.0,
                    -3.6621093750000004
                ],
                "pointsIdx": [
                    3,
                    0
                ],
                "width": 7.2233200618302185
            }
        ]
    },
    "panoId": "nothing"
}