{
    "cameraHeight": 1.6,
    "layoutHeight": 3.5539590072631837,
    "layoutObj2ds": {
        "num": 0,
        "obj2ds": []
    },
    "layoutPoints": {
        "num": 4,
        "points": [
            {
                "coords": [
                    0.7047383772556011,
                    0.5
                ],
                "id": 0,
                "xyz": [
                    5.07808,
                    0.0,
                    -1.484375
                ]
            },
            {
                "coords": [
                    0.8762156047317242,
                    0.5
                ],
                "id": 0,
                "xyz": [
                    5.07808,
                    0.0,
                    5.15625
                ]
            },
            {
                "coords": [
                    0.09741994755333755,
                    0.5
                ],
                "id": 0,
                "xyz": [
                    -3.62,
                    0.0,
                    5.15625
                ]
            },
            {
                "coords": [
                    0.31193333427987147,
                    0.5
                ],
                "id": 0,
                "xyz": [
                    -3.62,
                    0.0,
                    -1.484375
                ]
            }
        ]
    },
    "layoutWalls": {
        "num": 4,
        "walls": [
            {
                "id": 0,
                "normal": [
                    1.0,
                    0.0,
                    -0.0
                ],
                "planeEquation": [
                    1.0,
                    0.0,
                    -0.0,
                    -5.07808
                ],
                "pointsIdx": [
                    0,
                    1
                ],
                "width": 6.640625
            },
            {
                "id": 0,
                "normal": [
                    0.0,
                    0.0,
                    1.0
                ],
                "planeEquation": [
                    0.0,
                    0.0,
                    1.0,
                    -5.15625
                ],
                "pointsIdx": [
                    1,
                    2
                ],
                "width": 8.698080000000001
            },
            {
                "id": 0,
                "normal": [
                    -1.0,
                    -0.0,
                    -0.0
                ],
                "planeEquation": [
                    -1.0,
                    -0.0,
                    -0.0,
                    -3.62
                ],
                "pointsIdx": [
                    2,
                    3
                ],
                "width": 6.640625
            },
            {
                "id": 0,
                "normal": [
                    0.0,
                    0.0,
                    -1.0
                ],
                "planeEquation": [
                    0.0,
                    0.0,
                    -1.0,
                    -1.484375
                ],
                "pointsIdx": [
                    3,
                    0
                ],
                "width": 8.698080000000001
            }
        ]
    },
    "panoId": "nothing"
}