{
    "cameraHeight": 1.6,
    "layoutHeight": 2.922959804534912,
    "layoutObj2ds": {
        "num": 0,
        "obj2ds": []
    },
    "layoutPoints": {
        "num": 4,
        "points": [
            {
                "coords": [
                    0.7319914619641744,
                    0.5
                ],
                "id": 0,
                "xyz": [
                    6.875,
                    0.0,
                    -0.78125
                ]
            },
            {
                "coords": [
                    0.7656908356836045,
                    0.5
                ],
                "id": 0,
                "xyz": [
                    6.875,
                    0.0,
                    0.68
                ]
            },
            {
                "coords": [
                    0.15416432843168826,
                    0.5
                ],
                "id": 0,
                "xyz": [
                    -0.989375,
                    0.0,
                    0.68
                ]
            },
            {
                "coords": [
                    0.3563778622645153,
                    0.5
                ],
                "id": 0,
                "xyz": [
                    -0.989375,
                    0.0,
                    -0.78125
                ]
            }
        ]
    },
    "layoutWalls": {
        "num": 4,
        "walls": [
            {
                "id": 0,
                "normal": [
                    1.0,
                    0.0,
                    -0.0
                ],
                "planeEquation": [
                    1.0,
                    0.0,
                    -0.0,
                    -6.875
                ],
                "pointsIdx": [
                    0,
                    1
                ],
                "width": 1.4612500000000002
            },
            {
                "id": 0,
                "normal": [
                    0.0,
                    0.0,
                    1.0
                ],
                "planeEquation": [
                    0.0,
                    0.0,
                    1.0,
                    -0.68
                ],
                "pointsIdx": [
                    1,
                    2
                ],
                "width": 7.864375
            },
            {
                "id": 0,
                "normal": [
                    -1.0,
                    -0.0,
                    -0.0
                ],
                "planeEquation": [
                    -1.0,
                    -0.0,
                    -0.0,
                    -0.989375
                ],
                "pointsIdx": [
                    2,
                    3
                ],
                "width": 1.4612500000000002
            },
            {
                "id": 0,
                "normal": [
                    0.0,
                    0.0,
                    -1.0
                ],
                "planeEquation": [
                    0.0,
                    0.0,
                    -1.0,
                    -0.78125
                ],
                "pointsIdx": [
                    3,
                    0
                ],
                "width": 7.864375
            }
        ]
    },
    "panoId": "nothing"
}