{
    "cameraHeight": 1.6,
    "layoutHeight": 3.493943967819214,
    "layoutObj2ds": {
        "num": 0,
        "obj2ds": []
    },
    "layoutPoints": {
        "num": 4,
        "points": [
            {
                "coords": [
                    0.6199028735252828,
                    0.5
                ],
                "id": 0,
                "xyz": [
                    1.7736339072838125,
                    0.0,
                    -1.8910395801600002
                ]
            },
            {
                "coords": [
                    0.9579961061988341,
                    0.5
                ],
                "id": 0,
                "xyz": [
                    1.7736339072838125,
                    0.0,
                    6.563630499523462
                ]
            },
            {
                "coords": [
                    0.10360886314840256,
                    0.5
                ],
                "id": 0,
                "xyz": [
                    -5.0,
                    0.0,
                    6.563630499523462
                ]
            },
            {
                "coords": [
                    0.3075472633262498,
                    0.5
                ],
                "id": 0,
                "xyz": [
                    -5.0,
                    0.0,
                    -1.8910395801600002
                ]
            }
        ]
    },
    "layoutWalls": {
        "num": 4,
        "walls": [
            {
                "id": 0,
                "normal": [
                    1.0,
                    0.0,
                    -0.0
                ],
                "planeEquation": [
                    1.0,
                    0.0,
                    -0.0,
                    -1.7736339072838125
                ],
                "pointsIdx": [
                    0,
                    1
                ],
                "width": 8.454670079683462
            },
            {
                "id": 0,
                "normal": [
                    0.0,
                    0.0,
                    1.0
                ],
                "planeEquation": [
                    0.0,
                    0.0,
                    1.0,
                    -6.563630499523462
                ],
                "pointsIdx": [
                    1,
                    2
                ],
                "width": 6.773633907283813
            },
            {
                "id": 0,
                "normal": [
                    -1.0,
                    -0.0,
                    -0.0
                ],
                "planeEquation": [
                    -1.0,
                    -0.0,
                    -0.0,
                    -5.0
                ],
                "pointsIdx": [
                    2,
                    3
                ],
                "width": 8.454670079683462
            },
            {
                "id": 0,
                "normal": [
                    0.0,
                    0.0,
                    -1.0
                ],
                "planeEquation": [
                    0.0,
                    0.0,
                    -1.0,
                    -1.8910395801600002
                ],
                "pointsIdx": [
                    3,
                    0
                ],
                "width": 6.773633907283813
            }
        ]
    },
    "panoId": "nothing"
}