{
    "cameraHeight": 1.6,
    "layoutHeight": 2.9557595252990723,
    "layoutObj2ds": {
        "num": 0,
        "obj2ds": []
    },
    "layoutPoints": {
        "num": 4,
        "points": [
            {
                "coords": [
                    0.5700031212374308,
                    0.5
                ],
                "id": 0,
                "xyz": [
                    0.625,
                    0.0,
                    -1.328125
                ]
            },
            {
                "coords": [
                    0.9626915864703287,
                    0.5
                ],
                "id": 0,
                "xyz": [
                    0.625,
                    0.0,
                    2.6171875
                ]
            },
            {
                "coords": [
                    0.16604041743068487,
                    0.5
                ],
                "id": 0,
                "xyz": [
                    -4.4921875,
                    0.0,
                    2.6171875
                ]
            },
            {
                "coords": [
                    0.2957511901100238,
                    0.5
                ],
                "id": 0,
                "xyz": [
                    -4.4921875,
                    0.0,
                    -1.328125
                ]
            }
        ]
    },
    "layoutWalls": {
        "num": 4,
        "walls": [
            {
                "id": 0,
                "normal": [
                    1.0,
                    0.0,
                    -0.0
                ],
                "planeEquation": [
                    1.0,
                    0.0,
                    -0.0,
                    -0.625
                ],
                "pointsIdx": [
                    0,
                    1
                ],
                "width": 3.9453125
            },
            {
                "id": 0,
                "normal": [
                    0.0,
                    0.0,
                    1.0
                ],
                "planeEquation": [
                    0.0,
                    0.0,
                    1.0,
                    -2.6171875
                ],
                "pointsIdx": [
                    1,
                    2
                ],
                "width": 5.1171875
            },
            {
                "id": 0,
                "normal": [
                    -1.0,
                    -0.0,
                    -0.0
                ],
                "planeEquation": [
                    -1.0,
                    -0.0,
                    -0.0,
                    -4.4921875
                ],
                "pointsIdx": [
                    2,
                    3
                ],
                "width": 3.9453125
            },
            {
                "id": 0,
                "normal": [
                    0.0,
                    0.0,
                    -1.0
                ],
                "planeEquation": [
                    0.0,
                    0.0,
                    -1.0,
                    -1.328125
                ],
                "pointsIdx": [
                    3,
                    0
                ],
                "width": 5.1171875
            }
        ]
    },
    "panoId": "nothing"
}