{
    "cameraHeight": 1.6,
    "layoutHeight": 3.2837657928466797,
    "layoutObj2ds": {
        "num": 0,
        "obj2ds": []
    },
    "layoutPoints": {
        "num": 4,
        "points": [
            {
                "coords": [
                    0.553392262307628,
                    0.5
                ],
                "id": 0,
                "xyz": [
                    0.9820800000000001,
                    0.0,
                    -2.81679104
                ]
            },
            {
                "coords": [
                    0.9634542944758483,
                    0.5
                ],
                "id": 0,
                "xyz": [
                    0.9820800000000001,
                    0.0,
                    4.201480190000341
                ]
            },
            {
                "coords": [
                    0.17218431507989457,
                    0.5
                ],
                "id": 0,
                "xyz": [
                    -7.897296718705491,
                    0.0,
                    4.201480190000341
                ]
            },
            {
                "coords": [
                    0.3045283138657374,
                    0.5
                ],
                "id": 0,
                "xyz": [
                    -7.897296718705491,
                    0.0,
                    -2.81679104
                ]
            }
        ]
    },
    "layoutWalls": {
        "num": 4,
        "walls": [
            {
                "id": 0,
                "normal": [
                    1.0,
                    0.0,
                    -0.0
                ],
                "planeEquation": [
                    1.0,
                    0.0,
                    -0.0,
                    -0.9820800000000001
                ],
                "pointsIdx": [
                    0,
                    1
                ],
                "width": 7.018271230000341
            },
            {
                "id": 0,
                "normal": [
                    0.0,
                    0.0,
                    1.0
                ],
                "planeEquation": [
                    0.0,
                    0.0,
                    1.0,
                    -4.201480190000341
                ],
                "pointsIdx": [
                    1,
                    2
                ],
                "width": 8.879376718705492
            },
            {
                "id": 0,
                "normal": [
                    -1.0,
                    -0.0,
                    -0.0
                ],
                "planeEquation": [
                    -1.0,
                    -0.0,
                    -0.0,
                    -7.897296718705491
                ],
                "pointsIdx": [
                    2,
                    3
                ],
                "width": 7.018271230000341
            },
            {
                "id": 0,
                "normal": [
                    0.0,
                    0.0,
                    -1.0
                ],
                "planeEquation": [
                    0.0,
                    0.0,
                    -1.0,
                    -2.81679104
                ],
                "pointsIdx": [
                    3,
                    0
                ],
                "width": 8.879376718705492
            }
        ]
    },
    "panoId": "nothing"
}