{
    "cameraHeight": 1.6,
    "layoutHeight": 3.4819045448303223,
    "layoutObj2ds": {
        "num": 0,
        "obj2ds": []
    },
    "layoutPoints": {
        "num": 4,
        "points": [
            {
                "coords": [
                    0.5842384309715613,
                    0.5
                ],
                "id": 0,
                "xyz": [
                    1.796875,
                    0.0,
                    -3.071802483583138
                ]
            },
            {
                "coords": [
                    0.9504670621429403,
                    0.5
                ],
                "id": 0,
                "xyz": [
                    1.796875,
                    0.0,
                    5.5859375
                ]
            },
            {
                "coords": [
                    0.11550636816411941,
                    0.5
                ],
                "id": 0,
                "xyz": [
                    -4.956341058353391,
                    0.0,
                    5.5859375
                ]
            },
            {
                "coords": [
                    0.3383041240303375,
                    0.5
                ],
                "id": 0,
                "xyz": [
                    -4.956341058353391,
                    0.0,
                    -3.071802483583138
                ]
            }
        ]
    },
    "layoutWalls": {
        "num": 4,
        "walls": [
            {
                "id": 0,
                "normal": [
                    1.0,
                    0.0,
                    -0.0
                ],
                "planeEquation": [
                    1.0,
                    0.0,
                    -0.0,
                    -1.796875
                ],
                "pointsIdx": [
                    0,
                    1
                ],
                "width": 8.657739983583138
            },
            {
                "id": 0,
                "normal": [
                    0.0,
                    0.0,
                    1.0
                ],
                "planeEquation": [
                    0.0,
                    0.0,
                    1.0,
                    -5.5859375
                ],
                "pointsIdx": [
                    1,
                    2
                ],
                "width": 6.753216058353391
            },
            {
                "id": 0,
                "normal": [
                    -1.0,
                    -0.0,
                    -0.0
                ],
                "planeEquation": [
                    -1.0,
                    -0.0,
                    -0.0,
                    -4.956341058353391
                ],
                "pointsIdx": [
                    2,
                    3
                ],
                "width": 8.657739983583138
            },
            {
                "id": 0,
                "normal": [
                    0.0,
                    0.0,
                    -1.0
                ],
                "planeEquation": [
                    0.0,
                    0.0,
                    -1.0,
                    -3.071802483583138
                ],
                "pointsIdx": [
                    3,
                    0
                ],
                "width": 6.753216058353391
            }
        ]
    },
    "panoId": "nothing"
}