{
    "cameraHeight": 1.6,
    "layoutHeight": 3.7053179359436035,
    "layoutObj2ds": {
        "num": 0,
        "obj2ds": []
    },
    "layoutPoints": {
        "num": 4,
        "points": [
            {
                "coords": [
                    0.5539485325541316,
                    0.5
                ],
                "id": 0,
                "xyz": [
                    1.2372380396866764,
                    0.0,
                    -3.5091298843527166
                ]
            },
            {
                "coords": [
                    0.9582425273129618,
                    0.5
                ],
                "id": 0,
                "xyz": [
                    1.2372380396866764,
                    0.0,
                    4.6069196849152
                ]
            },
            {
                "coords": [
                    0.13612288798961475,
                    0.5
                ],
                "id": 0,
                "xyz": [
                    -5.300446945226261,
                    0.0,
                    4.6069196849152
                ]
            },
            {
                "coords": [
                    0.3430731052654309,
                    0.5
                ],
                "id": 0,
                "xyz": [
                    -5.300446945226261,
                    0.0,
                    -3.5091298843527166
                ]
            }
        ]
    },
    "layoutWalls": {
        "num": 4,
        "walls": [
            {
                "id": 0,
                "normal": [
                    1.0,
                    0.0,
                    -0.0
                ],
                "planeEquation": [
                    1.0,
                    0.0,
                    -0.0,
                    -1.2372380396866764
                ],
                "pointsIdx": [
                    0,
                    1
                ],
                "width": 8.116049569267917
            },
            {
                "id": 0,
                "normal": [
                    0.0,
                    0.0,
                    1.0
                ],
                "planeEquation": [
                    0.0,
                    0.0,
                    1.0,
                    -4.6069196849152
                ],
                "pointsIdx": [
                    1,
                    2
                ],
                "width": 6.5376849849129375
            },
            {
                "id": 0,
                "normal": [
                    -1.0,
                    -0.0,
                    -0.0
                ],
                "planeEquation": [
                    -1.0,
                    -0.0,
                    -0.0,
                    -5.300446945226261
                ],
                "pointsIdx": [
                    2,
                    3
                ],
                "width": 8.116049569267917
            },
            {
                "id": 0,
                "normal": [
                    0.0,
                    0.0,
                    -1.0
                ],
                "planeEquation": [
                    0.0,
                    0.0,
                    -1.0,
                    -3.5091298843527166
                ],
                "pointsIdx": [
                    3,
                    0
                ],
                "width": 6.5376849849129375
            }
        ]
    },
    "panoId": "nothing"
}