{
    "cameraHeight": 1.6,
    "layoutHeight": 3.2949813175201417,
    "layoutObj2ds": {
        "num": 0,
        "obj2ds": []
    },
    "layoutPoints": {
        "num": 10,
        "points": [
            {
                "coords": [
                    0.4909881825450304,
                    0.5
                ],
                "id": 0,
                "xyz": [
                    -0.29291600929810957,
                    0.0,
                    -5.16757
                ]
            },
            {
                "coords": [
                    0.4513543245662782,
                    0.5
                ],
                "id": 0,
                "xyz": [
                    -0.29291600929810957,
                    0.0,
                    -0.9283078714672073
                ]
            },
            {
                "coords": [
                    0.5477646187062736,
                    0.5
                ],
                "id": 0,
                "xyz": [
                    0.2872751827156952,
                    0.0,
                    -0.9283078714672073
                ]
            },
            {
                "coords": [
                    0.5133011897821421,
                    0.5
                ],
                "id": 0,
                "xyz": [
                    0.2872751827156952,
                    0.0,
                    -3.429375
                ]
            },
            {
                "coords": [
                    0.6405923894928193,
                    0.5
                ],
                "id": 0,
                "xyz": [
                    4.17696,
                    0.0,
                    -3.429375
                ]
            },
            {
                "coords": [
                    0.7880481163095165,
                    0.5
                ],
                "id": 0,
                "xyz": [
                    4.17696,
                    0.0,
                    1.0180262500000001
                ]
            },
            {
                "coords": [
                    0.9485886561283097,
                    0.5
                ],
                "id": 0,
                "xyz": [
                    0.3407865382360198,
                    0.0,
                    1.0180262500000001
                ]
            },
            {
                "coords": [
                    0.9423234870286123,
                    0.5
                ],
                "id": 0,
                "xyz": [
                    0.3407865382360198,
                    0.0,
                    0.89884928
                ]
            },
            {
                "coords": [
                    0.1934394668012137,
                    0.5
                ],
                "id": 0,
                "xyz": [
                    -2.421875,
                    0.0,
                    0.89884928
                ]
            },
            {
                "coords": [
                    0.43024726213798625,
                    0.5
                ],
                "id": 0,
                "xyz": [
                    -2.421875,
                    0.0,
                    -5.16757
                ]
            }
        ]
    },
    "layoutWalls": {
        "num": 10,
        "walls": [
            {
                "id": 0,
                "normal": [
                    1.0,
                    0.0,
                    -0.0
                ],
                "planeEquation": [
                    1.0,
                    0.0,
                    -0.0,
                    0.29291600929810957
                ],
                "pointsIdx": [
                    0,
                    1
                ],
                "width": 4.239262128532793
            },
            {
                "id": 0,
                "normal": [
                    0.0,
                    0.0,
                    -1.0
                ],
                "planeEquation": [
                    0.0,
                    0.0,
                    -1.0,
                    -0.9283078714672073
                ],
                "pointsIdx": [
                    1,
                    2
                ],
                "width": 0.5801911920138048
            },
            {
                "id": 0,
                "normal": [
                    -1.0,
                    -0.0,
                    -0.0
                ],
                "planeEquation": [
                    -1.0,
                    -0.0,
                    -0.0,
                    0.2872751827156952
                ],
                "pointsIdx": [
                    2,
                    3
                ],
                "width": 2.5010671285327923
            },
            {
                "id": 0,
                "normal": [
                    0.0,
                    0.0,
                    -1.0
                ],
                "planeEquation": [
                    0.0,
                    0.0,
                    -1.0,
                    -3.429375
                ],
                "pointsIdx": [
                    3,
                    4
                ],
                "width": 3.889684817284305
            },
            {
                "id": 0,
                "normal": [
                    1.0,
                    0.0,
                    -0.0
                ],
                "planeEquation": [
                    1.0,
                    0.0,
                    -0.0,
                    -4.17696
                ],
                "pointsIdx": [
                    4,
                    5
                ],
                "width": 4.44740125
            },
            {
                "id": 0,
                "normal": [
                    0.0,
                    0.0,
                    1.0
                ],
                "planeEquation": [
                    0.0,
                    0.0,
                    1.0,
                    -1.0180262500000001
                ],
                "pointsIdx": [
                    5,
                    6
                ],
                "width": 3.8361734617639804
            },
            {
                "id": 0,
                "normal": [
                    -1.0,
                    -0.0,
                    -0.0
                ],
                "planeEquation": [
                    -1.0,
                    -0.0,
                    -0.0,
                    0.3407865382360198
                ],
                "pointsIdx": [
                    6,
                    7
                ],
                "width": 0.11917697000000016
            },
            {
                "id": 0,
                "normal": [
                    0.0,
                    0.0,
                    1.0
                ],
                "planeEquation": [
                    0.0,
                    0.0,
                    1.0,
                    -0.89884928
                ],
                "pointsIdx": [
                    7,
                    8
                ],
                "width": 2.76266153823602
            },
            {
                "id": 0,
                "normal": [
                    -1.0,
                    -0.0,
                    -0.0
                ],
                "planeEquation": [
                    -1.0,
                    -0.0,
                    -0.0,
                    -2.421875
                ],
                "pointsIdx": [
                    8,
                    9
                ],
                "width": 6.066419280000001
            },
            {
                "id": 0,
                "normal": [
                    0.0,
                    0.0,
                    -1.0
                ],
                "planeEquation": [
                    0.0,
                    0.0,
                    -1.0,
                    -5.16757
                ],
                "pointsIdx": [
                    9,
                    0
                ],
                "width": 2.12895899070189
            }
        ]
    },
    "panoId": "nothing"
}