{
    "cameraHeight": 1.6,
    "layoutHeight": 3.221897611618042,
    "layoutObj2ds": {
        "num": 0,
        "obj2ds": []
    },
    "layoutPoints": {
        "num": 6,
        "points": [
            {
                "coords": [
                    0.5832236164897332,
                    0.5
                ],
                "id": 0,
                "xyz": [
                    0.62795,
                    0.0,
                    -1.0893749376204802
                ]
            },
            {
                "coords": [
                    0.7588566499552858,
                    0.5
                ],
                "id": 0,
                "xyz": [
                    0.62795,
                    0.0,
                    0.034980259773981066
                ]
            },
            {
                "coords": [
                    0.7529688722604325,
                    0.5
                ],
                "id": 0,
                "xyz": [
                    1.875,
                    0.0,
                    0.034980259773981066
                ]
            },
            {
                "coords": [
                    0.8977078540972405,
                    0.5
                ],
                "id": 0,
                "xyz": [
                    1.875,
                    0.0,
                    2.50406986496
                ]
            },
            {
                "coords": [
                    0.11961284150359869,
                    0.5
                ],
                "id": 0,
                "xyz": [
                    -2.3400412482253623,
                    0.0,
                    2.50406986496
                ]
            },
            {
                "coords": [
                    0.31934362019772516,
                    0.5
                ],
                "id": 0,
                "xyz": [
                    -2.3400412482253623,
                    0.0,
                    -1.0893749376204802
                ]
            }
        ]
    },
    "layoutWalls": {
        "num": 6,
        "walls": [
            {
                "id": 0,
                "normal": [
                    1.0,
                    0.0,
                    -0.0
                ],
                "planeEquation": [
                    1.0,
                    0.0,
                    -0.0,
                    -0.62795
                ],
                "pointsIdx": [
                    0,
                    1
                ],
                "width": 1.1243551973944612
            },
            {
                "id": 0,
                "normal": [
                    0.0,
                    0.0,
                    -1.0
                ],
                "planeEquation": [
                    0.0,
                    0.0,
                    -1.0,
                    0.034980259773981066
                ],
                "pointsIdx": [
                    1,
                    2
                ],
                "width": 1.24705
            },
            {
                "id": 0,
                "normal": [
                    1.0,
                    0.0,
                    -0.0
                ],
                "planeEquation": [
                    1.0,
                    0.0,
                    -0.0,
                    -1.875
                ],
                "pointsIdx": [
                    2,
                    3
                ],
                "width": 2.469089605186019
            },
            {
                "id": 0,
                "normal": [
                    0.0,
                    0.0,
                    1.0
                ],
                "planeEquation": [
                    0.0,
                    0.0,
                    1.0,
                    -2.50406986496
                ],
                "pointsIdx": [
                    3,
                    4
                ],
                "width": 4.215041248225362
            },
            {
                "id": 0,
                "normal": [
                    -1.0,
                    -0.0,
                    -0.0
                ],
                "planeEquation": [
                    -1.0,
                    -0.0,
                    -0.0,
                    -2.3400412482253623
                ],
                "pointsIdx": [
                    4,
                    5
                ],
                "width": 3.59344480258048
            },
            {
                "id": 0,
                "normal": [
                    0.0,
                    0.0,
                    -1.0
                ],
                "planeEquation": [
                    0.0,
                    0.0,
                    -1.0,
                    -1.0893749376204802
                ],
                "pointsIdx": [
                    5,
                    0
                ],
                "width": 2.9679912482253625
            }
        ]
    },
    "panoId": "nothing"
}