{
    "cameraHeight": 1.6,
    "layoutHeight": 3.229037284851074,
    "layoutObj2ds": {
        "num": 0,
        "obj2ds": []
    },
    "layoutPoints": {
        "num": 6,
        "points": [
            {
                "coords": [
                    0.5627171078369647,
                    0.5
                ],
                "id": 0,
                "xyz": [
                    0.5522511667200001,
                    0.0,
                    -1.328125
                ]
            },
            {
                "coords": [
                    0.9687179763448708,
                    0.5
                ],
                "id": 0,
                "xyz": [
                    0.5522511667200001,
                    0.0,
                    2.7734375
                ]
            },
            {
                "coords": [
                    0.13545565240251595,
                    0.5
                ],
                "id": 0,
                "xyz": [
                    -3.1640625,
                    0.0,
                    2.7734375
                ]
            },
            {
                "coords": [
                    0.25589193443517066,
                    0.5
                ],
                "id": 0,
                "xyz": [
                    -3.1640625,
                    0.0,
                    -0.1171875
                ]
            },
            {
                "coords": [
                    0.2592606962820463,
                    0.5
                ],
                "id": 0,
                "xyz": [
                    -2.01171875,
                    0.0,
                    -0.1171875
                ]
            },
            {
                "coords": [
                    0.34286822260666916,
                    0.5
                ],
                "id": 0,
                "xyz": [
                    -2.01171875,
                    0.0,
                    -1.328125
                ]
            }
        ]
    },
    "layoutWalls": {
        "num": 6,
        "walls": [
            {
                "id": 0,
                "normal": [
                    1.0,
                    0.0,
                    -0.0
                ],
                "planeEquation": [
                    1.0,
                    0.0,
                    -0.0,
                    -0.5522511667200001
                ],
                "pointsIdx": [
                    0,
                    1
                ],
                "width": 4.1015625
            },
            {
                "id": 0,
                "normal": [
                    0.0,
                    0.0,
                    1.0
                ],
                "planeEquation": [
                    0.0,
                    0.0,
                    1.0,
                    -2.7734375
                ],
                "pointsIdx": [
                    1,
                    2
                ],
                "width": 3.71631366672
            },
            {
                "id": 0,
                "normal": [
                    -1.0,
                    -0.0,
                    -0.0
                ],
                "planeEquation": [
                    -1.0,
                    -0.0,
                    -0.0,
                    -3.1640625
                ],
                "pointsIdx": [
                    2,
                    3
                ],
                "width": 2.890625
            },
            {
                "id": 0,
                "normal": [
                    0.0,
                    0.0,
                    -1.0
                ],
                "planeEquation": [
                    0.0,
                    0.0,
                    -1.0,
                    -0.1171875
                ],
                "pointsIdx": [
                    3,
                    4
                ],
                "width": 1.15234375
            },
            {
                "id": 0,
                "normal": [
                    -1.0,
                    -0.0,
                    -0.0
                ],
                "planeEquation": [
                    -1.0,
                    -0.0,
                    -0.0,
                    -2.01171875
                ],
                "pointsIdx": [
                    4,
                    5
                ],
                "width": 1.2109375
            },
            {
                "id": 0,
                "normal": [
                    0.0,
                    0.0,
                    -1.0
                ],
                "planeEquation": [
                    0.0,
                    0.0,
                    -1.0,
                    -1.328125
                ],
                "pointsIdx": [
                    5,
                    0
                ],
                "width": 2.56396991672
            }
        ]
    },
    "panoId": "nothing"
}