{
    "cameraHeight": 1.6,
    "layoutHeight": 3.5257225036621094,
    "layoutObj2ds": {
        "num": 0,
        "obj2ds": []
    },
    "layoutPoints": {
        "num": 8,
        "points": [
            {
                "coords": [
                    0.5691945964453652,
                    0.5
                ],
                "id": 0,
                "xyz": [
                    2.140583897930889,
                    0.0,
                    -4.609375
                ]
            },
            {
                "coords": [
                    0.870062271164187,
                    0.5
                ],
                "id": 0,
                "xyz": [
                    2.140583897930889,
                    0.0,
                    2.01171875
                ]
            },
            {
                "coords": [
                    0.7814577710336015,
                    0.5
                ],
                "id": 0,
                "xyz": [
                    10.045041145783692,
                    0.0,
                    2.01171875
                ]
            },
            {
                "coords": [
                    0.8546317231799687,
                    0.5
                ],
                "id": 0,
                "xyz": [
                    10.045041145783692,
                    0.0,
                    7.75457024
                ]
            },
            {
                "coords": [
                    0.9966270921131699,
                    0.5
                ],
                "id": 0,
                "xyz": [
                    0.1643641536926005,
                    0.0,
                    7.75457024
                ]
            },
            {
                "coords": [
                    0.9924975831519272,
                    0.5
                ],
                "id": 0,
                "xyz": [
                    0.1643641536926005,
                    0.0,
                    3.484209023334093
                ]
            },
            {
                "coords": [
                    0.17677006601103046,
                    0.5
                ],
                "id": 0,
                "xyz": [
                    -7.030358272618263,
                    0.0,
                    3.484209023334093
                ]
            },
            {
                "coords": [
                    0.34236222161515006,
                    0.5
                ],
                "id": 0,
                "xyz": [
                    -7.030358272618263,
                    0.0,
                    -4.609375
                ]
            }
        ]
    },
    "layoutWalls": {
        "num": 8,
        "walls": [
            {
                "id": 0,
                "normal": [
                    1.0,
                    0.0,
                    -0.0
                ],
                "planeEquation": [
                    1.0,
                    0.0,
                    -0.0,
                    -2.140583897930889
                ],
                "pointsIdx": [
                    0,
                    1
                ],
                "width": 6.62109375
            },
            {
                "id": 0,
                "normal": [
                    0.0,
                    0.0,
                    -1.0
                ],
                "planeEquation": [
                    0.0,
                    0.0,
                    -1.0,
                    2.01171875
                ],
                "pointsIdx": [
                    1,
                    2
                ],
                "width": 7.904457247852803
            },
            {
                "id": 0,
                "normal": [
                    1.0,
                    0.0,
                    -0.0
                ],
                "planeEquation": [
                    1.0,
                    0.0,
                    -0.0,
                    -10.045041145783692
                ],
                "pointsIdx": [
                    2,
                    3
                ],
                "width": 5.74285149
            },
            {
                "id": 0,
                "normal": [
                    0.0,
                    0.0,
                    1.0
                ],
                "planeEquation": [
                    0.0,
                    0.0,
                    1.0,
                    -7.75457024
                ],
                "pointsIdx": [
                    3,
                    4
                ],
                "width": 9.880676992091091
            },
            {
                "id": 0,
                "normal": [
                    -1.0,
                    -0.0,
                    -0.0
                ],
                "planeEquation": [
                    -1.0,
                    -0.0,
                    -0.0,
                    0.1643641536926005
                ],
                "pointsIdx": [
                    4,
                    5
                ],
                "width": 4.270361216665906
            },
            {
                "id": 0,
                "normal": [
                    0.0,
                    0.0,
                    1.0
                ],
                "planeEquation": [
                    0.0,
                    0.0,
                    1.0,
                    -3.484209023334093
                ],
                "pointsIdx": [
                    5,
                    6
                ],
                "width": 7.194722426310864
            },
            {
                "id": 0,
                "normal": [
                    -1.0,
                    -0.0,
                    -0.0
                ],
                "planeEquation": [
                    -1.0,
                    -0.0,
                    -0.0,
                    -7.030358272618263
                ],
                "pointsIdx": [
                    6,
                    7
                ],
                "width": 8.093584023334094
            },
            {
                "id": 0,
                "normal": [
                    0.0,
                    0.0,
                    -1.0
                ],
                "planeEquation": [
                    0.0,
                    0.0,
                    -1.0,
                    -4.609375
                ],
                "pointsIdx": [
                    7,
                    0
                ],
                "width": 9.170942170549152
            }
        ]
    },
    "panoId": "nothing"
}