{
    "cameraHeight": 1.6,
    "layoutHeight": 3.35817813873291,
    "layoutObj2ds": {
        "num": 0,
        "obj2ds": []
    },
    "layoutPoints": {
        "num": 8,
        "points": [
            {
                "coords": [
                    0.603137698952501,
                    0.5
                ],
                "id": 0,
                "xyz": [
                    1.6249305612565976,
                    0.0,
                    -2.14624
                ]
            },
            {
                "coords": [
                    0.7331674633616292,
                    0.6205607557912153
                ],
                "id": 0,
                "xyz": [
                    1.6249305612565976,
                    -0.6503027785975962,
                    -0.1724994692564981
                ]
            },
            {
                "coords": [
                    0.7027017984530621,
                    0.7657108242538772
                ],
                "id": 0,
                "xyz": [
                    0.5632584742013762,
                    -0.6503027785975962,
                    -0.1724994692564981
                ]
            },
            {
                "coords": [
                    0.7805555555555554,
                    0.6959787250613528
                ],
                "id": 0,
                "xyz": [
                    0.5632584742013762,
                    -0.40591544284592035,
                    0.10948635633970333
                ]
            },
            {
                "coords": [
                    0.7538924033888168,
                    0.528780239041804
                ],
                "id": 0,
                "xyz": [
                    4.475851739369097,
                    -0.40591544284592035,
                    0.10948635633970333
                ]
            },
            {
                "coords": [
                    0.7912542995168452,
                    0.5
                ],
                "id": 0,
                "xyz": [
                    4.475851739369097,
                    0.0,
                    1.1868800000000002
                ]
            },
            {
                "coords": [
                    0.08324575936642292,
                    0.5
                ],
                "id": 0,
                "xyz": [
                    -0.684375,
                    0.0,
                    1.1868800000000002
                ]
            },
            {
                "coords": [
                    0.4508722062453184,
                    0.5
                ],
                "id": 0,
                "xyz": [
                    -0.684375,
                    0.0,
                    -2.14624
                ]
            }
        ]
    },
    "layoutWalls": {
        "num": 8,
        "walls": [
            {
                "id": 0,
                "normal": [
                    1.0,
                    0.0,
                    -0.0
                ],
                "planeEquation": [
                    1.0,
                    0.0,
                    -0.0,
                    -1.6249305612565976
                ],
                "pointsIdx": [
                    0,
                    1
                ],
                "width": 1.973740530743502
            },
            {
                "id": 0,
                "normal": [
                    0.0,
                    0.0,
                    1.0
                ],
                "planeEquation": [
                    0.0,
                    0.0,
                    1.0,
                    0.1724994692564981
                ],
                "pointsIdx": [
                    1,
                    2
                ],
                "width": 1.0616720870552214
            },
            {
                "id": 0,
                "normal": [
                    1.0,
                    0.0,
                    -0.0
                ],
                "planeEquation": [
                    1.0,
                    0.0,
                    -0.0,
                    -0.5632584742013762
                ],
                "pointsIdx": [
                    2,
                    3
                ],
                "width": 0.28198582559620144
            },
            {
                "id": 0,
                "normal": [
                    0.0,
                    0.0,
                    -1.0
                ],
                "planeEquation": [
                    0.0,
                    0.0,
                    -1.0,
                    0.10948635633970333
                ],
                "pointsIdx": [
                    3,
                    4
                ],
                "width": 3.912593265167721
            },
            {
                "id": 0,
                "normal": [
                    1.0,
                    0.0,
                    -0.0
                ],
                "planeEquation": [
                    1.0,
                    0.0,
                    -0.0,
                    -4.475851739369097
                ],
                "pointsIdx": [
                    4,
                    5
                ],
                "width": 1.0773936436602969
            },
            {
                "id": 0,
                "normal": [
                    0.0,
                    0.0,
                    1.0
                ],
                "planeEquation": [
                    0.0,
                    0.0,
                    1.0,
                    -1.1868800000000002
                ],
                "pointsIdx": [
                    5,
                    6
                ],
                "width": 5.160226739369097
            },
            {
                "id": 0,
                "normal": [
                    -1.0,
                    -0.0,
                    -0.0
                ],
                "planeEquation": [
                    -1.0,
                    -0.0,
                    -0.0,
                    -0.684375
                ],
                "pointsIdx": [
                    6,
                    7
                ],
                "width": 3.33312
            },
            {
                "id": 0,
                "normal": [
                    0.0,
                    0.0,
                    -1.0
                ],
                "planeEquation": [
                    0.0,
                    0.0,
                    -1.0,
                    -2.14624
                ],
                "pointsIdx": [
                    7,
                    0
                ],
                "width": 2.309305561256598
            }
        ]
    },
    "panoId": "nothing"
}