{
    "cameraHeight": 1.6,
    "layoutHeight": 3.6514577865600586,
    "layoutObj2ds": {
        "num": 0,
        "obj2ds": []
    },
    "layoutPoints": {
        "num": 4,
        "points": [
            {
                "coords": [
                    0.6130149946633392,
                    0.5
                ],
                "id": 0,
                "xyz": [
                    2.84896,
                    0.0,
                    -3.3139295231999997
                ]
            },
            {
                "coords": [
                    0.8331562912285135,
                    0.5
                ],
                "id": 0,
                "xyz": [
                    2.84896,
                    0.0,
                    1.640625
                ]
            },
            {
                "coords": [
                    0.14238864138789625,
                    0.5
                ],
                "id": 0,
                "xyz": [
                    -2.04490090496,
                    0.0,
                    1.640625
                ]
            },
            {
                "coords": [
                    0.4120078605488443,
                    0.5
                ],
                "id": 0,
                "xyz": [
                    -2.04490090496,
                    0.0,
                    -3.3139295231999997
                ]
            }
        ]
    },
    "layoutWalls": {
        "num": 4,
        "walls": [
            {
                "id": 0,
                "normal": [
                    1.0,
                    0.0,
                    -0.0
                ],
                "planeEquation": [
                    1.0,
                    0.0,
                    -0.0,
                    -2.84896
                ],
                "pointsIdx": [
                    0,
                    1
                ],
                "width": 4.9545545232
            },
            {
                "id": 0,
                "normal": [
                    0.0,
                    0.0,
                    1.0
                ],
                "planeEquation": [
                    0.0,
                    0.0,
                    1.0,
                    -1.640625
                ],
                "pointsIdx": [
                    1,
                    2
                ],
                "width": 4.89386090496
            },
            {
                "id": 0,
                "normal": [
                    -1.0,
                    -0.0,
                    -0.0
                ],
                "planeEquation": [
                    -1.0,
                    -0.0,
                    -0.0,
                    -2.04490090496
                ],
                "pointsIdx": [
                    2,
                    3
                ],
                "width": 4.9545545232
            },
            {
                "id": 0,
                "normal": [
                    0.0,
                    0.0,
                    -1.0
                ],
                "planeEquation": [
                    0.0,
                    0.0,
                    -1.0,
                    -3.3139295231999997
                ],
                "pointsIdx": [
                    3,
                    0
                ],
                "width": 4.89386090496
            }
        ]
    },
    "panoId": "nothing"
}