{
    "cameraHeight": 1.6,
    "layoutHeight": 3.454298610687256,
    "layoutObj2ds": {
        "num": 0,
        "obj2ds": []
    },
    "layoutPoints": {
        "num": 8,
        "points": [
            {
                "coords": [
                    0.500861576126138,
                    0.5
                ],
                "id": 0,
                "xyz": [
                    0.0281248,
                    0.0,
                    -5.1953125
                ]
            },
            {
                "coords": [
                    0.5068234228317905,
                    0.5
                ],
                "id": 0,
                "xyz": [
                    0.0281248,
                    0.0,
                    -0.655603233128731
                ]
            },
            {
                "coords": [
                    0.6312059202733569,
                    0.5
                ],
                "id": 0,
                "xyz": [
                    0.7088336282419199,
                    0.0,
                    -0.655603233128731
                ]
            },
            {
                "coords": [
                    0.8698116817267794,
                    0.5
                ],
                "id": 0,
                "xyz": [
                    0.7088336282419199,
                    0.0,
                    0.6640625
                ]
            },
            {
                "coords": [
                    0.1780374777791267,
                    0.5
                ],
                "id": 0,
                "xyz": [
                    -1.3671875,
                    0.0,
                    0.6640625
                ]
            },
            {
                "coords": [
                    0.34720005610710736,
                    0.5
                ],
                "id": 0,
                "xyz": [
                    -1.3671875,
                    0.0,
                    -0.95703125
                ]
            },
            {
                "coords": [
                    0.2996324511474002,
                    0.5
                ],
                "id": 0,
                "xyz": [
                    -2.96875,
                    0.0,
                    -0.95703125
                ]
            },
            {
                "coords": [
                    0.41737532973071606,
                    0.5
                ],
                "id": 0,
                "xyz": [
                    -2.96875,
                    0.0,
                    -5.1953125
                ]
            }
        ]
    },
    "layoutWalls": {
        "num": 8,
        "walls": [
            {
                "id": 0,
                "normal": [
                    1.0,
                    0.0,
                    -0.0
                ],
                "planeEquation": [
                    1.0,
                    0.0,
                    -0.0,
                    -0.0281248
                ],
                "pointsIdx": [
                    0,
                    1
                ],
                "width": 4.539709266871269
            },
            {
                "id": 0,
                "normal": [
                    0.0,
                    0.0,
                    -1.0
                ],
                "planeEquation": [
                    0.0,
                    0.0,
                    -1.0,
                    -0.655603233128731
                ],
                "pointsIdx": [
                    1,
                    2
                ],
                "width": 0.6807088282419199
            },
            {
                "id": 0,
                "normal": [
                    1.0,
                    0.0,
                    -0.0
                ],
                "planeEquation": [
                    1.0,
                    0.0,
                    -0.0,
                    -0.7088336282419199
                ],
                "pointsIdx": [
                    2,
                    3
                ],
                "width": 1.3196657331287311
            },
            {
                "id": 0,
                "normal": [
                    0.0,
                    0.0,
                    1.0
                ],
                "planeEquation": [
                    0.0,
                    0.0,
                    1.0,
                    -0.6640625
                ],
                "pointsIdx": [
                    3,
                    4
                ],
                "width": 2.07602112824192
            },
            {
                "id": 0,
                "normal": [
                    -1.0,
                    -0.0,
                    -0.0
                ],
                "planeEquation": [
                    -1.0,
                    -0.0,
                    -0.0,
                    -1.3671875
                ],
                "pointsIdx": [
                    4,
                    5
                ],
                "width": 1.62109375
            },
            {
                "id": 0,
                "normal": [
                    0.0,
                    0.0,
                    1.0
                ],
                "planeEquation": [
                    0.0,
                    0.0,
                    1.0,
                    0.95703125
                ],
                "pointsIdx": [
                    5,
                    6
                ],
                "width": 1.6015625
            },
            {
                "id": 0,
                "normal": [
                    -1.0,
                    -0.0,
                    -0.0
                ],
                "planeEquation": [
                    -1.0,
                    -0.0,
                    -0.0,
                    -2.96875
                ],
                "pointsIdx": [
                    6,
                    7
                ],
                "width": 4.23828125
            },
            {
                "id": 0,
                "normal": [
                    0.0,
                    0.0,
                    -1.0
                ],
                "planeEquation": [
                    0.0,
                    0.0,
                    -1.0,
                    -5.1953125
                ],
                "pointsIdx": [
                    7,
                    0
                ],
                "width": 2.9968748
            }
        ]
    },
    "panoId": "nothing"
}