{
    "cameraHeight": 1.6,
    "layoutHeight": 3.259942693710327,
    "layoutObj2ds": {
        "num": 0,
        "obj2ds": []
    },
    "layoutPoints": {
        "num": 4,
        "points": [
            {
                "coords": [
                    0.72135013965747,
                    0.5
                ],
                "id": 0,
                "xyz": [
                    3.2421875,
                    0.0,
                    -0.59002080512
                ]
            },
            {
                "coords": [
                    0.8803465680124332,
                    0.5
                ],
                "id": 0,
                "xyz": [
                    3.2421875,
                    0.0,
                    3.4676801182171135
                ]
            },
            {
                "coords": [
                    0.02985540844514989,
                    0.5
                ],
                "id": 0,
                "xyz": [
                    -0.6582309132138596,
                    0.0,
                    3.4676801182171135
                ]
            },
            {
                "coords": [
                    0.36631169648464657,
                    0.5
                ],
                "id": 0,
                "xyz": [
                    -0.6582309132138596,
                    0.0,
                    -0.59002080512
                ]
            }
        ]
    },
    "layoutWalls": {
        "num": 4,
        "walls": [
            {
                "id": 0,
                "normal": [
                    1.0,
                    0.0,
                    -0.0
                ],
                "planeEquation": [
                    1.0,
                    0.0,
                    -0.0,
                    -3.2421875
                ],
                "pointsIdx": [
                    0,
                    1
                ],
                "width": 4.057700923337114
            },
            {
                "id": 0,
                "normal": [
                    0.0,
                    0.0,
                    1.0
                ],
                "planeEquation": [
                    0.0,
                    0.0,
                    1.0,
                    -3.4676801182171135
                ],
                "pointsIdx": [
                    1,
                    2
                ],
                "width": 3.9004184132138597
            },
            {
                "id": 0,
                "normal": [
                    -1.0,
                    -0.0,
                    -0.0
                ],
                "planeEquation": [
                    -1.0,
                    -0.0,
                    -0.0,
                    -0.6582309132138596
                ],
                "pointsIdx": [
                    2,
                    3
                ],
                "width": 4.057700923337114
            },
            {
                "id": 0,
                "normal": [
                    0.0,
                    0.0,
                    -1.0
                ],
                "planeEquation": [
                    0.0,
                    0.0,
                    -1.0,
                    -0.59002080512
                ],
                "pointsIdx": [
                    3,
                    0
                ],
                "width": 3.9004184132138597
            }
        ]
    },
    "panoId": "nothing"
}