{
    "cameraHeight": 1.6,
    "layoutHeight": 3.717430715560913,
    "layoutObj2ds": {
        "num": 0,
        "obj2ds": []
    },
    "layoutPoints": {
        "num": 4,
        "points": [
            {
                "coords": [
                    0.6771025714303425,
                    0.5
                ],
                "id": 0,
                "xyz": [
                    2.56287,
                    0.0,
                    -1.2634825113600001
                ]
            },
            {
                "coords": [
                    0.9053503268992815,
                    0.5
                ],
                "id": 0,
                "xyz": [
                    2.56287,
                    0.0,
                    3.7890625
                ]
            },
            {
                "coords": [
                    0.08786042564523988,
                    0.5
                ],
                "id": 0,
                "xyz": [
                    -2.3337600000000003,
                    0.0,
                    3.7890625
                ]
            },
            {
                "coords": [
                    0.32897451858437815,
                    0.5
                ],
                "id": 0,
                "xyz": [
                    -2.3337600000000003,
                    0.0,
                    -1.2634825113600001
                ]
            }
        ]
    },
    "layoutWalls": {
        "num": 4,
        "walls": [
            {
                "id": 0,
                "normal": [
                    1.0,
                    0.0,
                    -0.0
                ],
                "planeEquation": [
                    1.0,
                    0.0,
                    -0.0,
                    -2.56287
                ],
                "pointsIdx": [
                    0,
                    1
                ],
                "width": 5.05254501136
            },
            {
                "id": 0,
                "normal": [
                    0.0,
                    0.0,
                    1.0
                ],
                "planeEquation": [
                    0.0,
                    0.0,
                    1.0,
                    -3.7890625
                ],
                "pointsIdx": [
                    1,
                    2
                ],
                "width": 4.89663
            },
            {
                "id": 0,
                "normal": [
                    -1.0,
                    -0.0,
                    -0.0
                ],
                "planeEquation": [
                    -1.0,
                    -0.0,
                    -0.0,
                    -2.3337600000000003
                ],
                "pointsIdx": [
                    2,
                    3
                ],
                "width": 5.05254501136
            },
            {
                "id": 0,
                "normal": [
                    0.0,
                    0.0,
                    -1.0
                ],
                "planeEquation": [
                    0.0,
                    0.0,
                    -1.0,
                    -1.2634825113600001
                ],
                "pointsIdx": [
                    3,
                    0
                ],
                "width": 4.89663
            }
        ]
    },
    "panoId": "nothing"
}