{
    "cameraHeight": 1.6,
    "layoutHeight": 3.5126296615600587,
    "layoutObj2ds": {
        "num": 0,
        "obj2ds": []
    },
    "layoutPoints": {
        "num": 10,
        "points": [
            {
                "coords": [
                    0.697208810988724,
                    0.5
                ],
                "id": 0,
                "xyz": [
                    4.082928857609667,
                    0.0,
                    -1.40625
                ]
            },
            {
                "coords": [
                    0.8740277777777778,
                    0.518717555168314
                ],
                "id": 0,
                "xyz": [
                    4.082928857609667,
                    -0.33787025635690227,
                    4.033348722530674
                ]
            },
            {
                "coords": [
                    0.8320328926359994,
                    0.5131356880577708
                ],
                "id": 0,
                "xyz": [
                    7.119684866136945,
                    -0.33787025635690227,
                    4.033348722530674
                ]
            },
            {
                "coords": [
                    0.8634145216090751,
                    0.5
                ],
                "id": 0,
                "xyz": [
                    7.119684866136945,
                    0.0,
                    6.1518878506200965
                ]
            },
            {
                "coords": [
                    0.883394467501982,
                    0.49167788314499206
                ],
                "id": 0,
                "xyz": [
                    5.534907346570813,
                    0.21640508205944886,
                    6.1518878506200965
                ]
            },
            {
                "coords": [
                    0.8662249483745528,
                    0.49073084435800707
                ],
                "id": 0,
                "xyz": [
                    5.534907346570813,
                    0.21640508205944886,
                    4.955906609379164
                ]
            },
            {
                "coords": [
                    0.034365689367823526,
                    0.5
                ],
                "id": 0,
                "xyz": [
                    -1.0870561239479006,
                    0.0,
                    4.955906609379164
                ]
            },
            {
                "coords": [
                    0.16493449261256105,
                    0.5
                ],
                "id": 0,
                "xyz": [
                    -1.0870561239479006,
                    0.0,
                    0.6434872620449104
                ]
            },
            {
                "coords": [
                    0.14018515128487896,
                    0.5
                ],
                "id": 0,
                "xyz": [
                    -0.7796875,
                    0.0,
                    0.6434872620449104
                ]
            },
            {
                "coords": [
                    0.41942796168577035,
                    0.5
                ],
                "id": 0,
                "xyz": [
                    -0.7796875,
                    0.0,
                    -1.40625
                ]
            }
        ]
    },
    "layoutWalls": {
        "num": 10,
        "walls": [
            {
                "id": 0,
                "normal": [
                    1.0,
                    0.0,
                    -0.0
                ],
                "planeEquation": [
                    1.0,
                    0.0,
                    -0.0,
                    -4.082928857609667
                ],
                "pointsIdx": [
                    0,
                    1
                ],
                "width": 5.439598722530674
            },
            {
                "id": 0,
                "normal": [
                    0.0,
                    0.0,
                    -1.0
                ],
                "planeEquation": [
                    0.0,
                    0.0,
                    -1.0,
                    4.033348722530674
                ],
                "pointsIdx": [
                    1,
                    2
                ],
                "width": 3.036756008527278
            },
            {
                "id": 0,
                "normal": [
                    1.0,
                    0.0,
                    -0.0
                ],
                "planeEquation": [
                    1.0,
                    0.0,
                    -0.0,
                    -7.119684866136945
                ],
                "pointsIdx": [
                    2,
                    3
                ],
                "width": 2.118539128089423
            },
            {
                "id": 0,
                "normal": [
                    0.0,
                    0.0,
                    1.0
                ],
                "planeEquation": [
                    0.0,
                    0.0,
                    1.0,
                    -6.1518878506200965
                ],
                "pointsIdx": [
                    3,
                    4
                ],
                "width": 1.5847775195661313
            },
            {
                "id": 0,
                "normal": [
                    -1.0,
                    -0.0,
                    -0.0
                ],
                "planeEquation": [
                    -1.0,
                    -0.0,
                    -0.0,
                    5.534907346570813
                ],
                "pointsIdx": [
                    4,
                    5
                ],
                "width": 1.1959812412409327
            },
            {
                "id": 0,
                "normal": [
                    0.0,
                    0.0,
                    1.0
                ],
                "planeEquation": [
                    0.0,
                    0.0,
                    1.0,
                    -4.955906609379164
                ],
                "pointsIdx": [
                    5,
                    6
                ],
                "width": 6.621963470518714
            },
            {
                "id": 0,
                "normal": [
                    -1.0,
                    -0.0,
                    -0.0
                ],
                "planeEquation": [
                    -1.0,
                    -0.0,
                    -0.0,
                    -1.0870561239479006
                ],
                "pointsIdx": [
                    6,
                    7
                ],
                "width": 4.312419347334253
            },
            {
                "id": 0,
                "normal": [
                    0.0,
                    0.0,
                    -1.0
                ],
                "planeEquation": [
                    0.0,
                    0.0,
                    -1.0,
                    0.6434872620449104
                ],
                "pointsIdx": [
                    7,
                    8
                ],
                "width": 0.30736862394790065
            },
            {
                "id": 0,
                "normal": [
                    -1.0,
                    -0.0,
                    -0.0
                ],
                "planeEquation": [
                    -1.0,
                    -0.0,
                    -0.0,
                    -0.7796875
                ],
                "pointsIdx": [
                    8,
                    9
                ],
                "width": 2.0497372620449106
            },
            {
                "id": 0,
                "normal": [
                    0.0,
                    0.0,
                    -1.0
                ],
                "planeEquation": [
                    0.0,
                    0.0,
                    -1.0,
                    -1.40625
                ],
                "pointsIdx": [
                    9,
                    0
                ],
                "width": 4.862616357609666
            }
        ]
    },
    "panoId": "nothing"
}