{
    "cameraHeight": 1.6,
    "layoutHeight": 3.5341662883758547,
    "layoutObj2ds": {
        "num": 0,
        "obj2ds": []
    },
    "layoutPoints": {
        "num": 4,
        "points": [
            {
                "coords": [
                    0.6457545356069532,
                    0.5
                ],
                "id": 0,
                "xyz": [
                    1.6784000000000001,
                    0.0,
                    -1.289202367093266
                ]
            },
            {
                "coords": [
                    0.844280962355545,
                    0.5
                ],
                "id": 0,
                "xyz": [
                    1.6784000000000001,
                    0.0,
                    1.1295884288
                ]
            },
            {
                "coords": [
                    0.1590373161698101,
                    0.5
                ],
                "id": 0,
                "xyz": [
                    -1.756373248351928,
                    0.0,
                    1.1295884288
                ]
            },
            {
                "coords": [
                    0.3507755177459524,
                    0.5
                ],
                "id": 0,
                "xyz": [
                    -1.756373248351928,
                    0.0,
                    -1.289202367093266
                ]
            }
        ]
    },
    "layoutWalls": {
        "num": 4,
        "walls": [
            {
                "id": 0,
                "normal": [
                    1.0,
                    0.0,
                    -0.0
                ],
                "planeEquation": [
                    1.0,
                    0.0,
                    -0.0,
                    -1.6784000000000001
                ],
                "pointsIdx": [
                    0,
                    1
                ],
                "width": 2.418790795893266
            },
            {
                "id": 0,
                "normal": [
                    0.0,
                    0.0,
                    1.0
                ],
                "planeEquation": [
                    0.0,
                    0.0,
                    1.0,
                    -1.1295884288
                ],
                "pointsIdx": [
                    1,
                    2
                ],
                "width": 3.434773248351928
            },
            {
                "id": 0,
                "normal": [
                    -1.0,
                    -0.0,
                    -0.0
                ],
                "planeEquation": [
                    -1.0,
                    -0.0,
                    -0.0,
                    -1.756373248351928
                ],
                "pointsIdx": [
                    2,
                    3
                ],
                "width": 2.418790795893266
            },
            {
                "id": 0,
                "normal": [
                    0.0,
                    0.0,
                    -1.0
                ],
                "planeEquation": [
                    0.0,
                    0.0,
                    -1.0,
                    -1.289202367093266
                ],
                "pointsIdx": [
                    3,
                    0
                ],
                "width": 3.434773248351928
            }
        ]
    },
    "panoId": "nothing"
}