{
    "cameraHeight": 1.6,
    "layoutHeight": 2.638060140609741,
    "layoutObj2ds": {
        "num": 0,
        "obj2ds": []
    },
    "layoutPoints": {
        "num": 4,
        "points": [
            {
                "coords": [
                    0.7038164588243079,
                    0.5
                ],
                "id": 0,
                "xyz": [
                    1.796875,
                    0.0,
                    -0.5365622400000001
                ]
            },
            {
                "coords": [
                    0.8670647988351032,
                    0.5
                ],
                "id": 0,
                "xyz": [
                    1.796875,
                    0.0,
                    1.62607104
                ]
            },
            {
                "coords": [
                    0.1330644631154374,
                    0.5
                ],
                "id": 0,
                "xyz": [
                    -1.7998109675657628,
                    0.0,
                    1.62607104
                ]
            },
            {
                "coords": [
                    0.296112352616393,
                    0.5
                ],
                "id": 0,
                "xyz": [
                    -1.7998109675657628,
                    0.0,
                    -0.5365622400000001
                ]
            }
        ]
    },
    "layoutWalls": {
        "num": 4,
        "walls": [
            {
                "id": 0,
                "normal": [
                    1.0,
                    0.0,
                    -0.0
                ],
                "planeEquation": [
                    1.0,
                    0.0,
                    -0.0,
                    -1.796875
                ],
                "pointsIdx": [
                    0,
                    1
                ],
                "width": 2.16263328
            },
            {
                "id": 0,
                "normal": [
                    0.0,
                    0.0,
                    1.0
                ],
                "planeEquation": [
                    0.0,
                    0.0,
                    1.0,
                    -1.62607104
                ],
                "pointsIdx": [
                    1,
                    2
                ],
                "width": 3.5966859675657625
            },
            {
                "id": 0,
                "normal": [
                    -1.0,
                    -0.0,
                    -0.0
                ],
                "planeEquation": [
                    -1.0,
                    -0.0,
                    -0.0,
                    -1.7998109675657628
                ],
                "pointsIdx": [
                    2,
                    3
                ],
                "width": 2.16263328
            },
            {
                "id": 0,
                "normal": [
                    0.0,
                    0.0,
                    -1.0
                ],
                "planeEquation": [
                    0.0,
                    0.0,
                    -1.0,
                    -0.5365622400000001
                ],
                "pointsIdx": [
                    3,
                    0
                ],
                "width": 3.5966859675657625
            }
        ]
    },
    "panoId": "nothing"
}