{
    "cameraHeight": 1.6,
    "layoutHeight": 2.8286434555053708,
    "layoutObj2ds": {
        "num": 0,
        "obj2ds": []
    },
    "layoutPoints": {
        "num": 4,
        "points": [
            {
                "coords": [
                    0.5836769790093043,
                    0.5
                ],
                "id": 0,
                "xyz": [
                    0.8381382758400002,
                    0.0,
                    -1.44448624
                ]
            },
            {
                "coords": [
                    0.8678316302261709,
                    0.5
                ],
                "id": 0,
                "xyz": [
                    0.8381382758400002,
                    0.0,
                    0.7658456353197259
                ]
            },
            {
                "coords": [
                    0.17612516765795067,
                    0.5
                ],
                "id": 0,
                "xyz": [
                    -1.5296958272359629,
                    0.0,
                    0.7658456353197259
                ]
            },
            {
                "coords": [
                    0.3704414968367109,
                    0.5
                ],
                "id": 0,
                "xyz": [
                    -1.5296958272359629,
                    0.0,
                    -1.44448624
                ]
            }
        ]
    },
    "layoutWalls": {
        "num": 4,
        "walls": [
            {
                "id": 0,
                "normal": [
                    1.0,
                    0.0,
                    -0.0
                ],
                "planeEquation": [
                    1.0,
                    0.0,
                    -0.0,
                    -0.8381382758400002
                ],
                "pointsIdx": [
                    0,
                    1
                ],
                "width": 2.210331875319726
            },
            {
                "id": 0,
                "normal": [
                    0.0,
                    0.0,
                    1.0
                ],
                "planeEquation": [
                    0.0,
                    0.0,
                    1.0,
                    -0.7658456353197259
                ],
                "pointsIdx": [
                    1,
                    2
                ],
                "width": 2.367834103075963
            },
            {
                "id": 0,
                "normal": [
                    -1.0,
                    -0.0,
                    -0.0
                ],
                "planeEquation": [
                    -1.0,
                    -0.0,
                    -0.0,
                    -1.5296958272359629
                ],
                "pointsIdx": [
                    2,
                    3
                ],
                "width": 2.210331875319726
            },
            {
                "id": 0,
                "normal": [
                    0.0,
                    0.0,
                    -1.0
                ],
                "planeEquation": [
                    0.0,
                    0.0,
                    -1.0,
                    -1.44448624
                ],
                "pointsIdx": [
                    3,
                    0
                ],
                "width": 2.367834103075963
            }
        ]
    },
    "panoId": "nothing"
}