{
    "cameraHeight": 1.6,
    "layoutHeight": 2.750557126998901,
    "layoutObj2ds": {
        "num": 0,
        "obj2ds": []
    },
    "layoutPoints": {
        "num": 4,
        "points": [
            {
                "coords": [
                    0.5278131539897449,
                    0.5
                ],
                "id": 0,
                "xyz": [
                    0.9203714947072001,
                    0.0,
                    -5.212910228445952
                ]
            },
            {
                "coords": [
                    0.9540767115954519,
                    0.5
                ],
                "id": 0,
                "xyz": [
                    0.9203714947072001,
                    0.0,
                    3.100685483394078
                ]
            },
            {
                "coords": [
                    0.16091016727610663,
                    0.5
                ],
                "id": 0,
                "xyz": [
                    -4.948221181142964,
                    0.0,
                    3.100685483394078
                ]
            },
            {
                "coords": [
                    0.37914491693707064,
                    0.5
                ],
                "id": 0,
                "xyz": [
                    -4.948221181142964,
                    0.0,
                    -5.212910228445952
                ]
            }
        ]
    },
    "layoutWalls": {
        "num": 4,
        "walls": [
            {
                "id": 0,
                "normal": [
                    1.0,
                    0.0,
                    -0.0
                ],
                "planeEquation": [
                    1.0,
                    0.0,
                    -0.0,
                    -0.9203714947072001
                ],
                "pointsIdx": [
                    0,
                    1
                ],
                "width": 8.31359571184003
            },
            {
                "id": 0,
                "normal": [
                    0.0,
                    0.0,
                    1.0
                ],
                "planeEquation": [
                    0.0,
                    0.0,
                    1.0,
                    -3.100685483394078
                ],
                "pointsIdx": [
                    1,
                    2
                ],
                "width": 5.868592675850164
            },
            {
                "id": 0,
                "normal": [
                    -1.0,
                    -0.0,
                    -0.0
                ],
                "planeEquation": [
                    -1.0,
                    -0.0,
                    -0.0,
                    -4.948221181142964
                ],
                "pointsIdx": [
                    2,
                    3
                ],
                "width": 8.31359571184003
            },
            {
                "id": 0,
                "normal": [
                    0.0,
                    0.0,
                    -1.0
                ],
                "planeEquation": [
                    0.0,
                    0.0,
                    -1.0,
                    -5.212910228445952
                ],
                "pointsIdx": [
                    3,
                    0
                ],
                "width": 5.868592675850164
            }
        ]
    },
    "panoId": "nothing"
}