{
    "cameraHeight": 1.6,
    "layoutHeight": 2.4032928320077747,
    "layoutObj2ds": {
        "num": 0,
        "obj2ds": []
    },
    "layoutPoints": {
        "num": 4,
        "points": [
            {
                "coords": [
                    0.6045076013694802,
                    0.5
                ],
                "id": 0,
                "xyz": [
                    1.5813640851692303,
                    0.0,
                    -2.051758338863953
                ]
            },
            {
                "coords": [
                    0.8320152791263552,
                    0.5
                ],
                "id": 0,
                "xyz": [
                    1.5813640851692303,
                    0.0,
                    0.8956220894527079
                ]
            },
            {
                "coords": [
                    0.19338134944163266,
                    0.5
                ],
                "id": 0,
                "xyz": [
                    -2.4104808846072348,
                    0.0,
                    0.8956220894527079
                ]
            },
            {
                "coords": [
                    0.3622328782957629,
                    0.5
                ],
                "id": 0,
                "xyz": [
                    -2.4104808846072348,
                    0.0,
                    -2.051758338863953
                ]
            }
        ]
    },
    "layoutWalls": {
        "num": 4,
        "walls": [
            {
                "id": 0,
                "normal": [
                    1.0,
                    0.0,
                    -0.0
                ],
                "planeEquation": [
                    1.0,
                    0.0,
                    -0.0,
                    -1.5813640851692303
                ],
                "pointsIdx": [
                    0,
                    1
                ],
                "width": 2.9473804283166607
            },
            {
                "id": 0,
                "normal": [
                    0.0,
                    0.0,
                    1.0
                ],
                "planeEquation": [
                    0.0,
                    0.0,
                    1.0,
                    -0.8956220894527079
                ],
                "pointsIdx": [
                    1,
                    2
                ],
                "width": 3.991844969776465
            },
            {
                "id": 0,
                "normal": [
                    -1.0,
                    -0.0,
                    -0.0
                ],
                "planeEquation": [
                    -1.0,
                    -0.0,
                    -0.0,
                    -2.4104808846072348
                ],
                "pointsIdx": [
                    2,
                    3
                ],
                "width": 2.9473804283166607
            },
            {
                "id": 0,
                "normal": [
                    0.0,
                    0.0,
                    -1.0
                ],
                "planeEquation": [
                    0.0,
                    0.0,
                    -1.0,
                    -2.051758338863953
                ],
                "pointsIdx": [
                    3,
                    0
                ],
                "width": 3.991844969776465
            }
        ]
    },
    "panoId": "nothing"
}