{
    "cameraHeight": 1.6,
    "layoutHeight": 2.147677521478562,
    "layoutObj2ds": {
        "num": 0,
        "obj2ds": []
    },
    "layoutPoints": {
        "num": 4,
        "points": [
            {
                "coords": [
                    0.539254176978872,
                    0.5
                ],
                "id": 0,
                "xyz": [
                    0.30417217976753513,
                    0.0,
                    -1.2081482998485684
                ]
            },
            {
                "coords": [
                    0.9742253866405948,
                    0.5
                ],
                "id": 0,
                "xyz": [
                    0.30417217976753513,
                    0.0,
                    1.861775660091789
                ]
            },
            {
                "coords": [
                    0.13565676271311783,
                    0.5
                ],
                "id": 0,
                "xyz": [
                    -2.1294198956771657,
                    0.0,
                    1.861775660091789
                ]
            },
            {
                "coords": [
                    0.3321357098286785,
                    0.5
                ],
                "id": 0,
                "xyz": [
                    -2.1294198956771657,
                    0.0,
                    -1.2081482998485684
                ]
            }
        ]
    },
    "layoutWalls": {
        "num": 4,
        "walls": [
            {
                "id": 0,
                "normal": [
                    1.0,
                    0.0,
                    -0.0
                ],
                "planeEquation": [
                    1.0,
                    0.0,
                    -0.0,
                    -0.30417217976753513
                ],
                "pointsIdx": [
                    0,
                    1
                ],
                "width": 3.0699239599403576
            },
            {
                "id": 0,
                "normal": [
                    0.0,
                    0.0,
                    1.0
                ],
                "planeEquation": [
                    0.0,
                    0.0,
                    1.0,
                    -1.861775660091789
                ],
                "pointsIdx": [
                    1,
                    2
                ],
                "width": 2.4335920754447007
            },
            {
                "id": 0,
                "normal": [
                    -1.0,
                    -0.0,
                    -0.0
                ],
                "planeEquation": [
                    -1.0,
                    -0.0,
                    -0.0,
                    -2.1294198956771657
                ],
                "pointsIdx": [
                    2,
                    3
                ],
                "width": 3.0699239599403576
            },
            {
                "id": 0,
                "normal": [
                    0.0,
                    0.0,
                    -1.0
                ],
                "planeEquation": [
                    0.0,
                    0.0,
                    -1.0,
                    -1.2081482998485684
                ],
                "pointsIdx": [
                    3,
                    0
                ],
                "width": 2.4335920754447007
            }
        ]
    },
    "panoId": "nothing"
}