{
    "cameraHeight": 1.6,
    "layoutHeight": 2.3978036959966023,
    "layoutObj2ds": {
        "num": 0,
        "obj2ds": []
    },
    "layoutPoints": {
        "num": 4,
        "points": [
            {
                "coords": [
                    0.6361107822818941,
                    0.5
                ],
                "id": 0,
                "xyz": [
                    2.849239754485049,
                    0.0,
                    -2.4768166666666667
                ]
            },
            {
                "coords": [
                    0.8047791497774757,
                    0.5
                ],
                "id": 0,
                "xyz": [
                    2.849239754485049,
                    0.0,
                    1.0213254649938934
                ]
            },
            {
                "coords": [
                    0.11812066826929435,
                    0.5
                ],
                "id": 0,
                "xyz": [
                    -0.9366413350912,
                    0.0,
                    1.0213254649938934
                ]
            },
            {
                "coords": [
                    0.4424589394097459,
                    0.5
                ],
                "id": 0,
                "xyz": [
                    -0.9366413350912,
                    0.0,
                    -2.4768166666666667
                ]
            }
        ]
    },
    "layoutWalls": {
        "num": 4,
        "walls": [
            {
                "id": 0,
                "normal": [
                    1.0,
                    0.0,
                    -0.0
                ],
                "planeEquation": [
                    1.0,
                    0.0,
                    -0.0,
                    -2.849239754485049
                ],
                "pointsIdx": [
                    0,
                    1
                ],
                "width": 3.4981421316605603
            },
            {
                "id": 0,
                "normal": [
                    0.0,
                    0.0,
                    1.0
                ],
                "planeEquation": [
                    0.0,
                    0.0,
                    1.0,
                    -1.0213254649938934
                ],
                "pointsIdx": [
                    1,
                    2
                ],
                "width": 3.785881089576249
            },
            {
                "id": 0,
                "normal": [
                    -1.0,
                    -0.0,
                    -0.0
                ],
                "planeEquation": [
                    -1.0,
                    -0.0,
                    -0.0,
                    -0.9366413350912
                ],
                "pointsIdx": [
                    2,
                    3
                ],
                "width": 3.4981421316605603
            },
            {
                "id": 0,
                "normal": [
                    0.0,
                    0.0,
                    -1.0
                ],
                "planeEquation": [
                    0.0,
                    0.0,
                    -1.0,
                    -2.4768166666666667
                ],
                "pointsIdx": [
                    3,
                    0
                ],
                "width": 3.785881089576249
            }
        ]
    },
    "panoId": "nothing"
}