{
    "cameraHeight": 1.6,
    "layoutHeight": 2.3812751007080077,
    "layoutObj2ds": {
        "num": 0,
        "obj2ds": []
    },
    "layoutPoints": {
        "num": 6,
        "points": [
            {
                "coords": [
                    0.7107407212826314,
                    0.5
                ],
                "id": 0,
                "xyz": [
                    3.125,
                    0.0,
                    -0.7868791913290138
                ]
            },
            {
                "coords": [
                    0.7955678577765992,
                    0.5
                ],
                "id": 0,
                "xyz": [
                    3.125,
                    0.0,
                    0.92
                ]
            },
            {
                "coords": [
                    0.8258700080432564,
                    0.5
                ],
                "id": 0,
                "xyz": [
                    1.78146,
                    0.0,
                    0.92
                ]
            },
            {
                "coords": [
                    0.9485714207733846,
                    0.5
                ],
                "id": 0,
                "xyz": [
                    1.78146,
                    0.0,
                    5.31981346816
                ]
            },
            {
                "coords": [
                    0.0705464454694365,
                    0.5
                ],
                "id": 0,
                "xyz": [
                    -2.5256600000000002,
                    0.0,
                    5.31981346816
                ]
            },
            {
                "coords": [
                    0.2980684052338458,
                    0.5
                ],
                "id": 0,
                "xyz": [
                    -2.5256600000000002,
                    0.0,
                    -0.7868791913290138
                ]
            }
        ]
    },
    "layoutWalls": {
        "num": 6,
        "walls": [
            {
                "id": 0,
                "normal": [
                    1.0,
                    0.0,
                    -0.0
                ],
                "planeEquation": [
                    1.0,
                    0.0,
                    -0.0,
                    -3.125
                ],
                "pointsIdx": [
                    0,
                    1
                ],
                "width": 1.7068791913290138
            },
            {
                "id": 0,
                "normal": [
                    0.0,
                    0.0,
                    1.0
                ],
                "planeEquation": [
                    0.0,
                    0.0,
                    1.0,
                    -0.92
                ],
                "pointsIdx": [
                    1,
                    2
                ],
                "width": 1.34354
            },
            {
                "id": 0,
                "normal": [
                    1.0,
                    0.0,
                    -0.0
                ],
                "planeEquation": [
                    1.0,
                    0.0,
                    -0.0,
                    -1.78146
                ],
                "pointsIdx": [
                    2,
                    3
                ],
                "width": 4.39981346816
            },
            {
                "id": 0,
                "normal": [
                    0.0,
                    0.0,
                    1.0
                ],
                "planeEquation": [
                    0.0,
                    0.0,
                    1.0,
                    -5.31981346816
                ],
                "pointsIdx": [
                    3,
                    4
                ],
                "width": 4.30712
            },
            {
                "id": 0,
                "normal": [
                    -1.0,
                    -0.0,
                    -0.0
                ],
                "planeEquation": [
                    -1.0,
                    -0.0,
                    -0.0,
                    -2.5256600000000002
                ],
                "pointsIdx": [
                    4,
                    5
                ],
                "width": 6.106692659489013
            },
            {
                "id": 0,
                "normal": [
                    0.0,
                    0.0,
                    -1.0
                ],
                "planeEquation": [
                    0.0,
                    0.0,
                    -1.0,
                    -0.7868791913290138
                ],
                "pointsIdx": [
                    5,
                    0
                ],
                "width": 5.65066
            }
        ]
    },
    "panoId": "nothing"
}