{
    "cameraHeight": 1.6,
    "layoutHeight": 2.4834458621459428,
    "layoutObj2ds": {
        "num": 0,
        "obj2ds": []
    },
    "layoutPoints": {
        "num": 8,
        "points": [
            {
                "coords": [
                    0.11650995956129867,
                    0.5
                ],
                "id": 0,
                "xyz": [
                    -1.109853136092667,
                    0.0,
                    1.235060143327505
                ]
            },
            {
                "coords": [
                    0.47614486975163933,
                    0.5
                ],
                "id": 0,
                "xyz": [
                    -1.109853136092667,
                    0.0,
                    -7.3491045826030374
                ]
            },
            {
                "coords": [
                    0.5653026040385392,
                    0.4796913152407511
                ],
                "id": 0,
                "xyz": [
                    3.19684481714594,
                    0.5120208212073822,
                    -7.3491045826030374
                ]
            },
            {
                "coords": [
                    0.72625,
                    0.45
                ],
                "id": 0,
                "xyz": [
                    3.19684481714594,
                    0.5120208212073822,
                    -0.4806241164777485
                ]
            },
            {
                "coords": [
                    0.7357589322414702,
                    0.5
                ],
                "id": 0,
                "xyz": [
                    5.35700315439597,
                    0.0,
                    -0.4806241164777485
                ]
            },
            {
                "coords": [
                    0.764044856898947,
                    0.5
                ],
                "id": 0,
                "xyz": [
                    5.35700315439597,
                    0.0,
                    0.47396741865407616
                ]
            },
            {
                "coords": [
                    0.0037499999999999756,
                    0.25
                ],
                "id": 0,
                "xyz": [
                    -0.011169661282730533,
                    0.47409901421409767,
                    0.47396741865407616
                ]
            },
            {
                "coords": [
                    0.0014393293728873213,
                    0.38333682479100656
                ],
                "id": 0,
                "xyz": [
                    -0.011169661282730533,
                    0.47409901421409767,
                    1.235060143327505
                ]
            }
        ]
    },
    "layoutWalls": {
        "num": 8,
        "walls": [
            {
                "id": 0,
                "normal": [
                    -1.0,
                    -0.0,
                    -0.0
                ],
                "planeEquation": [
                    -1.0,
                    -0.0,
                    -0.0,
                    -1.109853136092667
                ],
                "pointsIdx": [
                    0,
                    1
                ],
                "width": 8.584164725930542
            },
            {
                "id": 0,
                "normal": [
                    0.0,
                    0.0,
                    -1.0
                ],
                "planeEquation": [
                    0.0,
                    0.0,
                    -1.0,
                    -7.3491045826030374
                ],
                "pointsIdx": [
                    1,
                    2
                ],
                "width": 4.306697953238607
            },
            {
                "id": 0,
                "normal": [
                    1.0,
                    0.0,
                    -0.0
                ],
                "planeEquation": [
                    1.0,
                    0.0,
                    -0.0,
                    -3.19684481714594
                ],
                "pointsIdx": [
                    2,
                    3
                ],
                "width": 6.868480466125289
            },
            {
                "id": 0,
                "normal": [
                    0.0,
                    0.0,
                    -1.0
                ],
                "planeEquation": [
                    0.0,
                    0.0,
                    -1.0,
                    -0.4806241164777485
                ],
                "pointsIdx": [
                    3,
                    4
                ],
                "width": 2.1601583372500306
            },
            {
                "id": 0,
                "normal": [
                    1.0,
                    0.0,
                    -0.0
                ],
                "planeEquation": [
                    1.0,
                    0.0,
                    -0.0,
                    -5.35700315439597
                ],
                "pointsIdx": [
                    4,
                    5
                ],
                "width": 0.9545915351318246
            },
            {
                "id": 0,
                "normal": [
                    0.0,
                    0.0,
                    1.0
                ],
                "planeEquation": [
                    0.0,
                    0.0,
                    1.0,
                    -0.47396741865407616
                ],
                "pointsIdx": [
                    5,
                    6
                ],
                "width": 5.368172815678701
            },
            {
                "id": 0,
                "normal": [
                    1.0,
                    0.0,
                    -0.0
                ],
                "planeEquation": [
                    1.0,
                    0.0,
                    -0.0,
                    0.011169661282730533
                ],
                "pointsIdx": [
                    6,
                    7
                ],
                "width": 0.7610927246734289
            },
            {
                "id": 0,
                "normal": [
                    0.0,
                    0.0,
                    1.0
                ],
                "planeEquation": [
                    0.0,
                    0.0,
                    1.0,
                    -1.235060143327505
                ],
                "pointsIdx": [
                    7,
                    0
                ],
                "width": 1.0986834748099363
            }
        ]
    },
    "panoId": "nothing"
}