{
    "cameraHeight": 1.6,
    "layoutHeight": 2.476982460021972,
    "layoutObj2ds": {
        "num": 0,
        "obj2ds": []
    },
    "layoutPoints": {
        "num": 4,
        "points": [
            {
                "coords": [
                    0.7303292917328392,
                    0.5
                ],
                "id": 0,
                "xyz": [
                    4.34895,
                    0.0,
                    -0.5402609445183609
                ]
            },
            {
                "coords": [
                    0.8491075597409283,
                    0.5
                ],
                "id": 0,
                "xyz": [
                    4.34895,
                    0.0,
                    3.122589177125459
                ]
            },
            {
                "coords": [
                    0.0926473980810193,
                    0.5
                ],
                "id": 0,
                "xyz": [
                    -2.055299976990257,
                    0.0,
                    3.122589177125459
                ]
            },
            {
                "coords": [
                    0.2909103443637485,
                    0.5
                ],
                "id": 0,
                "xyz": [
                    -2.055299976990257,
                    0.0,
                    -0.5402609445183609
                ]
            }
        ]
    },
    "layoutWalls": {
        "num": 4,
        "walls": [
            {
                "id": 0,
                "normal": [
                    1.0,
                    0.0,
                    -0.0
                ],
                "planeEquation": [
                    1.0,
                    0.0,
                    -0.0,
                    -4.34895
                ],
                "pointsIdx": [
                    0,
                    1
                ],
                "width": 3.6628501216438196
            },
            {
                "id": 0,
                "normal": [
                    0.0,
                    0.0,
                    1.0
                ],
                "planeEquation": [
                    0.0,
                    0.0,
                    1.0,
                    -3.122589177125459
                ],
                "pointsIdx": [
                    1,
                    2
                ],
                "width": 6.404249976990258
            },
            {
                "id": 0,
                "normal": [
                    -1.0,
                    -0.0,
                    -0.0
                ],
                "planeEquation": [
                    -1.0,
                    -0.0,
                    -0.0,
                    -2.055299976990257
                ],
                "pointsIdx": [
                    2,
                    3
                ],
                "width": 3.6628501216438196
            },
            {
                "id": 0,
                "normal": [
                    0.0,
                    0.0,
                    -1.0
                ],
                "planeEquation": [
                    0.0,
                    0.0,
                    -1.0,
                    -0.5402609445183609
                ],
                "pointsIdx": [
                    3,
                    0
                ],
                "width": 6.404249976990258
            }
        ]
    },
    "panoId": "nothing"
}