{
    "cameraHeight": 1.6,
    "layoutHeight": 2.494205293655395,
    "layoutObj2ds": {
        "num": 0,
        "obj2ds": []
    },
    "layoutPoints": {
        "num": 4,
        "points": [
            {
                "coords": [
                    0.7035845337015373,
                    0.5
                ],
                "id": 0,
                "xyz": [
                    0.7336467945342606,
                    0.0,
                    -0.22023813270852793
                ]
            },
            {
                "coords": [
                    0.9685010229860305,
                    0.5
                ],
                "id": 0,
                "xyz": [
                    0.7336467945342606,
                    0.0,
                    3.658372105480858
                ]
            },
            {
                "coords": [
                    0.13594309879550803,
                    0.5
                ],
                "id": 0,
                "xyz": [
                    -4.199513874255704,
                    0.0,
                    3.658372105480858
                ]
            },
            {
                "coords": [
                    0.25833903790913704,
                    0.5
                ],
                "id": 0,
                "xyz": [
                    -4.199513874255704,
                    0.0,
                    -0.22023813270852793
                ]
            }
        ]
    },
    "layoutWalls": {
        "num": 4,
        "walls": [
            {
                "id": 0,
                "normal": [
                    1.0,
                    0.0,
                    -0.0
                ],
                "planeEquation": [
                    1.0,
                    0.0,
                    -0.0,
                    -0.7336467945342606
                ],
                "pointsIdx": [
                    0,
                    1
                ],
                "width": 3.8786102381893857
            },
            {
                "id": 0,
                "normal": [
                    0.0,
                    0.0,
                    1.0
                ],
                "planeEquation": [
                    0.0,
                    0.0,
                    1.0,
                    -3.658372105480858
                ],
                "pointsIdx": [
                    1,
                    2
                ],
                "width": 4.933160668789965
            },
            {
                "id": 0,
                "normal": [
                    -1.0,
                    -0.0,
                    -0.0
                ],
                "planeEquation": [
                    -1.0,
                    -0.0,
                    -0.0,
                    -4.199513874255704
                ],
                "pointsIdx": [
                    2,
                    3
                ],
                "width": 3.8786102381893857
            },
            {
                "id": 0,
                "normal": [
                    0.0,
                    0.0,
                    -1.0
                ],
                "planeEquation": [
                    0.0,
                    0.0,
                    -1.0,
                    -0.22023813270852793
                ],
                "pointsIdx": [
                    3,
                    0
                ],
                "width": 4.933160668789965
            }
        ]
    },
    "panoId": "nothing"
}