{
    "cameraHeight": 1.6,
    "layoutHeight": 2.856182664769296,
    "layoutObj2ds": {
        "num": 0,
        "obj2ds": []
    },
    "layoutPoints": {
        "num": 6,
        "points": [
            {
                "coords": [
                    0.5705601649538361,
                    0.5
                ],
                "id": 0,
                "xyz": [
                    2.3912258509308955,
                    0.0,
                    -5.035533558361738
                ]
            },
            {
                "coords": [
                    0.9155411322872042,
                    0.5
                ],
                "id": 0,
                "xyz": [
                    2.3912258509308955,
                    0.0,
                    4.074899655851124
                ]
            },
            {
                "coords": [
                    0.9988353801172437,
                    0.5
                ],
                "id": 0,
                "xyz": [
                    0.02981870229007635,
                    0.0,
                    4.074899655851124
                ]
            },
            {
                "coords": [
                    0.9977722329506831,
                    0.5
                ],
                "id": 0,
                "xyz": [
                    0.02981870229007635,
                    0.0,
                    2.1301526642283464
                ]
            },
            {
                "coords": [
                    0.07947912936254997,
                    0.5
                ],
                "id": 0,
                "xyz": [
                    -1.1619992318702295,
                    0.0,
                    2.1301526642283464
                ]
            },
            {
                "coords": [
                    0.4639052518544337,
                    0.5
                ],
                "id": 0,
                "xyz": [
                    -1.1619992318702295,
                    0.0,
                    -5.035533558361738
                ]
            }
        ]
    },
    "layoutWalls": {
        "num": 6,
        "walls": [
            {
                "id": 0,
                "normal": [
                    1.0,
                    0.0,
                    -0.0
                ],
                "planeEquation": [
                    1.0,
                    0.0,
                    -0.0,
                    -2.3912258509308955
                ],
                "pointsIdx": [
                    0,
                    1
                ],
                "width": 9.110433214212861
            },
            {
                "id": 0,
                "normal": [
                    0.0,
                    0.0,
                    1.0
                ],
                "planeEquation": [
                    0.0,
                    0.0,
                    1.0,
                    -4.074899655851124
                ],
                "pointsIdx": [
                    1,
                    2
                ],
                "width": 2.361407148640819
            },
            {
                "id": 0,
                "normal": [
                    -1.0,
                    -0.0,
                    -0.0
                ],
                "planeEquation": [
                    -1.0,
                    -0.0,
                    -0.0,
                    0.02981870229007635
                ],
                "pointsIdx": [
                    2,
                    3
                ],
                "width": 1.9447469916227775
            },
            {
                "id": 0,
                "normal": [
                    0.0,
                    0.0,
                    1.0
                ],
                "planeEquation": [
                    0.0,
                    0.0,
                    1.0,
                    -2.1301526642283464
                ],
                "pointsIdx": [
                    3,
                    4
                ],
                "width": 1.191817934160306
            },
            {
                "id": 0,
                "normal": [
                    -1.0,
                    -0.0,
                    -0.0
                ],
                "planeEquation": [
                    -1.0,
                    -0.0,
                    -0.0,
                    -1.1619992318702295
                ],
                "pointsIdx": [
                    4,
                    5
                ],
                "width": 7.165686222590084
            },
            {
                "id": 0,
                "normal": [
                    0.0,
                    0.0,
                    -1.0
                ],
                "planeEquation": [
                    0.0,
                    0.0,
                    -1.0,
                    -5.035533558361738
                ],
                "pointsIdx": [
                    5,
                    0
                ],
                "width": 3.553225082801125
            }
        ]
    },
    "panoId": "nothing"
}