{
    "cameraHeight": 1.6,
    "layoutHeight": 3.04854793548584,
    "layoutObj2ds": {
        "num": 0,
        "obj2ds": []
    },
    "layoutPoints": {
        "num": 4,
        "points": [
            {
                "coords": [
                    0.6416001544858427,
                    0.5
                ],
                "id": 0,
                "xyz": [
                    3.8777225599999996,
                    0.0,
                    -3.1428019199999997
                ]
            },
            {
                "coords": [
                    0.8369468722532338,
                    0.5
                ],
                "id": 0,
                "xyz": [
                    3.8777225599999996,
                    0.0,
                    2.3577732920391314
                ]
            },
            {
                "coords": [
                    0.15436334910245847,
                    0.5
                ],
                "id": 0,
                "xyz": [
                    -3.43968,
                    0.0,
                    2.3577732920391314
                ]
            },
            {
                "coords": [
                    0.36782677622338633,
                    0.5
                ],
                "id": 0,
                "xyz": [
                    -3.43968,
                    0.0,
                    -3.1428019199999997
                ]
            }
        ]
    },
    "layoutWalls": {
        "num": 4,
        "walls": [
            {
                "id": 0,
                "normal": [
                    1.0,
                    0.0,
                    -0.0
                ],
                "planeEquation": [
                    1.0,
                    0.0,
                    -0.0,
                    -3.8777225599999996
                ],
                "pointsIdx": [
                    0,
                    1
                ],
                "width": 5.500575212039131
            },
            {
                "id": 0,
                "normal": [
                    0.0,
                    0.0,
                    1.0
                ],
                "planeEquation": [
                    0.0,
                    0.0,
                    1.0,
                    -2.3577732920391314
                ],
                "pointsIdx": [
                    1,
                    2
                ],
                "width": 7.31740256
            },
            {
                "id": 0,
                "normal": [
                    -1.0,
                    -0.0,
                    -0.0
                ],
                "planeEquation": [
                    -1.0,
                    -0.0,
                    -0.0,
                    -3.43968
                ],
                "pointsIdx": [
                    2,
                    3
                ],
                "width": 5.500575212039131
            },
            {
                "id": 0,
                "normal": [
                    0.0,
                    0.0,
                    -1.0
                ],
                "planeEquation": [
                    0.0,
                    0.0,
                    -1.0,
                    -3.1428019199999997
                ],
                "pointsIdx": [
                    3,
                    0
                ],
                "width": 7.31740256
            }
        ]
    },
    "panoId": "nothing"
}