{
    "cameraHeight": 1.6,
    "layoutHeight": 2.4659566541974502,
    "layoutObj2ds": {
        "num": 0,
        "obj2ds": []
    },
    "layoutPoints": {
        "num": 6,
        "points": [
            {
                "coords": [
                    0.5150660360452324,
                    0.5
                ],
                "id": 0,
                "xyz": [
                    0.09537840094525406,
                    0.0,
                    -1.0045491855795787
                ]
            },
            {
                "coords": [
                    0.6267382915483763,
                    0.5
                ],
                "id": 0,
                "xyz": [
                    1.0267357782567632,
                    0.0,
                    -1.0045491855795787
                ]
            },
            {
                "coords": [
                    0.8219277118984553,
                    0.5
                ],
                "id": 0,
                "xyz": [
                    1.0267357782567632,
                    0.0,
                    0.49842271772099733
                ]
            },
            {
                "coords": [
                    0.18725819326767879,
                    0.5
                ],
                "id": 0,
                "xyz": [
                    -1.1981468708611633,
                    0.0,
                    0.49842271772099733
                ]
            },
            {
                "coords": [
                    0.3204055157850899,
                    0.5
                ],
                "id": 0,
                "xyz": [
                    -1.1981468708611633,
                    0.0,
                    -0.5675383832863609
                ]
            },
            {
                "coords": [
                    0.5264993693094138,
                    0.5
                ],
                "id": 0,
                "xyz": [
                    0.09537840094525406,
                    0.0,
                    -0.5675383832863609
                ]
            }
        ]
    },
    "layoutWalls": {
        "num": 6,
        "walls": [
            {
                "id": 0,
                "normal": [
                    0.0,
                    0.0,
                    -1.0
                ],
                "planeEquation": [
                    0.0,
                    0.0,
                    -1.0,
                    -1.0045491855795787
                ],
                "pointsIdx": [
                    0,
                    1
                ],
                "width": 0.9313573773115091
            },
            {
                "id": 0,
                "normal": [
                    1.0,
                    0.0,
                    -0.0
                ],
                "planeEquation": [
                    1.0,
                    0.0,
                    -0.0,
                    -1.0267357782567632
                ],
                "pointsIdx": [
                    1,
                    2
                ],
                "width": 1.5029719033005762
            },
            {
                "id": 0,
                "normal": [
                    0.0,
                    0.0,
                    1.0
                ],
                "planeEquation": [
                    0.0,
                    0.0,
                    1.0,
                    -0.49842271772099733
                ],
                "pointsIdx": [
                    2,
                    3
                ],
                "width": 2.2248826491179265
            },
            {
                "id": 0,
                "normal": [
                    -1.0,
                    -0.0,
                    -0.0
                ],
                "planeEquation": [
                    -1.0,
                    -0.0,
                    -0.0,
                    -1.1981468708611633
                ],
                "pointsIdx": [
                    3,
                    4
                ],
                "width": 1.0659611010073582
            },
            {
                "id": 0,
                "normal": [
                    0.0,
                    0.0,
                    -1.0
                ],
                "planeEquation": [
                    0.0,
                    0.0,
                    -1.0,
                    -0.5675383832863609
                ],
                "pointsIdx": [
                    4,
                    5
                ],
                "width": 1.2935252718064174
            },
            {
                "id": 0,
                "normal": [
                    -1.0,
                    -0.0,
                    -0.0
                ],
                "planeEquation": [
                    -1.0,
                    -0.0,
                    -0.0,
                    0.09537840094525406
                ],
                "pointsIdx": [
                    5,
                    0
                ],
                "width": 0.43701080229321787
            }
        ]
    },
    "panoId": "nothing"
}