{
    "cameraHeight": 1.6,
    "layoutHeight": 2.676508658593669,
    "layoutObj2ds": {
        "num": 0,
        "obj2ds": []
    },
    "layoutPoints": {
        "num": 4,
        "points": [
            {
                "coords": [
                    0.5920892971684882,
                    0.5
                ],
                "id": 0,
                "xyz": [
                    1.651266374900366,
                    0.0,
                    -2.5280051592582016
                ]
            },
            {
                "coords": [
                    0.9011519456487445,
                    0.5
                ],
                "id": 0,
                "xyz": [
                    1.651266374900366,
                    0.0,
                    2.307715160436652
                ]
            },
            {
                "coords": [
                    0.19152779172606238,
                    0.5
                ],
                "id": 0,
                "xyz": [
                    -5.996159750607385,
                    0.0,
                    2.307715160436652
                ]
            },
            {
                "coords": [
                    0.3135013459414339,
                    0.5
                ],
                "id": 0,
                "xyz": [
                    -5.996159750607385,
                    0.0,
                    -2.5280051592582016
                ]
            }
        ]
    },
    "layoutWalls": {
        "num": 4,
        "walls": [
            {
                "id": 0,
                "normal": [
                    1.0,
                    0.0,
                    -0.0
                ],
                "planeEquation": [
                    1.0,
                    0.0,
                    -0.0,
                    -1.651266374900366
                ],
                "pointsIdx": [
                    0,
                    1
                ],
                "width": 4.835720319694854
            },
            {
                "id": 0,
                "normal": [
                    0.0,
                    0.0,
                    1.0
                ],
                "planeEquation": [
                    0.0,
                    0.0,
                    1.0,
                    -2.307715160436652
                ],
                "pointsIdx": [
                    1,
                    2
                ],
                "width": 7.647426125507751
            },
            {
                "id": 0,
                "normal": [
                    -1.0,
                    -0.0,
                    -0.0
                ],
                "planeEquation": [
                    -1.0,
                    -0.0,
                    -0.0,
                    -5.996159750607385
                ],
                "pointsIdx": [
                    2,
                    3
                ],
                "width": 4.835720319694854
            },
            {
                "id": 0,
                "normal": [
                    0.0,
                    0.0,
                    -1.0
                ],
                "planeEquation": [
                    0.0,
                    0.0,
                    -1.0,
                    -2.5280051592582016
                ],
                "pointsIdx": [
                    3,
                    0
                ],
                "width": 7.647426125507751
            }
        ]
    },
    "panoId": "nothing"
}