{
    "cameraHeight": 1.6,
    "layoutHeight": 2.7097192573547364,
    "layoutObj2ds": {
        "num": 0,
        "obj2ds": []
    },
    "layoutPoints": {
        "num": 4,
        "points": [
            {
                "coords": [
                    0.6245322796253227,
                    0.5
                ],
                "id": 0,
                "xyz": [
                    4.08011410784256,
                    0.0,
                    -4.10416592470016
                ]
            },
            {
                "coords": [
                    0.7837295768161592,
                    0.5
                ],
                "id": 0,
                "xyz": [
                    4.08011410784256,
                    0.0,
                    0.87787776
                ]
            },
            {
                "coords": [
                    0.18532286640626877,
                    0.5
                ],
                "id": 0,
                "xyz": [
                    -2.04,
                    0.0,
                    0.87787776
                ]
            },
            {
                "coords": [
                    0.4265834833977894,
                    0.5
                ],
                "id": 0,
                "xyz": [
                    -2.04,
                    0.0,
                    -4.10416592470016
                ]
            }
        ]
    },
    "layoutWalls": {
        "num": 4,
        "walls": [
            {
                "id": 0,
                "normal": [
                    1.0,
                    0.0,
                    -0.0
                ],
                "planeEquation": [
                    1.0,
                    0.0,
                    -0.0,
                    -4.08011410784256
                ],
                "pointsIdx": [
                    0,
                    1
                ],
                "width": 4.98204368470016
            },
            {
                "id": 0,
                "normal": [
                    0.0,
                    0.0,
                    1.0
                ],
                "planeEquation": [
                    0.0,
                    0.0,
                    1.0,
                    -0.87787776
                ],
                "pointsIdx": [
                    1,
                    2
                ],
                "width": 6.12011410784256
            },
            {
                "id": 0,
                "normal": [
                    -1.0,
                    -0.0,
                    -0.0
                ],
                "planeEquation": [
                    -1.0,
                    -0.0,
                    -0.0,
                    -2.04
                ],
                "pointsIdx": [
                    2,
                    3
                ],
                "width": 4.98204368470016
            },
            {
                "id": 0,
                "normal": [
                    0.0,
                    0.0,
                    -1.0
                ],
                "planeEquation": [
                    0.0,
                    0.0,
                    -1.0,
                    -4.10416592470016
                ],
                "pointsIdx": [
                    3,
                    0
                ],
                "width": 6.12011410784256
            }
        ]
    },
    "panoId": "nothing"
}