{
    "cameraHeight": 1.6,
    "layoutHeight": 2.6995341777801514,
    "layoutObj2ds": {
        "num": 0,
        "obj2ds": []
    },
    "layoutPoints": {
        "num": 6,
        "points": [
            {
                "coords": [
                    0.5725187945366504,
                    0.5
                ],
                "id": 0,
                "xyz": [
                    0.7749176600664132,
                    0.0,
                    -1.5813310570401768
                ]
            },
            {
                "coords": [
                    0.6139076446115982,
                    0.5
                ],
                "id": 0,
                "xyz": [
                    0.7749176600664132,
                    0.0,
                    -0.8912286533794531
                ]
            },
            {
                "coords": [
                    0.7195418321671939,
                    0.5
                ],
                "id": 0,
                "xyz": [
                    4.6,
                    0.0,
                    -0.8912286533794531
                ]
            },
            {
                "coords": [
                    0.8801321586851726,
                    0.5
                ],
                "id": 0,
                "xyz": [
                    4.6,
                    0.0,
                    4.9066609789068885
                ]
            },
            {
                "coords": [
                    0.05245570452371223,
                    0.5
                ],
                "id": 0,
                "xyz": [
                    -1.6784000000000001,
                    0.0,
                    4.9066609789068885
                ]
            },
            {
                "coords": [
                    0.3702620514310919,
                    0.5
                ],
                "id": 0,
                "xyz": [
                    -1.6784000000000001,
                    0.0,
                    -1.5813310570401768
                ]
            }
        ]
    },
    "layoutWalls": {
        "num": 6,
        "walls": [
            {
                "id": 0,
                "normal": [
                    1.0,
                    0.0,
                    -0.0
                ],
                "planeEquation": [
                    1.0,
                    0.0,
                    -0.0,
                    -0.7749176600664132
                ],
                "pointsIdx": [
                    0,
                    1
                ],
                "width": 0.6901024036607237
            },
            {
                "id": 0,
                "normal": [
                    0.0,
                    0.0,
                    -1.0
                ],
                "planeEquation": [
                    0.0,
                    0.0,
                    -1.0,
                    -0.8912286533794531
                ],
                "pointsIdx": [
                    1,
                    2
                ],
                "width": 3.8250823399335863
            },
            {
                "id": 0,
                "normal": [
                    1.0,
                    0.0,
                    -0.0
                ],
                "planeEquation": [
                    1.0,
                    0.0,
                    -0.0,
                    -4.6
                ],
                "pointsIdx": [
                    2,
                    3
                ],
                "width": 5.797889632286342
            },
            {
                "id": 0,
                "normal": [
                    0.0,
                    0.0,
                    1.0
                ],
                "planeEquation": [
                    0.0,
                    0.0,
                    1.0,
                    -4.9066609789068885
                ],
                "pointsIdx": [
                    3,
                    4
                ],
                "width": 6.2783999999999995
            },
            {
                "id": 0,
                "normal": [
                    -1.0,
                    -0.0,
                    -0.0
                ],
                "planeEquation": [
                    -1.0,
                    -0.0,
                    -0.0,
                    -1.6784000000000001
                ],
                "pointsIdx": [
                    4,
                    5
                ],
                "width": 6.487992035947065
            },
            {
                "id": 0,
                "normal": [
                    0.0,
                    0.0,
                    -1.0
                ],
                "planeEquation": [
                    0.0,
                    0.0,
                    -1.0,
                    -1.5813310570401768
                ],
                "pointsIdx": [
                    5,
                    0
                ],
                "width": 2.4533176600664133
            }
        ]
    },
    "panoId": "nothing"
}