{
    "cameraHeight": 1.6,
    "layoutHeight": 2.867320437764013,
    "layoutObj2ds": {
        "num": 0,
        "obj2ds": []
    },
    "layoutPoints": {
        "num": 6,
        "points": [
            {
                "coords": [
                    0.6017088159143366,
                    0.5
                ],
                "id": 0,
                "xyz": [
                    3.2946742903741715,
                    0.0,
                    -4.43382907614711
                ]
            },
            {
                "coords": [
                    0.781214752635205,
                    0.5
                ],
                "id": 0,
                "xyz": [
                    3.2946742903741715,
                    0.0,
                    0.6545929690945489
                ]
            },
            {
                "coords": [
                    0.23396211921861065,
                    0.5
                ],
                "id": 0,
                "xyz": [
                    -6.4739746747676445,
                    0.0,
                    0.6545929690945489
                ]
            },
            {
                "coords": [
                    0.269873086945671,
                    0.5
                ],
                "id": 0,
                "xyz": [
                    -6.4739746747676445,
                    0.0,
                    -0.8126088700835551
                ]
            },
            {
                "coords": [
                    0.3051349230755702,
                    0.5
                ],
                "id": 0,
                "xyz": [
                    -2.251118355023943,
                    0.0,
                    -0.8126088700835551
                ]
            },
            {
                "coords": [
                    0.42522901188249623,
                    0.5
                ],
                "id": 0,
                "xyz": [
                    -2.251118355023943,
                    0.0,
                    -4.43382907614711
                ]
            }
        ]
    },
    "layoutWalls": {
        "num": 6,
        "walls": [
            {
                "id": 0,
                "normal": [
                    1.0,
                    0.0,
                    -0.0
                ],
                "planeEquation": [
                    1.0,
                    0.0,
                    -0.0,
                    -3.2946742903741715
                ],
                "pointsIdx": [
                    0,
                    1
                ],
                "width": 5.088422045241659
            },
            {
                "id": 0,
                "normal": [
                    0.0,
                    0.0,
                    1.0
                ],
                "planeEquation": [
                    0.0,
                    0.0,
                    1.0,
                    -0.6545929690945489
                ],
                "pointsIdx": [
                    1,
                    2
                ],
                "width": 9.768648965141816
            },
            {
                "id": 0,
                "normal": [
                    -1.0,
                    -0.0,
                    -0.0
                ],
                "planeEquation": [
                    -1.0,
                    -0.0,
                    -0.0,
                    -6.4739746747676445
                ],
                "pointsIdx": [
                    2,
                    3
                ],
                "width": 1.467201839178104
            },
            {
                "id": 0,
                "normal": [
                    0.0,
                    0.0,
                    -1.0
                ],
                "planeEquation": [
                    0.0,
                    0.0,
                    -1.0,
                    -0.8126088700835551
                ],
                "pointsIdx": [
                    3,
                    4
                ],
                "width": 4.222856319743702
            },
            {
                "id": 0,
                "normal": [
                    -1.0,
                    -0.0,
                    -0.0
                ],
                "planeEquation": [
                    -1.0,
                    -0.0,
                    -0.0,
                    -2.251118355023943
                ],
                "pointsIdx": [
                    4,
                    5
                ],
                "width": 3.621220206063555
            },
            {
                "id": 0,
                "normal": [
                    0.0,
                    0.0,
                    -1.0
                ],
                "planeEquation": [
                    0.0,
                    0.0,
                    -1.0,
                    -4.43382907614711
                ],
                "pointsIdx": [
                    5,
                    0
                ],
                "width": 5.545792645398114
            }
        ]
    },
    "panoId": "nothing"
}