{
    "cameraHeight": 1.6,
    "layoutHeight": 2.6698217391967773,
    "layoutObj2ds": {
        "num": 0,
        "obj2ds": []
    },
    "layoutPoints": {
        "num": 6,
        "points": [
            {
                "coords": [
                    0.5192620802813044,
                    0.5
                ],
                "id": 0,
                "xyz": [
                    0.703125,
                    0.0,
                    -5.78125
                ]
            },
            {
                "coords": [
                    0.527535420685344,
                    0.5
                ],
                "id": 0,
                "xyz": [
                    0.703125,
                    0.0,
                    -4.0234375
                ]
            },
            {
                "coords": [
                    0.6160315336954566,
                    0.5
                ],
                "id": 0,
                "xyz": [
                    3.59375,
                    0.0,
                    -4.0234375
                ]
            },
            {
                "coords": [
                    0.7797630084434956,
                    0.5
                ],
                "id": 0,
                "xyz": [
                    3.59375,
                    0.0,
                    0.68
                ]
            },
            {
                "coords": [
                    0.11319605818512707,
                    0.5
                ],
                "id": 0,
                "xyz": [
                    -0.5859375,
                    0.0,
                    0.68
                ]
            },
            {
                "coords": [
                    0.48392432509991246,
                    0.5
                ],
                "id": 0,
                "xyz": [
                    -0.5859375,
                    0.0,
                    -5.78125
                ]
            }
        ]
    },
    "layoutWalls": {
        "num": 6,
        "walls": [
            {
                "id": 0,
                "normal": [
                    1.0,
                    0.0,
                    -0.0
                ],
                "planeEquation": [
                    1.0,
                    0.0,
                    -0.0,
                    -0.703125
                ],
                "pointsIdx": [
                    0,
                    1
                ],
                "width": 1.7578125
            },
            {
                "id": 0,
                "normal": [
                    0.0,
                    0.0,
                    -1.0
                ],
                "planeEquation": [
                    0.0,
                    0.0,
                    -1.0,
                    -4.0234375
                ],
                "pointsIdx": [
                    1,
                    2
                ],
                "width": 2.890625
            },
            {
                "id": 0,
                "normal": [
                    1.0,
                    0.0,
                    -0.0
                ],
                "planeEquation": [
                    1.0,
                    0.0,
                    -0.0,
                    -3.59375
                ],
                "pointsIdx": [
                    2,
                    3
                ],
                "width": 4.7034375
            },
            {
                "id": 0,
                "normal": [
                    0.0,
                    0.0,
                    1.0
                ],
                "planeEquation": [
                    0.0,
                    0.0,
                    1.0,
                    -0.68
                ],
                "pointsIdx": [
                    3,
                    4
                ],
                "width": 4.1796875
            },
            {
                "id": 0,
                "normal": [
                    -1.0,
                    -0.0,
                    -0.0
                ],
                "planeEquation": [
                    -1.0,
                    -0.0,
                    -0.0,
                    -0.5859375
                ],
                "pointsIdx": [
                    4,
                    5
                ],
                "width": 6.46125
            },
            {
                "id": 0,
                "normal": [
                    0.0,
                    0.0,
                    -1.0
                ],
                "planeEquation": [
                    0.0,
                    0.0,
                    -1.0,
                    -5.78125
                ],
                "pointsIdx": [
                    5,
                    0
                ],
                "width": 1.2890625
            }
        ]
    },
    "panoId": "nothing"
}