{
    "cameraHeight": 1.6,
    "layoutHeight": 3.8963569355010987,
    "layoutObj2ds": {
        "num": 0,
        "obj2ds": []
    },
    "layoutPoints": {
        "num": 8,
        "points": [
            {
                "coords": [
                    0.5894758945677508,
                    0.5
                ],
                "id": 0,
                "xyz": [
                    3.9751848327910912,
                    0.0,
                    -6.309720908769565
                ]
            },
            {
                "coords": [
                    0.8383809816928562,
                    0.5
                ],
                "id": 0,
                "xyz": [
                    3.9751848327910912,
                    0.0,
                    2.4663669461001554
                ]
            },
            {
                "coords": [
                    0.9761320839237884,
                    0.5323311888795754
                ],
                "id": 0,
                "xyz": [
                    0.37267049598229984,
                    -0.2542309364189436,
                    2.4663669461001554
                ]
            },
            {
                "coords": [
                    0.9377578397374597,
                    0.5809798639259063
                ],
                "id": 0,
                "xyz": [
                    0.37267049598229984,
                    -0.2542309364189436,
                    0.9038449969056785
                ]
            },
            {
                "coords": [
                    0.9734164228499254,
                    0.6365893529428474
                ],
                "id": 0,
                "xyz": [
                    0.1523886147222078,
                    -0.41938360285019094,
                    0.9038449969056785
                ]
            },
            {
                "coords": [
                    0.9861768021908566,
                    0.574592982414782
                ],
                "id": 0,
                "xyz": [
                    0.1523886147222078,
                    -0.41938360285019094,
                    1.7501294000453518
                ]
            },
            {
                "coords": [
                    0.20008310275806068,
                    0.5
                ],
                "id": 0,
                "xyz": [
                    -5.3959296,
                    0.0,
                    1.7501294000453518
                ]
            },
            {
                "coords": [
                    0.38739914458992497,
                    0.5
                ],
                "id": 0,
                "xyz": [
                    -5.3959296,
                    0.0,
                    -6.309720908769565
                ]
            }
        ]
    },
    "layoutWalls": {
        "num": 8,
        "walls": [
            {
                "id": 0,
                "normal": [
                    1.0,
                    0.0,
                    -0.0
                ],
                "planeEquation": [
                    1.0,
                    0.0,
                    -0.0,
                    -3.9751848327910912
                ],
                "pointsIdx": [
                    0,
                    1
                ],
                "width": 8.77608785486972
            },
            {
                "id": 0,
                "normal": [
                    0.0,
                    0.0,
                    1.0
                ],
                "planeEquation": [
                    0.0,
                    0.0,
                    1.0,
                    -2.4663669461001554
                ],
                "pointsIdx": [
                    1,
                    2
                ],
                "width": 3.6025143368087913
            },
            {
                "id": 0,
                "normal": [
                    -1.0,
                    -0.0,
                    -0.0
                ],
                "planeEquation": [
                    -1.0,
                    -0.0,
                    -0.0,
                    0.37267049598229984
                ],
                "pointsIdx": [
                    2,
                    3
                ],
                "width": 1.5625219491944768
            },
            {
                "id": 0,
                "normal": [
                    0.0,
                    0.0,
                    1.0
                ],
                "planeEquation": [
                    0.0,
                    0.0,
                    1.0,
                    -0.9038449969056785
                ],
                "pointsIdx": [
                    3,
                    4
                ],
                "width": 0.22028188126009204
            },
            {
                "id": 0,
                "normal": [
                    1.0,
                    0.0,
                    -0.0
                ],
                "planeEquation": [
                    1.0,
                    0.0,
                    -0.0,
                    -0.1523886147222078
                ],
                "pointsIdx": [
                    4,
                    5
                ],
                "width": 0.8462844031396732
            },
            {
                "id": 0,
                "normal": [
                    0.0,
                    0.0,
                    1.0
                ],
                "planeEquation": [
                    0.0,
                    0.0,
                    1.0,
                    -1.7501294000453518
                ],
                "pointsIdx": [
                    5,
                    6
                ],
                "width": 5.548318214722207
            },
            {
                "id": 0,
                "normal": [
                    -1.0,
                    -0.0,
                    -0.0
                ],
                "planeEquation": [
                    -1.0,
                    -0.0,
                    -0.0,
                    -5.3959296
                ],
                "pointsIdx": [
                    6,
                    7
                ],
                "width": 8.059850308814916
            },
            {
                "id": 0,
                "normal": [
                    0.0,
                    0.0,
                    -1.0
                ],
                "planeEquation": [
                    0.0,
                    0.0,
                    -1.0,
                    -6.309720908769565
                ],
                "pointsIdx": [
                    7,
                    0
                ],
                "width": 9.37111443279109
            }
        ]
    },
    "panoId": "nothing"
}