{
    "cameraHeight": 1.6,
    "layoutHeight": 3.8399031925201417,
    "layoutObj2ds": {
        "num": 0,
        "obj2ds": []
    },
    "layoutPoints": {
        "num": 4,
        "points": [
            {
                "coords": [
                    0.5335385296719788,
                    0.5
                ],
                "id": 0,
                "xyz": [
                    0.5545754521599999,
                    0.0,
                    -2.5926314459174273
                ]
            },
            {
                "coords": [
                    0.9647235002888914,
                    0.5
                ],
                "id": 0,
                "xyz": [
                    0.5545754521599999,
                    0.0,
                    2.4609375
                ]
            },
            {
                "coords": [
                    0.16209171630105557,
                    0.5
                ],
                "id": 0,
                "xyz": [
                    -3.9928568650622567,
                    0.0,
                    2.4609375
                ]
            },
            {
                "coords": [
                    0.3416565698307725,
                    0.5
                ],
                "id": 0,
                "xyz": [
                    -3.9928568650622567,
                    0.0,
                    -2.5926314459174273
                ]
            }
        ]
    },
    "layoutWalls": {
        "num": 4,
        "walls": [
            {
                "id": 0,
                "normal": [
                    1.0,
                    0.0,
                    -0.0
                ],
                "planeEquation": [
                    1.0,
                    0.0,
                    -0.0,
                    -0.5545754521599999
                ],
                "pointsIdx": [
                    0,
                    1
                ],
                "width": 5.053568945917427
            },
            {
                "id": 0,
                "normal": [
                    0.0,
                    0.0,
                    1.0
                ],
                "planeEquation": [
                    0.0,
                    0.0,
                    1.0,
                    -2.4609375
                ],
                "pointsIdx": [
                    1,
                    2
                ],
                "width": 4.547432317222256
            },
            {
                "id": 0,
                "normal": [
                    -1.0,
                    -0.0,
                    -0.0
                ],
                "planeEquation": [
                    -1.0,
                    -0.0,
                    -0.0,
                    -3.9928568650622567
                ],
                "pointsIdx": [
                    2,
                    3
                ],
                "width": 5.053568945917427
            },
            {
                "id": 0,
                "normal": [
                    0.0,
                    0.0,
                    -1.0
                ],
                "planeEquation": [
                    0.0,
                    0.0,
                    -1.0,
                    -2.5926314459174273
                ],
                "pointsIdx": [
                    3,
                    0
                ],
                "width": 4.547432317222256
            }
        ]
    },
    "panoId": "nothing"
}