{
    "cameraHeight": 1.6,
    "layoutHeight": 3.4583834655546046,
    "layoutObj2ds": {
        "num": 0,
        "obj2ds": []
    },
    "layoutPoints": {
        "num": 6,
        "points": [
            {
                "coords": [
                    0.6518864642762519,
                    0.5
                ],
                "id": 0,
                "xyz": [
                    3.4929848607852474,
                    0.0,
                    -2.4750820543652576
                ]
            },
            {
                "coords": [
                    0.7824061272086846,
                    0.5
                ],
                "id": 0,
                "xyz": [
                    3.4929848607852474,
                    0.0,
                    0.7212140636002352
                ]
            },
            {
                "coords": [
                    0.13905262340246294,
                    0.5
                ],
                "id": 0,
                "xyz": [
                    -0.8613074204947007,
                    0.0,
                    0.7212140636002352
                ]
            },
            {
                "coords": [
                    0.3661654211369856,
                    0.5
                ],
                "id": 0,
                "xyz": [
                    -0.8613074204947007,
                    0.0,
                    -0.7706267468593202
                ]
            },
            {
                "coords": [
                    0.45125,
                    0.38
                ],
                "id": 0,
                "xyz": [
                    -0.24371723767429976,
                    0.32000773846128105,
                    -0.7706267468593202
                ]
            },
            {
                "coords": [
                    0.48437863434471207,
                    0.4592670368208381
                ],
                "id": 0,
                "xyz": [
                    -0.24371723767429976,
                    0.32000773846128105,
                    -2.4750820543652576
                ]
            }
        ]
    },
    "layoutWalls": {
        "num": 6,
        "walls": [
            {
                "id": 0,
                "normal": [
                    1.0,
                    0.0,
                    -0.0
                ],
                "planeEquation": [
                    1.0,
                    0.0,
                    -0.0,
                    -3.4929848607852474
                ],
                "pointsIdx": [
                    0,
                    1
                ],
                "width": 3.1962961179654927
            },
            {
                "id": 0,
                "normal": [
                    0.0,
                    0.0,
                    1.0
                ],
                "planeEquation": [
                    0.0,
                    0.0,
                    1.0,
                    -0.7212140636002352
                ],
                "pointsIdx": [
                    1,
                    2
                ],
                "width": 4.354292281279948
            },
            {
                "id": 0,
                "normal": [
                    -1.0,
                    -0.0,
                    -0.0
                ],
                "planeEquation": [
                    -1.0,
                    -0.0,
                    -0.0,
                    -0.8613074204947007
                ],
                "pointsIdx": [
                    2,
                    3
                ],
                "width": 1.4918408104595553
            },
            {
                "id": 0,
                "normal": [
                    0.0,
                    0.0,
                    -1.0
                ],
                "planeEquation": [
                    0.0,
                    0.0,
                    -1.0,
                    -0.7706267468593202
                ],
                "pointsIdx": [
                    3,
                    4
                ],
                "width": 0.6175901828204009
            },
            {
                "id": 0,
                "normal": [
                    -1.0,
                    -0.0,
                    -0.0
                ],
                "planeEquation": [
                    -1.0,
                    -0.0,
                    -0.0,
                    -0.24371723767429976
                ],
                "pointsIdx": [
                    4,
                    5
                ],
                "width": 1.7044553075059374
            },
            {
                "id": 0,
                "normal": [
                    0.0,
                    0.0,
                    -1.0
                ],
                "planeEquation": [
                    0.0,
                    0.0,
                    -1.0,
                    -2.4750820543652576
                ],
                "pointsIdx": [
                    5,
                    0
                ],
                "width": 3.7367020984595474
            }
        ]
    },
    "panoId": "nothing"
}