{
    "cameraHeight": 1.6,
    "layoutHeight": 2.8703840617959737,
    "layoutObj2ds": {
        "num": 0,
        "obj2ds": []
    },
    "layoutPoints": {
        "num": 4,
        "points": [
            {
                "coords": [
                    0.714734748154037,
                    0.5
                ],
                "id": 0,
                "xyz": [
                    3.6405090819207224,
                    0.0,
                    -0.8201230905382748
                ]
            },
            {
                "coords": [
                    0.8406814202543194,
                    0.5
                ],
                "id": 0,
                "xyz": [
                    3.6405090819207224,
                    0.0,
                    2.3322612769247275
                ]
            },
            {
                "coords": [
                    0.03482518809101204,
                    0.5
                ],
                "id": 0,
                "xyz": [
                    -0.5186331276741712,
                    0.0,
                    2.3322612769247275
                ]
            },
            {
                "coords": [
                    0.4102538167356442,
                    0.5
                ],
                "id": 0,
                "xyz": [
                    -0.5186331276741712,
                    0.0,
                    -0.8201230905382748
                ]
            }
        ]
    },
    "layoutWalls": {
        "num": 4,
        "walls": [
            {
                "id": 0,
                "normal": [
                    1.0,
                    0.0,
                    -0.0
                ],
                "planeEquation": [
                    1.0,
                    0.0,
                    -0.0,
                    -3.6405090819207224
                ],
                "pointsIdx": [
                    0,
                    1
                ],
                "width": 3.1523843674630023
            },
            {
                "id": 0,
                "normal": [
                    0.0,
                    0.0,
                    1.0
                ],
                "planeEquation": [
                    0.0,
                    0.0,
                    1.0,
                    -2.3322612769247275
                ],
                "pointsIdx": [
                    1,
                    2
                ],
                "width": 4.159142209594894
            },
            {
                "id": 0,
                "normal": [
                    -1.0,
                    -0.0,
                    -0.0
                ],
                "planeEquation": [
                    -1.0,
                    -0.0,
                    -0.0,
                    -0.5186331276741712
                ],
                "pointsIdx": [
                    2,
                    3
                ],
                "width": 3.1523843674630023
            },
            {
                "id": 0,
                "normal": [
                    0.0,
                    0.0,
                    -1.0
                ],
                "planeEquation": [
                    0.0,
                    0.0,
                    -1.0,
                    -0.8201230905382748
                ],
                "pointsIdx": [
                    3,
                    0
                ],
                "width": 4.159142209594894
            }
        ]
    },
    "panoId": "nothing"
}