{
    "cameraHeight": 1.6,
    "layoutHeight": 2.9514795535948215,
    "layoutObj2ds": {
        "num": 0,
        "obj2ds": []
    },
    "layoutPoints": {
        "num": 6,
        "points": [
            {
                "coords": [
                    0.6366756034795223,
                    0.5
                ],
                "id": 0,
                "xyz": [
                    0.721541463414634,
                    0.0,
                    -0.6227471845342671
                ]
            },
            {
                "coords": [
                    0.8168439773909684,
                    0.5
                ],
                "id": 0,
                "xyz": [
                    0.721541463414634,
                    0.0,
                    0.32221463414634144
                ]
            },
            {
                "coords": [
                    0.9729840473797583,
                    0.5
                ],
                "id": 0,
                "xyz": [
                    0.05522616819512195,
                    0.0,
                    0.32221463414634144
                ]
            },
            {
                "coords": [
                    0.993592386977097,
                    0.5
                ],
                "id": 0,
                "xyz": [
                    0.05522616819512195,
                    0.0,
                    1.3709891933658536
                ]
            },
            {
                "coords": [
                    0.16185668683992405,
                    0.5
                ],
                "id": 0,
                "xyz": [
                    -2.2170853298955238,
                    0.0,
                    1.3709891933658536
                ]
            },
            {
                "coords": [
                    0.2935813446585366,
                    0.5
                ],
                "id": 0,
                "xyz": [
                    -2.2170853298955238,
                    0.0,
                    -0.6227471845342671
                ]
            }
        ]
    },
    "layoutWalls": {
        "num": 6,
        "walls": [
            {
                "id": 0,
                "normal": [
                    1.0,
                    0.0,
                    -0.0
                ],
                "planeEquation": [
                    1.0,
                    0.0,
                    -0.0,
                    -0.721541463414634
                ],
                "pointsIdx": [
                    0,
                    1
                ],
                "width": 0.9449618186806086
            },
            {
                "id": 0,
                "normal": [
                    0.0,
                    0.0,
                    1.0
                ],
                "planeEquation": [
                    0.0,
                    0.0,
                    1.0,
                    -0.32221463414634144
                ],
                "pointsIdx": [
                    1,
                    2
                ],
                "width": 0.666315295219512
            },
            {
                "id": 0,
                "normal": [
                    1.0,
                    0.0,
                    -0.0
                ],
                "planeEquation": [
                    1.0,
                    0.0,
                    -0.0,
                    -0.05522616819512195
                ],
                "pointsIdx": [
                    2,
                    3
                ],
                "width": 1.0487745592195121
            },
            {
                "id": 0,
                "normal": [
                    0.0,
                    0.0,
                    1.0
                ],
                "planeEquation": [
                    0.0,
                    0.0,
                    1.0,
                    -1.3709891933658536
                ],
                "pointsIdx": [
                    3,
                    4
                ],
                "width": 2.272311498090646
            },
            {
                "id": 0,
                "normal": [
                    -1.0,
                    -0.0,
                    -0.0
                ],
                "planeEquation": [
                    -1.0,
                    -0.0,
                    -0.0,
                    -2.2170853298955238
                ],
                "pointsIdx": [
                    4,
                    5
                ],
                "width": 1.9937363779001207
            },
            {
                "id": 0,
                "normal": [
                    0.0,
                    0.0,
                    -1.0
                ],
                "planeEquation": [
                    0.0,
                    0.0,
                    -1.0,
                    -0.6227471845342671
                ],
                "pointsIdx": [
                    5,
                    0
                ],
                "width": 2.9386267933101577
            }
        ]
    },
    "panoId": "nothing"
}