{
    "cameraHeight": 1.6,
    "layoutHeight": 2.8346805667877195,
    "layoutObj2ds": {
        "num": 0,
        "obj2ds": []
    },
    "layoutPoints": {
        "num": 10,
        "points": [
            {
                "coords": [
                    0.5011732602618403,
                    0.5
                ],
                "id": 0,
                "xyz": [
                    0.03509045904984841,
                    0.0,
                    -4.76
                ]
            },
            {
                "coords": [
                    0.5076852233730642,
                    0.5
                ],
                "id": 0,
                "xyz": [
                    0.03509045904984841,
                    0.0,
                    -0.7261309604864
                ]
            },
            {
                "coords": [
                    0.7397244003318404,
                    0.5
                ],
                "id": 0,
                "xyz": [
                    11.231140963539213,
                    0.0,
                    -0.7261309604864
                ]
            },
            {
                "coords": [
                    0.7656708335640872,
                    0.5
                ],
                "id": 0,
                "xyz": [
                    11.231140963539213,
                    0.0,
                    1.1094366552381694
                ]
            },
            {
                "coords": [
                    0.11055555555555563,
                    0.63213430917829
                ],
                "id": 0,
                "xyz": [
                    -0.9243477728904483,
                    -0.6364237680695058,
                    1.1094366552381694
                ]
            },
            {
                "coords": [
                    0.08412652420769784,
                    0.6063787506577669
                ],
                "id": 0,
                "xyz": [
                    -0.9243477728904483,
                    -0.6364237680695058,
                    1.5827479297422098
                ]
            },
            {
                "coords": [
                    0.13739937107159744,
                    0.5509390281707324
                ],
                "id": 0,
                "xyz": [
                    -1.850788875537073,
                    -0.3930757349058938,
                    1.5827479297422098
                ]
            },
            {
                "coords": [
                    0.18647609159708528,
                    0.5615124744950867
                ],
                "id": 0,
                "xyz": [
                    -1.850788875537073,
                    -0.3930757349058938,
                    0.7806090933198613
                ]
            },
            {
                "coords": [
                    0.22527962791831968,
                    0.5
                ],
                "id": 0,
                "xyz": [
                    -4.98524457216,
                    0.0,
                    0.7806090933198613
                ]
            },
            {
                "coords": [
                    0.3713220619979085,
                    0.5
                ],
                "id": 0,
                "xyz": [
                    -4.98524457216,
                    0.0,
                    -4.76
                ]
            }
        ]
    },
    "layoutWalls": {
        "num": 10,
        "walls": [
            {
                "id": 0,
                "normal": [
                    1.0,
                    0.0,
                    -0.0
                ],
                "planeEquation": [
                    1.0,
                    0.0,
                    -0.0,
                    -0.03509045904984841
                ],
                "pointsIdx": [
                    0,
                    1
                ],
                "width": 4.0338690395136
            },
            {
                "id": 0,
                "normal": [
                    0.0,
                    0.0,
                    -1.0
                ],
                "planeEquation": [
                    0.0,
                    0.0,
                    -1.0,
                    -0.7261309604864
                ],
                "pointsIdx": [
                    1,
                    2
                ],
                "width": 11.196050504489364
            },
            {
                "id": 0,
                "normal": [
                    1.0,
                    0.0,
                    -0.0
                ],
                "planeEquation": [
                    1.0,
                    0.0,
                    -0.0,
                    -11.231140963539213
                ],
                "pointsIdx": [
                    2,
                    3
                ],
                "width": 1.8355676157245693
            },
            {
                "id": 0,
                "normal": [
                    0.0,
                    0.0,
                    1.0
                ],
                "planeEquation": [
                    0.0,
                    0.0,
                    1.0,
                    -1.1094366552381694
                ],
                "pointsIdx": [
                    3,
                    4
                ],
                "width": 12.15548873642966
            },
            {
                "id": 0,
                "normal": [
                    1.0,
                    0.0,
                    -0.0
                ],
                "planeEquation": [
                    1.0,
                    0.0,
                    -0.0,
                    0.9243477728904483
                ],
                "pointsIdx": [
                    4,
                    5
                ],
                "width": 0.4733112745040404
            },
            {
                "id": 0,
                "normal": [
                    0.0,
                    0.0,
                    1.0
                ],
                "planeEquation": [
                    0.0,
                    0.0,
                    1.0,
                    -1.5827479297422098
                ],
                "pointsIdx": [
                    5,
                    6
                ],
                "width": 0.9264411026466246
            },
            {
                "id": 0,
                "normal": [
                    -1.0,
                    -0.0,
                    -0.0
                ],
                "planeEquation": [
                    -1.0,
                    -0.0,
                    -0.0,
                    -1.850788875537073
                ],
                "pointsIdx": [
                    6,
                    7
                ],
                "width": 0.8021388364223485
            },
            {
                "id": 0,
                "normal": [
                    0.0,
                    0.0,
                    1.0
                ],
                "planeEquation": [
                    0.0,
                    0.0,
                    1.0,
                    -0.7806090933198613
                ],
                "pointsIdx": [
                    7,
                    8
                ],
                "width": 3.1344556966229273
            },
            {
                "id": 0,
                "normal": [
                    -1.0,
                    -0.0,
                    -0.0
                ],
                "planeEquation": [
                    -1.0,
                    -0.0,
                    -0.0,
                    -4.98524457216
                ],
                "pointsIdx": [
                    8,
                    9
                ],
                "width": 5.540609093319861
            },
            {
                "id": 0,
                "normal": [
                    0.0,
                    0.0,
                    -1.0
                ],
                "planeEquation": [
                    0.0,
                    0.0,
                    -1.0,
                    -4.76
                ],
                "pointsIdx": [
                    9,
                    0
                ],
                "width": 5.020335031209848
            }
        ]
    },
    "panoId": "nothing"
}