{
    "cameraHeight": 1.6,
    "layoutHeight": 2.9810329246520997,
    "layoutObj2ds": {
        "num": 0,
        "obj2ds": []
    },
    "layoutPoints": {
        "num": 14,
        "points": [
            {
                "coords": [
                    0.6559033729145438,
                    0.5
                ],
                "id": 0,
                "xyz": [
                    2.265625,
                    0.0,
                    -1.52099
                ]
            },
            {
                "coords": [
                    0.8765717859304012,
                    0.5
                ],
                "id": 0,
                "xyz": [
                    2.265625,
                    0.0,
                    2.310822653034903
                ]
            },
            {
                "coords": [
                    0.13630950611043985,
                    0.5
                ],
                "id": 0,
                "xyz": [
                    -2.6649995351891573,
                    0.0,
                    2.310822653034903
                ]
            },
            {
                "coords": [
                    0.3325405980496544,
                    0.5
                ],
                "id": 0,
                "xyz": [
                    -2.6649995351891573,
                    0.0,
                    -1.52099
                ]
            },
            {
                "coords": [
                    0.35305555555555557,
                    0.4284104374962379
                ],
                "id": 0,
                "xyz": [
                    -2.0111092766499463,
                    0.5768582088640017,
                    -1.5209900000000003
                ]
            },
            {
                "coords": [
                    0.363263888888889,
                    0.541449591880695
                ],
                "id": 0,
                "xyz": [
                    -2.0111092766499463,
                    -0.3477873226498467,
                    -1.7344122137133087
                ]
            },
            {
                "coords": [
                    0.28052369953249456,
                    0.512160504698276
                ],
                "id": 0,
                "xyz": [
                    -8.9323222658659,
                    -0.3477873226498467,
                    -1.7344122137133087
                ]
            },
            {
                "coords": [
                    0.3642193474451126,
                    0.4845258479194553
                ],
                "id": 0,
                "xyz": [
                    -8.9323222658659,
                    0.5768582088640017,
                    -7.797369491987143
                ]
            },
            {
                "coords": [
                    0.5433792643055079,
                    0.4911477622229427
                ],
                "id": 0,
                "xyz": [
                    2.1794905604627335,
                    0.2252155939660168,
                    -7.797369491987143
                ]
            },
            {
                "coords": [
                    0.549861111111111,
                    0.5081917304277951
                ],
                "id": 0,
                "xyz": [
                    2.1794905604627335,
                    -0.1820380612934804,
                    -6.72775348987613
                ]
            },
            {
                "coords": [
                    0.5729652460416181,
                    0.5077218699136549
                ],
                "id": 0,
                "xyz": [
                    3.320314183084876,
                    -0.1820380612934804,
                    -6.72775348987613
                ]
            },
            {
                "coords": [
                    0.6732859982934147,
                    0.5036037394536561
                ],
                "id": 0,
                "xyz": [
                    3.320314183084876,
                    -0.04242628885346295,
                    -1.7370759062509498
                ]
            },
            {
                "coords": [
                    0.5742361111111112,
                    0.5069427923788675
                ],
                "id": 0,
                "xyz": [
                    0.8746080409450249,
                    -0.04242628885346295,
                    -1.7370759062509498
                ]
            },
            {
                "coords": [
                    0.5830555555555555,
                    0.45936304413399576
                ],
                "id": 0,
                "xyz": [
                    0.8746080409450249,
                    0.2252155939660168,
                    -1.5209900000000003
                ]
            }
        ]
    },
    "layoutWalls": {
        "num": 14,
        "walls": [
            {
                "id": 0,
                "normal": [
                    1.0,
                    0.0,
                    -0.0
                ],
                "planeEquation": [
                    1.0,
                    0.0,
                    -0.0,
                    -2.265625
                ],
                "pointsIdx": [
                    0,
                    1
                ],
                "width": 3.831812653034903
            },
            {
                "id": 0,
                "normal": [
                    0.0,
                    0.0,
                    1.0
                ],
                "planeEquation": [
                    0.0,
                    0.0,
                    1.0,
                    -2.310822653034903
                ],
                "pointsIdx": [
                    1,
                    2
                ],
                "width": 4.930624535189157
            },
            {
                "id": 0,
                "normal": [
                    -1.0,
                    -0.0,
                    -0.0
                ],
                "planeEquation": [
                    -1.0,
                    -0.0,
                    -0.0,
                    -2.6649995351891573
                ],
                "pointsIdx": [
                    2,
                    3
                ],
                "width": 3.831812653034903
            },
            {
                "id": 0,
                "normal": [
                    -3.395747253080025e-16,
                    -0.0,
                    -1.0
                ],
                "planeEquation": [
                    -3.395747253080025e-16,
                    -0.0,
                    -1.0,
                    -1.520990000000001
                ],
                "pointsIdx": [
                    3,
                    4
                ],
                "width": 0.653890258539211
            },
            {
                "id": 0,
                "normal": [
                    -1.0,
                    -0.0,
                    -0.0
                ],
                "planeEquation": [
                    -1.0,
                    -0.0,
                    -0.0,
                    -2.0111092766499463
                ],
                "pointsIdx": [
                    4,
                    5
                ],
                "width": 0.21342221371330838
            },
            {
                "id": 0,
                "normal": [
                    0.0,
                    0.0,
                    1.0
                ],
                "planeEquation": [
                    0.0,
                    0.0,
                    1.0,
                    1.7344122137133087
                ],
                "pointsIdx": [
                    5,
                    6
                ],
                "width": 6.921212989215952
            },
            {
                "id": 0,
                "normal": [
                    -1.0,
                    -0.0,
                    -0.0
                ],
                "planeEquation": [
                    -1.0,
                    -0.0,
                    -0.0,
                    -8.9323222658659
                ],
                "pointsIdx": [
                    6,
                    7
                ],
                "width": 6.062957278273835
            },
            {
                "id": 0,
                "normal": [
                    0.0,
                    0.0,
                    -1.0
                ],
                "planeEquation": [
                    0.0,
                    0.0,
                    -1.0,
                    -7.797369491987143
                ],
                "pointsIdx": [
                    7,
                    8
                ],
                "width": 11.111812826328633
            },
            {
                "id": 0,
                "normal": [
                    1.0,
                    0.0,
                    -0.0
                ],
                "planeEquation": [
                    1.0,
                    0.0,
                    -0.0,
                    -2.1794905604627335
                ],
                "pointsIdx": [
                    8,
                    9
                ],
                "width": 1.0696160021110135
            },
            {
                "id": 0,
                "normal": [
                    0.0,
                    0.0,
                    -1.0
                ],
                "planeEquation": [
                    0.0,
                    0.0,
                    -1.0,
                    -6.72775348987613
                ],
                "pointsIdx": [
                    9,
                    10
                ],
                "width": 1.1408236226221424
            },
            {
                "id": 0,
                "normal": [
                    1.0,
                    0.0,
                    -0.0
                ],
                "planeEquation": [
                    1.0,
                    0.0,
                    -0.0,
                    -3.320314183084876
                ],
                "pointsIdx": [
                    10,
                    11
                ],
                "width": 4.99067758362518
            },
            {
                "id": 0,
                "normal": [
                    0.0,
                    0.0,
                    1.0
                ],
                "planeEquation": [
                    0.0,
                    0.0,
                    1.0,
                    1.7370759062509498
                ],
                "pointsIdx": [
                    11,
                    12
                ],
                "width": 2.445706142139851
            },
            {
                "id": 0,
                "normal": [
                    1.0,
                    0.0,
                    -0.0
                ],
                "planeEquation": [
                    1.0,
                    0.0,
                    -0.0,
                    -0.8746080409450249
                ],
                "pointsIdx": [
                    12,
                    13
                ],
                "width": 0.21608590625094948
            },
            {
                "id": 0,
                "normal": [
                    1.5962753256141703e-16,
                    0.0,
                    -1.0
                ],
                "planeEquation": [
                    1.5962753256141703e-16,
                    0.0,
                    -1.0,
                    -1.5209900000000005
                ],
                "pointsIdx": [
                    13,
                    0
                ],
                "width": 1.391016959054975
            }
        ]
    },
    "panoId": "nothing"
}