{
    "cameraHeight": 1.6,
    "layoutHeight": 3.139216567248833,
    "layoutObj2ds": {
        "num": 0,
        "obj2ds": []
    },
    "layoutPoints": {
        "num": 4,
        "points": [
            {
                "coords": [
                    0.6463377279935862,
                    0.5
                ],
                "id": 0,
                "xyz": [
                    1.754149463414634,
                    0.0,
                    -1.3371951219512195
                ]
            },
            {
                "coords": [
                    0.9265932081863753,
                    0.5
                ],
                "id": 0,
                "xyz": [
                    1.754149463414634,
                    0.0,
                    3.529619730438378
                ]
            },
            {
                "coords": [
                    0.08424020855163411,
                    0.5
                ],
                "id": 0,
                "xyz": [
                    -2.0647317073170735,
                    0.0,
                    3.529619730438378
                ]
            },
            {
                "coords": [
                    0.34146821517464165,
                    0.5
                ],
                "id": 0,
                "xyz": [
                    -2.0647317073170735,
                    0.0,
                    -1.3371951219512195
                ]
            }
        ]
    },
    "layoutWalls": {
        "num": 4,
        "walls": [
            {
                "id": 0,
                "normal": [
                    1.0,
                    0.0,
                    -0.0
                ],
                "planeEquation": [
                    1.0,
                    0.0,
                    -0.0,
                    -1.754149463414634
                ],
                "pointsIdx": [
                    0,
                    1
                ],
                "width": 4.866814852389598
            },
            {
                "id": 0,
                "normal": [
                    0.0,
                    0.0,
                    1.0
                ],
                "planeEquation": [
                    0.0,
                    0.0,
                    1.0,
                    -3.529619730438378
                ],
                "pointsIdx": [
                    1,
                    2
                ],
                "width": 3.818881170731707
            },
            {
                "id": 0,
                "normal": [
                    -1.0,
                    -0.0,
                    -0.0
                ],
                "planeEquation": [
                    -1.0,
                    -0.0,
                    -0.0,
                    -2.0647317073170735
                ],
                "pointsIdx": [
                    2,
                    3
                ],
                "width": 4.866814852389598
            },
            {
                "id": 0,
                "normal": [
                    0.0,
                    0.0,
                    -1.0
                ],
                "planeEquation": [
                    0.0,
                    0.0,
                    -1.0,
                    -1.3371951219512195
                ],
                "pointsIdx": [
                    3,
                    0
                ],
                "width": 3.818881170731707
            }
        ]
    },
    "panoId": "nothing"
}