{
    "cameraHeight": 1.6,
    "layoutHeight": 2.8951954174041745,
    "layoutObj2ds": {
        "num": 0,
        "obj2ds": []
    },
    "layoutPoints": {
        "num": 8,
        "points": [
            {
                "coords": [
                    0.592946843351754,
                    0.5
                ],
                "id": 0,
                "xyz": [
                    2.6,
                    0.0,
                    -3.934007311576323
                ]
            },
            {
                "coords": [
                    0.7476090299007853,
                    0.5
                ],
                "id": 0,
                "xyz": [
                    2.6,
                    0.0,
                    -0.0390625
                ]
            },
            {
                "coords": [
                    0.7481941137802068,
                    0.5
                ],
                "id": 0,
                "xyz": [
                    3.442477762857982,
                    0.0,
                    -0.0390625
                ]
            },
            {
                "coords": [
                    0.8323759462677227,
                    0.5
                ],
                "id": 0,
                "xyz": [
                    3.442477762857982,
                    0.0,
                    1.96
                ]
            },
            {
                "coords": [
                    0.1172277601128941,
                    0.5
                ],
                "id": 0,
                "xyz": [
                    -1.77734375,
                    0.0,
                    1.96
                ]
            },
            {
                "coords": [
                    0.10389227356731484,
                    0.5
                ],
                "id": 0,
                "xyz": [
                    -1.77734375,
                    0.0,
                    2.3245666660991806
                ]
            },
            {
                "coords": [
                    0.13937711330990266,
                    0.5
                ],
                "id": 0,
                "xyz": [
                    -2.78763268864,
                    0.0,
                    2.3245666660991806
                ]
            },
            {
                "coords": [
                    0.4018851698183254,
                    0.5
                ],
                "id": 0,
                "xyz": [
                    -2.78763268864,
                    0.0,
                    -3.934007311576323
                ]
            }
        ]
    },
    "layoutWalls": {
        "num": 8,
        "walls": [
            {
                "id": 0,
                "normal": [
                    1.0,
                    0.0,
                    -0.0
                ],
                "planeEquation": [
                    1.0,
                    0.0,
                    -0.0,
                    -2.6
                ],
                "pointsIdx": [
                    0,
                    1
                ],
                "width": 3.894944811576323
            },
            {
                "id": 0,
                "normal": [
                    0.0,
                    0.0,
                    -1.0
                ],
                "planeEquation": [
                    0.0,
                    0.0,
                    -1.0,
                    -0.0390625
                ],
                "pointsIdx": [
                    1,
                    2
                ],
                "width": 0.8424777628579818
            },
            {
                "id": 0,
                "normal": [
                    1.0,
                    0.0,
                    -0.0
                ],
                "planeEquation": [
                    1.0,
                    0.0,
                    -0.0,
                    -3.442477762857982
                ],
                "pointsIdx": [
                    2,
                    3
                ],
                "width": 1.9990625
            },
            {
                "id": 0,
                "normal": [
                    0.0,
                    0.0,
                    1.0
                ],
                "planeEquation": [
                    0.0,
                    0.0,
                    1.0,
                    -1.96
                ],
                "pointsIdx": [
                    3,
                    4
                ],
                "width": 5.2198215128579815
            },
            {
                "id": 0,
                "normal": [
                    1.0,
                    0.0,
                    -0.0
                ],
                "planeEquation": [
                    1.0,
                    0.0,
                    -0.0,
                    1.77734375
                ],
                "pointsIdx": [
                    4,
                    5
                ],
                "width": 0.36456666609918065
            },
            {
                "id": 0,
                "normal": [
                    0.0,
                    0.0,
                    1.0
                ],
                "planeEquation": [
                    0.0,
                    0.0,
                    1.0,
                    -2.3245666660991806
                ],
                "pointsIdx": [
                    5,
                    6
                ],
                "width": 1.01028893864
            },
            {
                "id": 0,
                "normal": [
                    -1.0,
                    -0.0,
                    -0.0
                ],
                "planeEquation": [
                    -1.0,
                    -0.0,
                    -0.0,
                    -2.78763268864
                ],
                "pointsIdx": [
                    6,
                    7
                ],
                "width": 6.258573977675503
            },
            {
                "id": 0,
                "normal": [
                    0.0,
                    0.0,
                    -1.0
                ],
                "planeEquation": [
                    0.0,
                    0.0,
                    -1.0,
                    -3.934007311576323
                ],
                "pointsIdx": [
                    7,
                    0
                ],
                "width": 5.38763268864
            }
        ]
    },
    "panoId": "nothing"
}