{
    "cameraHeight": 1.6,
    "layoutHeight": 3.1490410137176514,
    "layoutObj2ds": {
        "num": 0,
        "obj2ds": []
    },
    "layoutPoints": {
        "num": 8,
        "points": [
            {
                "coords": [
                    0.6816038881037048,
                    0.5
                ],
                "id": 0,
                "xyz": [
                    7.670795461213757,
                    0.0,
                    -3.515625
                ]
            },
            {
                "coords": [
                    0.7663384308240078,
                    0.5
                ],
                "id": 0,
                "xyz": [
                    7.670795461213757,
                    0.0,
                    0.7902417800723003
                ]
            },
            {
                "coords": [
                    0.14638888888888896,
                    0.6308777852563192
                ],
                "id": 0,
                "xyz": [
                    -1.0373406144993038,
                    -0.5685893356897818,
                    0.7902417800723003
                ]
            },
            {
                "coords": [
                    0.11583070285883718,
                    0.6112939044656126
                ],
                "id": 0,
                "xyz": [
                    -1.0373406144993038,
                    -0.5685893356897818,
                    1.1643243258210314
                ]
            },
            {
                "coords": [
                    0.19225155692914347,
                    0.5
                ],
                "id": 0,
                "xyz": [
                    -3.066808081030016,
                    0.0,
                    1.1643243258210314
                ]
            },
            {
                "coords": [
                    0.292479354056738,
                    0.5
                ],
                "id": 0,
                "xyz": [
                    -3.066808081030016,
                    0.0,
                    -0.83855616
                ]
            },
            {
                "coords": [
                    0.3807872054502024,
                    0.5
                ],
                "id": 0,
                "xyz": [
                    -0.7796875,
                    0.0,
                    -0.83855616
                ]
            },
            {
                "coords": [
                    0.46526516950363017,
                    0.5
                ],
                "id": 0,
                "xyz": [
                    -0.7796875,
                    0.0,
                    -3.515625
                ]
            }
        ]
    },
    "layoutWalls": {
        "num": 8,
        "walls": [
            {
                "id": 0,
                "normal": [
                    1.0,
                    0.0,
                    -0.0
                ],
                "planeEquation": [
                    1.0,
                    0.0,
                    -0.0,
                    -7.670795461213757
                ],
                "pointsIdx": [
                    0,
                    1
                ],
                "width": 4.3058667800723
            },
            {
                "id": 0,
                "normal": [
                    0.0,
                    0.0,
                    1.0
                ],
                "planeEquation": [
                    0.0,
                    0.0,
                    1.0,
                    -0.7902417800723003
                ],
                "pointsIdx": [
                    1,
                    2
                ],
                "width": 8.70813607571306
            },
            {
                "id": 0,
                "normal": [
                    1.0,
                    0.0,
                    -0.0
                ],
                "planeEquation": [
                    1.0,
                    0.0,
                    -0.0,
                    1.0373406144993038
                ],
                "pointsIdx": [
                    2,
                    3
                ],
                "width": 0.3740825457487311
            },
            {
                "id": 0,
                "normal": [
                    0.0,
                    0.0,
                    1.0
                ],
                "planeEquation": [
                    0.0,
                    0.0,
                    1.0,
                    -1.1643243258210314
                ],
                "pointsIdx": [
                    3,
                    4
                ],
                "width": 2.029467466530712
            },
            {
                "id": 0,
                "normal": [
                    -1.0,
                    -0.0,
                    -0.0
                ],
                "planeEquation": [
                    -1.0,
                    -0.0,
                    -0.0,
                    -3.066808081030016
                ],
                "pointsIdx": [
                    4,
                    5
                ],
                "width": 2.0028804858210316
            },
            {
                "id": 0,
                "normal": [
                    0.0,
                    0.0,
                    -1.0
                ],
                "planeEquation": [
                    0.0,
                    0.0,
                    -1.0,
                    -0.83855616
                ],
                "pointsIdx": [
                    5,
                    6
                ],
                "width": 2.287120581030016
            },
            {
                "id": 0,
                "normal": [
                    -1.0,
                    -0.0,
                    -0.0
                ],
                "planeEquation": [
                    -1.0,
                    -0.0,
                    -0.0,
                    -0.7796875
                ],
                "pointsIdx": [
                    6,
                    7
                ],
                "width": 2.67706884
            },
            {
                "id": 0,
                "normal": [
                    0.0,
                    0.0,
                    -1.0
                ],
                "planeEquation": [
                    0.0,
                    0.0,
                    -1.0,
                    -3.515625
                ],
                "pointsIdx": [
                    7,
                    0
                ],
                "width": 8.450482961213757
            }
        ]
    },
    "panoId": "nothing"
}