{
    "cameraHeight": 1.6,
    "layoutHeight": 3.1604522895812988,
    "layoutObj2ds": {
        "num": 0,
        "obj2ds": []
    },
    "layoutPoints": {
        "num": 4,
        "points": [
            {
                "coords": [
                    0.710413927028261,
                    0.5
                ],
                "id": 0,
                "xyz": [
                    1.1519080521171559,
                    0.0,
                    -0.2925684845254804
                ]
            },
            {
                "coords": [
                    0.9527901782740154,
                    0.5
                ],
                "id": 0,
                "xyz": [
                    1.1519080521171559,
                    0.0,
                    3.76877168
                ]
            },
            {
                "coords": [
                    0.1262410361068989,
                    0.5
                ],
                "id": 0,
                "xyz": [
                    -3.82801,
                    0.0,
                    3.76877168
                ]
            },
            {
                "coords": [
                    0.26214034781472245,
                    0.5
                ],
                "id": 0,
                "xyz": [
                    -3.82801,
                    0.0,
                    -0.2925684845254804
                ]
            }
        ]
    },
    "layoutWalls": {
        "num": 4,
        "walls": [
            {
                "id": 0,
                "normal": [
                    1.0,
                    0.0,
                    -0.0
                ],
                "planeEquation": [
                    1.0,
                    0.0,
                    -0.0,
                    -1.1519080521171559
                ],
                "pointsIdx": [
                    0,
                    1
                ],
                "width": 4.061340164525481
            },
            {
                "id": 0,
                "normal": [
                    0.0,
                    0.0,
                    1.0
                ],
                "planeEquation": [
                    0.0,
                    0.0,
                    1.0,
                    -3.76877168
                ],
                "pointsIdx": [
                    1,
                    2
                ],
                "width": 4.9799180521171555
            },
            {
                "id": 0,
                "normal": [
                    -1.0,
                    -0.0,
                    -0.0
                ],
                "planeEquation": [
                    -1.0,
                    -0.0,
                    -0.0,
                    -3.82801
                ],
                "pointsIdx": [
                    2,
                    3
                ],
                "width": 4.061340164525481
            },
            {
                "id": 0,
                "normal": [
                    0.0,
                    0.0,
                    -1.0
                ],
                "planeEquation": [
                    0.0,
                    0.0,
                    -1.0,
                    -0.2925684845254804
                ],
                "pointsIdx": [
                    3,
                    0
                ],
                "width": 4.9799180521171555
            }
        ]
    },
    "panoId": "nothing"
}