{
    "cameraHeight": 1.6,
    "layoutHeight": 3.161572256088257,
    "layoutObj2ds": {
        "num": 0,
        "obj2ds": []
    },
    "layoutPoints": {
        "num": 4,
        "points": [
            {
                "coords": [
                    0.7168704072483053,
                    0.5
                ],
                "id": 0,
                "xyz": [
                    3.2337098849819035,
                    0.0,
                    -0.6830208
                ]
            },
            {
                "coords": [
                    0.8831847988867662,
                    0.5
                ],
                "id": 0,
                "xyz": [
                    3.2337098849819035,
                    0.0,
                    3.5846652348347186
                ]
            },
            {
                "coords": [
                    0.08403284110133374,
                    0.5
                ],
                "id": 0,
                "xyz": [
                    -2.09066780803072,
                    0.0,
                    3.5846652348347186
                ]
            },
            {
                "coords": [
                    0.3002561272926686,
                    0.5
                ],
                "id": 0,
                "xyz": [
                    -2.09066780803072,
                    0.0,
                    -0.6830208
                ]
            }
        ]
    },
    "layoutWalls": {
        "num": 4,
        "walls": [
            {
                "id": 0,
                "normal": [
                    1.0,
                    0.0,
                    -0.0
                ],
                "planeEquation": [
                    1.0,
                    0.0,
                    -0.0,
                    -3.2337098849819035
                ],
                "pointsIdx": [
                    0,
                    1
                ],
                "width": 4.2676860348347185
            },
            {
                "id": 0,
                "normal": [
                    0.0,
                    0.0,
                    1.0
                ],
                "planeEquation": [
                    0.0,
                    0.0,
                    1.0,
                    -3.5846652348347186
                ],
                "pointsIdx": [
                    1,
                    2
                ],
                "width": 5.324377693012623
            },
            {
                "id": 0,
                "normal": [
                    -1.0,
                    -0.0,
                    -0.0
                ],
                "planeEquation": [
                    -1.0,
                    -0.0,
                    -0.0,
                    -2.09066780803072
                ],
                "pointsIdx": [
                    2,
                    3
                ],
                "width": 4.2676860348347185
            },
            {
                "id": 0,
                "normal": [
                    0.0,
                    0.0,
                    -1.0
                ],
                "planeEquation": [
                    0.0,
                    0.0,
                    -1.0,
                    -0.6830208
                ],
                "pointsIdx": [
                    3,
                    0
                ],
                "width": 5.324377693012623
            }
        ]
    },
    "panoId": "nothing"
}