{
    "cameraHeight": 1.6,
    "layoutHeight": 3.4930493068695068,
    "layoutObj2ds": {
        "num": 0,
        "obj2ds": []
    },
    "layoutPoints": {
        "num": 8,
        "points": [
            {
                "coords": [
                    0.590240299444469,
                    0.5
                ],
                "id": 0,
                "xyz": [
                    2.9349700000000003,
                    0.0,
                    -4.609375
                ]
            },
            {
                "coords": [
                    0.7440426813430906,
                    0.5
                ],
                "id": 0,
                "xyz": [
                    2.9349700000000003,
                    0.0,
                    -0.10991001284985753
                ]
            },
            {
                "coords": [
                    0.7314454690604606,
                    0.5
                ],
                "id": 0,
                "xyz": [
                    0.93849856,
                    0.0,
                    -0.10991001284985753
                ]
            },
            {
                "coords": [
                    0.8392543426940531,
                    0.5
                ],
                "id": 0,
                "xyz": [
                    0.93849856,
                    0.0,
                    0.5894397337600001
                ]
            },
            {
                "coords": [
                    0.1803390247168859,
                    0.5
                ],
                "id": 0,
                "xyz": [
                    -1.2595806869061632,
                    0.0,
                    0.5894397337600001
                ]
            },
            {
                "coords": [
                    0.4309722222222222,
                    0.39510154871718406
                ],
                "id": 0,
                "xyz": [
                    -1.2595806869061632,
                    1.0251231580476623,
                    -2.7197466066192684
                ]
            },
            {
                "coords": [
                    0.39427261438839756,
                    0.40817190333447784
                ],
                "id": 0,
                "xyz": [
                    -2.1296316405748077,
                    1.0251231580476623,
                    -2.7197466066192684
                ]
            },
            {
                "coords": [
                    0.431116762618467,
                    0.5
                ],
                "id": 0,
                "xyz": [
                    -2.1296316405748077,
                    0.0,
                    -4.609375
                ]
            }
        ]
    },
    "layoutWalls": {
        "num": 8,
        "walls": [
            {
                "id": 0,
                "normal": [
                    1.0,
                    0.0,
                    -0.0
                ],
                "planeEquation": [
                    1.0,
                    0.0,
                    -0.0,
                    -2.9349700000000003
                ],
                "pointsIdx": [
                    0,
                    1
                ],
                "width": 4.499464987150143
            },
            {
                "id": 0,
                "normal": [
                    0.0,
                    0.0,
                    1.0
                ],
                "planeEquation": [
                    0.0,
                    0.0,
                    1.0,
                    0.10991001284985753
                ],
                "pointsIdx": [
                    1,
                    2
                ],
                "width": 1.9964714400000003
            },
            {
                "id": 0,
                "normal": [
                    1.0,
                    0.0,
                    -0.0
                ],
                "planeEquation": [
                    1.0,
                    0.0,
                    -0.0,
                    -0.93849856
                ],
                "pointsIdx": [
                    2,
                    3
                ],
                "width": 0.6993497466098577
            },
            {
                "id": 0,
                "normal": [
                    0.0,
                    0.0,
                    1.0
                ],
                "planeEquation": [
                    0.0,
                    0.0,
                    1.0,
                    -0.5894397337600001
                ],
                "pointsIdx": [
                    3,
                    4
                ],
                "width": 2.198079246906163
            },
            {
                "id": 0,
                "normal": [
                    -1.0,
                    -0.0,
                    -0.0
                ],
                "planeEquation": [
                    -1.0,
                    -0.0,
                    -0.0,
                    -1.2595806869061632
                ],
                "pointsIdx": [
                    4,
                    5
                ],
                "width": 3.3091863403792683
            },
            {
                "id": 0,
                "normal": [
                    0.0,
                    0.0,
                    1.0
                ],
                "planeEquation": [
                    0.0,
                    0.0,
                    1.0,
                    2.7197466066192684
                ],
                "pointsIdx": [
                    5,
                    6
                ],
                "width": 0.8700509536686445
            },
            {
                "id": 0,
                "normal": [
                    -1.0,
                    -0.0,
                    -0.0
                ],
                "planeEquation": [
                    -1.0,
                    -0.0,
                    -0.0,
                    -2.1296316405748077
                ],
                "pointsIdx": [
                    6,
                    7
                ],
                "width": 1.8896283933807316
            },
            {
                "id": 0,
                "normal": [
                    0.0,
                    0.0,
                    -1.0
                ],
                "planeEquation": [
                    0.0,
                    0.0,
                    -1.0,
                    -4.609375
                ],
                "pointsIdx": [
                    7,
                    0
                ],
                "width": 5.064601640574808
            }
        ]
    },
    "panoId": "nothing"
}