{
    "cameraHeight": 1.6,
    "layoutHeight": 3.0965396308898923,
    "layoutObj2ds": {
        "num": 0,
        "obj2ds": []
    },
    "layoutPoints": {
        "num": 4,
        "points": [
            {
                "coords": [
                    0.5218314648047401,
                    0.5
                ],
                "id": 0,
                "xyz": [
                    0.88842,
                    0.0,
                    -6.436053953778143
                ]
            },
            {
                "coords": [
                    0.97007857022964,
                    0.5
                ],
                "id": 0,
                "xyz": [
                    0.88842,
                    0.0,
                    4.6697843335698845
                ]
            },
            {
                "coords": [
                    0.10258917386348299,
                    0.5
                ],
                "id": 0,
                "xyz": [
                    -3.5102664223279936,
                    0.0,
                    4.6697843335698845
                ]
            },
            {
                "coords": [
                    0.42053237982636327,
                    0.5
                ],
                "id": 0,
                "xyz": [
                    -3.5102664223279936,
                    0.0,
                    -6.436053953778143
                ]
            }
        ]
    },
    "layoutWalls": {
        "num": 4,
        "walls": [
            {
                "id": 0,
                "normal": [
                    1.0,
                    0.0,
                    -0.0
                ],
                "planeEquation": [
                    1.0,
                    0.0,
                    -0.0,
                    -0.88842
                ],
                "pointsIdx": [
                    0,
                    1
                ],
                "width": 11.105838287348028
            },
            {
                "id": 0,
                "normal": [
                    0.0,
                    0.0,
                    1.0
                ],
                "planeEquation": [
                    0.0,
                    0.0,
                    1.0,
                    -4.6697843335698845
                ],
                "pointsIdx": [
                    1,
                    2
                ],
                "width": 4.398686422327994
            },
            {
                "id": 0,
                "normal": [
                    -1.0,
                    -0.0,
                    -0.0
                ],
                "planeEquation": [
                    -1.0,
                    -0.0,
                    -0.0,
                    -3.5102664223279936
                ],
                "pointsIdx": [
                    2,
                    3
                ],
                "width": 11.105838287348028
            },
            {
                "id": 0,
                "normal": [
                    0.0,
                    0.0,
                    -1.0
                ],
                "planeEquation": [
                    0.0,
                    0.0,
                    -1.0,
                    -6.436053953778143
                ],
                "pointsIdx": [
                    3,
                    0
                ],
                "width": 4.398686422327994
            }
        ]
    },
    "panoId": "nothing"
}