{
    "cameraHeight": 1.6,
    "layoutHeight": 3.424988670349121,
    "layoutObj2ds": {
        "num": 0,
        "obj2ds": []
    },
    "layoutPoints": {
        "num": 10,
        "points": [
            {
                "coords": [
                    0.6256990783543884,
                    0.5
                ],
                "id": 0,
                "xyz": [
                    4.762821050557375,
                    0.0,
                    -4.72116296286208
                ]
            },
            {
                "coords": [
                    0.7730732092537559,
                    0.5
                ],
                "id": 0,
                "xyz": [
                    4.762821050557375,
                    0.0,
                    0.69536
                ]
            },
            {
                "coords": [
                    0.17177319761216858,
                    0.5
                ],
                "id": 0,
                "xyz": [
                    -1.2989278643200002,
                    0.0,
                    0.69536
                ]
            },
            {
                "coords": [
                    0.28983020222633993,
                    0.5
                ],
                "id": 0,
                "xyz": [
                    -1.2989278643200002,
                    0.0,
                    -0.33203125
                ]
            },
            {
                "coords": [
                    0.26157284167852823,
                    0.5
                ],
                "id": 0,
                "xyz": [
                    -4.5581929930653695,
                    0.0,
                    -0.33203125
                ]
            },
            {
                "coords": [
                    0.3153331694019056,
                    0.5
                ],
                "id": 0,
                "xyz": [
                    -4.5581929930653695,
                    0.0,
                    -1.9838453513349157
                ]
            },
            {
                "coords": [
                    0.48314159288022634,
                    0.5
                ],
                "id": 0,
                "xyz": [
                    -0.21092727745846307,
                    0.0,
                    -1.9838453513349157
                ]
            },
            {
                "coords": [
                    0.43351756453457024,
                    0.5
                ],
                "id": 0,
                "xyz": [
                    -0.21092727745846307,
                    0.0,
                    -0.47523014332827984
                ]
            },
            {
                "coords": [
                    0.5842419824286,
                    0.5
                ],
                "id": 0,
                "xyz": [
                    0.2780038398393389,
                    0.0,
                    -0.47523014332827984
                ]
            },
            {
                "coords": [
                    0.5093609673426683,
                    0.5
                ],
                "id": 0,
                "xyz": [
                    0.2780038398393389,
                    0.0,
                    -4.72116296286208
                ]
            }
        ]
    },
    "layoutWalls": {
        "num": 10,
        "walls": [
            {
                "id": 0,
                "normal": [
                    1.0,
                    0.0,
                    -0.0
                ],
                "planeEquation": [
                    1.0,
                    0.0,
                    -0.0,
                    -4.762821050557375
                ],
                "pointsIdx": [
                    0,
                    1
                ],
                "width": 5.41652296286208
            },
            {
                "id": 0,
                "normal": [
                    0.0,
                    0.0,
                    1.0
                ],
                "planeEquation": [
                    0.0,
                    0.0,
                    1.0,
                    -0.69536
                ],
                "pointsIdx": [
                    1,
                    2
                ],
                "width": 6.061748914877375
            },
            {
                "id": 0,
                "normal": [
                    -1.0,
                    -0.0,
                    -0.0
                ],
                "planeEquation": [
                    -1.0,
                    -0.0,
                    -0.0,
                    -1.2989278643200002
                ],
                "pointsIdx": [
                    2,
                    3
                ],
                "width": 1.02739125
            },
            {
                "id": 0,
                "normal": [
                    0.0,
                    0.0,
                    1.0
                ],
                "planeEquation": [
                    0.0,
                    0.0,
                    1.0,
                    0.33203125
                ],
                "pointsIdx": [
                    3,
                    4
                ],
                "width": 3.259265128745369
            },
            {
                "id": 0,
                "normal": [
                    -1.0,
                    -0.0,
                    -0.0
                ],
                "planeEquation": [
                    -1.0,
                    -0.0,
                    -0.0,
                    -4.5581929930653695
                ],
                "pointsIdx": [
                    4,
                    5
                ],
                "width": 1.6518141013349157
            },
            {
                "id": 0,
                "normal": [
                    0.0,
                    0.0,
                    -1.0
                ],
                "planeEquation": [
                    0.0,
                    0.0,
                    -1.0,
                    -1.9838453513349157
                ],
                "pointsIdx": [
                    5,
                    6
                ],
                "width": 4.347265715606906
            },
            {
                "id": 0,
                "normal": [
                    1.0,
                    0.0,
                    -0.0
                ],
                "planeEquation": [
                    1.0,
                    0.0,
                    -0.0,
                    0.21092727745846307
                ],
                "pointsIdx": [
                    6,
                    7
                ],
                "width": 1.5086152080066357
            },
            {
                "id": 0,
                "normal": [
                    0.0,
                    0.0,
                    -1.0
                ],
                "planeEquation": [
                    0.0,
                    0.0,
                    -1.0,
                    -0.47523014332827984
                ],
                "pointsIdx": [
                    7,
                    8
                ],
                "width": 0.488931117297802
            },
            {
                "id": 0,
                "normal": [
                    -1.0,
                    -0.0,
                    -0.0
                ],
                "planeEquation": [
                    -1.0,
                    -0.0,
                    -0.0,
                    0.2780038398393389
                ],
                "pointsIdx": [
                    8,
                    9
                ],
                "width": 4.245932819533801
            },
            {
                "id": 0,
                "normal": [
                    0.0,
                    0.0,
                    -1.0
                ],
                "planeEquation": [
                    0.0,
                    0.0,
                    -1.0,
                    -4.72116296286208
                ],
                "pointsIdx": [
                    9,
                    0
                ],
                "width": 4.484817210718036
            }
        ]
    },
    "panoId": "nothing"
}