{
    "cameraHeight": 1.6,
    "layoutHeight": 2.9946777343749993,
    "layoutObj2ds": {
        "num": 0,
        "obj2ds": []
    },
    "layoutPoints": {
        "num": 4,
        "points": [
            {
                "coords": [
                    0.6599988059678367,
                    0.5
                ],
                "id": 0,
                "xyz": [
                    1.805444139242342,
                    0.0,
                    -1.1457886916684599
                ]
            },
            {
                "coords": [
                    0.8508874544421192,
                    0.5
                ],
                "id": 0,
                "xyz": [
                    1.805444139242342,
                    0.0,
                    1.3271760355033853
                ]
            },
            {
                "coords": [
                    0.16747242968135106,
                    0.5
                ],
                "id": 0,
                "xyz": [
                    -2.325851009331986,
                    0.0,
                    1.3271760355033853
                ]
            },
            {
                "coords": [
                    0.3228509270332297,
                    0.5
                ],
                "id": 0,
                "xyz": [
                    -2.325851009331986,
                    0.0,
                    -1.1457886916684599
                ]
            }
        ]
    },
    "layoutWalls": {
        "num": 4,
        "walls": [
            {
                "id": 0,
                "normal": [
                    1.0,
                    0.0,
                    -0.0
                ],
                "planeEquation": [
                    1.0,
                    0.0,
                    -0.0,
                    -1.805444139242342
                ],
                "pointsIdx": [
                    0,
                    1
                ],
                "width": 2.472964727171845
            },
            {
                "id": 0,
                "normal": [
                    0.0,
                    0.0,
                    1.0
                ],
                "planeEquation": [
                    0.0,
                    0.0,
                    1.0,
                    -1.3271760355033853
                ],
                "pointsIdx": [
                    1,
                    2
                ],
                "width": 4.131295148574328
            },
            {
                "id": 0,
                "normal": [
                    -1.0,
                    -0.0,
                    -0.0
                ],
                "planeEquation": [
                    -1.0,
                    -0.0,
                    -0.0,
                    -2.325851009331986
                ],
                "pointsIdx": [
                    2,
                    3
                ],
                "width": 2.472964727171845
            },
            {
                "id": 0,
                "normal": [
                    0.0,
                    0.0,
                    -1.0
                ],
                "planeEquation": [
                    0.0,
                    0.0,
                    -1.0,
                    -1.1457886916684599
                ],
                "pointsIdx": [
                    3,
                    0
                ],
                "width": 4.131295148574328
            }
        ]
    },
    "panoId": "nothing"
}