{
    "cameraHeight": 1.6,
    "layoutHeight": 3.3722894096374514,
    "layoutObj2ds": {
        "num": 0,
        "obj2ds": []
    },
    "layoutPoints": {
        "num": 4,
        "points": [
            {
                "coords": [
                    0.6308385820164562,
                    0.5
                ],
                "id": 0,
                "xyz": [
                    3.23936,
                    0.0,
                    -3.01
                ]
            },
            {
                "coords": [
                    0.8306032199627508,
                    0.5
                ],
                "id": 0,
                "xyz": [
                    3.23936,
                    0.0,
                    1.796875
                ]
            },
            {
                "coords": [
                    0.07633004088191686,
                    0.5
                ],
                "id": 0,
                "xyz": [
                    -0.9345496358912002,
                    0.0,
                    1.796875
                ]
            },
            {
                "coords": [
                    0.45208720140259223,
                    0.5
                ],
                "id": 0,
                "xyz": [
                    -0.9345496358912002,
                    0.0,
                    -3.01
                ]
            }
        ]
    },
    "layoutWalls": {
        "num": 4,
        "walls": [
            {
                "id": 0,
                "normal": [
                    1.0,
                    0.0,
                    -0.0
                ],
                "planeEquation": [
                    1.0,
                    0.0,
                    -0.0,
                    -3.23936
                ],
                "pointsIdx": [
                    0,
                    1
                ],
                "width": 4.806875
            },
            {
                "id": 0,
                "normal": [
                    0.0,
                    0.0,
                    1.0
                ],
                "planeEquation": [
                    0.0,
                    0.0,
                    1.0,
                    -1.796875
                ],
                "pointsIdx": [
                    1,
                    2
                ],
                "width": 4.1739096358912
            },
            {
                "id": 0,
                "normal": [
                    -1.0,
                    -0.0,
                    -0.0
                ],
                "planeEquation": [
                    -1.0,
                    -0.0,
                    -0.0,
                    -0.9345496358912002
                ],
                "pointsIdx": [
                    2,
                    3
                ],
                "width": 4.806875
            },
            {
                "id": 0,
                "normal": [
                    0.0,
                    0.0,
                    -1.0
                ],
                "planeEquation": [
                    0.0,
                    0.0,
                    -1.0,
                    -3.01
                ],
                "pointsIdx": [
                    3,
                    0
                ],
                "width": 4.1739096358912
            }
        ]
    },
    "panoId": "nothing"
}