{
    "cameraHeight": 1.6,
    "layoutHeight": 3.066378726959228,
    "layoutObj2ds": {
        "num": 0,
        "obj2ds": []
    },
    "layoutPoints": {
        "num": 4,
        "points": [
            {
                "coords": [
                    0.5977668068301976,
                    0.5
                ],
                "id": 0,
                "xyz": [
                    1.7931687919838823,
                    0.0,
                    -2.5423508461567996
                ]
            },
            {
                "coords": [
                    0.8735015594904206,
                    0.5
                ],
                "id": 0,
                "xyz": [
                    1.7931687919838823,
                    0.0,
                    1.7597174528
                ]
            },
            {
                "coords": [
                    0.21902477957190075,
                    0.5
                ],
                "id": 0,
                "xyz": [
                    -8.927220466486187,
                    0.0,
                    1.7597174528
                ]
            },
            {
                "coords": [
                    0.29415619864852266,
                    0.5
                ],
                "id": 0,
                "xyz": [
                    -8.927220466486187,
                    0.0,
                    -2.5423508461567996
                ]
            }
        ]
    },
    "layoutWalls": {
        "num": 4,
        "walls": [
            {
                "id": 0,
                "normal": [
                    1.0,
                    0.0,
                    -0.0
                ],
                "planeEquation": [
                    1.0,
                    0.0,
                    -0.0,
                    -1.7931687919838823
                ],
                "pointsIdx": [
                    0,
                    1
                ],
                "width": 4.302068298956799
            },
            {
                "id": 0,
                "normal": [
                    0.0,
                    0.0,
                    1.0
                ],
                "planeEquation": [
                    0.0,
                    0.0,
                    1.0,
                    -1.7597174528
                ],
                "pointsIdx": [
                    1,
                    2
                ],
                "width": 10.72038925847007
            },
            {
                "id": 0,
                "normal": [
                    -1.0,
                    -0.0,
                    -0.0
                ],
                "planeEquation": [
                    -1.0,
                    -0.0,
                    -0.0,
                    -8.927220466486187
                ],
                "pointsIdx": [
                    2,
                    3
                ],
                "width": 4.302068298956799
            },
            {
                "id": 0,
                "normal": [
                    0.0,
                    0.0,
                    -1.0
                ],
                "planeEquation": [
                    0.0,
                    0.0,
                    -1.0,
                    -2.5423508461567996
                ],
                "pointsIdx": [
                    3,
                    0
                ],
                "width": 10.72038925847007
            }
        ]
    },
    "panoId": "nothing"
}