{
    "cameraHeight": 1.6,
    "layoutHeight": 3.360606117248535,
    "layoutObj2ds": {
        "num": 0,
        "obj2ds": []
    },
    "layoutPoints": {
        "num": 4,
        "points": [
            {
                "coords": [
                    0.5135324712728508,
                    0.5
                ],
                "id": 0,
                "xyz": [
                    0.2689470367201813,
                    0.0,
                    -3.15545085952
                ]
            },
            {
                "coords": [
                    0.9739124467040332,
                    0.5
                ],
                "id": 0,
                "xyz": [
                    0.2689470367201813,
                    0.0,
                    1.62607104
                ]
            },
            {
                "coords": [
                    0.18758279356750412,
                    0.5
                ],
                "id": 0,
                "xyz": [
                    -3.931466147988001,
                    0.0,
                    1.62607104
                ]
            },
            {
                "coords": [
                    0.35764173724496306,
                    0.5
                ],
                "id": 0,
                "xyz": [
                    -3.931466147988001,
                    0.0,
                    -3.15545085952
                ]
            }
        ]
    },
    "layoutWalls": {
        "num": 4,
        "walls": [
            {
                "id": 0,
                "normal": [
                    1.0,
                    0.0,
                    -0.0
                ],
                "planeEquation": [
                    1.0,
                    0.0,
                    -0.0,
                    -0.2689470367201813
                ],
                "pointsIdx": [
                    0,
                    1
                ],
                "width": 4.78152189952
            },
            {
                "id": 0,
                "normal": [
                    0.0,
                    0.0,
                    1.0
                ],
                "planeEquation": [
                    0.0,
                    0.0,
                    1.0,
                    -1.62607104
                ],
                "pointsIdx": [
                    1,
                    2
                ],
                "width": 4.200413184708182
            },
            {
                "id": 0,
                "normal": [
                    -1.0,
                    -0.0,
                    -0.0
                ],
                "planeEquation": [
                    -1.0,
                    -0.0,
                    -0.0,
                    -3.931466147988001
                ],
                "pointsIdx": [
                    2,
                    3
                ],
                "width": 4.78152189952
            },
            {
                "id": 0,
                "normal": [
                    0.0,
                    0.0,
                    -1.0
                ],
                "planeEquation": [
                    0.0,
                    0.0,
                    -1.0,
                    -3.15545085952
                ],
                "pointsIdx": [
                    3,
                    0
                ],
                "width": 4.200413184708182
            }
        ]
    },
    "panoId": "nothing"
}