{
    "cameraHeight": 1.6,
    "layoutHeight": 3.2616390786519864,
    "layoutObj2ds": {
        "num": 0,
        "obj2ds": []
    },
    "layoutPoints": {
        "num": 4,
        "points": [
            {
                "coords": [
                    0.63290917197177,
                    0.5
                ],
                "id": 0,
                "xyz": [
                    2.963208741463414,
                    0.0,
                    -2.682419245205316
                ]
            },
            {
                "coords": [
                    0.8413193382527862,
                    0.5
                ],
                "id": 0,
                "xyz": [
                    2.963208741463414,
                    0.0,
                    1.9151493569560976
                ]
            },
            {
                "coords": [
                    0.11264535987844909,
                    0.5
                ],
                "id": 0,
                "xyz": [
                    -1.638719512195122,
                    0.0,
                    1.9151493569560976
                ]
            },
            {
                "coords": [
                    0.4127188379990397,
                    0.5
                ],
                "id": 0,
                "xyz": [
                    -1.638719512195122,
                    0.0,
                    -2.682419245205316
                ]
            }
        ]
    },
    "layoutWalls": {
        "num": 4,
        "walls": [
            {
                "id": 0,
                "normal": [
                    1.0,
                    0.0,
                    -0.0
                ],
                "planeEquation": [
                    1.0,
                    0.0,
                    -0.0,
                    -2.963208741463414
                ],
                "pointsIdx": [
                    0,
                    1
                ],
                "width": 4.597568602161413
            },
            {
                "id": 0,
                "normal": [
                    0.0,
                    0.0,
                    1.0
                ],
                "planeEquation": [
                    0.0,
                    0.0,
                    1.0,
                    -1.9151493569560976
                ],
                "pointsIdx": [
                    1,
                    2
                ],
                "width": 4.601928253658536
            },
            {
                "id": 0,
                "normal": [
                    -1.0,
                    -0.0,
                    -0.0
                ],
                "planeEquation": [
                    -1.0,
                    -0.0,
                    -0.0,
                    -1.638719512195122
                ],
                "pointsIdx": [
                    2,
                    3
                ],
                "width": 4.597568602161413
            },
            {
                "id": 0,
                "normal": [
                    0.0,
                    0.0,
                    -1.0
                ],
                "planeEquation": [
                    0.0,
                    0.0,
                    -1.0,
                    -2.682419245205316
                ],
                "pointsIdx": [
                    3,
                    0
                ],
                "width": 4.601928253658536
            }
        ]
    },
    "panoId": "nothing"
}