{
    "cameraHeight": 1.6,
    "layoutHeight": 3.346743974685669,
    "layoutObj2ds": {
        "num": 0,
        "obj2ds": []
    },
    "layoutPoints": {
        "num": 8,
        "points": [
            {
                "coords": [
                    0.6416988663473954,
                    0.5
                ],
                "id": 0,
                "xyz": [
                    2.6812966297600003,
                    0.0,
                    -2.170373150176255
                ]
            },
            {
                "coords": [
                    0.81,
                    0.44474093485136246
                ],
                "id": 0,
                "xyz": [
                    2.6812966297600003,
                    0.5057239226622088,
                    1.0616004356169182
                ]
            },
            {
                "coords": [
                    0.7974078214660707,
                    0.455783442591921
                ],
                "id": 0,
                "xyz": [
                    3.457910991350955,
                    0.5057239226622088,
                    1.0616004356169182
                ]
            },
            {
                "coords": [
                    0.8565831934743866,
                    0.5
                ],
                "id": 0,
                "xyz": [
                    3.457910991350955,
                    0.0,
                    2.7377548098058657
                ]
            },
            {
                "coords": [
                    0.08592372423244071,
                    0.5
                ],
                "id": 0,
                "xyz": [
                    -1.640625,
                    0.0,
                    2.7377548098058657
                ]
            },
            {
                "coords": [
                    0.36873701918498253,
                    0.5
                ],
                "id": 0,
                "xyz": [
                    -1.640625,
                    0.0,
                    -1.51633001725952
                ]
            },
            {
                "coords": [
                    0.5506944444444444,
                    0.42905330251633667
                ],
                "id": 0,
                "xyz": [
                    0.5000106528366122,
                    0.3618811173303783,
                    -1.51633001725952
                ]
            },
            {
                "coords": [
                    0.5360373429664198,
                    0.4487288291854707
                ],
                "id": 0,
                "xyz": [
                    0.5000106528366122,
                    0.3618811173303783,
                    -2.170373150176255
                ]
            }
        ]
    },
    "layoutWalls": {
        "num": 8,
        "walls": [
            {
                "id": 0,
                "normal": [
                    1.0,
                    0.0,
                    -0.0
                ],
                "planeEquation": [
                    1.0,
                    0.0,
                    -0.0,
                    -2.6812966297600003
                ],
                "pointsIdx": [
                    0,
                    1
                ],
                "width": 3.231973585793173
            },
            {
                "id": 0,
                "normal": [
                    0.0,
                    0.0,
                    -1.0
                ],
                "planeEquation": [
                    0.0,
                    0.0,
                    -1.0,
                    1.0616004356169182
                ],
                "pointsIdx": [
                    1,
                    2
                ],
                "width": 0.7766143615909549
            },
            {
                "id": 0,
                "normal": [
                    1.0,
                    0.0,
                    -0.0
                ],
                "planeEquation": [
                    1.0,
                    0.0,
                    -0.0,
                    -3.457910991350955
                ],
                "pointsIdx": [
                    2,
                    3
                ],
                "width": 1.6761543741889475
            },
            {
                "id": 0,
                "normal": [
                    0.0,
                    0.0,
                    1.0
                ],
                "planeEquation": [
                    0.0,
                    0.0,
                    1.0,
                    -2.7377548098058657
                ],
                "pointsIdx": [
                    3,
                    4
                ],
                "width": 5.098535991350955
            },
            {
                "id": 0,
                "normal": [
                    -1.0,
                    -0.0,
                    -0.0
                ],
                "planeEquation": [
                    -1.0,
                    -0.0,
                    -0.0,
                    -1.640625
                ],
                "pointsIdx": [
                    4,
                    5
                ],
                "width": 4.254084827065386
            },
            {
                "id": 0,
                "normal": [
                    0.0,
                    0.0,
                    -1.0
                ],
                "planeEquation": [
                    0.0,
                    0.0,
                    -1.0,
                    -1.51633001725952
                ],
                "pointsIdx": [
                    5,
                    6
                ],
                "width": 2.140635652836612
            },
            {
                "id": 0,
                "normal": [
                    -1.0,
                    -0.0,
                    -0.0
                ],
                "planeEquation": [
                    -1.0,
                    -0.0,
                    -0.0,
                    0.5000106528366122
                ],
                "pointsIdx": [
                    6,
                    7
                ],
                "width": 0.6540431329167351
            },
            {
                "id": 0,
                "normal": [
                    0.0,
                    0.0,
                    -1.0
                ],
                "planeEquation": [
                    0.0,
                    0.0,
                    -1.0,
                    -2.170373150176255
                ],
                "pointsIdx": [
                    7,
                    0
                ],
                "width": 2.1812859769233883
            }
        ]
    },
    "panoId": "nothing"
}