{
    "cameraHeight": 1.6,
    "layoutHeight": 3.4622679138183594,
    "layoutObj2ds": {
        "num": 0,
        "obj2ds": []
    },
    "layoutPoints": {
        "num": 6,
        "points": [
            {
                "coords": [
                    0.662272852834853,
                    0.5
                ],
                "id": 0,
                "xyz": [
                    5.14839226368,
                    0.0,
                    -3.16505480695808
                ]
            },
            {
                "coords": [
                    0.7798345451343154,
                    0.5
                ],
                "id": 0,
                "xyz": [
                    5.14839226368,
                    0.0,
                    0.9765625
                ]
            },
            {
                "coords": [
                    0.10680357021381248,
                    0.5
                ],
                "id": 0,
                "xyz": [
                    -0.77538256896,
                    0.0,
                    0.9765625
                ]
            },
            {
                "coords": [
                    0.4687953826612983,
                    0.5
                ],
                "id": 0,
                "xyz": [
                    -0.77538256896,
                    0.0,
                    -3.903928924545988
                ]
            },
            {
                "coords": [
                    0.5942887141450158,
                    0.49951435951700707
                ],
                "id": 0,
                "xyz": [
                    2.6276791273093982,
                    0.007179702532931603,
                    -3.903928924545988
                ]
            },
            {
                "coords": [
                    0.6102777777777778,
                    0.499444445290602
                ],
                "id": 0,
                "xyz": [
                    2.6276791273093982,
                    0.007179702532931603,
                    -3.16505480695808
                ]
            }
        ]
    },
    "layoutWalls": {
        "num": 6,
        "walls": [
            {
                "id": 0,
                "normal": [
                    1.0,
                    0.0,
                    -0.0
                ],
                "planeEquation": [
                    1.0,
                    0.0,
                    -0.0,
                    -5.14839226368
                ],
                "pointsIdx": [
                    0,
                    1
                ],
                "width": 4.14161730695808
            },
            {
                "id": 0,
                "normal": [
                    0.0,
                    0.0,
                    1.0
                ],
                "planeEquation": [
                    0.0,
                    0.0,
                    1.0,
                    -0.9765625
                ],
                "pointsIdx": [
                    1,
                    2
                ],
                "width": 5.9237748326399995
            },
            {
                "id": 0,
                "normal": [
                    -1.0,
                    -0.0,
                    -0.0
                ],
                "planeEquation": [
                    -1.0,
                    -0.0,
                    -0.0,
                    -0.77538256896
                ],
                "pointsIdx": [
                    2,
                    3
                ],
                "width": 4.880491424545988
            },
            {
                "id": 0,
                "normal": [
                    0.0,
                    0.0,
                    -1.0
                ],
                "planeEquation": [
                    0.0,
                    0.0,
                    -1.0,
                    -3.903928924545988
                ],
                "pointsIdx": [
                    3,
                    4
                ],
                "width": 3.4030616962693983
            },
            {
                "id": 0,
                "normal": [
                    1.0,
                    0.0,
                    -0.0
                ],
                "planeEquation": [
                    1.0,
                    0.0,
                    -0.0,
                    -2.6276791273093982
                ],
                "pointsIdx": [
                    4,
                    5
                ],
                "width": 0.7388741175879079
            },
            {
                "id": 0,
                "normal": [
                    0.0,
                    0.0,
                    -1.0
                ],
                "planeEquation": [
                    0.0,
                    0.0,
                    -1.0,
                    -3.16505480695808
                ],
                "pointsIdx": [
                    5,
                    0
                ],
                "width": 2.5207131363706017
            }
        ]
    },
    "panoId": "nothing"
}