{
    "cameraHeight": 1.6,
    "layoutHeight": 3.3590451526641845,
    "layoutObj2ds": {
        "num": 0,
        "obj2ds": []
    },
    "layoutPoints": {
        "num": 6,
        "points": [
            {
                "coords": [
                    0.6477683205491889,
                    0.5
                ],
                "id": 0,
                "xyz": [
                    1.89499648,
                    0.0,
                    -1.4178141184
                ]
            },
            {
                "coords": [
                    0.8344068795358754,
                    0.5
                ],
                "id": 0,
                "xyz": [
                    1.89499648,
                    0.0,
                    1.1111866873258551
                ]
            },
            {
                "coords": [
                    0.862986111111111,
                    0.4735638693020193
                ],
                "id": 0,
                "xyz": [
                    1.2930144770694019,
                    0.14191954083028596,
                    1.1111866873258551
                ]
            },
            {
                "coords": [
                    0.8996787827182067,
                    0.47943604172551196
                ],
                "id": 0,
                "xyz": [
                    1.2930144770694019,
                    0.14191954083028596,
                    1.7721492235038614
                ]
            },
            {
                "coords": [
                    0.04818380749751988,
                    0.5
                ],
                "id": 0,
                "xyz": [
                    -0.5535300000000001,
                    0.0,
                    1.7721492235038614
                ]
            },
            {
                "coords": [
                    0.4407605209029439,
                    0.5
                ],
                "id": 0,
                "xyz": [
                    -0.5535300000000001,
                    0.0,
                    -1.4178141184
                ]
            }
        ]
    },
    "layoutWalls": {
        "num": 6,
        "walls": [
            {
                "id": 0,
                "normal": [
                    1.0,
                    0.0,
                    -0.0
                ],
                "planeEquation": [
                    1.0,
                    0.0,
                    -0.0,
                    -1.89499648
                ],
                "pointsIdx": [
                    0,
                    1
                ],
                "width": 2.529000805725855
            },
            {
                "id": 0,
                "normal": [
                    0.0,
                    0.0,
                    1.0
                ],
                "planeEquation": [
                    0.0,
                    0.0,
                    1.0,
                    -1.1111866873258551
                ],
                "pointsIdx": [
                    1,
                    2
                ],
                "width": 0.6019820029305982
            },
            {
                "id": 0,
                "normal": [
                    1.0,
                    0.0,
                    -0.0
                ],
                "planeEquation": [
                    1.0,
                    0.0,
                    -0.0,
                    -1.2930144770694019
                ],
                "pointsIdx": [
                    2,
                    3
                ],
                "width": 0.6609625361780063
            },
            {
                "id": 0,
                "normal": [
                    0.0,
                    0.0,
                    1.0
                ],
                "planeEquation": [
                    0.0,
                    0.0,
                    1.0,
                    -1.7721492235038614
                ],
                "pointsIdx": [
                    3,
                    4
                ],
                "width": 1.846544477069402
            },
            {
                "id": 0,
                "normal": [
                    -1.0,
                    -0.0,
                    -0.0
                ],
                "planeEquation": [
                    -1.0,
                    -0.0,
                    -0.0,
                    -0.5535300000000001
                ],
                "pointsIdx": [
                    4,
                    5
                ],
                "width": 3.1899633419038613
            },
            {
                "id": 0,
                "normal": [
                    0.0,
                    0.0,
                    -1.0
                ],
                "planeEquation": [
                    0.0,
                    0.0,
                    -1.0,
                    -1.4178141184
                ],
                "pointsIdx": [
                    5,
                    0
                ],
                "width": 2.44852648
            }
        ]
    },
    "panoId": "nothing"
}