{
    "cameraHeight": 1.6,
    "layoutHeight": 2.431658870143714,
    "layoutObj2ds": {
        "num": 0,
        "obj2ds": []
    },
    "layoutPoints": {
        "num": 4,
        "points": [
            {
                "coords": [
                    0.6125219349723146,
                    0.5
                ],
                "id": 0,
                "xyz": [
                    1.0294432444641326,
                    0.0,
                    -1.204986850103001
                ]
            },
            {
                "coords": [
                    0.9396318155791676,
                    0.5
                ],
                "id": 0,
                "xyz": [
                    1.0294432444641326,
                    0.0,
                    2.58260539509839
                ]
            },
            {
                "coords": [
                    0.1934278143999404,
                    0.5
                ],
                "id": 0,
                "xyz": [
                    -6.957055012810888,
                    0.0,
                    2.58260539509839
                ]
            },
            {
                "coords": [
                    0.27729540682834375,
                    0.5
                ],
                "id": 0,
                "xyz": [
                    -6.957055012810888,
                    0.0,
                    -1.204986850103001
                ]
            }
        ]
    },
    "layoutWalls": {
        "num": 4,
        "walls": [
            {
                "id": 0,
                "normal": [
                    1.0,
                    0.0,
                    -0.0
                ],
                "planeEquation": [
                    1.0,
                    0.0,
                    -0.0,
                    -1.0294432444641326
                ],
                "pointsIdx": [
                    0,
                    1
                ],
                "width": 3.787592245201391
            },
            {
                "id": 0,
                "normal": [
                    0.0,
                    0.0,
                    1.0
                ],
                "planeEquation": [
                    0.0,
                    0.0,
                    1.0,
                    -2.58260539509839
                ],
                "pointsIdx": [
                    1,
                    2
                ],
                "width": 7.98649825727502
            },
            {
                "id": 0,
                "normal": [
                    -1.0,
                    -0.0,
                    -0.0
                ],
                "planeEquation": [
                    -1.0,
                    -0.0,
                    -0.0,
                    -6.957055012810888
                ],
                "pointsIdx": [
                    2,
                    3
                ],
                "width": 3.787592245201391
            },
            {
                "id": 0,
                "normal": [
                    0.0,
                    0.0,
                    -1.0
                ],
                "planeEquation": [
                    0.0,
                    0.0,
                    -1.0,
                    -1.204986850103001
                ],
                "pointsIdx": [
                    3,
                    0
                ],
                "width": 7.98649825727502
            }
        ]
    },
    "panoId": "nothing"
}