{
    "cameraHeight": 1.6,
    "layoutHeight": 4.419615154266358,
    "layoutObj2ds": {
        "num": 0,
        "obj2ds": []
    },
    "layoutPoints": {
        "num": 8,
        "points": [
            {
                "coords": [
                    0.5306500539620783,
                    0.5
                ],
                "id": 0,
                "xyz": [
                    1.6195474950015707,
                    0.0,
                    -8.305518055128738
                ]
            },
            {
                "coords": [
                    0.961881328208023,
                    0.5
                ],
                "id": 0,
                "xyz": [
                    1.6195474950015707,
                    0.0,
                    6.632219262827475
                ]
            },
            {
                "coords": [
                    0.10868055555555556,
                    0.4567925425747771
                ],
                "id": 0,
                "xyz": [
                    -5.394665178110852,
                    1.1676500806987768,
                    6.6322192628274745
                ]
            },
            {
                "coords": [
                    0.0912028732679443,
                    0.4628147998711875
                ],
                "id": 0,
                "xyz": [
                    -5.394665178110852,
                    1.1676500806987768,
                    8.360291950750211
                ]
            },
            {
                "coords": [
                    0.1390948750562052,
                    0.5
                ],
                "id": 0,
                "xyz": [
                    -9.989636560971185,
                    0.0,
                    8.360291950750213
                ]
            },
            {
                "coords": [
                    0.27211837754676316,
                    0.5
                ],
                "id": 0,
                "xyz": [
                    -9.989636560971185,
                    0.0,
                    -1.3973057360691203
                ]
            },
            {
                "coords": [
                    0.291684866929494,
                    0.5
                ],
                "id": 0,
                "xyz": [
                    -5.2124316441541865,
                    0.0,
                    -1.3973057360691203
                ]
            },
            {
                "coords": [
                    0.4108004720101905,
                    0.5
                ],
                "id": 0,
                "xyz": [
                    -5.2124316441541865,
                    0.0,
                    -8.305518055128738
                ]
            }
        ]
    },
    "layoutWalls": {
        "num": 8,
        "walls": [
            {
                "id": 0,
                "normal": [
                    1.0,
                    0.0,
                    -0.0
                ],
                "planeEquation": [
                    1.0,
                    0.0,
                    -0.0,
                    -1.6195474950015707
                ],
                "pointsIdx": [
                    0,
                    1
                ],
                "width": 14.937737317956213
            },
            {
                "id": 0,
                "normal": [
                    -1.2662553319844136e-16,
                    0.0,
                    1.0
                ],
                "planeEquation": [
                    -1.2662553319844136e-16,
                    0.0,
                    1.0,
                    -6.632219262827475
                ],
                "pointsIdx": [
                    1,
                    2
                ],
                "width": 7.014212673112423
            },
            {
                "id": 0,
                "normal": [
                    1.0,
                    0.0,
                    -0.0
                ],
                "planeEquation": [
                    1.0,
                    0.0,
                    -0.0,
                    5.394665178110852
                ],
                "pointsIdx": [
                    2,
                    3
                ],
                "width": 1.7280726879227366
            },
            {
                "id": 0,
                "normal": [
                    3.865871387199984e-16,
                    0.0,
                    1.0
                ],
                "planeEquation": [
                    3.865871387199984e-16,
                    0.0,
                    1.0,
                    -8.36029195075021
                ],
                "pointsIdx": [
                    3,
                    4
                ],
                "width": 4.594971382860333
            },
            {
                "id": 0,
                "normal": [
                    -1.0,
                    -0.0,
                    -0.0
                ],
                "planeEquation": [
                    -1.0,
                    -0.0,
                    -0.0,
                    -9.989636560971185
                ],
                "pointsIdx": [
                    4,
                    5
                ],
                "width": 9.757597686819333
            },
            {
                "id": 0,
                "normal": [
                    0.0,
                    0.0,
                    -1.0
                ],
                "planeEquation": [
                    0.0,
                    0.0,
                    -1.0,
                    -1.3973057360691203
                ],
                "pointsIdx": [
                    5,
                    6
                ],
                "width": 4.7772049168169985
            },
            {
                "id": 0,
                "normal": [
                    -1.0,
                    -0.0,
                    -0.0
                ],
                "planeEquation": [
                    -1.0,
                    -0.0,
                    -0.0,
                    -5.2124316441541865
                ],
                "pointsIdx": [
                    6,
                    7
                ],
                "width": 6.908212319059618
            },
            {
                "id": 0,
                "normal": [
                    0.0,
                    0.0,
                    -1.0
                ],
                "planeEquation": [
                    0.0,
                    0.0,
                    -1.0,
                    -8.305518055128738
                ],
                "pointsIdx": [
                    7,
                    0
                ],
                "width": 6.831979139155758
            }
        ]
    },
    "panoId": "nothing"
}