{
    "cameraHeight": 1.6,
    "layoutHeight": 2.7152061977061264,
    "layoutObj2ds": {
        "num": 0,
        "obj2ds": []
    },
    "layoutPoints": {
        "num": 6,
        "points": [
            {
                "coords": [
                    0.7137529866554987,
                    0.5
                ],
                "id": 0,
                "xyz": [
                    1.7232333502836434,
                    0.0,
                    -0.3993899689128034
                ]
            },
            {
                "coords": [
                    0.8681656246381875,
                    0.5
                ],
                "id": 0,
                "xyz": [
                    1.7232333502836434,
                    0.0,
                    1.5812462686906499
                ]
            },
            {
                "coords": [
                    0.9384753635941587,
                    0.6027190394229924
                ],
                "id": 0,
                "xyz": [
                    0.6436491349398821,
                    -0.5708798716782977,
                    1.5812462686906499
                ]
            },
            {
                "coords": [
                    0.8425166402820763,
                    0.7030452531320355
                ],
                "id": 0,
                "xyz": [
                    0.6436491349398821,
                    -0.5708798716782977,
                    0.42289479608142344
                ]
            },
            {
                "coords": [
                    0.20975740740562848,
                    0.5
                ],
                "id": 0,
                "xyz": [
                    -1.6367054482552874,
                    0.0,
                    0.42289479608142344
                ]
            },
            {
                "coords": [
                    0.2880926525059999,
                    0.5
                ],
                "id": 0,
                "xyz": [
                    -1.6367054482552874,
                    0.0,
                    -0.3993899689128034
                ]
            }
        ]
    },
    "layoutWalls": {
        "num": 6,
        "walls": [
            {
                "id": 0,
                "normal": [
                    1.0,
                    0.0,
                    -0.0
                ],
                "planeEquation": [
                    1.0,
                    0.0,
                    -0.0,
                    -1.7232333502836434
                ],
                "pointsIdx": [
                    0,
                    1
                ],
                "width": 1.9806362376034532
            },
            {
                "id": 0,
                "normal": [
                    0.0,
                    0.0,
                    1.0
                ],
                "planeEquation": [
                    0.0,
                    0.0,
                    1.0,
                    -1.5812462686906499
                ],
                "pointsIdx": [
                    1,
                    2
                ],
                "width": 1.0795842153437614
            },
            {
                "id": 0,
                "normal": [
                    -1.0,
                    -0.0,
                    -0.0
                ],
                "planeEquation": [
                    -1.0,
                    -0.0,
                    -0.0,
                    0.6436491349398821
                ],
                "pointsIdx": [
                    2,
                    3
                ],
                "width": 1.1583514726092266
            },
            {
                "id": 0,
                "normal": [
                    0.0,
                    0.0,
                    1.0
                ],
                "planeEquation": [
                    0.0,
                    0.0,
                    1.0,
                    -0.42289479608142344
                ],
                "pointsIdx": [
                    3,
                    4
                ],
                "width": 2.2803545831951695
            },
            {
                "id": 0,
                "normal": [
                    -1.0,
                    -0.0,
                    -0.0
                ],
                "planeEquation": [
                    -1.0,
                    -0.0,
                    -0.0,
                    -1.6367054482552874
                ],
                "pointsIdx": [
                    4,
                    5
                ],
                "width": 0.8222847649942269
            },
            {
                "id": 0,
                "normal": [
                    0.0,
                    0.0,
                    -1.0
                ],
                "planeEquation": [
                    0.0,
                    0.0,
                    -1.0,
                    -0.3993899689128034
                ],
                "pointsIdx": [
                    5,
                    0
                ],
                "width": 3.3599387985389306
            }
        ]
    },
    "panoId": "nothing"
}