{
    "cameraHeight": 1.6,
    "layoutHeight": 2.6303646989140685,
    "layoutObj2ds": {
        "num": 0,
        "obj2ds": []
    },
    "layoutPoints": {
        "num": 4,
        "points": [
            {
                "coords": [
                    0.6065730053207836,
                    0.5
                ],
                "id": 0,
                "xyz": [
                    1.0099118949325463,
                    0.0,
                    -1.2757332435296869
                ]
            },
            {
                "coords": [
                    0.876292788655487,
                    0.5
                ],
                "id": 0,
                "xyz": [
                    1.0099118949325463,
                    0.0,
                    1.0264533084982548
                ]
            },
            {
                "coords": [
                    0.14606588686569988,
                    0.5
                ],
                "id": 0,
                "xyz": [
                    -1.341754855562283,
                    0.0,
                    1.0264533084982548
                ]
            },
            {
                "coords": [
                    0.3709864427322014,
                    0.5
                ],
                "id": 0,
                "xyz": [
                    -1.341754855562283,
                    0.0,
                    -1.2757332435296869
                ]
            }
        ]
    },
    "layoutWalls": {
        "num": 4,
        "walls": [
            {
                "id": 0,
                "normal": [
                    1.0,
                    0.0,
                    -0.0
                ],
                "planeEquation": [
                    1.0,
                    0.0,
                    -0.0,
                    -1.0099118949325463
                ],
                "pointsIdx": [
                    0,
                    1
                ],
                "width": 2.3021865520279414
            },
            {
                "id": 0,
                "normal": [
                    0.0,
                    0.0,
                    1.0
                ],
                "planeEquation": [
                    0.0,
                    0.0,
                    1.0,
                    -1.0264533084982548
                ],
                "pointsIdx": [
                    1,
                    2
                ],
                "width": 2.351666750494829
            },
            {
                "id": 0,
                "normal": [
                    -1.0,
                    -0.0,
                    -0.0
                ],
                "planeEquation": [
                    -1.0,
                    -0.0,
                    -0.0,
                    -1.341754855562283
                ],
                "pointsIdx": [
                    2,
                    3
                ],
                "width": 2.3021865520279414
            },
            {
                "id": 0,
                "normal": [
                    0.0,
                    0.0,
                    -1.0
                ],
                "planeEquation": [
                    0.0,
                    0.0,
                    -1.0,
                    -1.2757332435296869
                ],
                "pointsIdx": [
                    3,
                    0
                ],
                "width": 2.351666750494829
            }
        ]
    },
    "panoId": "nothing"
}