{
    "cameraHeight": 1.6,
    "layoutHeight": 2.980966567993164,
    "layoutObj2ds": {
        "num": 0,
        "obj2ds": []
    },
    "layoutPoints": {
        "num": 6,
        "points": [
            {
                "coords": [
                    0.5833505015327947,
                    0.5
                ],
                "id": 0,
                "xyz": [
                    3.671875,
                    0.0,
                    -6.35829
                ]
            },
            {
                "coords": [
                    0.8958774439908987,
                    0.5
                ],
                "id": 0,
                "xyz": [
                    3.671875,
                    0.0,
                    4.788027762541854
                ]
            },
            {
                "coords": [
                    0.10780442609290741,
                    0.5
                ],
                "id": 0,
                "xyz": [
                    -3.8509932774400006,
                    0.0,
                    4.788027762541854
                ]
            },
            {
                "coords": [
                    0.29179986225709864,
                    0.5
                ],
                "id": 0,
                "xyz": [
                    -3.8509932774400006,
                    0.0,
                    -1.035325573503868
                ]
            },
            {
                "coords": [
                    0.3724880924624717,
                    0.5
                ],
                "id": 0,
                "xyz": [
                    -1.06853307008,
                    0.0,
                    -1.035325573503868
                ]
            },
            {
                "coords": [
                    0.4735010597031565,
                    0.5
                ],
                "id": 0,
                "xyz": [
                    -1.06853307008,
                    0.0,
                    -6.35829
                ]
            }
        ]
    },
    "layoutWalls": {
        "num": 6,
        "walls": [
            {
                "id": 0,
                "normal": [
                    1.0,
                    0.0,
                    -0.0
                ],
                "planeEquation": [
                    1.0,
                    0.0,
                    -0.0,
                    -3.671875
                ],
                "pointsIdx": [
                    0,
                    1
                ],
                "width": 11.146317762541855
            },
            {
                "id": 0,
                "normal": [
                    0.0,
                    0.0,
                    1.0
                ],
                "planeEquation": [
                    0.0,
                    0.0,
                    1.0,
                    -4.788027762541854
                ],
                "pointsIdx": [
                    1,
                    2
                ],
                "width": 7.522868277440001
            },
            {
                "id": 0,
                "normal": [
                    -1.0,
                    -0.0,
                    -0.0
                ],
                "planeEquation": [
                    -1.0,
                    -0.0,
                    -0.0,
                    -3.8509932774400006
                ],
                "pointsIdx": [
                    2,
                    3
                ],
                "width": 5.823353336045722
            },
            {
                "id": 0,
                "normal": [
                    0.0,
                    0.0,
                    -1.0
                ],
                "planeEquation": [
                    0.0,
                    0.0,
                    -1.0,
                    -1.035325573503868
                ],
                "pointsIdx": [
                    3,
                    4
                ],
                "width": 2.7824602073600007
            },
            {
                "id": 0,
                "normal": [
                    -1.0,
                    -0.0,
                    -0.0
                ],
                "planeEquation": [
                    -1.0,
                    -0.0,
                    -0.0,
                    -1.06853307008
                ],
                "pointsIdx": [
                    4,
                    5
                ],
                "width": 5.322964426496132
            },
            {
                "id": 0,
                "normal": [
                    0.0,
                    0.0,
                    -1.0
                ],
                "planeEquation": [
                    0.0,
                    0.0,
                    -1.0,
                    -6.35829
                ],
                "pointsIdx": [
                    5,
                    0
                ],
                "width": 4.74040807008
            }
        ]
    },
    "panoId": "nothing"
}