{
    "cameraHeight": 1.6,
    "layoutHeight": 2.7653076116171484,
    "layoutObj2ds": {
        "num": 0,
        "obj2ds": []
    },
    "layoutPoints": {
        "num": 4,
        "points": [
            {
                "coords": [
                    0.47662101795693945,
                    0.5
                ],
                "id": 0,
                "xyz": [
                    -0.3465986372803904,
                    0.0,
                    -2.3425120192533293
                ]
            },
            {
                "coords": [
                    0.6445851235546701,
                    0.5
                ],
                "id": 0,
                "xyz": [
                    3.0037475460573373,
                    0.0,
                    -2.3425120192533293
                ]
            },
            {
                "coords": [
                    0.8000890770505613,
                    0.5
                ],
                "id": 0,
                "xyz": [
                    3.0037475460573373,
                    0.0,
                    0.9778357235984376
                ]
            },
            {
                "coords": [
                    0.0542142215167028,
                    0.5
                ],
                "id": 0,
                "xyz": [
                    -0.3465986372803904,
                    0.0,
                    0.9778357235984376
                ]
            }
        ]
    },
    "layoutWalls": {
        "num": 4,
        "walls": [
            {
                "id": 0,
                "normal": [
                    0.0,
                    0.0,
                    -1.0
                ],
                "planeEquation": [
                    0.0,
                    0.0,
                    -1.0,
                    -2.3425120192533293
                ],
                "pointsIdx": [
                    0,
                    1
                ],
                "width": 3.3503461833377277
            },
            {
                "id": 0,
                "normal": [
                    1.0,
                    0.0,
                    -0.0
                ],
                "planeEquation": [
                    1.0,
                    0.0,
                    -0.0,
                    -3.0037475460573373
                ],
                "pointsIdx": [
                    1,
                    2
                ],
                "width": 3.3203477428517667
            },
            {
                "id": 0,
                "normal": [
                    0.0,
                    0.0,
                    1.0
                ],
                "planeEquation": [
                    0.0,
                    0.0,
                    1.0,
                    -0.9778357235984376
                ],
                "pointsIdx": [
                    2,
                    3
                ],
                "width": 3.3503461833377277
            },
            {
                "id": 0,
                "normal": [
                    -1.0,
                    -0.0,
                    -0.0
                ],
                "planeEquation": [
                    -1.0,
                    -0.0,
                    -0.0,
                    -0.3465986372803904
                ],
                "pointsIdx": [
                    3,
                    0
                ],
                "width": 3.3203477428517667
            }
        ]
    },
    "panoId": "nothing"
}