{
    "cameraHeight": 1.6,
    "layoutHeight": 2.415863218974584,
    "layoutObj2ds": {
        "num": 0,
        "obj2ds": []
    },
    "layoutPoints": {
        "num": 8,
        "points": [
            {
                "coords": [
                    0.522936338504683,
                    0.5
                ],
                "id": 0,
                "xyz": [
                    0.6377491207502933,
                    0.0,
                    -4.3946539970439105
                ]
            },
            {
                "coords": [
                    0.6204093589304633,
                    0.5
                ],
                "id": 0,
                "xyz": [
                    0.6377491207502933,
                    0.0,
                    -0.6756429109428211
                ]
            },
            {
                "coords": [
                    0.674265833444674,
                    0.5
                ],
                "id": 0,
                "xyz": [
                    1.311037827987902,
                    0.0,
                    -0.6756429109428211
                ]
            },
            {
                "coords": [
                    0.8817079476001407,
                    0.5
                ],
                "id": 0,
                "xyz": [
                    1.311037827987902,
                    0.0,
                    1.4264853458382187
                ]
            },
            {
                "coords": [
                    0.19647318323236868,
                    0.5
                ],
                "id": 0,
                "xyz": [
                    -4.080329355489082,
                    0.0,
                    1.4264853458382187
                ]
            },
            {
                "coords": [
                    0.27689173335044737,
                    0.5
                ],
                "id": 0,
                "xyz": [
                    -4.080329355489082,
                    0.0,
                    -0.6960726846424387
                ]
            },
            {
                "coords": [
                    0.26409891084552156,
                    0.5
                ],
                "id": 0,
                "xyz": [
                    -7.837021410680302,
                    0.0,
                    -0.6960726846424387
                ]
            },
            {
                "coords": [
                    0.33133826381506487,
                    0.5
                ],
                "id": 0,
                "xyz": [
                    -7.837021410680302,
                    0.0,
                    -4.3946539970439105
                ]
            }
        ]
    },
    "layoutWalls": {
        "num": 8,
        "walls": [
            {
                "id": 0,
                "normal": [
                    1.0,
                    0.0,
                    -0.0
                ],
                "planeEquation": [
                    1.0,
                    0.0,
                    -0.0,
                    -0.6377491207502933
                ],
                "pointsIdx": [
                    0,
                    1
                ],
                "width": 3.7190110861010894
            },
            {
                "id": 0,
                "normal": [
                    0.0,
                    0.0,
                    -1.0
                ],
                "planeEquation": [
                    0.0,
                    0.0,
                    -1.0,
                    -0.6756429109428211
                ],
                "pointsIdx": [
                    1,
                    2
                ],
                "width": 0.6732887072376087
            },
            {
                "id": 0,
                "normal": [
                    1.0,
                    0.0,
                    -0.0
                ],
                "planeEquation": [
                    1.0,
                    0.0,
                    -0.0,
                    -1.311037827987902
                ],
                "pointsIdx": [
                    2,
                    3
                ],
                "width": 2.10212825678104
            },
            {
                "id": 0,
                "normal": [
                    0.0,
                    0.0,
                    1.0
                ],
                "planeEquation": [
                    0.0,
                    0.0,
                    1.0,
                    -1.4264853458382187
                ],
                "pointsIdx": [
                    3,
                    4
                ],
                "width": 5.391367183476984
            },
            {
                "id": 0,
                "normal": [
                    -1.0,
                    -0.0,
                    -0.0
                ],
                "planeEquation": [
                    -1.0,
                    -0.0,
                    -0.0,
                    -4.080329355489082
                ],
                "pointsIdx": [
                    4,
                    5
                ],
                "width": 2.1225580304806573
            },
            {
                "id": 0,
                "normal": [
                    0.0,
                    0.0,
                    1.0
                ],
                "planeEquation": [
                    0.0,
                    0.0,
                    1.0,
                    0.6960726846424387
                ],
                "pointsIdx": [
                    5,
                    6
                ],
                "width": 3.7566920551912206
            },
            {
                "id": 0,
                "normal": [
                    -1.0,
                    -0.0,
                    -0.0
                ],
                "planeEquation": [
                    -1.0,
                    -0.0,
                    -0.0,
                    -7.837021410680302
                ],
                "pointsIdx": [
                    6,
                    7
                ],
                "width": 3.6985813124014717
            },
            {
                "id": 0,
                "normal": [
                    0.0,
                    0.0,
                    -1.0
                ],
                "planeEquation": [
                    0.0,
                    0.0,
                    -1.0,
                    -4.3946539970439105
                ],
                "pointsIdx": [
                    7,
                    0
                ],
                "width": 8.474770531430595
            }
        ]
    },
    "panoId": "nothing"
}