{
    "cameraHeight": 1.6,
    "layoutHeight": 3.5418010902404786,
    "layoutObj2ds": {
        "num": 0,
        "obj2ds": []
    },
    "layoutPoints": {
        "num": 6,
        "points": [
            {
                "coords": [
                    0.5294322518161854,
                    0.5
                ],
                "id": 0,
                "xyz": [
                    1.34898198528,
                    0.0,
                    -7.211276799999999
                ]
            },
            {
                "coords": [
                    0.9605597615789706,
                    0.5
                ],
                "id": 0,
                "xyz": [
                    1.34898198528,
                    0.0,
                    5.33171738989503
                ]
            },
            {
                "coords": [
                    0.15198308693112378,
                    0.5
                ],
                "id": 0,
                "xyz": [
                    -7.534132611836231,
                    0.0,
                    5.33171738989503
                ]
            },
            {
                "coords": [
                    0.27678364842036146,
                    0.5
                ],
                "id": 0,
                "xyz": [
                    -7.534132611836231,
                    0.0,
                    -1.28
                ]
            },
            {
                "coords": [
                    0.2950409397918067,
                    0.5
                ],
                "id": 0,
                "xyz": [
                    -4.4015625,
                    0.0,
                    -1.28
                ]
            },
            {
                "coords": [
                    0.41278130977420746,
                    0.5
                ],
                "id": 0,
                "xyz": [
                    -4.4015625,
                    0.0,
                    -7.211276799999999
                ]
            }
        ]
    },
    "layoutWalls": {
        "num": 6,
        "walls": [
            {
                "id": 0,
                "normal": [
                    1.0,
                    0.0,
                    -0.0
                ],
                "planeEquation": [
                    1.0,
                    0.0,
                    -0.0,
                    -1.34898198528
                ],
                "pointsIdx": [
                    0,
                    1
                ],
                "width": 12.54299418989503
            },
            {
                "id": 0,
                "normal": [
                    0.0,
                    0.0,
                    1.0
                ],
                "planeEquation": [
                    0.0,
                    0.0,
                    1.0,
                    -5.33171738989503
                ],
                "pointsIdx": [
                    1,
                    2
                ],
                "width": 8.883114597116231
            },
            {
                "id": 0,
                "normal": [
                    -1.0,
                    -0.0,
                    -0.0
                ],
                "planeEquation": [
                    -1.0,
                    -0.0,
                    -0.0,
                    -7.534132611836231
                ],
                "pointsIdx": [
                    2,
                    3
                ],
                "width": 6.6117173898950305
            },
            {
                "id": 0,
                "normal": [
                    0.0,
                    0.0,
                    -1.0
                ],
                "planeEquation": [
                    0.0,
                    0.0,
                    -1.0,
                    -1.28
                ],
                "pointsIdx": [
                    3,
                    4
                ],
                "width": 3.1325701118362312
            },
            {
                "id": 0,
                "normal": [
                    -1.0,
                    -0.0,
                    -0.0
                ],
                "planeEquation": [
                    -1.0,
                    -0.0,
                    -0.0,
                    -4.4015625
                ],
                "pointsIdx": [
                    4,
                    5
                ],
                "width": 5.931276799999999
            },
            {
                "id": 0,
                "normal": [
                    0.0,
                    0.0,
                    -1.0
                ],
                "planeEquation": [
                    0.0,
                    0.0,
                    -1.0,
                    -7.211276799999999
                ],
                "pointsIdx": [
                    5,
                    0
                ],
                "width": 5.75054448528
            }
        ]
    },
    "panoId": "nothing"
}