{
    "cameraHeight": 1.6,
    "layoutHeight": 3.0656808280944823,
    "layoutObj2ds": {
        "num": 0,
        "obj2ds": []
    },
    "layoutPoints": {
        "num": 10,
        "points": [
            {
                "coords": [
                    0.6081220446724448,
                    0.5
                ],
                "id": 0,
                "xyz": [
                    5.752207739689019,
                    0.0,
                    -7.122698430612631
                ]
            },
            {
                "coords": [
                    0.858522719204087,
                    0.5
                ],
                "id": 0,
                "xyz": [
                    5.752207739689019,
                    0.0,
                    4.669390231152026
                ]
            },
            {
                "coords": [
                    0.9644736643018267,
                    0.5
                ],
                "id": 0,
                "xyz": [
                    1.0599579489724251,
                    0.0,
                    4.669390231152026
                ]
            },
            {
                "coords": [
                    0.9713621936835432,
                    0.5
                ],
                "id": 0,
                "xyz": [
                    1.0599579489724251,
                    0.0,
                    5.827015939613057
                ]
            },
            {
                "coords": [
                    0.04662821591231442,
                    0.5
                ],
                "id": 0,
                "xyz": [
                    -1.7577438555471872,
                    0.0,
                    5.827015939613057
                ]
            },
            {
                "coords": [
                    0.43251721292405293,
                    0.5
                ],
                "id": 0,
                "xyz": [
                    -1.7577438555471872,
                    0.0,
                    -3.8940939663345
                ]
            },
            {
                "coords": [
                    0.5300340488750638,
                    0.5
                ],
                "id": 0,
                "xyz": [
                    0.7437015877350225,
                    0.0,
                    -3.8940939663345
                ]
            },
            {
                "coords": [
                    0.5984559643884999,
                    0.5
                ],
                "id": 0,
                "xyz": [
                    0.7437015877350225,
                    0.0,
                    -1.0447839898409865
                ]
            },
            {
                "coords": [
                    0.6215972222222222,
                    0.7043245578300655
                ],
                "id": 0,
                "xyz": [
                    1.00103708949476,
                    -1.0816031795009533,
                    -1.0447839898409865
                ]
            },
            {
                "coords": [
                    0.5222223779443957,
                    0.547509926457279
                ],
                "id": 0,
                "xyz": [
                    1.00103708949476,
                    -1.0816031795009533,
                    -7.122698430612631
                ]
            }
        ]
    },
    "layoutWalls": {
        "num": 10,
        "walls": [
            {
                "id": 0,
                "normal": [
                    1.0,
                    0.0,
                    -0.0
                ],
                "planeEquation": [
                    1.0,
                    0.0,
                    -0.0,
                    -5.752207739689019
                ],
                "pointsIdx": [
                    0,
                    1
                ],
                "width": 11.792088661764657
            },
            {
                "id": 0,
                "normal": [
                    0.0,
                    0.0,
                    1.0
                ],
                "planeEquation": [
                    0.0,
                    0.0,
                    1.0,
                    -4.669390231152026
                ],
                "pointsIdx": [
                    1,
                    2
                ],
                "width": 4.692249790716594
            },
            {
                "id": 0,
                "normal": [
                    1.0,
                    0.0,
                    -0.0
                ],
                "planeEquation": [
                    1.0,
                    0.0,
                    -0.0,
                    -1.0599579489724251
                ],
                "pointsIdx": [
                    2,
                    3
                ],
                "width": 1.1576257084610306
            },
            {
                "id": 0,
                "normal": [
                    0.0,
                    0.0,
                    1.0
                ],
                "planeEquation": [
                    0.0,
                    0.0,
                    1.0,
                    -5.827015939613057
                ],
                "pointsIdx": [
                    3,
                    4
                ],
                "width": 2.8177018045196123
            },
            {
                "id": 0,
                "normal": [
                    -1.0,
                    -0.0,
                    -0.0
                ],
                "planeEquation": [
                    -1.0,
                    -0.0,
                    -0.0,
                    -1.7577438555471872
                ],
                "pointsIdx": [
                    4,
                    5
                ],
                "width": 9.721109905947557
            },
            {
                "id": 0,
                "normal": [
                    0.0,
                    0.0,
                    -1.0
                ],
                "planeEquation": [
                    0.0,
                    0.0,
                    -1.0,
                    -3.8940939663345
                ],
                "pointsIdx": [
                    5,
                    6
                ],
                "width": 2.5014454432822095
            },
            {
                "id": 0,
                "normal": [
                    1.0,
                    0.0,
                    -0.0
                ],
                "planeEquation": [
                    1.0,
                    0.0,
                    -0.0,
                    -0.7437015877350225
                ],
                "pointsIdx": [
                    6,
                    7
                ],
                "width": 2.8493099764935135
            },
            {
                "id": 0,
                "normal": [
                    0.0,
                    0.0,
                    -1.0
                ],
                "planeEquation": [
                    0.0,
                    0.0,
                    -1.0,
                    -1.0447839898409865
                ],
                "pointsIdx": [
                    7,
                    8
                ],
                "width": 0.2573355017597375
            },
            {
                "id": 0,
                "normal": [
                    -1.0,
                    -0.0,
                    -0.0
                ],
                "planeEquation": [
                    -1.0,
                    -0.0,
                    -0.0,
                    1.00103708949476
                ],
                "pointsIdx": [
                    8,
                    9
                ],
                "width": 6.077914440771644
            },
            {
                "id": 0,
                "normal": [
                    0.0,
                    0.0,
                    -1.0
                ],
                "planeEquation": [
                    0.0,
                    0.0,
                    -1.0,
                    -7.122698430612631
                ],
                "pointsIdx": [
                    9,
                    0
                ],
                "width": 4.7511706501942585
            }
        ]
    },
    "panoId": "nothing"
}