{
    "cameraHeight": 1.6,
    "layoutHeight": 3.2945293235778808,
    "layoutObj2ds": {
        "num": 0,
        "obj2ds": []
    },
    "layoutPoints": {
        "num": 4,
        "points": [
            {
                "coords": [
                    0.6175028099227569,
                    0.5
                ],
                "id": 0,
                "xyz": [
                    2.5146824590576937,
                    0.0,
                    -2.76350192086828
                ]
            },
            {
                "coords": [
                    0.8102835606363652,
                    0.5
                ],
                "id": 0,
                "xyz": [
                    2.5146824590576937,
                    0.0,
                    1.000819532326577
                ]
            },
            {
                "coords": [
                    0.0993578088509301,
                    0.5
                ],
                "id": 0,
                "xyz": [
                    -0.7209859619597051,
                    0.0,
                    1.000819532326577
                ]
            },
            {
                "coords": [
                    0.45938255626310665,
                    0.5
                ],
                "id": 0,
                "xyz": [
                    -0.7209859619597051,
                    0.0,
                    -2.76350192086828
                ]
            }
        ]
    },
    "layoutWalls": {
        "num": 4,
        "walls": [
            {
                "id": 0,
                "normal": [
                    1.0,
                    0.0,
                    -0.0
                ],
                "planeEquation": [
                    1.0,
                    0.0,
                    -0.0,
                    -2.5146824590576937
                ],
                "pointsIdx": [
                    0,
                    1
                ],
                "width": 3.764321453194857
            },
            {
                "id": 0,
                "normal": [
                    0.0,
                    0.0,
                    1.0
                ],
                "planeEquation": [
                    0.0,
                    0.0,
                    1.0,
                    -1.000819532326577
                ],
                "pointsIdx": [
                    1,
                    2
                ],
                "width": 3.2356684210173987
            },
            {
                "id": 0,
                "normal": [
                    -1.0,
                    -0.0,
                    -0.0
                ],
                "planeEquation": [
                    -1.0,
                    -0.0,
                    -0.0,
                    -0.7209859619597051
                ],
                "pointsIdx": [
                    2,
                    3
                ],
                "width": 3.764321453194857
            },
            {
                "id": 0,
                "normal": [
                    0.0,
                    0.0,
                    -1.0
                ],
                "planeEquation": [
                    0.0,
                    0.0,
                    -1.0,
                    -2.76350192086828
                ],
                "pointsIdx": [
                    3,
                    0
                ],
                "width": 3.2356684210173987
            }
        ]
    },
    "panoId": "nothing"
}