{
    "cameraHeight": 1.6,
    "layoutHeight": 2.912593269348144,
    "layoutObj2ds": {
        "num": 0,
        "obj2ds": []
    },
    "layoutPoints": {
        "num": 4,
        "points": [
            {
                "coords": [
                    0.7282079128680674,
                    0.5
                ],
                "id": 0,
                "xyz": [
                    3.5801907808255997,
                    0.0,
                    -0.49329971778068743
                ]
            },
            {
                "coords": [
                    0.9147355666587682,
                    0.5
                ],
                "id": 0,
                "xyz": [
                    3.5801907808255997,
                    0.0,
                    6.030880302344784
                ]
            },
            {
                "coords": [
                    0.07591360025687954,
                    0.5
                ],
                "id": 0,
                "xyz": [
                    -3.1166222766735356,
                    0.0,
                    6.030880302344784
                ]
            },
            {
                "coords": [
                    0.2749838213748791,
                    0.5
                ],
                "id": 0,
                "xyz": [
                    -3.1166222766735356,
                    0.0,
                    -0.49329971778068743
                ]
            }
        ]
    },
    "layoutWalls": {
        "num": 4,
        "walls": [
            {
                "id": 0,
                "normal": [
                    1.0,
                    0.0,
                    -0.0
                ],
                "planeEquation": [
                    1.0,
                    0.0,
                    -0.0,
                    -3.5801907808255997
                ],
                "pointsIdx": [
                    0,
                    1
                ],
                "width": 6.524180020125471
            },
            {
                "id": 0,
                "normal": [
                    0.0,
                    0.0,
                    1.0
                ],
                "planeEquation": [
                    0.0,
                    0.0,
                    1.0,
                    -6.030880302344784
                ],
                "pointsIdx": [
                    1,
                    2
                ],
                "width": 6.696813057499135
            },
            {
                "id": 0,
                "normal": [
                    -1.0,
                    -0.0,
                    -0.0
                ],
                "planeEquation": [
                    -1.0,
                    -0.0,
                    -0.0,
                    -3.1166222766735356
                ],
                "pointsIdx": [
                    2,
                    3
                ],
                "width": 6.524180020125471
            },
            {
                "id": 0,
                "normal": [
                    0.0,
                    0.0,
                    -1.0
                ],
                "planeEquation": [
                    0.0,
                    0.0,
                    -1.0,
                    -0.49329971778068743
                ],
                "pointsIdx": [
                    3,
                    0
                ],
                "width": 6.696813057499135
            }
        ]
    },
    "panoId": "nothing"
}