{
    "cameraHeight": 1.6,
    "layoutHeight": 2.5331767940521237,
    "layoutObj2ds": {
        "num": 0,
        "obj2ds": []
    },
    "layoutPoints": {
        "num": 4,
        "points": [
            {
                "coords": [
                    0.6554470633324032,
                    0.5
                ],
                "id": 0,
                "xyz": [
                    0.9246416051232781,
                    0.0,
                    -0.62459613178496
                ]
            },
            {
                "coords": [
                    0.9233115252323659,
                    0.5
                ],
                "id": 0,
                "xyz": [
                    0.9246416051232781,
                    0.0,
                    1.7680861430247756
                ]
            },
            {
                "coords": [
                    0.0653516922719326,
                    0.5
                ],
                "id": 0,
                "xyz": [
                    -0.7697623087756157,
                    0.0,
                    1.7680861430247756
                ]
            },
            {
                "coords": [
                    0.3584899122134406,
                    0.5
                ],
                "id": 0,
                "xyz": [
                    -0.7697623087756157,
                    0.0,
                    -0.62459613178496
                ]
            }
        ]
    },
    "layoutWalls": {
        "num": 4,
        "walls": [
            {
                "id": 0,
                "normal": [
                    1.0,
                    0.0,
                    -0.0
                ],
                "planeEquation": [
                    1.0,
                    0.0,
                    -0.0,
                    -0.9246416051232781
                ],
                "pointsIdx": [
                    0,
                    1
                ],
                "width": 2.3926822748097356
            },
            {
                "id": 0,
                "normal": [
                    0.0,
                    0.0,
                    1.0
                ],
                "planeEquation": [
                    0.0,
                    0.0,
                    1.0,
                    -1.7680861430247756
                ],
                "pointsIdx": [
                    1,
                    2
                ],
                "width": 1.6944039138988938
            },
            {
                "id": 0,
                "normal": [
                    -1.0,
                    -0.0,
                    -0.0
                ],
                "planeEquation": [
                    -1.0,
                    -0.0,
                    -0.0,
                    -0.7697623087756157
                ],
                "pointsIdx": [
                    2,
                    3
                ],
                "width": 2.3926822748097356
            },
            {
                "id": 0,
                "normal": [
                    0.0,
                    0.0,
                    -1.0
                ],
                "planeEquation": [
                    0.0,
                    0.0,
                    -1.0,
                    -0.62459613178496
                ],
                "pointsIdx": [
                    3,
                    0
                ],
                "width": 1.6944039138988938
            }
        ]
    },
    "panoId": "nothing"
}