{
    "cameraHeight": 1.6,
    "layoutHeight": 3.210933208465576,
    "layoutObj2ds": {
        "num": 0,
        "obj2ds": []
    },
    "layoutPoints": {
        "num": 4,
        "points": [
            {
                "coords": [
                    0.678740543029318,
                    0.5
                ],
                "id": 0,
                "xyz": [
                    2.1141709824,
                    0.0,
                    -1.01536504064
                ]
            },
            {
                "coords": [
                    0.9105705478819326,
                    0.5
                ],
                "id": 0,
                "xyz": [
                    2.1141709824,
                    0.0,
                    3.3579480033328832
                ]
            },
            {
                "coords": [
                    0.08855524660658459,
                    0.5
                ],
                "id": 0,
                "xyz": [
                    -2.0885035833732943,
                    0.0,
                    3.3579480033328832
                ]
            },
            {
                "coords": [
                    0.3220210268685503,
                    0.5
                ],
                "id": 0,
                "xyz": [
                    -2.0885035833732943,
                    0.0,
                    -1.01536504064
                ]
            }
        ]
    },
    "layoutWalls": {
        "num": 4,
        "walls": [
            {
                "id": 0,
                "normal": [
                    1.0,
                    0.0,
                    -0.0
                ],
                "planeEquation": [
                    1.0,
                    0.0,
                    -0.0,
                    -2.1141709824
                ],
                "pointsIdx": [
                    0,
                    1
                ],
                "width": 4.373313043972884
            },
            {
                "id": 0,
                "normal": [
                    0.0,
                    0.0,
                    1.0
                ],
                "planeEquation": [
                    0.0,
                    0.0,
                    1.0,
                    -3.3579480033328832
                ],
                "pointsIdx": [
                    1,
                    2
                ],
                "width": 4.202674565773295
            },
            {
                "id": 0,
                "normal": [
                    -1.0,
                    -0.0,
                    -0.0
                ],
                "planeEquation": [
                    -1.0,
                    -0.0,
                    -0.0,
                    -2.0885035833732943
                ],
                "pointsIdx": [
                    2,
                    3
                ],
                "width": 4.373313043972884
            },
            {
                "id": 0,
                "normal": [
                    0.0,
                    0.0,
                    -1.0
                ],
                "planeEquation": [
                    0.0,
                    0.0,
                    -1.0,
                    -1.01536504064
                ],
                "pointsIdx": [
                    3,
                    0
                ],
                "width": 4.202674565773295
            }
        ]
    },
    "panoId": "nothing"
}