{
    "cameraHeight": 1.6,
    "layoutHeight": 3.2643473625183104,
    "layoutObj2ds": {
        "num": 0,
        "obj2ds": []
    },
    "layoutPoints": {
        "num": 6,
        "points": [
            {
                "coords": [
                    0.7143004318225004,
                    0.5
                ],
                "id": 0,
                "xyz": [
                    3.1785217122654617,
                    0.0,
                    -0.7251676059087067
                ]
            },
            {
                "coords": [
                    0.8929665778498587,
                    0.5
                ],
                "id": 0,
                "xyz": [
                    3.1785217122654617,
                    0.0,
                    3.991367163847189
                ]
            },
            {
                "coords": [
                    0.9368027208662884,
                    0.5188227522729769
                ],
                "id": 0,
                "xyz": [
                    1.6738027493159335,
                    -0.2562353055426195,
                    3.991367163847189
                ]
            },
            {
                "coords": [
                    0.8172916666666667,
                    0.5441523454159672
                ],
                "id": 0,
                "xyz": [
                    1.6738027493159335,
                    -0.2562353055426195,
                    0.7531147987877889
                ]
            },
            {
                "coords": [
                    0.2357490849549997,
                    0.5
                ],
                "id": 0,
                "xyz": [
                    -8.388334050484358,
                    0.0,
                    0.7531147987877889
                ]
            },
            {
                "coords": [
                    0.2637247484860141,
                    0.5
                ],
                "id": 0,
                "xyz": [
                    -8.388334050484358,
                    0.0,
                    -0.7251676059087067
                ]
            }
        ]
    },
    "layoutWalls": {
        "num": 6,
        "walls": [
            {
                "id": 0,
                "normal": [
                    1.0,
                    0.0,
                    -0.0
                ],
                "planeEquation": [
                    1.0,
                    0.0,
                    -0.0,
                    -3.1785217122654617
                ],
                "pointsIdx": [
                    0,
                    1
                ],
                "width": 4.716534769755896
            },
            {
                "id": 0,
                "normal": [
                    0.0,
                    0.0,
                    1.0
                ],
                "planeEquation": [
                    0.0,
                    0.0,
                    1.0,
                    -3.991367163847189
                ],
                "pointsIdx": [
                    1,
                    2
                ],
                "width": 1.5047189629495281
            },
            {
                "id": 0,
                "normal": [
                    -1.0,
                    -0.0,
                    -0.0
                ],
                "planeEquation": [
                    -1.0,
                    -0.0,
                    -0.0,
                    1.6738027493159335
                ],
                "pointsIdx": [
                    2,
                    3
                ],
                "width": 3.2382523650594
            },
            {
                "id": 0,
                "normal": [
                    0.0,
                    0.0,
                    1.0
                ],
                "planeEquation": [
                    0.0,
                    0.0,
                    1.0,
                    -0.7531147987877889
                ],
                "pointsIdx": [
                    3,
                    4
                ],
                "width": 10.062136799800292
            },
            {
                "id": 0,
                "normal": [
                    -1.0,
                    -0.0,
                    -0.0
                ],
                "planeEquation": [
                    -1.0,
                    -0.0,
                    -0.0,
                    -8.388334050484358
                ],
                "pointsIdx": [
                    4,
                    5
                ],
                "width": 1.4782824046964955
            },
            {
                "id": 0,
                "normal": [
                    0.0,
                    0.0,
                    -1.0
                ],
                "planeEquation": [
                    0.0,
                    0.0,
                    -1.0,
                    -0.7251676059087067
                ],
                "pointsIdx": [
                    5,
                    0
                ],
                "width": 11.566855762749821
            }
        ]
    },
    "panoId": "nothing"
}