{
    "cameraHeight": 1.6,
    "layoutHeight": 3.2404672667037606,
    "layoutObj2ds": {
        "num": 0,
        "obj2ds": []
    },
    "layoutPoints": {
        "num": 4,
        "points": [
            {
                "coords": [
                    0.5490031913840312,
                    0.5
                ],
                "id": 0,
                "xyz": [
                    0.7649492924378059,
                    0.0,
                    -2.405430430071513
                ]
            },
            {
                "coords": [
                    0.8797454470683437,
                    0.5
                ],
                "id": 0,
                "xyz": [
                    0.7649492924378059,
                    0.0,
                    0.8119818346536701
                ]
            },
            {
                "coords": [
                    0.2078701998185018,
                    0.5
                ],
                "id": 0,
                "xyz": [
                    -2.9954635152538267,
                    0.0,
                    0.8119818346536701
                ]
            },
            {
                "coords": [
                    0.3576814330191802,
                    0.5
                ],
                "id": 0,
                "xyz": [
                    -2.9954635152538267,
                    0.0,
                    -2.405430430071513
                ]
            }
        ]
    },
    "layoutWalls": {
        "num": 4,
        "walls": [
            {
                "id": 0,
                "normal": [
                    1.0,
                    0.0,
                    -0.0
                ],
                "planeEquation": [
                    1.0,
                    0.0,
                    -0.0,
                    -0.7649492924378059
                ],
                "pointsIdx": [
                    0,
                    1
                ],
                "width": 3.217412264725183
            },
            {
                "id": 0,
                "normal": [
                    0.0,
                    0.0,
                    1.0
                ],
                "planeEquation": [
                    0.0,
                    0.0,
                    1.0,
                    -0.8119818346536701
                ],
                "pointsIdx": [
                    1,
                    2
                ],
                "width": 3.7604128076916323
            },
            {
                "id": 0,
                "normal": [
                    -1.0,
                    -0.0,
                    -0.0
                ],
                "planeEquation": [
                    -1.0,
                    -0.0,
                    -0.0,
                    -2.9954635152538267
                ],
                "pointsIdx": [
                    2,
                    3
                ],
                "width": 3.217412264725183
            },
            {
                "id": 0,
                "normal": [
                    0.0,
                    0.0,
                    -1.0
                ],
                "planeEquation": [
                    0.0,
                    0.0,
                    -1.0,
                    -2.405430430071513
                ],
                "pointsIdx": [
                    3,
                    0
                ],
                "width": 3.7604128076916323
            }
        ]
    },
    "panoId": "nothing"
}