{
    "cameraHeight": 1.6,
    "layoutHeight": 2.8634100437164305,
    "layoutObj2ds": {
        "num": 0,
        "obj2ds": []
    },
    "layoutPoints": {
        "num": 4,
        "points": [
            {
                "coords": [
                    0.7350648992418168,
                    0.5
                ],
                "id": 0,
                "xyz": [
                    7.109375,
                    0.0,
                    -0.6691089901452213
                ]
            },
            {
                "coords": [
                    0.7644113464250203,
                    0.5
                ],
                "id": 0,
                "xyz": [
                    7.109375,
                    0.0,
                    0.6455131199999999
                ]
            },
            {
                "coords": [
                    0.22078153800097983,
                    0.5
                ],
                "id": 0,
                "xyz": [
                    -3.4765625,
                    0.0,
                    0.6455131199999999
                ]
            },
            {
                "coords": [
                    0.2802613818663535,
                    0.5
                ],
                "id": 0,
                "xyz": [
                    -3.4765625,
                    0.0,
                    -0.6691089901452213
                ]
            }
        ]
    },
    "layoutWalls": {
        "num": 4,
        "walls": [
            {
                "id": 0,
                "normal": [
                    1.0,
                    0.0,
                    -0.0
                ],
                "planeEquation": [
                    1.0,
                    0.0,
                    -0.0,
                    -7.109375
                ],
                "pointsIdx": [
                    0,
                    1
                ],
                "width": 1.3146221101452213
            },
            {
                "id": 0,
                "normal": [
                    0.0,
                    0.0,
                    1.0
                ],
                "planeEquation": [
                    0.0,
                    0.0,
                    1.0,
                    -0.6455131199999999
                ],
                "pointsIdx": [
                    1,
                    2
                ],
                "width": 10.5859375
            },
            {
                "id": 0,
                "normal": [
                    -1.0,
                    -0.0,
                    -0.0
                ],
                "planeEquation": [
                    -1.0,
                    -0.0,
                    -0.0,
                    -3.4765625
                ],
                "pointsIdx": [
                    2,
                    3
                ],
                "width": 1.3146221101452213
            },
            {
                "id": 0,
                "normal": [
                    0.0,
                    0.0,
                    -1.0
                ],
                "planeEquation": [
                    0.0,
                    0.0,
                    -1.0,
                    -0.6691089901452213
                ],
                "pointsIdx": [
                    3,
                    0
                ],
                "width": 10.5859375
            }
        ]
    },
    "panoId": "nothing"
}