{
    "cameraHeight": 1.6,
    "layoutHeight": 3.2217175655677672,
    "layoutObj2ds": {
        "num": 0,
        "obj2ds": []
    },
    "layoutPoints": {
        "num": 4,
        "points": [
            {
                "coords": [
                    0.6208462095346952,
                    0.5
                ],
                "id": 0,
                "xyz": [
                    0.5106294818485068,
                    0.0,
                    -0.538004020314249
                ]
            },
            {
                "coords": [
                    0.9696052124452987,
                    0.5
                ],
                "id": 0,
                "xyz": [
                    0.5106294818485068,
                    0.0,
                    2.6412022833033046
                ]
            },
            {
                "coords": [
                    0.17418715038595195,
                    0.5
                ],
                "id": 0,
                "xyz": [
                    -5.118852032757757,
                    0.0,
                    2.6412022833033046
                ]
            },
            {
                "coords": [
                    0.26666638964993045,
                    0.5
                ],
                "id": 0,
                "xyz": [
                    -5.118852032757757,
                    0.0,
                    -0.538004020314249
                ]
            }
        ]
    },
    "layoutWalls": {
        "num": 4,
        "walls": [
            {
                "id": 0,
                "normal": [
                    1.0,
                    0.0,
                    -0.0
                ],
                "planeEquation": [
                    1.0,
                    0.0,
                    -0.0,
                    -0.5106294818485068
                ],
                "pointsIdx": [
                    0,
                    1
                ],
                "width": 3.1792063036175535
            },
            {
                "id": 0,
                "normal": [
                    0.0,
                    0.0,
                    1.0
                ],
                "planeEquation": [
                    0.0,
                    0.0,
                    1.0,
                    -2.6412022833033046
                ],
                "pointsIdx": [
                    1,
                    2
                ],
                "width": 5.629481514606264
            },
            {
                "id": 0,
                "normal": [
                    -1.0,
                    -0.0,
                    -0.0
                ],
                "planeEquation": [
                    -1.0,
                    -0.0,
                    -0.0,
                    -5.118852032757757
                ],
                "pointsIdx": [
                    2,
                    3
                ],
                "width": 3.1792063036175535
            },
            {
                "id": 0,
                "normal": [
                    0.0,
                    0.0,
                    -1.0
                ],
                "planeEquation": [
                    0.0,
                    0.0,
                    -1.0,
                    -0.538004020314249
                ],
                "pointsIdx": [
                    3,
                    0
                ],
                "width": 5.629481514606264
            }
        ]
    },
    "panoId": "nothing"
}