{
    "cameraHeight": 1.6,
    "layoutHeight": 2.807297468185425,
    "layoutObj2ds": {
        "num": 0,
        "obj2ds": []
    },
    "layoutPoints": {
        "num": 4,
        "points": [
            {
                "coords": [
                    0.6306898538389646,
                    0.5
                ],
                "id": 0,
                "xyz": [
                    1.22658448,
                    0.0,
                    -1.141875
                ]
            },
            {
                "coords": [
                    0.8506158143329253,
                    0.5
                ],
                "id": 0,
                "xyz": [
                    1.22658448,
                    0.0,
                    0.8984375
                ]
            },
            {
                "coords": [
                    0.23890181192745946,
                    0.5
                ],
                "id": 0,
                "xyz": [
                    -12.863264399007909,
                    0.0,
                    0.8984375
                ]
            },
            {
                "coords": [
                    0.2640912852806754,
                    0.5
                ],
                "id": 0,
                "xyz": [
                    -12.863264399007909,
                    0.0,
                    -1.141875
                ]
            }
        ]
    },
    "layoutWalls": {
        "num": 4,
        "walls": [
            {
                "id": 0,
                "normal": [
                    1.0,
                    0.0,
                    -0.0
                ],
                "planeEquation": [
                    1.0,
                    0.0,
                    -0.0,
                    -1.22658448
                ],
                "pointsIdx": [
                    0,
                    1
                ],
                "width": 2.0403124999999998
            },
            {
                "id": 0,
                "normal": [
                    0.0,
                    0.0,
                    1.0
                ],
                "planeEquation": [
                    0.0,
                    0.0,
                    1.0,
                    -0.8984375
                ],
                "pointsIdx": [
                    1,
                    2
                ],
                "width": 14.089848879007908
            },
            {
                "id": 0,
                "normal": [
                    -1.0,
                    -0.0,
                    -0.0
                ],
                "planeEquation": [
                    -1.0,
                    -0.0,
                    -0.0,
                    -12.863264399007909
                ],
                "pointsIdx": [
                    2,
                    3
                ],
                "width": 2.0403124999999998
            },
            {
                "id": 0,
                "normal": [
                    0.0,
                    0.0,
                    -1.0
                ],
                "planeEquation": [
                    0.0,
                    0.0,
                    -1.0,
                    -1.141875
                ],
                "pointsIdx": [
                    3,
                    0
                ],
                "width": 14.089848879007908
            }
        ]
    },
    "panoId": "nothing"
}