{
    "cameraHeight": 1.6,
    "layoutHeight": 3.331230001449585,
    "layoutObj2ds": {
        "num": 0,
        "obj2ds": []
    },
    "layoutPoints": {
        "num": 4,
        "points": [
            {
                "coords": [
                    0.6154235561964625,
                    0.5
                ],
                "id": 0,
                "xyz": [
                    1.6383749798729614,
                    0.0,
                    -1.8484316928251265
                ]
            },
            {
                "coords": [
                    0.8951519728895914,
                    0.5
                ],
                "id": 0,
                "xyz": [
                    1.6383749798729614,
                    0.0,
                    2.11635
                ]
            },
            {
                "coords": [
                    0.16985628328980185,
                    0.5
                ],
                "id": 0,
                "xyz": [
                    -3.8414056,
                    0.0,
                    2.11635
                ]
            },
            {
                "coords": [
                    0.32137839382080813,
                    0.5
                ],
                "id": 0,
                "xyz": [
                    -3.8414056,
                    0.0,
                    -1.8484316928251265
                ]
            }
        ]
    },
    "layoutWalls": {
        "num": 4,
        "walls": [
            {
                "id": 0,
                "normal": [
                    1.0,
                    0.0,
                    -0.0
                ],
                "planeEquation": [
                    1.0,
                    0.0,
                    -0.0,
                    -1.6383749798729614
                ],
                "pointsIdx": [
                    0,
                    1
                ],
                "width": 3.9647816928251265
            },
            {
                "id": 0,
                "normal": [
                    0.0,
                    0.0,
                    1.0
                ],
                "planeEquation": [
                    0.0,
                    0.0,
                    1.0,
                    -2.11635
                ],
                "pointsIdx": [
                    1,
                    2
                ],
                "width": 5.479780579872961
            },
            {
                "id": 0,
                "normal": [
                    -1.0,
                    -0.0,
                    -0.0
                ],
                "planeEquation": [
                    -1.0,
                    -0.0,
                    -0.0,
                    -3.8414056
                ],
                "pointsIdx": [
                    2,
                    3
                ],
                "width": 3.9647816928251265
            },
            {
                "id": 0,
                "normal": [
                    0.0,
                    0.0,
                    -1.0
                ],
                "planeEquation": [
                    0.0,
                    0.0,
                    -1.0,
                    -1.8484316928251265
                ],
                "pointsIdx": [
                    3,
                    0
                ],
                "width": 5.479780579872961
            }
        ]
    },
    "panoId": "nothing"
}