{
    "cameraHeight": 1.6,
    "layoutHeight": 3.3095218900044774,
    "layoutObj2ds": {
        "num": 0,
        "obj2ds": []
    },
    "layoutPoints": {
        "num": 4,
        "points": [
            {
                "coords": [
                    0.7380920622610331,
                    0.5
                ],
                "id": 0,
                "xyz": [
                    10.132774893785818,
                    0.0,
                    -0.7595498317299472
                ]
            },
            {
                "coords": [
                    0.7608998827092577,
                    0.5
                ],
                "id": 0,
                "xyz": [
                    10.132774893785818,
                    0.0,
                    0.695040043616882
                ]
            },
            {
                "coords": [
                    0.2297684681104591,
                    0.5
                ],
                "id": 0,
                "xyz": [
                    -5.438173509054327,
                    0.0,
                    0.695040043616882
                ]
            },
            {
                "coords": [
                    0.27208629676622875,
                    0.5
                ],
                "id": 0,
                "xyz": [
                    -5.438173509054327,
                    0.0,
                    -0.7595498317299472
                ]
            }
        ]
    },
    "layoutWalls": {
        "num": 4,
        "walls": [
            {
                "id": 0,
                "normal": [
                    1.0,
                    0.0,
                    -0.0
                ],
                "planeEquation": [
                    1.0,
                    0.0,
                    -0.0,
                    -10.132774893785818
                ],
                "pointsIdx": [
                    0,
                    1
                ],
                "width": 1.4545898753468292
            },
            {
                "id": 0,
                "normal": [
                    0.0,
                    0.0,
                    1.0
                ],
                "planeEquation": [
                    0.0,
                    0.0,
                    1.0,
                    -0.695040043616882
                ],
                "pointsIdx": [
                    1,
                    2
                ],
                "width": 15.570948402840145
            },
            {
                "id": 0,
                "normal": [
                    -1.0,
                    -0.0,
                    -0.0
                ],
                "planeEquation": [
                    -1.0,
                    -0.0,
                    -0.0,
                    -5.438173509054327
                ],
                "pointsIdx": [
                    2,
                    3
                ],
                "width": 1.4545898753468292
            },
            {
                "id": 0,
                "normal": [
                    0.0,
                    0.0,
                    -1.0
                ],
                "planeEquation": [
                    0.0,
                    0.0,
                    -1.0,
                    -0.7595498317299472
                ],
                "pointsIdx": [
                    3,
                    0
                ],
                "width": 15.570948402840145
            }
        ]
    },
    "panoId": "nothing"
}