{
    "cameraHeight": 1.6,
    "layoutHeight": 3.1279842853546143,
    "layoutObj2ds": {
        "num": 0,
        "obj2ds": []
    },
    "layoutPoints": {
        "num": 4,
        "points": [
            {
                "coords": [
                    0.7099682946888853,
                    0.5
                ],
                "id": 0,
                "xyz": [
                    3.36,
                    0.0,
                    -0.86341488
                ]
            },
            {
                "coords": [
                    0.7994969136514521,
                    0.5
                ],
                "id": 0,
                "xyz": [
                    3.36,
                    0.0,
                    1.08
                ]
            },
            {
                "coords": [
                    0.22792089280661337,
                    0.5
                ],
                "id": 0,
                "xyz": [
                    -7.73506148352,
                    0.0,
                    1.08
                ]
            },
            {
                "coords": [
                    0.2676921988922617,
                    0.5
                ],
                "id": 0,
                "xyz": [
                    -7.73506148352,
                    0.0,
                    -0.86341488
                ]
            }
        ]
    },
    "layoutWalls": {
        "num": 4,
        "walls": [
            {
                "id": 0,
                "normal": [
                    1.0,
                    0.0,
                    -0.0
                ],
                "planeEquation": [
                    1.0,
                    0.0,
                    -0.0,
                    -3.36
                ],
                "pointsIdx": [
                    0,
                    1
                ],
                "width": 1.9434148800000002
            },
            {
                "id": 0,
                "normal": [
                    0.0,
                    0.0,
                    1.0
                ],
                "planeEquation": [
                    0.0,
                    0.0,
                    1.0,
                    -1.08
                ],
                "pointsIdx": [
                    1,
                    2
                ],
                "width": 11.09506148352
            },
            {
                "id": 0,
                "normal": [
                    -1.0,
                    -0.0,
                    -0.0
                ],
                "planeEquation": [
                    -1.0,
                    -0.0,
                    -0.0,
                    -7.73506148352
                ],
                "pointsIdx": [
                    2,
                    3
                ],
                "width": 1.9434148800000002
            },
            {
                "id": 0,
                "normal": [
                    0.0,
                    0.0,
                    -1.0
                ],
                "planeEquation": [
                    0.0,
                    0.0,
                    -1.0,
                    -0.86341488
                ],
                "pointsIdx": [
                    3,
                    0
                ],
                "width": 11.09506148352
            }
        ]
    },
    "panoId": "nothing"
}