{
    "cameraHeight": 1.6,
    "layoutHeight": 3.154181852340698,
    "layoutObj2ds": {
        "num": 0,
        "obj2ds": []
    },
    "layoutPoints": {
        "num": 8,
        "points": [
            {
                "coords": [
                    0.7140913227853161,
                    0.5
                ],
                "id": 0,
                "xyz": [
                    5.65885788177211,
                    0.0,
                    -1.2988711985320016
                ]
            },
            {
                "coords": [
                    0.7809628384707143,
                    0.5
                ],
                "id": 0,
                "xyz": [
                    5.65885788177211,
                    0.0,
                    1.1150064201171639
                ]
            },
            {
                "coords": [
                    0.8270949287963433,
                    0.5
                ],
                "id": 0,
                "xyz": [
                    2.1189039631852706,
                    0.0,
                    1.1150064201171639
                ]
            },
            {
                "coords": [
                    0.88125,
                    0.4976389538421714
                ],
                "id": 0,
                "xyz": [
                    2.1189039631852706,
                    0.023154279832571015,
                    2.2922173933056142
                ]
            },
            {
                "coords": [
                    0.8401617924992426,
                    0.498274397849857
                ],
                "id": 0,
                "xyz": [
                    3.603853570210905,
                    0.023154279832571015,
                    2.2922173933056142
                ]
            },
            {
                "coords": [
                    0.9265813979654232,
                    0.5
                ],
                "id": 0,
                "xyz": [
                    3.603853570210905,
                    0.0,
                    7.250160192219681
                ]
            },
            {
                "coords": [
                    0.12889939496148556,
                    0.5
                ],
                "id": 0,
                "xyz": [
                    -7.614424643373032,
                    0.0,
                    7.250160192219681
                ]
            },
            {
                "coords": [
                    0.27688988799479736,
                    0.5
                ],
                "id": 0,
                "xyz": [
                    -7.614424643373032,
                    0.0,
                    -1.2988711985320016
                ]
            }
        ]
    },
    "layoutWalls": {
        "num": 8,
        "walls": [
            {
                "id": 0,
                "normal": [
                    1.0,
                    0.0,
                    -0.0
                ],
                "planeEquation": [
                    1.0,
                    0.0,
                    -0.0,
                    -5.65885788177211
                ],
                "pointsIdx": [
                    0,
                    1
                ],
                "width": 2.4138776186491655
            },
            {
                "id": 0,
                "normal": [
                    0.0,
                    0.0,
                    1.0
                ],
                "planeEquation": [
                    0.0,
                    0.0,
                    1.0,
                    -1.1150064201171639
                ],
                "pointsIdx": [
                    1,
                    2
                ],
                "width": 3.539953918586839
            },
            {
                "id": 0,
                "normal": [
                    1.0,
                    0.0,
                    -0.0
                ],
                "planeEquation": [
                    1.0,
                    0.0,
                    -0.0,
                    -2.1189039631852706
                ],
                "pointsIdx": [
                    2,
                    3
                ],
                "width": 1.1772109731884504
            },
            {
                "id": 0,
                "normal": [
                    0.0,
                    0.0,
                    -1.0
                ],
                "planeEquation": [
                    0.0,
                    0.0,
                    -1.0,
                    2.2922173933056142
                ],
                "pointsIdx": [
                    3,
                    4
                ],
                "width": 1.4849496070256345
            },
            {
                "id": 0,
                "normal": [
                    1.0,
                    0.0,
                    -0.0
                ],
                "planeEquation": [
                    1.0,
                    0.0,
                    -0.0,
                    -3.603853570210905
                ],
                "pointsIdx": [
                    4,
                    5
                ],
                "width": 4.9579427989140665
            },
            {
                "id": 0,
                "normal": [
                    0.0,
                    0.0,
                    1.0
                ],
                "planeEquation": [
                    0.0,
                    0.0,
                    1.0,
                    -7.250160192219681
                ],
                "pointsIdx": [
                    5,
                    6
                ],
                "width": 11.218278213583936
            },
            {
                "id": 0,
                "normal": [
                    -1.0,
                    -0.0,
                    -0.0
                ],
                "planeEquation": [
                    -1.0,
                    -0.0,
                    -0.0,
                    -7.614424643373032
                ],
                "pointsIdx": [
                    6,
                    7
                ],
                "width": 8.549031390751683
            },
            {
                "id": 0,
                "normal": [
                    0.0,
                    0.0,
                    -1.0
                ],
                "planeEquation": [
                    0.0,
                    0.0,
                    -1.0,
                    -1.2988711985320016
                ],
                "pointsIdx": [
                    7,
                    0
                ],
                "width": 13.273282525145142
            }
        ]
    },
    "panoId": "nothing"
}