{
    "cameraHeight": 1.6,
    "layoutHeight": 2.5163252067565915,
    "layoutObj2ds": {
        "num": 0,
        "obj2ds": []
    },
    "layoutPoints": {
        "num": 10,
        "points": [
            {
                "coords": [
                    0.5416355297655909,
                    0.5
                ],
                "id": 0,
                "xyz": [
                    0.7721354336405934,
                    0.0,
                    -2.8839053669186447
                ]
            },
            {
                "coords": [
                    0.8616666666666666,
                    0.6573027217286069
                ],
                "id": 0,
                "xyz": [
                    0.7721354336405934,
                    -0.5446532819210959,
                    0.6525050313475579
                ]
            },
            {
                "coords": [
                    0.8126418472762031,
                    0.5986153900865806
                ],
                "id": 0,
                "xyz": [
                    1.5713239706868778,
                    -0.5446532819210959,
                    0.6525050313475579
                ]
            },
            {
                "coords": [
                    0.9526360871726547,
                    0.5
                ],
                "id": 0,
                "xyz": [
                    1.5713239706868778,
                    0.0,
                    5.123251636331475
                ]
            },
            {
                "coords": [
                    0.06007579095994531,
                    0.5
                ],
                "id": 0,
                "xyz": [
                    -2.0312615387484794,
                    0.0,
                    5.123251636331475
                ]
            },
            {
                "coords": [
                    0.1993582555676745,
                    0.5620552068887005
                ],
                "id": 0,
                "xyz": [
                    -2.0312615387484794,
                    -0.42229099173947154,
                    0.6690639504765278
                ]
            },
            {
                "coords": [
                    0.19027777777777788,
                    0.5723597821594877
                ],
                "id": 0,
                "xyz": [
                    -1.698517789942088,
                    -0.42229099173947154,
                    0.6690639504765278
                ]
            },
            {
                "coords": [
                    0.20662730829436926,
                    0.5
                ],
                "id": 0,
                "xyz": [
                    -1.698517789942088,
                    0.0,
                    0.4746875
                ]
            },
            {
                "coords": [
                    0.2297422114105182,
                    0.5
                ],
                "id": 0,
                "xyz": [
                    -3.7092118656,
                    0.0,
                    0.4746875
                ]
            },
            {
                "coords": [
                    0.3551805547497258,
                    0.5
                ],
                "id": 0,
                "xyz": [
                    -3.7092118656,
                    0.0,
                    -2.8839053669186447
                ]
            }
        ]
    },
    "layoutWalls": {
        "num": 10,
        "walls": [
            {
                "id": 0,
                "normal": [
                    1.0,
                    0.0,
                    -0.0
                ],
                "planeEquation": [
                    1.0,
                    0.0,
                    -0.0,
                    -0.7721354336405934
                ],
                "pointsIdx": [
                    0,
                    1
                ],
                "width": 3.5364103982662027
            },
            {
                "id": 0,
                "normal": [
                    0.0,
                    0.0,
                    -1.0
                ],
                "planeEquation": [
                    0.0,
                    0.0,
                    -1.0,
                    0.6525050313475579
                ],
                "pointsIdx": [
                    1,
                    2
                ],
                "width": 0.7991885370462843
            },
            {
                "id": 0,
                "normal": [
                    1.0,
                    0.0,
                    -0.0
                ],
                "planeEquation": [
                    1.0,
                    0.0,
                    -0.0,
                    -1.5713239706868778
                ],
                "pointsIdx": [
                    2,
                    3
                ],
                "width": 4.470746604983917
            },
            {
                "id": 0,
                "normal": [
                    0.0,
                    0.0,
                    1.0
                ],
                "planeEquation": [
                    0.0,
                    0.0,
                    1.0,
                    -5.123251636331475
                ],
                "pointsIdx": [
                    3,
                    4
                ],
                "width": 3.6025855094353574
            },
            {
                "id": 0,
                "normal": [
                    -1.0,
                    -0.0,
                    -0.0
                ],
                "planeEquation": [
                    -1.0,
                    -0.0,
                    -0.0,
                    -2.0312615387484794
                ],
                "pointsIdx": [
                    4,
                    5
                ],
                "width": 4.454187685854947
            },
            {
                "id": 0,
                "normal": [
                    0.0,
                    0.0,
                    -1.0
                ],
                "planeEquation": [
                    0.0,
                    0.0,
                    -1.0,
                    0.6690639504765278
                ],
                "pointsIdx": [
                    5,
                    6
                ],
                "width": 0.33274374880639135
            },
            {
                "id": 0,
                "normal": [
                    -1.0,
                    -0.0,
                    -0.0
                ],
                "planeEquation": [
                    -1.0,
                    -0.0,
                    -0.0,
                    -1.698517789942088
                ],
                "pointsIdx": [
                    6,
                    7
                ],
                "width": 0.1943764504765278
            },
            {
                "id": 0,
                "normal": [
                    0.0,
                    0.0,
                    1.0
                ],
                "planeEquation": [
                    0.0,
                    0.0,
                    1.0,
                    -0.4746875
                ],
                "pointsIdx": [
                    7,
                    8
                ],
                "width": 2.010694075657912
            },
            {
                "id": 0,
                "normal": [
                    -1.0,
                    -0.0,
                    -0.0
                ],
                "planeEquation": [
                    -1.0,
                    -0.0,
                    -0.0,
                    -3.7092118656
                ],
                "pointsIdx": [
                    8,
                    9
                ],
                "width": 3.3585928669186447
            },
            {
                "id": 0,
                "normal": [
                    0.0,
                    0.0,
                    -1.0
                ],
                "planeEquation": [
                    0.0,
                    0.0,
                    -1.0,
                    -2.8839053669186447
                ],
                "pointsIdx": [
                    9,
                    0
                ],
                "width": 4.481347299240594
            }
        ]
    },
    "panoId": "nothing"
}