{
    "cameraHeight": 1.6,
    "layoutHeight": 2.9006012821197507,
    "layoutObj2ds": {
        "num": 0,
        "obj2ds": []
    },
    "layoutPoints": {
        "num": 4,
        "points": [
            {
                "coords": [
                    0.6406944984835472,
                    0.5
                ],
                "id": 0,
                "xyz": [
                    1.5710904322612242,
                    0.0,
                    -1.2882128917811222
                ]
            },
            {
                "coords": [
                    0.8715289894104585,
                    0.5
                ],
                "id": 0,
                "xyz": [
                    1.5710904322612242,
                    0.0,
                    1.504014818640187
                ]
            },
            {
                "coords": [
                    0.13499208774340749,
                    0.5
                ],
                "id": 0,
                "xyz": [
                    -1.7057989814450785,
                    0.0,
                    1.504014818640187
                ]
            },
            {
                "coords": [
                    0.3529443431559074,
                    0.5
                ],
                "id": 0,
                "xyz": [
                    -1.7057989814450785,
                    0.0,
                    -1.2882128917811222
                ]
            }
        ]
    },
    "layoutWalls": {
        "num": 4,
        "walls": [
            {
                "id": 0,
                "normal": [
                    1.0,
                    0.0,
                    -0.0
                ],
                "planeEquation": [
                    1.0,
                    0.0,
                    -0.0,
                    -1.5710904322612242
                ],
                "pointsIdx": [
                    0,
                    1
                ],
                "width": 2.792227710421309
            },
            {
                "id": 0,
                "normal": [
                    0.0,
                    0.0,
                    1.0
                ],
                "planeEquation": [
                    0.0,
                    0.0,
                    1.0,
                    -1.504014818640187
                ],
                "pointsIdx": [
                    1,
                    2
                ],
                "width": 3.2768894137063027
            },
            {
                "id": 0,
                "normal": [
                    -1.0,
                    -0.0,
                    -0.0
                ],
                "planeEquation": [
                    -1.0,
                    -0.0,
                    -0.0,
                    -1.7057989814450785
                ],
                "pointsIdx": [
                    2,
                    3
                ],
                "width": 2.792227710421309
            },
            {
                "id": 0,
                "normal": [
                    0.0,
                    0.0,
                    -1.0
                ],
                "planeEquation": [
                    0.0,
                    0.0,
                    -1.0,
                    -1.2882128917811222
                ],
                "pointsIdx": [
                    3,
                    0
                ],
                "width": 3.2768894137063027
            }
        ]
    },
    "panoId": "nothing"
}