{
    "cameraHeight": 1.6,
    "layoutHeight": 3.1778182983398438,
    "layoutObj2ds": {
        "num": 0,
        "obj2ds": []
    },
    "layoutPoints": {
        "num": 6,
        "points": [
            {
                "coords": [
                    0.523814857070859,
                    0.5
                ],
                "id": 0,
                "xyz": [
                    0.40864,
                    0.0,
                    -2.710532945948537
                ]
            },
            {
                "coords": [
                    0.5987106402836185,
                    0.5
                ],
                "id": 0,
                "xyz": [
                    0.40864,
                    0.0,
                    -0.5721350000000001
                ]
            },
            {
                "coords": [
                    0.6732949038452656,
                    0.5
                ],
                "id": 0,
                "xyz": [
                    1.09375,
                    0.0,
                    -0.5721350000000001
                ]
            },
            {
                "coords": [
                    0.8128200423892249,
                    0.5
                ],
                "id": 0,
                "xyz": [
                    1.09375,
                    0.0,
                    0.455625
                ]
            },
            {
                "coords": [
                    0.22665416302911912,
                    0.5
                ],
                "id": 0,
                "xyz": [
                    -3.08381,
                    0.0,
                    0.455625
                ]
            },
            {
                "coords": [
                    0.36476123618608447,
                    0.5
                ],
                "id": 0,
                "xyz": [
                    -3.08381,
                    0.0,
                    -2.710532945948537
                ]
            }
        ]
    },
    "layoutWalls": {
        "num": 6,
        "walls": [
            {
                "id": 0,
                "normal": [
                    1.0,
                    0.0,
                    -0.0
                ],
                "planeEquation": [
                    1.0,
                    0.0,
                    -0.0,
                    -0.40864
                ],
                "pointsIdx": [
                    0,
                    1
                ],
                "width": 2.1383979459485367
            },
            {
                "id": 0,
                "normal": [
                    0.0,
                    0.0,
                    -1.0
                ],
                "planeEquation": [
                    0.0,
                    0.0,
                    -1.0,
                    -0.5721350000000001
                ],
                "pointsIdx": [
                    1,
                    2
                ],
                "width": 0.68511
            },
            {
                "id": 0,
                "normal": [
                    1.0,
                    0.0,
                    -0.0
                ],
                "planeEquation": [
                    1.0,
                    0.0,
                    -0.0,
                    -1.09375
                ],
                "pointsIdx": [
                    2,
                    3
                ],
                "width": 1.02776
            },
            {
                "id": 0,
                "normal": [
                    0.0,
                    0.0,
                    1.0
                ],
                "planeEquation": [
                    0.0,
                    0.0,
                    1.0,
                    -0.455625
                ],
                "pointsIdx": [
                    3,
                    4
                ],
                "width": 4.17756
            },
            {
                "id": 0,
                "normal": [
                    -1.0,
                    -0.0,
                    -0.0
                ],
                "planeEquation": [
                    -1.0,
                    -0.0,
                    -0.0,
                    -3.08381
                ],
                "pointsIdx": [
                    4,
                    5
                ],
                "width": 3.166157945948537
            },
            {
                "id": 0,
                "normal": [
                    0.0,
                    0.0,
                    -1.0
                ],
                "planeEquation": [
                    0.0,
                    0.0,
                    -1.0,
                    -2.710532945948537
                ],
                "pointsIdx": [
                    5,
                    0
                ],
                "width": 3.4924500000000003
            }
        ]
    },
    "panoId": "nothing"
}