{
    "cameraHeight": 1.6,
    "layoutHeight": 3.1577578735351564,
    "layoutObj2ds": {
        "num": 0,
        "obj2ds": []
    },
    "layoutPoints": {
        "num": 8,
        "points": [
            {
                "coords": [
                    0.6492509121592454,
                    0.5
                ],
                "id": 0,
                "xyz": [
                    1.96973897728,
                    0.0,
                    -1.4453125
                ]
            },
            {
                "coords": [
                    0.8759562698648966,
                    0.5
                ],
                "id": 0,
                "xyz": [
                    1.96973897728,
                    0.0,
                    1.9935523859682254
                ]
            },
            {
                "coords": [
                    0.9454318205258057,
                    0.5084490947073774
                ],
                "id": 0,
                "xyz": [
                    0.7116189641148124,
                    -0.056199532559269405,
                    1.9935523859682254
                ]
            },
            {
                "coords": [
                    0.9161805555555557,
                    0.5126289375079098
                ],
                "id": 0,
                "xyz": [
                    0.7116189641148124,
                    -0.056199532559269405,
                    1.2239118606915764
                ]
            },
            {
                "coords": [
                    0.9881000579791135,
                    0.5
                ],
                "id": 0,
                "xyz": [
                    0.09168224096309432,
                    0.0,
                    1.2239118606915764
                ]
            },
            {
                "coords": [
                    0.9730352569278862,
                    0.5
                ],
                "id": 0,
                "xyz": [
                    0.09168224096309432,
                    0.0,
                    0.5359516130039867
                ]
            },
            {
                "coords": [
                    0.1811160448027983,
                    0.5
                ],
                "id": 0,
                "xyz": [
                    -1.16,
                    0.0,
                    0.5359516130039867
                ]
            },
            {
                "coords": [
                    0.3923601679890657,
                    0.5
                ],
                "id": 0,
                "xyz": [
                    -1.16,
                    0.0,
                    -1.4453125
                ]
            }
        ]
    },
    "layoutWalls": {
        "num": 8,
        "walls": [
            {
                "id": 0,
                "normal": [
                    1.0,
                    0.0,
                    -0.0
                ],
                "planeEquation": [
                    1.0,
                    0.0,
                    -0.0,
                    -1.96973897728
                ],
                "pointsIdx": [
                    0,
                    1
                ],
                "width": 3.4388648859682256
            },
            {
                "id": 0,
                "normal": [
                    0.0,
                    0.0,
                    1.0
                ],
                "planeEquation": [
                    0.0,
                    0.0,
                    1.0,
                    -1.9935523859682254
                ],
                "pointsIdx": [
                    1,
                    2
                ],
                "width": 1.2581200131651875
            },
            {
                "id": 0,
                "normal": [
                    -1.0,
                    -0.0,
                    -0.0
                ],
                "planeEquation": [
                    -1.0,
                    -0.0,
                    -0.0,
                    0.7116189641148124
                ],
                "pointsIdx": [
                    2,
                    3
                ],
                "width": 0.769640525276649
            },
            {
                "id": 0,
                "normal": [
                    0.0,
                    0.0,
                    1.0
                ],
                "planeEquation": [
                    0.0,
                    0.0,
                    1.0,
                    -1.2239118606915764
                ],
                "pointsIdx": [
                    3,
                    4
                ],
                "width": 0.6199367231517181
            },
            {
                "id": 0,
                "normal": [
                    -1.0,
                    -0.0,
                    -0.0
                ],
                "planeEquation": [
                    -1.0,
                    -0.0,
                    -0.0,
                    0.09168224096309432
                ],
                "pointsIdx": [
                    4,
                    5
                ],
                "width": 0.6879602476875897
            },
            {
                "id": 0,
                "normal": [
                    0.0,
                    0.0,
                    1.0
                ],
                "planeEquation": [
                    0.0,
                    0.0,
                    1.0,
                    -0.5359516130039867
                ],
                "pointsIdx": [
                    5,
                    6
                ],
                "width": 1.2516822409630943
            },
            {
                "id": 0,
                "normal": [
                    -1.0,
                    -0.0,
                    -0.0
                ],
                "planeEquation": [
                    -1.0,
                    -0.0,
                    -0.0,
                    -1.16
                ],
                "pointsIdx": [
                    6,
                    7
                ],
                "width": 1.9812641130039867
            },
            {
                "id": 0,
                "normal": [
                    0.0,
                    0.0,
                    -1.0
                ],
                "planeEquation": [
                    0.0,
                    0.0,
                    -1.0,
                    -1.4453125
                ],
                "pointsIdx": [
                    7,
                    0
                ],
                "width": 3.1297389772799997
            }
        ]
    },
    "panoId": "nothing"
}