{
    "cameraHeight": 1.6,
    "layoutHeight": 5.294137077331544,
    "layoutObj2ds": {
        "num": 0,
        "obj2ds": []
    },
    "layoutPoints": {
        "num": 4,
        "points": [
            {
                "coords": [
                    0.5105617013229427,
                    0.5
                ],
                "id": 0,
                "xyz": [
                    0.23881780071976555,
                    0.0,
                    -3.5934762041530166
                ]
            },
            {
                "coords": [
                    0.9886876480388103,
                    0.5
                ],
                "id": 0,
                "xyz": [
                    0.23881780071976555,
                    0.0,
                    3.3542984258589206
                ]
            },
            {
                "coords": [
                    0.18406934212761855,
                    0.5
                ],
                "id": 0,
                "xyz": [
                    -7.628626825216001,
                    0.0,
                    3.3542984258589206
                ]
            },
            {
                "coords": [
                    0.32006347531990975,
                    0.5
                ],
                "id": 0,
                "xyz": [
                    -7.628626825216001,
                    0.0,
                    -3.5934762041530166
                ]
            }
        ]
    },
    "layoutWalls": {
        "num": 4,
        "walls": [
            {
                "id": 0,
                "normal": [
                    1.0,
                    0.0,
                    -0.0
                ],
                "planeEquation": [
                    1.0,
                    0.0,
                    -0.0,
                    -0.23881780071976555
                ],
                "pointsIdx": [
                    0,
                    1
                ],
                "width": 6.947774630011937
            },
            {
                "id": 0,
                "normal": [
                    0.0,
                    0.0,
                    1.0
                ],
                "planeEquation": [
                    0.0,
                    0.0,
                    1.0,
                    -3.3542984258589206
                ],
                "pointsIdx": [
                    1,
                    2
                ],
                "width": 7.867444625935766
            },
            {
                "id": 0,
                "normal": [
                    -1.0,
                    -0.0,
                    -0.0
                ],
                "planeEquation": [
                    -1.0,
                    -0.0,
                    -0.0,
                    -7.628626825216001
                ],
                "pointsIdx": [
                    2,
                    3
                ],
                "width": 6.947774630011937
            },
            {
                "id": 0,
                "normal": [
                    0.0,
                    0.0,
                    -1.0
                ],
                "planeEquation": [
                    0.0,
                    0.0,
                    -1.0,
                    -3.5934762041530166
                ],
                "pointsIdx": [
                    3,
                    0
                ],
                "width": 7.867444625935766
            }
        ]
    },
    "panoId": "nothing"
}