{
    "cameraHeight": 1.6,
    "layoutHeight": 3.451329202651978,
    "layoutObj2ds": {
        "num": 0,
        "obj2ds": []
    },
    "layoutPoints": {
        "num": 4,
        "points": [
            {
                "coords": [
                    0.5104046456238535,
                    0.5
                ],
                "id": 0,
                "xyz": [
                    0.5523997696,
                    0.0,
                    -8.437756993778937
                ]
            },
            {
                "coords": [
                    0.9350422527445323,
                    0.5
                ],
                "id": 0,
                "xyz": [
                    0.5523997696,
                    0.0,
                    1.2774509083938188
                ]
            },
            {
                "coords": [
                    0.2037884155177983,
                    0.5
                ],
                "id": 0,
                "xyz": [
                    -4.275264,
                    0.0,
                    1.2774509083938188
                ]
            },
            {
                "coords": [
                    0.4253596222466454,
                    0.5
                ],
                "id": 0,
                "xyz": [
                    -4.275264,
                    0.0,
                    -8.437756993778937
                ]
            }
        ]
    },
    "layoutWalls": {
        "num": 4,
        "walls": [
            {
                "id": 0,
                "normal": [
                    1.0,
                    0.0,
                    -0.0
                ],
                "planeEquation": [
                    1.0,
                    0.0,
                    -0.0,
                    -0.5523997696
                ],
                "pointsIdx": [
                    0,
                    1
                ],
                "width": 9.715207902172756
            },
            {
                "id": 0,
                "normal": [
                    0.0,
                    0.0,
                    1.0
                ],
                "planeEquation": [
                    0.0,
                    0.0,
                    1.0,
                    -1.2774509083938188
                ],
                "pointsIdx": [
                    1,
                    2
                ],
                "width": 4.8276637696
            },
            {
                "id": 0,
                "normal": [
                    -1.0,
                    -0.0,
                    -0.0
                ],
                "planeEquation": [
                    -1.0,
                    -0.0,
                    -0.0,
                    -4.275264
                ],
                "pointsIdx": [
                    2,
                    3
                ],
                "width": 9.715207902172756
            },
            {
                "id": 0,
                "normal": [
                    0.0,
                    0.0,
                    -1.0
                ],
                "planeEquation": [
                    0.0,
                    0.0,
                    -1.0,
                    -8.437756993778937
                ],
                "pointsIdx": [
                    3,
                    0
                ],
                "width": 4.8276637696
            }
        ]
    },
    "panoId": "nothing"
}