{
    "cameraHeight": 1.6,
    "layoutHeight": 2.997562149683631,
    "layoutObj2ds": {
        "num": 0,
        "obj2ds": []
    },
    "layoutPoints": {
        "num": 4,
        "points": [
            {
                "coords": [
                    0.5836191405843495,
                    0.5
                ],
                "id": 0,
                "xyz": [
                    1.2380799999999998,
                    0.0,
                    -2.135551753237201
                ]
            },
            {
                "coords": [
                    0.8615263675056021,
                    0.5
                ],
                "id": 0,
                "xyz": [
                    1.2380799999999998,
                    0.0,
                    1.0443893040521948
                ]
            },
            {
                "coords": [
                    0.17676570421006793,
                    0.5
                ],
                "id": 0,
                "xyz": [
                    -2.1072,
                    0.0,
                    1.0443893040521948
                ]
            },
            {
                "coords": [
                    0.376063520746016,
                    0.5
                ],
                "id": 0,
                "xyz": [
                    -2.1072,
                    0.0,
                    -2.135551753237201
                ]
            }
        ]
    },
    "layoutWalls": {
        "num": 4,
        "walls": [
            {
                "id": 0,
                "normal": [
                    1.0,
                    0.0,
                    -0.0
                ],
                "planeEquation": [
                    1.0,
                    0.0,
                    -0.0,
                    -1.2380799999999998
                ],
                "pointsIdx": [
                    0,
                    1
                ],
                "width": 3.179941057289396
            },
            {
                "id": 0,
                "normal": [
                    0.0,
                    0.0,
                    1.0
                ],
                "planeEquation": [
                    0.0,
                    0.0,
                    1.0,
                    -1.0443893040521948
                ],
                "pointsIdx": [
                    1,
                    2
                ],
                "width": 3.34528
            },
            {
                "id": 0,
                "normal": [
                    -1.0,
                    -0.0,
                    -0.0
                ],
                "planeEquation": [
                    -1.0,
                    -0.0,
                    -0.0,
                    -2.1072
                ],
                "pointsIdx": [
                    2,
                    3
                ],
                "width": 3.179941057289396
            },
            {
                "id": 0,
                "normal": [
                    0.0,
                    0.0,
                    -1.0
                ],
                "planeEquation": [
                    0.0,
                    0.0,
                    -1.0,
                    -2.135551753237201
                ],
                "pointsIdx": [
                    3,
                    0
                ],
                "width": 3.34528
            }
        ]
    },
    "panoId": "nothing"
}