{
    "cameraHeight": 1.6,
    "layoutHeight": 2.32196391801743,
    "layoutObj2ds": {
        "num": 0,
        "obj2ds": []
    },
    "layoutPoints": {
        "num": 4,
        "points": [
            {
                "coords": [
                    0.6465750934067591,
                    0.5
                ],
                "id": 0,
                "xyz": [
                    0.4743602209255586,
                    0.0,
                    -0.36048937533697023
                ]
            },
            {
                "coords": [
                    0.9345029694412672,
                    0.5
                ],
                "id": 0,
                "xyz": [
                    0.4743602209255586,
                    0.0,
                    1.086856871651828
                ]
            },
            {
                "coords": [
                    0.12810604045215213,
                    0.5
                ],
                "id": 0,
                "xyz": [
                    -1.1301286733816778,
                    0.0,
                    1.086856871651828
                ]
            },
            {
                "coords": [
                    0.2991435712127257,
                    0.5
                ],
                "id": 0,
                "xyz": [
                    -1.1301286733816778,
                    0.0,
                    -0.36048937533697023
                ]
            }
        ]
    },
    "layoutWalls": {
        "num": 4,
        "walls": [
            {
                "id": 0,
                "normal": [
                    1.0,
                    0.0,
                    -0.0
                ],
                "planeEquation": [
                    1.0,
                    0.0,
                    -0.0,
                    -0.4743602209255586
                ],
                "pointsIdx": [
                    0,
                    1
                ],
                "width": 1.4473462469887983
            },
            {
                "id": 0,
                "normal": [
                    0.0,
                    0.0,
                    1.0
                ],
                "planeEquation": [
                    0.0,
                    0.0,
                    1.0,
                    -1.086856871651828
                ],
                "pointsIdx": [
                    1,
                    2
                ],
                "width": 1.6044888943072364
            },
            {
                "id": 0,
                "normal": [
                    -1.0,
                    -0.0,
                    -0.0
                ],
                "planeEquation": [
                    -1.0,
                    -0.0,
                    -0.0,
                    -1.1301286733816778
                ],
                "pointsIdx": [
                    2,
                    3
                ],
                "width": 1.4473462469887983
            },
            {
                "id": 0,
                "normal": [
                    0.0,
                    0.0,
                    -1.0
                ],
                "planeEquation": [
                    0.0,
                    0.0,
                    -1.0,
                    -0.36048937533697023
                ],
                "pointsIdx": [
                    3,
                    0
                ],
                "width": 1.6044888943072364
            }
        ]
    },
    "panoId": "nothing"
}