{
    "cameraHeight": 1.6,
    "layoutHeight": 3.858076610565181,
    "layoutObj2ds": {
        "num": 0,
        "obj2ds": []
    },
    "layoutPoints": {
        "num": 4,
        "points": [
            {
                "coords": [
                    0.6775676034705291,
                    0.5
                ],
                "id": 0,
                "xyz": [
                    3.64477622272,
                    0.0,
                    -1.7836381155020318
                ]
            },
            {
                "coords": [
                    0.9284715828767727,
                    0.5
                ],
                "id": 0,
                "xyz": [
                    3.64477622272,
                    0.0,
                    7.556325611114709
                ]
            },
            {
                "coords": [
                    0.06741413161144838,
                    0.5
                ],
                "id": 0,
                "xyz": [
                    -3.4069050528338702,
                    0.0,
                    7.556325611114709
                ]
            },
            {
                "coords": [
                    0.3267602368257503,
                    0.5
                ],
                "id": 0,
                "xyz": [
                    -3.4069050528338702,
                    0.0,
                    -1.7836381155020318
                ]
            }
        ]
    },
    "layoutWalls": {
        "num": 4,
        "walls": [
            {
                "id": 0,
                "normal": [
                    1.0,
                    0.0,
                    -0.0
                ],
                "planeEquation": [
                    1.0,
                    0.0,
                    -0.0,
                    -3.64477622272
                ],
                "pointsIdx": [
                    0,
                    1
                ],
                "width": 9.339963726616741
            },
            {
                "id": 0,
                "normal": [
                    0.0,
                    0.0,
                    1.0
                ],
                "planeEquation": [
                    0.0,
                    0.0,
                    1.0,
                    -7.556325611114709
                ],
                "pointsIdx": [
                    1,
                    2
                ],
                "width": 7.05168127555387
            },
            {
                "id": 0,
                "normal": [
                    -1.0,
                    -0.0,
                    -0.0
                ],
                "planeEquation": [
                    -1.0,
                    -0.0,
                    -0.0,
                    -3.4069050528338702
                ],
                "pointsIdx": [
                    2,
                    3
                ],
                "width": 9.339963726616741
            },
            {
                "id": 0,
                "normal": [
                    0.0,
                    0.0,
                    -1.0
                ],
                "planeEquation": [
                    0.0,
                    0.0,
                    -1.0,
                    -1.7836381155020318
                ],
                "pointsIdx": [
                    3,
                    0
                ],
                "width": 7.05168127555387
            }
        ]
    },
    "panoId": "nothing"
}