{
    "cameraHeight": 1.6,
    "layoutHeight": 3.7637297910541947,
    "layoutObj2ds": {
        "num": 0,
        "obj2ds": []
    },
    "layoutPoints": {
        "num": 4,
        "points": [
            {
                "coords": [
                    0.5223022110528135,
                    0.5
                ],
                "id": 0,
                "xyz": [
                    0.579128887429328,
                    0.0,
                    -4.105742642478484
                ]
            },
            {
                "coords": [
                    0.9785560180841104,
                    0.5
                ],
                "id": 0,
                "xyz": [
                    0.579128887429328,
                    0.0,
                    4.272191270020396
                ]
            },
            {
                "coords": [
                    0.14252483415646722,
                    0.5
                ],
                "id": 0,
                "xyz": [
                    -5.334271948750776,
                    0.0,
                    4.272191270020396
                ]
            },
            {
                "coords": [
                    0.35440323681091457,
                    0.5
                ],
                "id": 0,
                "xyz": [
                    -5.334271948750776,
                    0.0,
                    -4.105742642478484
                ]
            }
        ]
    },
    "layoutWalls": {
        "num": 4,
        "walls": [
            {
                "id": 0,
                "normal": [
                    1.0,
                    0.0,
                    -0.0
                ],
                "planeEquation": [
                    1.0,
                    0.0,
                    -0.0,
                    -0.579128887429328
                ],
                "pointsIdx": [
                    0,
                    1
                ],
                "width": 8.377933912498879
            },
            {
                "id": 0,
                "normal": [
                    0.0,
                    0.0,
                    1.0
                ],
                "planeEquation": [
                    0.0,
                    0.0,
                    1.0,
                    -4.272191270020396
                ],
                "pointsIdx": [
                    1,
                    2
                ],
                "width": 5.913400836180104
            },
            {
                "id": 0,
                "normal": [
                    -1.0,
                    -0.0,
                    -0.0
                ],
                "planeEquation": [
                    -1.0,
                    -0.0,
                    -0.0,
                    -5.334271948750776
                ],
                "pointsIdx": [
                    2,
                    3
                ],
                "width": 8.377933912498879
            },
            {
                "id": 0,
                "normal": [
                    0.0,
                    0.0,
                    -1.0
                ],
                "planeEquation": [
                    0.0,
                    0.0,
                    -1.0,
                    -4.105742642478484
                ],
                "pointsIdx": [
                    3,
                    0
                ],
                "width": 5.913400836180104
            }
        ]
    },
    "panoId": "nothing"
}