{
    "cameraHeight": 1.6,
    "layoutHeight": 4.7480182723998965,
    "layoutObj2ds": {
        "num": 0,
        "obj2ds": []
    },
    "layoutPoints": {
        "num": 4,
        "points": [
            {
                "coords": [
                    0.7388065249340625,
                    0.5
                ],
                "id": 0,
                "xyz": [
                    22.173737847146857,
                    0.0,
                    -1.5620704117838977
                ]
            },
            {
                "coords": [
                    0.7604588416960967,
                    0.5
                ],
                "id": 0,
                "xyz": [
                    22.173737847146857,
                    0.0,
                    1.4592448041869173
                ]
            },
            {
                "coords": [
                    0.22176576554145544,
                    0.5
                ],
                "id": 0,
                "xyz": [
                    -8.139216666807505,
                    0.0,
                    1.4592448041869173
                ]
            },
            {
                "coords": [
                    0.28017791643364226,
                    0.5
                ],
                "id": 0,
                "xyz": [
                    -8.139216666807505,
                    0.0,
                    -1.5620704117838977
                ]
            }
        ]
    },
    "layoutWalls": {
        "num": 4,
        "walls": [
            {
                "id": 0,
                "normal": [
                    1.0,
                    0.0,
                    -0.0
                ],
                "planeEquation": [
                    1.0,
                    0.0,
                    -0.0,
                    -22.173737847146857
                ],
                "pointsIdx": [
                    0,
                    1
                ],
                "width": 3.021315215970815
            },
            {
                "id": 0,
                "normal": [
                    0.0,
                    0.0,
                    1.0
                ],
                "planeEquation": [
                    0.0,
                    0.0,
                    1.0,
                    -1.4592448041869173
                ],
                "pointsIdx": [
                    1,
                    2
                ],
                "width": 30.31295451395436
            },
            {
                "id": 0,
                "normal": [
                    -1.0,
                    -0.0,
                    -0.0
                ],
                "planeEquation": [
                    -1.0,
                    -0.0,
                    -0.0,
                    -8.139216666807505
                ],
                "pointsIdx": [
                    2,
                    3
                ],
                "width": 3.021315215970815
            },
            {
                "id": 0,
                "normal": [
                    0.0,
                    0.0,
                    -1.0
                ],
                "planeEquation": [
                    0.0,
                    0.0,
                    -1.0,
                    -1.5620704117838977
                ],
                "pointsIdx": [
                    3,
                    0
                ],
                "width": 30.31295451395436
            }
        ]
    },
    "panoId": "nothing"
}