{
    "cameraHeight": 1.6,
    "layoutHeight": 5.236519804000856,
    "layoutObj2ds": {
        "num": 0,
        "obj2ds": []
    },
    "layoutPoints": {
        "num": 4,
        "points": [
            {
                "coords": [
                    0.6606381957513398,
                    0.5
                ],
                "id": 0,
                "xyz": [
                    5.770216854672281,
                    0.0,
                    -3.6295165351891705
                ]
            },
            {
                "coords": [
                    0.9490741053603406,
                    0.5
                ],
                "id": 0,
                "xyz": [
                    5.770216854672281,
                    0.0,
                    17.41354576779752
                ]
            },
            {
                "coords": [
                    0.05257594434734286,
                    0.5
                ],
                "id": 0,
                "xyz": [
                    -5.971274107617281,
                    0.0,
                    17.41354576779752
                ]
            },
            {
                "coords": [
                    0.33692352305344964,
                    0.5
                ],
                "id": 0,
                "xyz": [
                    -5.971274107617281,
                    0.0,
                    -3.6295165351891705
                ]
            }
        ]
    },
    "layoutWalls": {
        "num": 4,
        "walls": [
            {
                "id": 0,
                "normal": [
                    1.0,
                    0.0,
                    -0.0
                ],
                "planeEquation": [
                    1.0,
                    0.0,
                    -0.0,
                    -5.770216854672281
                ],
                "pointsIdx": [
                    0,
                    1
                ],
                "width": 21.04306230298669
            },
            {
                "id": 0,
                "normal": [
                    0.0,
                    0.0,
                    1.0
                ],
                "planeEquation": [
                    0.0,
                    0.0,
                    1.0,
                    -17.41354576779752
                ],
                "pointsIdx": [
                    1,
                    2
                ],
                "width": 11.74149096228956
            },
            {
                "id": 0,
                "normal": [
                    -1.0,
                    -0.0,
                    -0.0
                ],
                "planeEquation": [
                    -1.0,
                    -0.0,
                    -0.0,
                    -5.971274107617281
                ],
                "pointsIdx": [
                    2,
                    3
                ],
                "width": 21.04306230298669
            },
            {
                "id": 0,
                "normal": [
                    0.0,
                    0.0,
                    -1.0
                ],
                "planeEquation": [
                    0.0,
                    0.0,
                    -1.0,
                    -3.6295165351891705
                ],
                "pointsIdx": [
                    3,
                    0
                ],
                "width": 11.74149096228956
            }
        ]
    },
    "panoId": "nothing"
}