{
    "cameraHeight": 1.6,
    "layoutHeight": 3.922095003128052,
    "layoutObj2ds": {
        "num": 0,
        "obj2ds": []
    },
    "layoutPoints": {
        "num": 4,
        "points": [
            {
                "coords": [
                    0.7135283469839941,
                    0.5
                ],
                "id": 0,
                "xyz": [
                    3.2582291660799996,
                    0.0,
                    -0.76
                ]
            },
            {
                "coords": [
                    0.9401907967733061,
                    0.5
                ],
                "id": 0,
                "xyz": [
                    3.2582291660799996,
                    0.0,
                    8.25825829339136
                ]
            },
            {
                "coords": [
                    0.06946178040533074,
                    0.5
                ],
                "id": 0,
                "xyz": [
                    -3.851984268718107,
                    0.0,
                    8.25825829339136
                ]
            },
            {
                "coords": [
                    0.2810032139975579,
                    0.5
                ],
                "id": 0,
                "xyz": [
                    -3.851984268718107,
                    0.0,
                    -0.76
                ]
            }
        ]
    },
    "layoutWalls": {
        "num": 4,
        "walls": [
            {
                "id": 0,
                "normal": [
                    1.0,
                    0.0,
                    -0.0
                ],
                "planeEquation": [
                    1.0,
                    0.0,
                    -0.0,
                    -3.2582291660799996
                ],
                "pointsIdx": [
                    0,
                    1
                ],
                "width": 9.01825829339136
            },
            {
                "id": 0,
                "normal": [
                    0.0,
                    0.0,
                    1.0
                ],
                "planeEquation": [
                    0.0,
                    0.0,
                    1.0,
                    -8.25825829339136
                ],
                "pointsIdx": [
                    1,
                    2
                ],
                "width": 7.110213434798107
            },
            {
                "id": 0,
                "normal": [
                    -1.0,
                    -0.0,
                    -0.0
                ],
                "planeEquation": [
                    -1.0,
                    -0.0,
                    -0.0,
                    -3.851984268718107
                ],
                "pointsIdx": [
                    2,
                    3
                ],
                "width": 9.01825829339136
            },
            {
                "id": 0,
                "normal": [
                    0.0,
                    0.0,
                    -1.0
                ],
                "planeEquation": [
                    0.0,
                    0.0,
                    -1.0,
                    -0.76
                ],
                "pointsIdx": [
                    3,
                    0
                ],
                "width": 7.110213434798107
            }
        ]
    },
    "panoId": "nothing"
}