{
    "cameraHeight": 1.6,
    "layoutHeight": 4.077768900720772,
    "layoutObj2ds": {
        "num": 0,
        "obj2ds": []
    },
    "layoutPoints": {
        "num": 4,
        "points": [
            {
                "coords": [
                    0.6154282541907706,
                    0.5
                ],
                "id": 0,
                "xyz": [
                    4.3739640905419055,
                    0.0,
                    -4.934458335791376
                ]
            },
            {
                "coords": [
                    0.7912409671608873,
                    0.5
                ],
                "id": 0,
                "xyz": [
                    4.3739640905419055,
                    0.0,
                    1.1594698719997611
                ]
            },
            {
                "coords": [
                    0.206554727385035,
                    0.5
                ],
                "id": 0,
                "xyz": [
                    -4.141506219921746,
                    0.0,
                    1.1594698719997611
                ]
            },
            {
                "coords": [
                    0.3888698868354421,
                    0.5
                ],
                "id": 0,
                "xyz": [
                    -4.141506219921746,
                    0.0,
                    -4.934458335791376
                ]
            }
        ]
    },
    "layoutWalls": {
        "num": 4,
        "walls": [
            {
                "id": 0,
                "normal": [
                    1.0,
                    0.0,
                    -0.0
                ],
                "planeEquation": [
                    1.0,
                    0.0,
                    -0.0,
                    -4.3739640905419055
                ],
                "pointsIdx": [
                    0,
                    1
                ],
                "width": 6.093928207791137
            },
            {
                "id": 0,
                "normal": [
                    0.0,
                    0.0,
                    1.0
                ],
                "planeEquation": [
                    0.0,
                    0.0,
                    1.0,
                    -1.1594698719997611
                ],
                "pointsIdx": [
                    1,
                    2
                ],
                "width": 8.515470310463652
            },
            {
                "id": 0,
                "normal": [
                    -1.0,
                    -0.0,
                    -0.0
                ],
                "planeEquation": [
                    -1.0,
                    -0.0,
                    -0.0,
                    -4.141506219921746
                ],
                "pointsIdx": [
                    2,
                    3
                ],
                "width": 6.093928207791137
            },
            {
                "id": 0,
                "normal": [
                    0.0,
                    0.0,
                    -1.0
                ],
                "planeEquation": [
                    0.0,
                    0.0,
                    -1.0,
                    -4.934458335791376
                ],
                "pointsIdx": [
                    3,
                    0
                ],
                "width": 8.515470310463652
            }
        ]
    },
    "panoId": "nothing"
}