{
    "cameraHeight": 1.6,
    "layoutHeight": 4.011538692913227,
    "layoutObj2ds": {
        "num": 0,
        "obj2ds": []
    },
    "layoutPoints": {
        "num": 4,
        "points": [
            {
                "coords": [
                    0.6929782905456168,
                    0.5
                ],
                "id": 0,
                "xyz": [
                    3.574598484092686,
                    0.0,
                    -1.338465915196678
                ]
            },
            {
                "coords": [
                    0.9126273447432001,
                    0.5
                ],
                "id": 0,
                "xyz": [
                    3.574598484092686,
                    0.0,
                    5.84370480824749
                ]
            },
            {
                "coords": [
                    0.12183144245372629,
                    0.5
                ],
                "id": 0,
                "xyz": [
                    -5.615536812510389,
                    0.0,
                    5.84370480824749
                ]
            },
            {
                "coords": [
                    0.28723982465164755,
                    0.5
                ],
                "id": 0,
                "xyz": [
                    -5.615536812510389,
                    0.0,
                    -1.338465915196678
                ]
            }
        ]
    },
    "layoutWalls": {
        "num": 4,
        "walls": [
            {
                "id": 0,
                "normal": [
                    1.0,
                    0.0,
                    -0.0
                ],
                "planeEquation": [
                    1.0,
                    0.0,
                    -0.0,
                    -3.574598484092686
                ],
                "pointsIdx": [
                    0,
                    1
                ],
                "width": 7.182170723444168
            },
            {
                "id": 0,
                "normal": [
                    0.0,
                    0.0,
                    1.0
                ],
                "planeEquation": [
                    0.0,
                    0.0,
                    1.0,
                    -5.84370480824749
                ],
                "pointsIdx": [
                    1,
                    2
                ],
                "width": 9.190135296603074
            },
            {
                "id": 0,
                "normal": [
                    -1.0,
                    -0.0,
                    -0.0
                ],
                "planeEquation": [
                    -1.0,
                    -0.0,
                    -0.0,
                    -5.615536812510389
                ],
                "pointsIdx": [
                    2,
                    3
                ],
                "width": 7.182170723444168
            },
            {
                "id": 0,
                "normal": [
                    0.0,
                    0.0,
                    -1.0
                ],
                "planeEquation": [
                    0.0,
                    0.0,
                    -1.0,
                    -1.338465915196678
                ],
                "pointsIdx": [
                    3,
                    0
                ],
                "width": 9.190135296603074
            }
        ]
    },
    "panoId": "nothing"
}