{
    "cameraHeight": 1.6,
    "layoutHeight": 4.157666650840212,
    "layoutObj2ds": {
        "num": 0,
        "obj2ds": []
    },
    "layoutPoints": {
        "num": 4,
        "points": [
            {
                "coords": [
                    0.5185727329885889,
                    0.5
                ],
                "id": 0,
                "xyz": [
                    0.4940996053785888,
                    0.0,
                    -4.214840425265248
                ]
            },
            {
                "coords": [
                    0.9823137772074553,
                    0.5
                ],
                "id": 0,
                "xyz": [
                    0.4940996053785888,
                    0.0,
                    4.427990546061076
                ]
            },
            {
                "coords": [
                    0.1423077362787482,
                    0.5
                ],
                "id": 0,
                "xyz": [
                    -5.513373097988563,
                    0.0,
                    4.427990546061076
                ]
            },
            {
                "coords": [
                    0.353880661371873,
                    0.5
                ],
                "id": 0,
                "xyz": [
                    -5.513373097988563,
                    0.0,
                    -4.214840425265248
                ]
            }
        ]
    },
    "layoutWalls": {
        "num": 4,
        "walls": [
            {
                "id": 0,
                "normal": [
                    1.0,
                    0.0,
                    -0.0
                ],
                "planeEquation": [
                    1.0,
                    0.0,
                    -0.0,
                    -0.4940996053785888
                ],
                "pointsIdx": [
                    0,
                    1
                ],
                "width": 8.642830971326322
            },
            {
                "id": 0,
                "normal": [
                    0.0,
                    0.0,
                    1.0
                ],
                "planeEquation": [
                    0.0,
                    0.0,
                    1.0,
                    -4.427990546061076
                ],
                "pointsIdx": [
                    1,
                    2
                ],
                "width": 6.007472703367151
            },
            {
                "id": 0,
                "normal": [
                    -1.0,
                    -0.0,
                    -0.0
                ],
                "planeEquation": [
                    -1.0,
                    -0.0,
                    -0.0,
                    -5.513373097988563
                ],
                "pointsIdx": [
                    2,
                    3
                ],
                "width": 8.642830971326322
            },
            {
                "id": 0,
                "normal": [
                    0.0,
                    0.0,
                    -1.0
                ],
                "planeEquation": [
                    0.0,
                    0.0,
                    -1.0,
                    -4.214840425265248
                ],
                "pointsIdx": [
                    3,
                    0
                ],
                "width": 6.007472703367151
            }
        ]
    },
    "panoId": "nothing"
}