{
    "cameraHeight": 1.6,
    "layoutHeight": 4.327290095526746,
    "layoutObj2ds": {
        "num": 0,
        "obj2ds": []
    },
    "layoutPoints": {
        "num": 4,
        "points": [
            {
                "coords": [
                    0.5705493336910186,
                    0.5
                ],
                "id": 0,
                "xyz": [
                    2.314521801584085,
                    0.0,
                    -4.874863422026432
                ]
            },
            {
                "coords": [
                    0.9180114359767281,
                    0.5
                ],
                "id": 0,
                "xyz": [
                    2.314521801584085,
                    0.0,
                    4.088258699980296
                ]
            },
            {
                "coords": [
                    0.14165681867915475,
                    0.5
                ],
                "id": 0,
                "xyz": [
                    -5.047940355521,
                    0.0,
                    4.088258699980296
                ]
            },
            {
                "coords": [
                    0.3722242465804262,
                    0.5
                ],
                "id": 0,
                "xyz": [
                    -5.047940355521,
                    0.0,
                    -4.874863422026432
                ]
            }
        ]
    },
    "layoutWalls": {
        "num": 4,
        "walls": [
            {
                "id": 0,
                "normal": [
                    1.0,
                    0.0,
                    -0.0
                ],
                "planeEquation": [
                    1.0,
                    0.0,
                    -0.0,
                    -2.314521801584085
                ],
                "pointsIdx": [
                    0,
                    1
                ],
                "width": 8.963122122006727
            },
            {
                "id": 0,
                "normal": [
                    0.0,
                    0.0,
                    1.0
                ],
                "planeEquation": [
                    0.0,
                    0.0,
                    1.0,
                    -4.088258699980296
                ],
                "pointsIdx": [
                    1,
                    2
                ],
                "width": 7.362462157105085
            },
            {
                "id": 0,
                "normal": [
                    -1.0,
                    -0.0,
                    -0.0
                ],
                "planeEquation": [
                    -1.0,
                    -0.0,
                    -0.0,
                    -5.047940355521
                ],
                "pointsIdx": [
                    2,
                    3
                ],
                "width": 8.963122122006727
            },
            {
                "id": 0,
                "normal": [
                    0.0,
                    0.0,
                    -1.0
                ],
                "planeEquation": [
                    0.0,
                    0.0,
                    -1.0,
                    -4.874863422026432
                ],
                "pointsIdx": [
                    3,
                    0
                ],
                "width": 7.362462157105085
            }
        ]
    },
    "panoId": "nothing"
}