{
    "cameraHeight": 1.6,
    "layoutHeight": 4.31414517402649,
    "layoutObj2ds": {
        "num": 0,
        "obj2ds": []
    },
    "layoutPoints": {
        "num": 4,
        "points": [
            {
                "coords": [
                    0.5197366703457346,
                    0.5
                ],
                "id": 0,
                "xyz": [
                    0.625,
                    0.0,
                    -5.014088624648144
                ]
            },
            {
                "coords": [
                    0.9789699006497459,
                    0.5
                ],
                "id": 0,
                "xyz": [
                    0.625,
                    0.0,
                    4.702414342626125
                ]
            },
            {
                "coords": [
                    0.1562810399158593,
                    0.5
                ],
                "id": 0,
                "xyz": [
                    -7.0406325496662445,
                    0.0,
                    4.702414342626125
                ]
            },
            {
                "coords": [
                    0.348492001167883,
                    0.5
                ],
                "id": 0,
                "xyz": [
                    -7.0406325496662445,
                    0.0,
                    -5.014088624648144
                ]
            }
        ]
    },
    "layoutWalls": {
        "num": 4,
        "walls": [
            {
                "id": 0,
                "normal": [
                    1.0,
                    0.0,
                    -0.0
                ],
                "planeEquation": [
                    1.0,
                    0.0,
                    -0.0,
                    -0.625
                ],
                "pointsIdx": [
                    0,
                    1
                ],
                "width": 9.71650296727427
            },
            {
                "id": 0,
                "normal": [
                    0.0,
                    0.0,
                    1.0
                ],
                "planeEquation": [
                    0.0,
                    0.0,
                    1.0,
                    -4.702414342626125
                ],
                "pointsIdx": [
                    1,
                    2
                ],
                "width": 7.6656325496662445
            },
            {
                "id": 0,
                "normal": [
                    -1.0,
                    -0.0,
                    -0.0
                ],
                "planeEquation": [
                    -1.0,
                    -0.0,
                    -0.0,
                    -7.0406325496662445
                ],
                "pointsIdx": [
                    2,
                    3
                ],
                "width": 9.71650296727427
            },
            {
                "id": 0,
                "normal": [
                    0.0,
                    0.0,
                    -1.0
                ],
                "planeEquation": [
                    0.0,
                    0.0,
                    -1.0,
                    -5.014088624648144
                ],
                "pointsIdx": [
                    3,
                    0
                ],
                "width": 7.6656325496662445
            }
        ]
    },
    "panoId": "nothing"
}