{
    "cameraHeight": 1.6,
    "layoutHeight": 5.861477909088136,
    "layoutObj2ds": {
        "num": 0,
        "obj2ds": []
    },
    "layoutPoints": {
        "num": 4,
        "points": [
            {
                "coords": [
                    0.5229861459239329,
                    0.5
                ],
                "id": 0,
                "xyz": [
                    1.1868800000000002,
                    0.0,
                    -8.160680229578103
                ]
            },
            {
                "coords": [
                    0.9814740725550892,
                    0.5
                ],
                "id": 0,
                "xyz": [
                    1.1868800000000002,
                    0.0,
                    10.15030949888
                ]
            },
            {
                "coords": [
                    0.09631544787340823,
                    0.5
                ],
                "id": 0,
                "xyz": [
                    -7.021480223630467,
                    0.0,
                    10.15030949888
                ]
            },
            {
                "coords": [
                    0.38691992281490445,
                    0.5
                ],
                "id": 0,
                "xyz": [
                    -7.021480223630467,
                    0.0,
                    -8.160680229578103
                ]
            }
        ]
    },
    "layoutWalls": {
        "num": 4,
        "walls": [
            {
                "id": 0,
                "normal": [
                    1.0,
                    0.0,
                    -0.0
                ],
                "planeEquation": [
                    1.0,
                    0.0,
                    -0.0,
                    -1.1868800000000002
                ],
                "pointsIdx": [
                    0,
                    1
                ],
                "width": 18.310989728458104
            },
            {
                "id": 0,
                "normal": [
                    0.0,
                    0.0,
                    1.0
                ],
                "planeEquation": [
                    0.0,
                    0.0,
                    1.0,
                    -10.15030949888
                ],
                "pointsIdx": [
                    1,
                    2
                ],
                "width": 8.208360223630468
            },
            {
                "id": 0,
                "normal": [
                    -1.0,
                    -0.0,
                    -0.0
                ],
                "planeEquation": [
                    -1.0,
                    -0.0,
                    -0.0,
                    -7.021480223630467
                ],
                "pointsIdx": [
                    2,
                    3
                ],
                "width": 18.310989728458104
            },
            {
                "id": 0,
                "normal": [
                    0.0,
                    0.0,
                    -1.0
                ],
                "planeEquation": [
                    0.0,
                    0.0,
                    -1.0,
                    -8.160680229578103
                ],
                "pointsIdx": [
                    3,
                    0
                ],
                "width": 8.208360223630468
            }
        ]
    },
    "panoId": "nothing"
}