{
    "cameraHeight": 1.6,
    "layoutHeight": 3.9591239112631547,
    "layoutObj2ds": {
        "num": 0,
        "obj2ds": []
    },
    "layoutPoints": {
        "num": 4,
        "points": [
            {
                "coords": [
                    0.5984766802770247,
                    0.5
                ],
                "id": 0,
                "xyz": [
                    7.605238852824211,
                    0.0,
                    -10.681223726254228
                ]
            },
            {
                "coords": [
                    0.9027767192121601,
                    0.5
                ],
                "id": 0,
                "xyz": [
                    7.605238852824211,
                    0.0,
                    10.861252955393375
                ]
            },
            {
                "coords": [
                    0.018393953104312633,
                    0.5
                ],
                "id": 0,
                "xyz": [
                    -1.2608823019253224,
                    0.0,
                    10.861252955393375
                ]
            },
            {
                "coords": [
                    0.48129884417913454,
                    0.5
                ],
                "id": 0,
                "xyz": [
                    -1.2608823019253224,
                    0.0,
                    -10.681223726254228
                ]
            }
        ]
    },
    "layoutWalls": {
        "num": 4,
        "walls": [
            {
                "id": 0,
                "normal": [
                    1.0,
                    0.0,
                    -0.0
                ],
                "planeEquation": [
                    1.0,
                    0.0,
                    -0.0,
                    -7.605238852824211
                ],
                "pointsIdx": [
                    0,
                    1
                ],
                "width": 21.542476681647603
            },
            {
                "id": 0,
                "normal": [
                    0.0,
                    0.0,
                    1.0
                ],
                "planeEquation": [
                    0.0,
                    0.0,
                    1.0,
                    -10.861252955393375
                ],
                "pointsIdx": [
                    1,
                    2
                ],
                "width": 8.866121154749534
            },
            {
                "id": 0,
                "normal": [
                    -1.0,
                    -0.0,
                    -0.0
                ],
                "planeEquation": [
                    -1.0,
                    -0.0,
                    -0.0,
                    -1.2608823019253224
                ],
                "pointsIdx": [
                    2,
                    3
                ],
                "width": 21.542476681647603
            },
            {
                "id": 0,
                "normal": [
                    0.0,
                    0.0,
                    -1.0
                ],
                "planeEquation": [
                    0.0,
                    0.0,
                    -1.0,
                    -10.681223726254228
                ],
                "pointsIdx": [
                    3,
                    0
                ],
                "width": 8.866121154749534
            }
        ]
    },
    "panoId": "nothing"
}