{
    "cameraHeight": 1.6,
    "layoutHeight": 4.9255325126647955,
    "layoutObj2ds": {
        "num": 0,
        "obj2ds": []
    },
    "layoutPoints": {
        "num": 4,
        "points": [
            {
                "coords": [
                    0.7320555175807013,
                    0.5
                ],
                "id": 0,
                "xyz": [
                    18.536137820967117,
                    0.0,
                    -2.0988230057753205
                ]
            },
            {
                "coords": [
                    0.7627166936424301,
                    0.5
                ],
                "id": 0,
                "xyz": [
                    18.536137820967117,
                    0.0,
                    1.484222180476837
                ]
            },
            {
                "coords": [
                    0.23496126659993005,
                    0.5
                ],
                "id": 0,
                "xyz": [
                    -15.660749582056981,
                    0.0,
                    1.484222180476837
                ]
            },
            {
                "coords": [
                    0.2712032933445052,
                    0.5
                ],
                "id": 0,
                "xyz": [
                    -15.660749582056981,
                    0.0,
                    -2.0988230057753205
                ]
            }
        ]
    },
    "layoutWalls": {
        "num": 4,
        "walls": [
            {
                "id": 0,
                "normal": [
                    1.0,
                    0.0,
                    -0.0
                ],
                "planeEquation": [
                    1.0,
                    0.0,
                    -0.0,
                    -18.536137820967117
                ],
                "pointsIdx": [
                    0,
                    1
                ],
                "width": 3.5830451862521575
            },
            {
                "id": 0,
                "normal": [
                    0.0,
                    0.0,
                    1.0
                ],
                "planeEquation": [
                    0.0,
                    0.0,
                    1.0,
                    -1.484222180476837
                ],
                "pointsIdx": [
                    1,
                    2
                ],
                "width": 34.1968874030241
            },
            {
                "id": 0,
                "normal": [
                    -1.0,
                    -0.0,
                    -0.0
                ],
                "planeEquation": [
                    -1.0,
                    -0.0,
                    -0.0,
                    -15.660749582056981
                ],
                "pointsIdx": [
                    2,
                    3
                ],
                "width": 3.5830451862521575
            },
            {
                "id": 0,
                "normal": [
                    0.0,
                    0.0,
                    -1.0
                ],
                "planeEquation": [
                    0.0,
                    0.0,
                    -1.0,
                    -2.0988230057753205
                ],
                "pointsIdx": [
                    3,
                    0
                ],
                "width": 34.1968874030241
            }
        ]
    },
    "panoId": "nothing"
}