{
    "cameraHeight": 1.6,
    "layoutHeight": 3.5903982920855677,
    "layoutObj2ds": {
        "num": 0,
        "obj2ds": []
    },
    "layoutPoints": {
        "num": 4,
        "points": [
            {
                "coords": [
                    0.5573704665240529,
                    0.5
                ],
                "id": 0,
                "xyz": [
                    3.0768682967527288,
                    0.0,
                    -8.162781529219703
                ]
            },
            {
                "coords": [
                    0.9264970192072391,
                    0.5
                ],
                "id": 0,
                "xyz": [
                    3.0768682967527288,
                    0.0,
                    6.18175721398897
                ]
            },
            {
                "coords": [
                    0.0652569823057575,
                    0.5
                ],
                "id": 0,
                "xyz": [
                    -2.6869441617386403,
                    0.0,
                    6.18175721398897
                ]
            },
            {
                "coords": [
                    0.4493888813467545,
                    0.5
                ],
                "id": 0,
                "xyz": [
                    -2.6869441617386403,
                    0.0,
                    -8.162781529219703
                ]
            }
        ]
    },
    "layoutWalls": {
        "num": 4,
        "walls": [
            {
                "id": 0,
                "normal": [
                    1.0,
                    0.0,
                    -0.0
                ],
                "planeEquation": [
                    1.0,
                    0.0,
                    -0.0,
                    -3.0768682967527288
                ],
                "pointsIdx": [
                    0,
                    1
                ],
                "width": 14.344538743208673
            },
            {
                "id": 0,
                "normal": [
                    0.0,
                    0.0,
                    1.0
                ],
                "planeEquation": [
                    0.0,
                    0.0,
                    1.0,
                    -6.18175721398897
                ],
                "pointsIdx": [
                    1,
                    2
                ],
                "width": 5.763812458491369
            },
            {
                "id": 0,
                "normal": [
                    -1.0,
                    -0.0,
                    -0.0
                ],
                "planeEquation": [
                    -1.0,
                    -0.0,
                    -0.0,
                    -2.6869441617386403
                ],
                "pointsIdx": [
                    2,
                    3
                ],
                "width": 14.344538743208673
            },
            {
                "id": 0,
                "normal": [
                    0.0,
                    0.0,
                    -1.0
                ],
                "planeEquation": [
                    0.0,
                    0.0,
                    -1.0,
                    -8.162781529219703
                ],
                "pointsIdx": [
                    3,
                    0
                ],
                "width": 5.763812458491369
            }
        ]
    },
    "panoId": "nothing"
}