{
    "cameraHeight": 1.6,
    "layoutHeight": 5.561773760252619,
    "layoutObj2ds": {
        "num": 0,
        "obj2ds": []
    },
    "layoutPoints": {
        "num": 4,
        "points": [
            {
                "coords": [
                    0.6065828789915694,
                    0.5
                ],
                "id": 0,
                "xyz": [
                    3.784696553434538,
                    0.0,
                    -4.7802662605702695
                ]
            },
            {
                "coords": [
                    0.8961660197864277,
                    0.5
                ],
                "id": 0,
                "xyz": [
                    3.784696553434538,
                    0.0,
                    4.9537186565272044
                ]
            },
            {
                "coords": [
                    0.1782473923281941,
                    0.5
                ],
                "id": 0,
                "xyz": [
                    -10.23315376570773,
                    0.0,
                    4.9537186565272044
                ]
            },
            {
                "coords": [
                    0.31955259287126747,
                    0.5
                ],
                "id": 0,
                "xyz": [
                    -10.23315376570773,
                    0.0,
                    -4.7802662605702695
                ]
            }
        ]
    },
    "layoutWalls": {
        "num": 4,
        "walls": [
            {
                "id": 0,
                "normal": [
                    1.0,
                    0.0,
                    -0.0
                ],
                "planeEquation": [
                    1.0,
                    0.0,
                    -0.0,
                    -3.784696553434538
                ],
                "pointsIdx": [
                    0,
                    1
                ],
                "width": 9.733984917097473
            },
            {
                "id": 0,
                "normal": [
                    0.0,
                    0.0,
                    1.0
                ],
                "planeEquation": [
                    0.0,
                    0.0,
                    1.0,
                    -4.9537186565272044
                ],
                "pointsIdx": [
                    1,
                    2
                ],
                "width": 14.017850319142267
            },
            {
                "id": 0,
                "normal": [
                    -1.0,
                    -0.0,
                    -0.0
                ],
                "planeEquation": [
                    -1.0,
                    -0.0,
                    -0.0,
                    -10.23315376570773
                ],
                "pointsIdx": [
                    2,
                    3
                ],
                "width": 9.733984917097473
            },
            {
                "id": 0,
                "normal": [
                    0.0,
                    0.0,
                    -1.0
                ],
                "planeEquation": [
                    0.0,
                    0.0,
                    -1.0,
                    -4.7802662605702695
                ],
                "pointsIdx": [
                    3,
                    0
                ],
                "width": 14.017850319142267
            }
        ]
    },
    "panoId": "nothing"
}