{
    "cameraHeight": 1.6,
    "layoutHeight": 3.910051659494877,
    "layoutObj2ds": {
        "num": 0,
        "obj2ds": []
    },
    "layoutPoints": {
        "num": 4,
        "points": [
            {
                "coords": [
                    0.571670398378764,
                    0.5
                ],
                "id": 0,
                "xyz": [
                    3.2839555593403755,
                    0.0,
                    -6.792781885500422
                ]
            },
            {
                "coords": [
                    0.8308369236960396,
                    0.5
                ],
                "id": 0,
                "xyz": [
                    3.2839555593403755,
                    0.0,
                    1.827923250307935
                ]
            },
            {
                "coords": [
                    0.1589565806386573,
                    0.5
                ],
                "id": 0,
                "xyz": [
                    -2.8390327901985097,
                    0.0,
                    1.827923250307935
                ]
            },
            {
                "coords": [
                    0.4369932940340547,
                    0.5
                ],
                "id": 0,
                "xyz": [
                    -2.8390327901985097,
                    0.0,
                    -6.792781885500422
                ]
            }
        ]
    },
    "layoutWalls": {
        "num": 4,
        "walls": [
            {
                "id": 0,
                "normal": [
                    1.0,
                    0.0,
                    -0.0
                ],
                "planeEquation": [
                    1.0,
                    0.0,
                    -0.0,
                    -3.2839555593403755
                ],
                "pointsIdx": [
                    0,
                    1
                ],
                "width": 8.620705135808358
            },
            {
                "id": 0,
                "normal": [
                    0.0,
                    0.0,
                    1.0
                ],
                "planeEquation": [
                    0.0,
                    0.0,
                    1.0,
                    -1.827923250307935
                ],
                "pointsIdx": [
                    1,
                    2
                ],
                "width": 6.122988349538885
            },
            {
                "id": 0,
                "normal": [
                    -1.0,
                    -0.0,
                    -0.0
                ],
                "planeEquation": [
                    -1.0,
                    -0.0,
                    -0.0,
                    -2.8390327901985097
                ],
                "pointsIdx": [
                    2,
                    3
                ],
                "width": 8.620705135808358
            },
            {
                "id": 0,
                "normal": [
                    0.0,
                    0.0,
                    -1.0
                ],
                "planeEquation": [
                    0.0,
                    0.0,
                    -1.0,
                    -6.792781885500422
                ],
                "pointsIdx": [
                    3,
                    0
                ],
                "width": 6.122988349538885
            }
        ]
    },
    "panoId": "nothing"
}