{
    "cameraHeight": 1.6,
    "layoutHeight": 3.7758666178385423,
    "layoutObj2ds": {
        "num": 0,
        "obj2ds": []
    },
    "layoutPoints": {
        "num": 4,
        "points": [
            {
                "coords": [
                    0.569207410736737,
                    0.5
                ],
                "id": 0,
                "xyz": [
                    3.6955283091162228,
                    0.0,
                    -7.95600034796527
                ]
            },
            {
                "coords": [
                    0.7652681952167819,
                    0.5
                ],
                "id": 0,
                "xyz": [
                    3.6955283091162228,
                    0.0,
                    0.3556143377210528
                ]
            },
            {
                "coords": [
                    0.23275661280004933,
                    0.5
                ],
                "id": 0,
                "xyz": [
                    -3.26943609087036,
                    0.0,
                    0.3556143377210528
                ]
            },
            {
                "coords": [
                    0.4379452646179879,
                    0.5
                ],
                "id": 0,
                "xyz": [
                    -3.26943609087036,
                    0.0,
                    -7.95600034796527
                ]
            }
        ]
    },
    "layoutWalls": {
        "num": 4,
        "walls": [
            {
                "id": 0,
                "normal": [
                    1.0,
                    0.0,
                    -0.0
                ],
                "planeEquation": [
                    1.0,
                    0.0,
                    -0.0,
                    -3.6955283091162228
                ],
                "pointsIdx": [
                    0,
                    1
                ],
                "width": 8.311614685686322
            },
            {
                "id": 0,
                "normal": [
                    0.0,
                    0.0,
                    1.0
                ],
                "planeEquation": [
                    0.0,
                    0.0,
                    1.0,
                    -0.3556143377210528
                ],
                "pointsIdx": [
                    1,
                    2
                ],
                "width": 6.964964399986583
            },
            {
                "id": 0,
                "normal": [
                    -1.0,
                    -0.0,
                    -0.0
                ],
                "planeEquation": [
                    -1.0,
                    -0.0,
                    -0.0,
                    -3.26943609087036
                ],
                "pointsIdx": [
                    2,
                    3
                ],
                "width": 8.311614685686322
            },
            {
                "id": 0,
                "normal": [
                    0.0,
                    0.0,
                    -1.0
                ],
                "planeEquation": [
                    0.0,
                    0.0,
                    -1.0,
                    -7.95600034796527
                ],
                "pointsIdx": [
                    3,
                    0
                ],
                "width": 6.964964399986583
            }
        ]
    },
    "panoId": "nothing"
}