{
    "cameraHeight": 1.6,
    "layoutHeight": 5.056148543950178,
    "layoutObj2ds": {
        "num": 0,
        "obj2ds": []
    },
    "layoutPoints": {
        "num": 4,
        "points": [
            {
                "coords": [
                    0.514167750074765,
                    0.5
                ],
                "id": 0,
                "xyz": [
                    1.9208512771084338,
                    0.0,
                    -21.52106196096455
                ]
            },
            {
                "coords": [
                    0.9770447616501918,
                    0.5
                ],
                "id": 0,
                "xyz": [
                    1.9208512771084338,
                    0.0,
                    13.225309288270974
                ]
            },
            {
                "coords": [
                    0.015852132557224397,
                    0.5
                ],
                "id": 0,
                "xyz": [
                    -1.3216391021653513,
                    0.0,
                    13.225309288270974
                ]
            },
            {
                "coords": [
                    0.49023832729108957,
                    0.5
                ],
                "id": 0,
                "xyz": [
                    -1.3216391021653513,
                    0.0,
                    -21.52106196096455
                ]
            }
        ]
    },
    "layoutWalls": {
        "num": 4,
        "walls": [
            {
                "id": 0,
                "normal": [
                    1.0,
                    0.0,
                    -0.0
                ],
                "planeEquation": [
                    1.0,
                    0.0,
                    -0.0,
                    -1.9208512771084338
                ],
                "pointsIdx": [
                    0,
                    1
                ],
                "width": 34.74637124923552
            },
            {
                "id": 0,
                "normal": [
                    0.0,
                    0.0,
                    1.0
                ],
                "planeEquation": [
                    0.0,
                    0.0,
                    1.0,
                    -13.225309288270974
                ],
                "pointsIdx": [
                    1,
                    2
                ],
                "width": 3.242490379273785
            },
            {
                "id": 0,
                "normal": [
                    -1.0,
                    -0.0,
                    -0.0
                ],
                "planeEquation": [
                    -1.0,
                    -0.0,
                    -0.0,
                    -1.3216391021653513
                ],
                "pointsIdx": [
                    2,
                    3
                ],
                "width": 34.74637124923552
            },
            {
                "id": 0,
                "normal": [
                    0.0,
                    0.0,
                    -1.0
                ],
                "planeEquation": [
                    0.0,
                    0.0,
                    -1.0,
                    -21.52106196096455
                ],
                "pointsIdx": [
                    3,
                    0
                ],
                "width": 3.242490379273785
            }
        ]
    },
    "panoId": "nothing"
}