{
    "cameraHeight": 1.6,
    "layoutHeight": 4.038300089553679,
    "layoutObj2ds": {
        "num": 0,
        "obj2ds": []
    },
    "layoutPoints": {
        "num": 4,
        "points": [
            {
                "coords": [
                    0.5299660770199403,
                    0.5
                ],
                "id": 0,
                "xyz": [
                    0.21382703131997355,
                    0.0,
                    -1.1222200323126068
                ]
            },
            {
                "coords": [
                    0.9934048289389327,
                    0.5
                ],
                "id": 0,
                "xyz": [
                    0.21382703131997355,
                    0.0,
                    5.1571289290106925
                ]
            },
            {
                "coords": [
                    0.16297765382226242,
                    0.5
                ],
                "id": 0,
                "xyz": [
                    -8.47264192862341,
                    0.0,
                    5.1571289290106925
                ]
            },
            {
                "coords": [
                    0.2709584279599144,
                    0.5
                ],
                "id": 0,
                "xyz": [
                    -8.47264192862341,
                    0.0,
                    -1.1222200323126068
                ]
            }
        ]
    },
    "layoutWalls": {
        "num": 4,
        "walls": [
            {
                "id": 0,
                "normal": [
                    1.0,
                    0.0,
                    -0.0
                ],
                "planeEquation": [
                    1.0,
                    0.0,
                    -0.0,
                    -0.21382703131997355
                ],
                "pointsIdx": [
                    0,
                    1
                ],
                "width": 6.279348961323299
            },
            {
                "id": 0,
                "normal": [
                    0.0,
                    0.0,
                    1.0
                ],
                "planeEquation": [
                    0.0,
                    0.0,
                    1.0,
                    -5.1571289290106925
                ],
                "pointsIdx": [
                    1,
                    2
                ],
                "width": 8.686468959943385
            },
            {
                "id": 0,
                "normal": [
                    -1.0,
                    -0.0,
                    -0.0
                ],
                "planeEquation": [
                    -1.0,
                    -0.0,
                    -0.0,
                    -8.47264192862341
                ],
                "pointsIdx": [
                    2,
                    3
                ],
                "width": 6.279348961323299
            },
            {
                "id": 0,
                "normal": [
                    0.0,
                    0.0,
                    -1.0
                ],
                "planeEquation": [
                    0.0,
                    0.0,
                    -1.0,
                    -1.1222200323126068
                ],
                "pointsIdx": [
                    3,
                    0
                ],
                "width": 8.686468959943385
            }
        ]
    },
    "panoId": "nothing"
}