{
    "cameraHeight": 1.6,
    "layoutHeight": 4.107092933654785,
    "layoutObj2ds": {
        "num": 0,
        "obj2ds": []
    },
    "layoutPoints": {
        "num": 4,
        "points": [
            {
                "coords": [
                    0.5988938060417428,
                    0.5
                ],
                "id": 0,
                "xyz": [
                    2.93662201495552,
                    0.0,
                    -4.1015625
                ]
            },
            {
                "coords": [
                    0.8541151679838066,
                    0.5
                ],
                "id": 0,
                "xyz": [
                    2.93662201495552,
                    0.0,
                    2.25184
                ]
            },
            {
                "coords": [
                    0.19418315267835146,
                    0.5
                ],
                "id": 0,
                "xyz": [
                    -6.155417605383782,
                    0.0,
                    2.25184
                ]
            },
            {
                "coords": [
                    0.34354683319021895,
                    0.5
                ],
                "id": 0,
                "xyz": [
                    -6.155417605383782,
                    0.0,
                    -4.1015625
                ]
            }
        ]
    },
    "layoutWalls": {
        "num": 4,
        "walls": [
            {
                "id": 0,
                "normal": [
                    1.0,
                    0.0,
                    -0.0
                ],
                "planeEquation": [
                    1.0,
                    0.0,
                    -0.0,
                    -2.93662201495552
                ],
                "pointsIdx": [
                    0,
                    1
                ],
                "width": 6.3534025
            },
            {
                "id": 0,
                "normal": [
                    0.0,
                    0.0,
                    1.0
                ],
                "planeEquation": [
                    0.0,
                    0.0,
                    1.0,
                    -2.25184
                ],
                "pointsIdx": [
                    1,
                    2
                ],
                "width": 9.092039620339303
            },
            {
                "id": 0,
                "normal": [
                    -1.0,
                    -0.0,
                    -0.0
                ],
                "planeEquation": [
                    -1.0,
                    -0.0,
                    -0.0,
                    -6.155417605383782
                ],
                "pointsIdx": [
                    2,
                    3
                ],
                "width": 6.3534025
            },
            {
                "id": 0,
                "normal": [
                    0.0,
                    0.0,
                    -1.0
                ],
                "planeEquation": [
                    0.0,
                    0.0,
                    -1.0,
                    -4.1015625
                ],
                "pointsIdx": [
                    3,
                    0
                ],
                "width": 9.092039620339303
            }
        ]
    },
    "panoId": "nothing"
}