{
    "cameraHeight": 1.6,
    "layoutHeight": 4.8822195434570315,
    "layoutObj2ds": {
        "num": 0,
        "obj2ds": []
    },
    "layoutPoints": {
        "num": 4,
        "points": [
            {
                "coords": [
                    0.5514204942143539,
                    0.5
                ],
                "id": 0,
                "xyz": [
                    3.6041753599999997,
                    0.0,
                    -10.764640169327475
                ]
            },
            {
                "coords": [
                    0.9044982786204201,
                    0.5
                ],
                "id": 0,
                "xyz": [
                    3.6041753599999997,
                    0.0,
                    5.267586665840639
                ]
            },
            {
                "coords": [
                    0.0961115992603973,
                    0.5
                ],
                "id": 0,
                "xyz": [
                    -3.63388848062464,
                    0.0,
                    5.267586665840639
                ]
            },
            {
                "coords": [
                    0.44818480983671477,
                    0.5
                ],
                "id": 0,
                "xyz": [
                    -3.63388848062464,
                    0.0,
                    -10.764640169327475
                ]
            }
        ]
    },
    "layoutWalls": {
        "num": 4,
        "walls": [
            {
                "id": 0,
                "normal": [
                    1.0,
                    0.0,
                    -0.0
                ],
                "planeEquation": [
                    1.0,
                    0.0,
                    -0.0,
                    -3.6041753599999997
                ],
                "pointsIdx": [
                    0,
                    1
                ],
                "width": 16.032226835168114
            },
            {
                "id": 0,
                "normal": [
                    0.0,
                    0.0,
                    1.0
                ],
                "planeEquation": [
                    0.0,
                    0.0,
                    1.0,
                    -5.267586665840639
                ],
                "pointsIdx": [
                    1,
                    2
                ],
                "width": 7.23806384062464
            },
            {
                "id": 0,
                "normal": [
                    -1.0,
                    -0.0,
                    -0.0
                ],
                "planeEquation": [
                    -1.0,
                    -0.0,
                    -0.0,
                    -3.63388848062464
                ],
                "pointsIdx": [
                    2,
                    3
                ],
                "width": 16.032226835168114
            },
            {
                "id": 0,
                "normal": [
                    0.0,
                    0.0,
                    -1.0
                ],
                "planeEquation": [
                    0.0,
                    0.0,
                    -1.0,
                    -10.764640169327475
                ],
                "pointsIdx": [
                    3,
                    0
                ],
                "width": 7.23806384062464
            }
        ]
    },
    "panoId": "nothing"
}