{
    "cameraHeight": 1.6,
    "layoutHeight": 4.918533055623385,
    "layoutObj2ds": {
        "num": 0,
        "obj2ds": []
    },
    "layoutPoints": {
        "num": 4,
        "points": [
            {
                "coords": [
                    0.5198275790094937,
                    0.5
                ],
                "id": 0,
                "xyz": [
                    1.3093448058470398,
                    0.0,
                    -10.455613278549658
                ]
            },
            {
                "coords": [
                    0.980265244285756,
                    0.5
                ],
                "id": 0,
                "xyz": [
                    1.3093448058470398,
                    0.0,
                    10.50530306404323
                ]
            },
            {
                "coords": [
                    0.09152175789265687,
                    0.5
                ],
                "id": 0,
                "xyz": [
                    -6.808632818777507,
                    0.0,
                    10.50530306404323
                ]
            },
            {
                "coords": [
                    0.4081335160046127,
                    0.5
                ],
                "id": 0,
                "xyz": [
                    -6.808632818777507,
                    0.0,
                    -10.455613278549658
                ]
            }
        ]
    },
    "layoutWalls": {
        "num": 4,
        "walls": [
            {
                "id": 0,
                "normal": [
                    1.0,
                    0.0,
                    -0.0
                ],
                "planeEquation": [
                    1.0,
                    0.0,
                    -0.0,
                    -1.3093448058470398
                ],
                "pointsIdx": [
                    0,
                    1
                ],
                "width": 20.96091634259289
            },
            {
                "id": 0,
                "normal": [
                    0.0,
                    0.0,
                    1.0
                ],
                "planeEquation": [
                    0.0,
                    0.0,
                    1.0,
                    -10.50530306404323
                ],
                "pointsIdx": [
                    1,
                    2
                ],
                "width": 8.117977624624547
            },
            {
                "id": 0,
                "normal": [
                    -1.0,
                    -0.0,
                    -0.0
                ],
                "planeEquation": [
                    -1.0,
                    -0.0,
                    -0.0,
                    -6.808632818777507
                ],
                "pointsIdx": [
                    2,
                    3
                ],
                "width": 20.96091634259289
            },
            {
                "id": 0,
                "normal": [
                    0.0,
                    0.0,
                    -1.0
                ],
                "planeEquation": [
                    0.0,
                    0.0,
                    -1.0,
                    -10.455613278549658
                ],
                "pointsIdx": [
                    3,
                    0
                ],
                "width": 8.117977624624547
            }
        ]
    },
    "panoId": "nothing"
}