{
    "cameraHeight": 1.6,
    "layoutHeight": 2.7268521404266357,
    "layoutObj2ds": {
        "num": 0,
        "obj2ds": []
    },
    "layoutPoints": {
        "num": 12,
        "points": [
            {
                "coords": [
                    0.5646410201780593,
                    0.5
                ],
                "id": 0,
                "xyz": [
                    2.5517139588950926,
                    0.0,
                    -5.933344592947613
                ]
            },
            {
                "coords": [
                    0.7046062281951151,
                    0.549720067736811
                ],
                "id": 0,
                "xyz": [
                    2.5517139588950926,
                    -0.4187698508553316,
                    -0.748192554574262
                ]
            },
            {
                "coords": [
                    0.6292361111111111,
                    0.6170096485397955
                ],
                "id": 0,
                "xyz": [
                    0.78911974045571,
                    -0.4187698508553316,
                    -0.748192554574262
                ]
            },
            {
                "coords": [
                    0.9648480403374717,
                    0.5
                ],
                "id": 0,
                "xyz": [
                    0.78911974045571,
                    0.0,
                    3.51455296
                ]
            },
            {
                "coords": [
                    0.010651625848371482,
                    0.5
                ],
                "id": 0,
                "xyz": [
                    -0.23556727552,
                    0.0,
                    3.51455296
                ]
            },
            {
                "coords": [
                    0.07498505777530234,
                    0.5
                ],
                "id": 0,
                "xyz": [
                    -0.23556727552,
                    0.0,
                    0.4624341336248967
                ]
            },
            {
                "coords": [
                    0.10840277777777774,
                    0.6455511341065403
                ],
                "id": 0,
                "xyz": [
                    -0.3748059848404039,
                    -0.29288998873153455,
                    0.4624341336248967
                ]
            },
            {
                "coords": [
                    0.018631088296587828,
                    0.5289715883863612
                ],
                "id": 0,
                "xyz": [
                    -0.3748059848404039,
                    -0.29288998873153455,
                    3.1871187889034904
                ]
            },
            {
                "coords": [
                    0.12659577395610982,
                    0.5
                ],
                "id": 0,
                "xyz": [
                    -3.251679846838436,
                    0.0,
                    3.1871187889034904
                ]
            },
            {
                "coords": [
                    0.2707939489982236,
                    0.5
                ],
                "id": 0,
                "xyz": [
                    -3.251679846838436,
                    0.0,
                    -0.42727319552
                ]
            },
            {
                "coords": [
                    0.420121285441474,
                    0.5
                ],
                "id": 0,
                "xyz": [
                    -0.2344715887693005,
                    0.0,
                    -0.42727319552
                ]
            },
            {
                "coords": [
                    0.49371384814344565,
                    0.5
                ],
                "id": 0,
                "xyz": [
                    -0.2344715887693005,
                    0.0,
                    -5.933344592947613
                ]
            }
        ]
    },
    "layoutWalls": {
        "num": 12,
        "walls": [
            {
                "id": 0,
                "normal": [
                    1.0,
                    0.0,
                    -0.0
                ],
                "planeEquation": [
                    1.0,
                    0.0,
                    -0.0,
                    -2.5517139588950926
                ],
                "pointsIdx": [
                    0,
                    1
                ],
                "width": 5.185152038373351
            },
            {
                "id": 0,
                "normal": [
                    0.0,
                    0.0,
                    1.0
                ],
                "planeEquation": [
                    0.0,
                    0.0,
                    1.0,
                    0.748192554574262
                ],
                "pointsIdx": [
                    1,
                    2
                ],
                "width": 1.7625942184393826
            },
            {
                "id": 0,
                "normal": [
                    1.0,
                    0.0,
                    -0.0
                ],
                "planeEquation": [
                    1.0,
                    0.0,
                    -0.0,
                    -0.78911974045571
                ],
                "pointsIdx": [
                    2,
                    3
                ],
                "width": 4.262745514574262
            },
            {
                "id": 0,
                "normal": [
                    0.0,
                    0.0,
                    1.0
                ],
                "planeEquation": [
                    0.0,
                    0.0,
                    1.0,
                    -3.51455296
                ],
                "pointsIdx": [
                    3,
                    4
                ],
                "width": 1.02468701597571
            },
            {
                "id": 0,
                "normal": [
                    -1.0,
                    -0.0,
                    -0.0
                ],
                "planeEquation": [
                    -1.0,
                    -0.0,
                    -0.0,
                    -0.23556727552
                ],
                "pointsIdx": [
                    4,
                    5
                ],
                "width": 3.0521188263751036
            },
            {
                "id": 0,
                "normal": [
                    0.0,
                    0.0,
                    1.0
                ],
                "planeEquation": [
                    0.0,
                    0.0,
                    1.0,
                    -0.4624341336248967
                ],
                "pointsIdx": [
                    5,
                    6
                ],
                "width": 0.1392387093204039
            },
            {
                "id": 0,
                "normal": [
                    1.0,
                    0.0,
                    -0.0
                ],
                "planeEquation": [
                    1.0,
                    0.0,
                    -0.0,
                    0.3748059848404039
                ],
                "pointsIdx": [
                    6,
                    7
                ],
                "width": 2.724684655278594
            },
            {
                "id": 0,
                "normal": [
                    0.0,
                    0.0,
                    1.0
                ],
                "planeEquation": [
                    0.0,
                    0.0,
                    1.0,
                    -3.1871187889034904
                ],
                "pointsIdx": [
                    7,
                    8
                ],
                "width": 2.8768738619980323
            },
            {
                "id": 0,
                "normal": [
                    -1.0,
                    -0.0,
                    -0.0
                ],
                "planeEquation": [
                    -1.0,
                    -0.0,
                    -0.0,
                    -3.251679846838436
                ],
                "pointsIdx": [
                    8,
                    9
                ],
                "width": 3.6143919844234906
            },
            {
                "id": 0,
                "normal": [
                    0.0,
                    0.0,
                    -1.0
                ],
                "planeEquation": [
                    0.0,
                    0.0,
                    -1.0,
                    -0.42727319552
                ],
                "pointsIdx": [
                    9,
                    10
                ],
                "width": 3.0172082580691355
            },
            {
                "id": 0,
                "normal": [
                    -1.0,
                    -0.0,
                    -0.0
                ],
                "planeEquation": [
                    -1.0,
                    -0.0,
                    -0.0,
                    -0.2344715887693005
                ],
                "pointsIdx": [
                    10,
                    11
                ],
                "width": 5.506071397427613
            },
            {
                "id": 0,
                "normal": [
                    0.0,
                    0.0,
                    -1.0
                ],
                "planeEquation": [
                    0.0,
                    0.0,
                    -1.0,
                    -5.933344592947613
                ],
                "pointsIdx": [
                    11,
                    0
                ],
                "width": 2.786185547664393
            }
        ]
    },
    "panoId": "nothing"
}