{
    "cameraHeight": 1.6,
    "layoutHeight": 2.505570820399693,
    "layoutObj2ds": {
        "num": 0,
        "obj2ds": []
    },
    "layoutPoints": {
        "num": 4,
        "points": [
            {
                "coords": [
                    0.6818333445512487,
                    0.5
                ],
                "id": 0,
                "xyz": [
                    2.128055438439885,
                    0.0,
                    -0.9716053415643431
                ]
            },
            {
                "coords": [
                    0.9007620591133269,
                    0.5
                ],
                "id": 0,
                "xyz": [
                    2.128055438439885,
                    0.0,
                    2.9587055859809523
                ]
            },
            {
                "coords": [
                    0.1015607332576931,
                    0.5
                ],
                "id": 0,
                "xyz": [
                    -2.1942747049669173,
                    0.0,
                    2.9587055859809523
                ]
            },
            {
                "coords": [
                    0.3163426027501114,
                    0.5
                ],
                "id": 0,
                "xyz": [
                    -2.1942747049669173,
                    0.0,
                    -0.9716053415643431
                ]
            }
        ]
    },
    "layoutWalls": {
        "num": 4,
        "walls": [
            {
                "id": 0,
                "normal": [
                    1.0,
                    0.0,
                    -0.0
                ],
                "planeEquation": [
                    1.0,
                    0.0,
                    -0.0,
                    -2.128055438439885
                ],
                "pointsIdx": [
                    0,
                    1
                ],
                "width": 3.930310927545295
            },
            {
                "id": 0,
                "normal": [
                    0.0,
                    0.0,
                    1.0
                ],
                "planeEquation": [
                    0.0,
                    0.0,
                    1.0,
                    -2.9587055859809523
                ],
                "pointsIdx": [
                    1,
                    2
                ],
                "width": 4.322330143406802
            },
            {
                "id": 0,
                "normal": [
                    -1.0,
                    -0.0,
                    -0.0
                ],
                "planeEquation": [
                    -1.0,
                    -0.0,
                    -0.0,
                    -2.1942747049669173
                ],
                "pointsIdx": [
                    2,
                    3
                ],
                "width": 3.930310927545295
            },
            {
                "id": 0,
                "normal": [
                    0.0,
                    0.0,
                    -1.0
                ],
                "planeEquation": [
                    0.0,
                    0.0,
                    -1.0,
                    -0.9716053415643431
                ],
                "pointsIdx": [
                    3,
                    0
                ],
                "width": 4.322330143406802
            }
        ]
    },
    "panoId": "nothing"
}