{
    "cameraHeight": 1.6,
    "layoutHeight": 2.423338098526001,
    "layoutObj2ds": {
        "num": 0,
        "obj2ds": []
    },
    "layoutPoints": {
        "num": 4,
        "points": [
            {
                "coords": [
                    0.6147673690432147,
                    0.5
                ],
                "id": 0,
                "xyz": [
                    3.00512,
                    0.0,
                    -3.4187000000000003
                ]
            },
            {
                "coords": [
                    0.8018674174151338,
                    0.5
                ],
                "id": 0,
                "xyz": [
                    3.00512,
                    0.0,
                    1.0155562333933024
                ]
            },
            {
                "coords": [
                    0.11832264948285626,
                    0.5
                ],
                "id": 0,
                "xyz": [
                    -0.9337260179515064,
                    0.0,
                    1.0155562333933024
                ]
            },
            {
                "coords": [
                    0.4575660363951128,
                    0.5
                ],
                "id": 0,
                "xyz": [
                    -0.9337260179515064,
                    0.0,
                    -3.4187000000000003
                ]
            }
        ]
    },
    "layoutWalls": {
        "num": 4,
        "walls": [
            {
                "id": 0,
                "normal": [
                    1.0,
                    0.0,
                    -0.0
                ],
                "planeEquation": [
                    1.0,
                    0.0,
                    -0.0,
                    -3.00512
                ],
                "pointsIdx": [
                    0,
                    1
                ],
                "width": 4.434256233393302
            },
            {
                "id": 0,
                "normal": [
                    0.0,
                    0.0,
                    1.0
                ],
                "planeEquation": [
                    0.0,
                    0.0,
                    1.0,
                    -1.0155562333933024
                ],
                "pointsIdx": [
                    1,
                    2
                ],
                "width": 3.9388460179515064
            },
            {
                "id": 0,
                "normal": [
                    -1.0,
                    -0.0,
                    -0.0
                ],
                "planeEquation": [
                    -1.0,
                    -0.0,
                    -0.0,
                    -0.9337260179515064
                ],
                "pointsIdx": [
                    2,
                    3
                ],
                "width": 4.434256233393302
            },
            {
                "id": 0,
                "normal": [
                    0.0,
                    0.0,
                    -1.0
                ],
                "planeEquation": [
                    0.0,
                    0.0,
                    -1.0,
                    -3.4187000000000003
                ],
                "pointsIdx": [
                    3,
                    0
                ],
                "width": 3.9388460179515064
            }
        ]
    },
    "panoId": "nothing"
}