{
    "cameraHeight": 1.6,
    "layoutHeight": 2.479749135971069,
    "layoutObj2ds": {
        "num": 0,
        "obj2ds": []
    },
    "layoutPoints": {
        "num": 4,
        "points": [
            {
                "coords": [
                    0.69198102394706,
                    0.5
                ],
                "id": 0,
                "xyz": [
                    1.3032399372679493,
                    0.0,
                    -0.49731576089546864
                ]
            },
            {
                "coords": [
                    0.9201297468059602,
                    0.5
                ],
                "id": 0,
                "xyz": [
                    1.3032399372679493,
                    0.0,
                    2.375169181994972
                ]
            },
            {
                "coords": [
                    0.12277107051947361,
                    0.5
                ],
                "id": 0,
                "xyz": [
                    -2.3095563560166985,
                    0.0,
                    2.375169181994972
                ]
            },
            {
                "coords": [
                    0.28375535343176533,
                    0.5
                ],
                "id": 0,
                "xyz": [
                    -2.3095563560166985,
                    0.0,
                    -0.49731576089546864
                ]
            }
        ]
    },
    "layoutWalls": {
        "num": 4,
        "walls": [
            {
                "id": 0,
                "normal": [
                    1.0,
                    0.0,
                    -0.0
                ],
                "planeEquation": [
                    1.0,
                    0.0,
                    -0.0,
                    -1.3032399372679493
                ],
                "pointsIdx": [
                    0,
                    1
                ],
                "width": 2.872484942890441
            },
            {
                "id": 0,
                "normal": [
                    0.0,
                    0.0,
                    1.0
                ],
                "planeEquation": [
                    0.0,
                    0.0,
                    1.0,
                    -2.375169181994972
                ],
                "pointsIdx": [
                    1,
                    2
                ],
                "width": 3.6127962932846476
            },
            {
                "id": 0,
                "normal": [
                    -1.0,
                    -0.0,
                    -0.0
                ],
                "planeEquation": [
                    -1.0,
                    -0.0,
                    -0.0,
                    -2.3095563560166985
                ],
                "pointsIdx": [
                    2,
                    3
                ],
                "width": 2.872484942890441
            },
            {
                "id": 0,
                "normal": [
                    0.0,
                    0.0,
                    -1.0
                ],
                "planeEquation": [
                    0.0,
                    0.0,
                    -1.0,
                    -0.49731576089546864
                ],
                "pointsIdx": [
                    3,
                    0
                ],
                "width": 3.6127962932846476
            }
        ]
    },
    "panoId": "nothing"
}