{
    "cameraHeight": 1.6,
    "layoutHeight": 2.5801092433929442,
    "layoutObj2ds": {
        "num": 0,
        "obj2ds": []
    },
    "layoutPoints": {
        "num": 8,
        "points": [
            {
                "coords": [
                    0.7362244238423253,
                    0.5
                ],
                "id": 0,
                "xyz": [
                    8.276320542646882,
                    0.0,
                    -0.7181470400000001
                ]
            },
            {
                "coords": [
                    0.7835568615602315,
                    0.5
                ],
                "id": 0,
                "xyz": [
                    8.276320542646882,
                    0.0,
                    1.77133888
                ]
            },
            {
                "coords": [
                    0.9232826715750044,
                    0.5
                ],
                "id": 0,
                "xyz": [
                    0.92675165824,
                    0.0,
                    1.77133888
                ]
            },
            {
                "coords": [
                    0.9511805555555555,
                    0.5500634846153946
                ],
                "id": 0,
                "xyz": [
                    0.92675165824,
                    -0.48673818418212644,
                    2.925920345653971
                ]
            },
            {
                "coords": [
                    0.9002263085818665,
                    0.5426266931859609
                ],
                "id": 0,
                "xyz": [
                    2.1194554735708007,
                    -0.48673818418212644,
                    2.925920345653971
                ]
            },
            {
                "coords": [
                    0.9587320437775568,
                    0.5
                ],
                "id": 0,
                "xyz": [
                    2.1194554735708007,
                    0.0,
                    7.989926519207356
                ]
            },
            {
                "coords": [
                    0.052755810525961566,
                    0.5
                ],
                "id": 0,
                "xyz": [
                    -2.74991883309056,
                    0.0,
                    7.989926519207356
                ]
            },
            {
                "coords": [
                    0.29065563555288415,
                    0.5
                ],
                "id": 0,
                "xyz": [
                    -2.74991883309056,
                    0.0,
                    -0.7181470400000001
                ]
            }
        ]
    },
    "layoutWalls": {
        "num": 8,
        "walls": [
            {
                "id": 0,
                "normal": [
                    1.0,
                    0.0,
                    -0.0
                ],
                "planeEquation": [
                    1.0,
                    0.0,
                    -0.0,
                    -8.276320542646882
                ],
                "pointsIdx": [
                    0,
                    1
                ],
                "width": 2.48948592
            },
            {
                "id": 0,
                "normal": [
                    0.0,
                    0.0,
                    1.0
                ],
                "planeEquation": [
                    0.0,
                    0.0,
                    1.0,
                    -1.77133888
                ],
                "pointsIdx": [
                    1,
                    2
                ],
                "width": 7.3495688844068825
            },
            {
                "id": 0,
                "normal": [
                    1.0,
                    0.0,
                    -0.0
                ],
                "planeEquation": [
                    1.0,
                    0.0,
                    -0.0,
                    -0.92675165824
                ],
                "pointsIdx": [
                    2,
                    3
                ],
                "width": 1.1545814656539708
            },
            {
                "id": 0,
                "normal": [
                    0.0,
                    0.0,
                    -1.0
                ],
                "planeEquation": [
                    0.0,
                    0.0,
                    -1.0,
                    2.925920345653971
                ],
                "pointsIdx": [
                    3,
                    4
                ],
                "width": 1.1927038153308005
            },
            {
                "id": 0,
                "normal": [
                    1.0,
                    0.0,
                    -0.0
                ],
                "planeEquation": [
                    1.0,
                    0.0,
                    -0.0,
                    -2.1194554735708007
                ],
                "pointsIdx": [
                    4,
                    5
                ],
                "width": 5.064006173553385
            },
            {
                "id": 0,
                "normal": [
                    0.0,
                    0.0,
                    1.0
                ],
                "planeEquation": [
                    0.0,
                    0.0,
                    1.0,
                    -7.989926519207356
                ],
                "pointsIdx": [
                    5,
                    6
                ],
                "width": 4.869374306661361
            },
            {
                "id": 0,
                "normal": [
                    -1.0,
                    -0.0,
                    -0.0
                ],
                "planeEquation": [
                    -1.0,
                    -0.0,
                    -0.0,
                    -2.74991883309056
                ],
                "pointsIdx": [
                    6,
                    7
                ],
                "width": 8.708073559207357
            },
            {
                "id": 0,
                "normal": [
                    0.0,
                    0.0,
                    -1.0
                ],
                "planeEquation": [
                    0.0,
                    0.0,
                    -1.0,
                    -0.7181470400000001
                ],
                "pointsIdx": [
                    7,
                    0
                ],
                "width": 11.026239375737443
            }
        ]
    },
    "panoId": "nothing"
}