{
    "cameraHeight": 1.6,
    "layoutHeight": 2.754349308013916,
    "layoutObj2ds": {
        "num": 0,
        "obj2ds": []
    },
    "layoutPoints": {
        "num": 6,
        "points": [
            {
                "coords": [
                    0.6374244720412707,
                    0.5
                ],
                "id": 0,
                "xyz": [
                    0.8361715126331061,
                    0.0,
                    -0.7148444821504344
                ]
            },
            {
                "coords": [
                    0.7951332455041509,
                    0.6459647632157894
                ],
                "id": 0,
                "xyz": [
                    0.8361715126331061,
                    -0.42995600101410775,
                    0.2436896022384015
                ]
            },
            {
                "coords": [
                    0.8062629916297479,
                    0.6745388909988188
                ],
                "id": 0,
                "xyz": [
                    0.6603835591364845,
                    -0.42995600101410775,
                    0.2436896022384015
                ]
            },
            {
                "coords": [
                    0.8956769585531079,
                    0.5
                ],
                "id": 0,
                "xyz": [
                    0.6603835591364845,
                    0.0,
                    0.85888
                ]
            },
            {
                "coords": [
                    0.19365336184433563,
                    0.5
                ],
                "id": 0,
                "xyz": [
                    -2.32375,
                    0.0,
                    0.85888
                ]
            },
            {
                "coords": [
                    0.29749784999289763,
                    0.5
                ],
                "id": 0,
                "xyz": [
                    -2.32375,
                    0.0,
                    -0.7148444821504344
                ]
            }
        ]
    },
    "layoutWalls": {
        "num": 6,
        "walls": [
            {
                "id": 0,
                "normal": [
                    1.0,
                    0.0,
                    -0.0
                ],
                "planeEquation": [
                    1.0,
                    0.0,
                    -0.0,
                    -0.8361715126331061
                ],
                "pointsIdx": [
                    0,
                    1
                ],
                "width": 0.9585340843888359
            },
            {
                "id": 0,
                "normal": [
                    0.0,
                    0.0,
                    1.0
                ],
                "planeEquation": [
                    0.0,
                    0.0,
                    1.0,
                    -0.2436896022384015
                ],
                "pointsIdx": [
                    1,
                    2
                ],
                "width": 0.17578795349662157
            },
            {
                "id": 0,
                "normal": [
                    1.0,
                    0.0,
                    -0.0
                ],
                "planeEquation": [
                    1.0,
                    0.0,
                    -0.0,
                    -0.6603835591364845
                ],
                "pointsIdx": [
                    2,
                    3
                ],
                "width": 0.6151903977615985
            },
            {
                "id": 0,
                "normal": [
                    0.0,
                    0.0,
                    1.0
                ],
                "planeEquation": [
                    0.0,
                    0.0,
                    1.0,
                    -0.85888
                ],
                "pointsIdx": [
                    3,
                    4
                ],
                "width": 2.9841335591364846
            },
            {
                "id": 0,
                "normal": [
                    -1.0,
                    -0.0,
                    -0.0
                ],
                "planeEquation": [
                    -1.0,
                    -0.0,
                    -0.0,
                    -2.32375
                ],
                "pointsIdx": [
                    4,
                    5
                ],
                "width": 1.5737244821504344
            },
            {
                "id": 0,
                "normal": [
                    0.0,
                    0.0,
                    -1.0
                ],
                "planeEquation": [
                    0.0,
                    0.0,
                    -1.0,
                    -0.7148444821504344
                ],
                "pointsIdx": [
                    5,
                    0
                ],
                "width": 3.159921512633106
            }
        ]
    },
    "panoId": "nothing"
}