{
    "cameraHeight": 1.6,
    "layoutHeight": 2.8782323511635384,
    "layoutObj2ds": {
        "num": 0,
        "obj2ds": []
    },
    "layoutPoints": {
        "num": 4,
        "points": [
            {
                "coords": [
                    0.6182241930493858,
                    0.5
                ],
                "id": 0,
                "xyz": [
                    1.5447498722882738,
                    0.0,
                    -1.6822166827707319
                ]
            },
            {
                "coords": [
                    0.8875844659653265,
                    0.5
                ],
                "id": 0,
                "xyz": [
                    1.5447498722882738,
                    0.0,
                    1.8106146341463414
                ]
            },
            {
                "coords": [
                    0.1829374435567152,
                    0.5
                ],
                "id": 0,
                "xyz": [
                    -4.039634146341463,
                    0.0,
                    1.8106146341463414
                ]
            },
            {
                "coords": [
                    0.31280058667535016,
                    0.5
                ],
                "id": 0,
                "xyz": [
                    -4.039634146341463,
                    0.0,
                    -1.6822166827707319
                ]
            }
        ]
    },
    "layoutWalls": {
        "num": 4,
        "walls": [
            {
                "id": 0,
                "normal": [
                    1.0,
                    0.0,
                    -0.0
                ],
                "planeEquation": [
                    1.0,
                    0.0,
                    -0.0,
                    -1.5447498722882738
                ],
                "pointsIdx": [
                    0,
                    1
                ],
                "width": 3.4928313169170733
            },
            {
                "id": 0,
                "normal": [
                    0.0,
                    0.0,
                    1.0
                ],
                "planeEquation": [
                    0.0,
                    0.0,
                    1.0,
                    -1.8106146341463414
                ],
                "pointsIdx": [
                    1,
                    2
                ],
                "width": 5.584384018629737
            },
            {
                "id": 0,
                "normal": [
                    -1.0,
                    -0.0,
                    -0.0
                ],
                "planeEquation": [
                    -1.0,
                    -0.0,
                    -0.0,
                    -4.039634146341463
                ],
                "pointsIdx": [
                    2,
                    3
                ],
                "width": 3.4928313169170733
            },
            {
                "id": 0,
                "normal": [
                    0.0,
                    0.0,
                    -1.0
                ],
                "planeEquation": [
                    0.0,
                    0.0,
                    -1.0,
                    -1.6822166827707319
                ],
                "pointsIdx": [
                    3,
                    0
                ],
                "width": 5.584384018629737
            }
        ]
    },
    "panoId": "nothing"
}