{
    "cameraHeight": 1.6,
    "layoutHeight": 2.7031995487213134,
    "layoutObj2ds": {
        "num": 0,
        "obj2ds": []
    },
    "layoutPoints": {
        "num": 4,
        "points": [
            {
                "coords": [
                    0.610899238783347,
                    0.5
                ],
                "id": 0,
                "xyz": [
                    2.3301745169541332,
                    0.0,
                    -2.7845134975795203
                ]
            },
            {
                "coords": [
                    0.8057421916100251,
                    0.5
                ],
                "id": 0,
                "xyz": [
                    2.3301745169541332,
                    0.0,
                    0.85121
                ]
            },
            {
                "coords": [
                    0.2208246539938306,
                    0.5
                ],
                "id": 0,
                "xyz": [
                    -4.591320810409752,
                    0.0,
                    0.85121
                ]
            },
            {
                "coords": [
                    0.3367658146439218,
                    0.5
                ],
                "id": 0,
                "xyz": [
                    -4.591320810409752,
                    0.0,
                    -2.7845134975795203
                ]
            }
        ]
    },
    "layoutWalls": {
        "num": 4,
        "walls": [
            {
                "id": 0,
                "normal": [
                    1.0,
                    0.0,
                    -0.0
                ],
                "planeEquation": [
                    1.0,
                    0.0,
                    -0.0,
                    -2.3301745169541332
                ],
                "pointsIdx": [
                    0,
                    1
                ],
                "width": 3.6357234975795203
            },
            {
                "id": 0,
                "normal": [
                    0.0,
                    0.0,
                    1.0
                ],
                "planeEquation": [
                    0.0,
                    0.0,
                    1.0,
                    -0.85121
                ],
                "pointsIdx": [
                    1,
                    2
                ],
                "width": 6.9214953273638855
            },
            {
                "id": 0,
                "normal": [
                    -1.0,
                    -0.0,
                    -0.0
                ],
                "planeEquation": [
                    -1.0,
                    -0.0,
                    -0.0,
                    -4.591320810409752
                ],
                "pointsIdx": [
                    2,
                    3
                ],
                "width": 3.6357234975795203
            },
            {
                "id": 0,
                "normal": [
                    0.0,
                    0.0,
                    -1.0
                ],
                "planeEquation": [
                    0.0,
                    0.0,
                    -1.0,
                    -2.7845134975795203
                ],
                "pointsIdx": [
                    3,
                    0
                ],
                "width": 6.9214953273638855
            }
        ]
    },
    "panoId": "nothing"
}