{
    "cameraHeight": 1.6,
    "layoutHeight": 2.934366388320923,
    "layoutObj2ds": {
        "num": 0,
        "obj2ds": []
    },
    "layoutPoints": {
        "num": 4,
        "points": [
            {
                "coords": [
                    0.6271690475672208,
                    0.5
                ],
                "id": 0,
                "xyz": [
                    2.639119872108553,
                    0.0,
                    -2.5681480819310716
                ]
            },
            {
                "coords": [
                    0.7952113919712548,
                    0.5
                ],
                "id": 0,
                "xyz": [
                    2.639119872108553,
                    0.0,
                    0.7705378584022323
                ]
            },
            {
                "coords": [
                    0.18250587233066667,
                    0.5
                ],
                "id": 0,
                "xyz": [
                    -1.7067200873073811,
                    0.0,
                    0.7705378584022323
                ]
            },
            {
                "coords": [
                    0.4066474678918949,
                    0.5
                ],
                "id": 0,
                "xyz": [
                    -1.7067200873073811,
                    0.0,
                    -2.5681480819310716
                ]
            }
        ]
    },
    "layoutWalls": {
        "num": 4,
        "walls": [
            {
                "id": 0,
                "normal": [
                    1.0,
                    0.0,
                    -0.0
                ],
                "planeEquation": [
                    1.0,
                    0.0,
                    -0.0,
                    -2.639119872108553
                ],
                "pointsIdx": [
                    0,
                    1
                ],
                "width": 3.338685940333304
            },
            {
                "id": 0,
                "normal": [
                    0.0,
                    0.0,
                    1.0
                ],
                "planeEquation": [
                    0.0,
                    0.0,
                    1.0,
                    -0.7705378584022323
                ],
                "pointsIdx": [
                    1,
                    2
                ],
                "width": 4.345839959415934
            },
            {
                "id": 0,
                "normal": [
                    -1.0,
                    -0.0,
                    -0.0
                ],
                "planeEquation": [
                    -1.0,
                    -0.0,
                    -0.0,
                    -1.7067200873073811
                ],
                "pointsIdx": [
                    2,
                    3
                ],
                "width": 3.338685940333304
            },
            {
                "id": 0,
                "normal": [
                    0.0,
                    0.0,
                    -1.0
                ],
                "planeEquation": [
                    0.0,
                    0.0,
                    -1.0,
                    -2.5681480819310716
                ],
                "pointsIdx": [
                    3,
                    0
                ],
                "width": 4.345839959415934
            }
        ]
    },
    "panoId": "nothing"
}