{
    "cameraHeight": 1.6,
    "layoutHeight": 2.6508588886260984,
    "layoutObj2ds": {
        "num": 0,
        "obj2ds": []
    },
    "layoutPoints": {
        "num": 4,
        "points": [
            {
                "coords": [
                    0.7111546438671368,
                    0.5
                ],
                "id": 0,
                "xyz": [
                    2.606374776590544,
                    0.0,
                    -0.6490850448243793
                ]
            },
            {
                "coords": [
                    0.821433275635925,
                    0.5
                ],
                "id": 0,
                "xyz": [
                    2.606374776590544,
                    0.0,
                    1.2552588446608866
                ]
            },
            {
                "coords": [
                    0.058323688657340333,
                    0.5
                ],
                "id": 0,
                "xyz": [
                    -0.4817614506547173,
                    0.0,
                    1.2552588446608866
                ]
            },
            {
                "coords": [
                    0.39837943335029563,
                    0.5
                ],
                "id": 0,
                "xyz": [
                    -0.4817614506547173,
                    0.0,
                    -0.6490850448243793
                ]
            }
        ]
    },
    "layoutWalls": {
        "num": 4,
        "walls": [
            {
                "id": 0,
                "normal": [
                    1.0,
                    0.0,
                    -0.0
                ],
                "planeEquation": [
                    1.0,
                    0.0,
                    -0.0,
                    -2.606374776590544
                ],
                "pointsIdx": [
                    0,
                    1
                ],
                "width": 1.9043438894852658
            },
            {
                "id": 0,
                "normal": [
                    0.0,
                    0.0,
                    1.0
                ],
                "planeEquation": [
                    0.0,
                    0.0,
                    1.0,
                    -1.2552588446608866
                ],
                "pointsIdx": [
                    1,
                    2
                ],
                "width": 3.0881362272452613
            },
            {
                "id": 0,
                "normal": [
                    -1.0,
                    -0.0,
                    -0.0
                ],
                "planeEquation": [
                    -1.0,
                    -0.0,
                    -0.0,
                    -0.4817614506547173
                ],
                "pointsIdx": [
                    2,
                    3
                ],
                "width": 1.9043438894852658
            },
            {
                "id": 0,
                "normal": [
                    0.0,
                    0.0,
                    -1.0
                ],
                "planeEquation": [
                    0.0,
                    0.0,
                    -1.0,
                    -0.6490850448243793
                ],
                "pointsIdx": [
                    3,
                    0
                ],
                "width": 3.0881362272452613
            }
        ]
    },
    "panoId": "nothing"
}