{
    "cameraHeight": 1.6,
    "layoutHeight": 2.4508741455078145,
    "layoutObj2ds": {
        "num": 0,
        "obj2ds": []
    },
    "layoutPoints": {
        "num": 4,
        "points": [
            {
                "coords": [
                    0.6640428947608277,
                    0.5
                ],
                "id": 0,
                "xyz": [
                    1.8308206468275783,
                    0.0,
                    -1.097658235725293
                ]
            },
            {
                "coords": [
                    0.9313745531175947,
                    0.5
                ],
                "id": 0,
                "xyz": [
                    1.8308206468275783,
                    0.0,
                    3.9795453242445187
                ]
            },
            {
                "coords": [
                    0.08220246760519878,
                    0.5
                ],
                "id": 0,
                "xyz": [
                    -2.2600430801120233,
                    0.0,
                    3.9795453242445187
                ]
            },
            {
                "coords": [
                    0.321958136237661,
                    0.5
                ],
                "id": 0,
                "xyz": [
                    -2.2600430801120233,
                    0.0,
                    -1.097658235725293
                ]
            }
        ]
    },
    "layoutWalls": {
        "num": 4,
        "walls": [
            {
                "id": 0,
                "normal": [
                    1.0,
                    0.0,
                    -0.0
                ],
                "planeEquation": [
                    1.0,
                    0.0,
                    -0.0,
                    -1.8308206468275783
                ],
                "pointsIdx": [
                    0,
                    1
                ],
                "width": 5.077203559969812
            },
            {
                "id": 0,
                "normal": [
                    0.0,
                    0.0,
                    1.0
                ],
                "planeEquation": [
                    0.0,
                    0.0,
                    1.0,
                    -3.9795453242445187
                ],
                "pointsIdx": [
                    1,
                    2
                ],
                "width": 4.0908637269396015
            },
            {
                "id": 0,
                "normal": [
                    -1.0,
                    -0.0,
                    -0.0
                ],
                "planeEquation": [
                    -1.0,
                    -0.0,
                    -0.0,
                    -2.2600430801120233
                ],
                "pointsIdx": [
                    2,
                    3
                ],
                "width": 5.077203559969812
            },
            {
                "id": 0,
                "normal": [
                    0.0,
                    0.0,
                    -1.0
                ],
                "planeEquation": [
                    0.0,
                    0.0,
                    -1.0,
                    -1.097658235725293
                ],
                "pointsIdx": [
                    3,
                    0
                ],
                "width": 4.0908637269396015
            }
        ]
    },
    "panoId": "nothing"
}