{
    "cameraHeight": 1.6,
    "layoutHeight": 2.9156023788452146,
    "layoutObj2ds": {
        "num": 0,
        "obj2ds": []
    },
    "layoutPoints": {
        "num": 10,
        "points": [
            {
                "coords": [
                    0.7519994106354613,
                    0.5
                ],
                "id": 0,
                "xyz": [
                    3.109247692511197,
                    0.0,
                    0.0390625
                ]
            },
            {
                "coords": [
                    0.7590636912438198,
                    0.5
                ],
                "id": 0,
                "xyz": [
                    0.6851808409948442,
                    0.0,
                    0.0390625
                ]
            },
            {
                "coords": [
                    0.931339719350373,
                    0.5
                ],
                "id": 0,
                "xyz": [
                    0.6851808409948442,
                    0.0,
                    1.488478518525937
                ]
            },
            {
                "coords": [
                    0.10206033180570878,
                    0.5
                ],
                "id": 0,
                "xyz": [
                    -1.1111645919591178,
                    0.0,
                    1.488478518525937
                ]
            },
            {
                "coords": [
                    0.12299556162689801,
                    0.6531818737441902
                ],
                "id": 0,
                "xyz": [
                    -1.111164591959118,
                    -0.8311015326187908,
                    1.1395116878826985
                ]
            },
            {
                "coords": [
                    0.212913931615964,
                    0.5531107167552058
                ],
                "id": 0,
                "xyz": [
                    -4.801385675829259,
                    -0.8311015326187908,
                    1.1395116878826985
                ]
            },
            {
                "coords": [
                    0.2422505242576507,
                    0.5408116920126642
                ],
                "id": 0,
                "xyz": [
                    -4.801385675829259,
                    -0.6197335635361481,
                    0.23397108548519743
                ]
            },
            {
                "coords": [
                    0.2204994201413984,
                    0.6445547147012742
                ],
                "id": 0,
                "xyz": [
                    -1.2477792440226811,
                    -0.6197335635361481,
                    0.2339710854851975
                ]
            },
            {
                "coords": [
                    0.386711339097916,
                    0.5
                ],
                "id": 0,
                "xyz": [
                    -1.2477792440226811,
                    0.0,
                    -1.4463867321765278
                ]
            },
            {
                "coords": [
                    0.6807019051139134,
                    0.5
                ],
                "id": 0,
                "xyz": [
                    3.109247692511197,
                    0.0,
                    -1.4463867321765278
                ]
            }
        ]
    },
    "layoutWalls": {
        "num": 10,
        "walls": [
            {
                "id": 0,
                "normal": [
                    0.0,
                    0.0,
                    1.0
                ],
                "planeEquation": [
                    0.0,
                    0.0,
                    1.0,
                    -0.0390625
                ],
                "pointsIdx": [
                    0,
                    1
                ],
                "width": 2.424066851516353
            },
            {
                "id": 0,
                "normal": [
                    1.0,
                    0.0,
                    -0.0
                ],
                "planeEquation": [
                    1.0,
                    0.0,
                    -0.0,
                    -0.6851808409948442
                ],
                "pointsIdx": [
                    1,
                    2
                ],
                "width": 1.449416018525937
            },
            {
                "id": 0,
                "normal": [
                    0.0,
                    0.0,
                    1.0
                ],
                "planeEquation": [
                    0.0,
                    0.0,
                    1.0,
                    -1.488478518525937
                ],
                "pointsIdx": [
                    2,
                    3
                ],
                "width": 1.796345432953962
            },
            {
                "id": 0,
                "normal": [
                    -1.0,
                    0.0,
                    6.362914335317891e-16
                ],
                "planeEquation": [
                    -1.0,
                    0.0,
                    6.362914335317891e-16,
                    -1.1111645919591187
                ],
                "pointsIdx": [
                    3,
                    4
                ],
                "width": 0.3489668306432385
            },
            {
                "id": 0,
                "normal": [
                    0.0,
                    0.0,
                    1.0
                ],
                "planeEquation": [
                    0.0,
                    0.0,
                    1.0,
                    -1.1395116878826985
                ],
                "pointsIdx": [
                    4,
                    5
                ],
                "width": 3.6902210838701412
            },
            {
                "id": 0,
                "normal": [
                    -1.0,
                    -0.0,
                    -0.0
                ],
                "planeEquation": [
                    -1.0,
                    -0.0,
                    -0.0,
                    -4.801385675829259
                ],
                "pointsIdx": [
                    5,
                    6
                ],
                "width": 0.9055406023975011
            },
            {
                "id": 0,
                "normal": [
                    1.5621074617156505e-17,
                    0.0,
                    -1.0
                ],
                "planeEquation": [
                    1.5621074617156505e-17,
                    0.0,
                    -1.0,
                    0.23397108548519752
                ],
                "pointsIdx": [
                    6,
                    7
                ],
                "width": 3.553606431806578
            },
            {
                "id": 0,
                "normal": [
                    -1.0,
                    -0.0,
                    -0.0
                ],
                "planeEquation": [
                    -1.0,
                    -0.0,
                    -0.0,
                    -1.2477792440226811
                ],
                "pointsIdx": [
                    7,
                    8
                ],
                "width": 1.6803578176617253
            },
            {
                "id": 0,
                "normal": [
                    0.0,
                    0.0,
                    -1.0
                ],
                "planeEquation": [
                    0.0,
                    0.0,
                    -1.0,
                    -1.4463867321765278
                ],
                "pointsIdx": [
                    8,
                    9
                ],
                "width": 4.357026936533878
            },
            {
                "id": 0,
                "normal": [
                    1.0,
                    0.0,
                    -0.0
                ],
                "planeEquation": [
                    1.0,
                    0.0,
                    -0.0,
                    -3.109247692511197
                ],
                "pointsIdx": [
                    9,
                    0
                ],
                "width": 1.4854492321765278
            }
        ]
    },
    "panoId": "nothing"
}