{
    "cameraHeight": 1.6,
    "layoutHeight": 3.0596373081207275,
    "layoutObj2ds": {
        "num": 0,
        "obj2ds": []
    },
    "layoutPoints": {
        "num": 10,
        "points": [
            {
                "coords": [
                    0.5871623775018601,
                    0.5
                ],
                "id": 0,
                "xyz": [
                    2.34375,
                    0.0,
                    -3.842927459498721
                ]
            },
            {
                "coords": [
                    0.9072264209222576,
                    0.5
                ],
                "id": 0,
                "xyz": [
                    2.34375,
                    0.0,
                    3.5546875
                ]
            },
            {
                "coords": [
                    0.10715277777777787,
                    0.5047217026602776
                ],
                "id": 0,
                "xyz": [
                    -2.8351311937479777,
                    -0.06745128459740608,
                    3.5546875000000004
                ]
            },
            {
                "coords": [
                    0.07655402784671206,
                    0.50350364258967
                ],
                "id": 0,
                "xyz": [
                    -2.8351311937479777,
                    -0.06745128459740608,
                    5.432466578903953
                ]
            },
            {
                "coords": [
                    0.106117160164663,
                    0.5
                ],
                "id": 0,
                "xyz": [
                    -4.275264,
                    0.0,
                    5.432466578903952
                ]
            },
            {
                "coords": [
                    0.3101069542157896,
                    0.5
                ],
                "id": 0,
                "xyz": [
                    -4.275264,
                    0.0,
                    -1.6960210551033037
                ]
            },
            {
                "coords": [
                    0.3302297441001437,
                    0.5314770498636413
                ],
                "id": 0,
                "xyz": [
                    -3.074529608455207,
                    -0.3483618302603421,
                    -1.6960210551033037
                ]
            },
            {
                "coords": [
                    0.3114583333333333,
                    0.5332886769328754
                ],
                "id": 0,
                "xyz": [
                    -3.074529608455207,
                    -0.3483618302603421,
                    -1.25
                ]
            },
            {
                "coords": [
                    0.49254506900147504,
                    0.5
                ],
                "id": 0,
                "xyz": [
                    -0.05859375,
                    0.0,
                    -1.25
                ]
            },
            {
                "coords": [
                    0.49757352630378276,
                    0.5
                ],
                "id": 0,
                "xyz": [
                    -0.05859375,
                    0.0,
                    -3.842927459498721
                ]
            }
        ]
    },
    "layoutWalls": {
        "num": 10,
        "walls": [
            {
                "id": 0,
                "normal": [
                    1.0,
                    0.0,
                    -0.0
                ],
                "planeEquation": [
                    1.0,
                    0.0,
                    -0.0,
                    -2.34375
                ],
                "pointsIdx": [
                    0,
                    1
                ],
                "width": 7.397614959498721
            },
            {
                "id": 0,
                "normal": [
                    8.575002847838519e-17,
                    0.0,
                    1.0
                ],
                "planeEquation": [
                    8.575002847838519e-17,
                    0.0,
                    1.0,
                    -3.5546875
                ],
                "pointsIdx": [
                    1,
                    2
                ],
                "width": 5.178881193747978
            },
            {
                "id": 0,
                "normal": [
                    1.0,
                    0.0,
                    -0.0
                ],
                "planeEquation": [
                    1.0,
                    0.0,
                    -0.0,
                    2.8351311937479777
                ],
                "pointsIdx": [
                    2,
                    3
                ],
                "width": 1.8777790789039526
            },
            {
                "id": 0,
                "normal": [
                    -6.167336900071247e-16,
                    0.0,
                    1.0
                ],
                "planeEquation": [
                    -6.167336900071247e-16,
                    0.0,
                    1.0,
                    -5.432466578903955
                ],
                "pointsIdx": [
                    3,
                    4
                ],
                "width": 1.4401328062520222
            },
            {
                "id": 0,
                "normal": [
                    -1.0,
                    -0.0,
                    -0.0
                ],
                "planeEquation": [
                    -1.0,
                    -0.0,
                    -0.0,
                    -4.275264
                ],
                "pointsIdx": [
                    4,
                    5
                ],
                "width": 7.128487634007255
            },
            {
                "id": 0,
                "normal": [
                    0.0,
                    0.0,
                    -1.0
                ],
                "planeEquation": [
                    0.0,
                    0.0,
                    -1.0,
                    -1.6960210551033037
                ],
                "pointsIdx": [
                    5,
                    6
                ],
                "width": 1.2007343915447928
            },
            {
                "id": 0,
                "normal": [
                    1.0,
                    0.0,
                    -0.0
                ],
                "planeEquation": [
                    1.0,
                    0.0,
                    -0.0,
                    3.074529608455207
                ],
                "pointsIdx": [
                    6,
                    7
                ],
                "width": 0.4460210551033037
            },
            {
                "id": 0,
                "normal": [
                    0.0,
                    0.0,
                    -1.0
                ],
                "planeEquation": [
                    0.0,
                    0.0,
                    -1.0,
                    -1.25
                ],
                "pointsIdx": [
                    7,
                    8
                ],
                "width": 3.015935858455207
            },
            {
                "id": 0,
                "normal": [
                    -1.0,
                    -0.0,
                    -0.0
                ],
                "planeEquation": [
                    -1.0,
                    -0.0,
                    -0.0,
                    -0.05859375
                ],
                "pointsIdx": [
                    8,
                    9
                ],
                "width": 2.592927459498721
            },
            {
                "id": 0,
                "normal": [
                    0.0,
                    0.0,
                    -1.0
                ],
                "planeEquation": [
                    0.0,
                    0.0,
                    -1.0,
                    -3.842927459498721
                ],
                "pointsIdx": [
                    9,
                    0
                ],
                "width": 2.40234375
            }
        ]
    },
    "panoId": "nothing"
}