{
    "cameraHeight": 1.6,
    "layoutHeight": 2.996200948332554,
    "layoutObj2ds": {
        "num": 0,
        "obj2ds": []
    },
    "layoutPoints": {
        "num": 10,
        "points": [
            {
                "coords": [
                    0.5077375385362491,
                    0.5
                ],
                "id": 0,
                "xyz": [
                    0.24337285232114464,
                    0.0,
                    -5.0020391953806405
                ]
            },
            {
                "coords": [
                    0.5706550006605383,
                    0.5
                ],
                "id": 0,
                "xyz": [
                    0.24337285232114464,
                    0.0,
                    -0.511716604908768
                ]
            },
            {
                "coords": [
                    0.6804166666666667,
                    0.5
                ],
                "id": 0,
                "xyz": [
                    1.0948842379085835,
                    0.0,
                    -0.511716604908768
                ]
            },
            {
                "coords": [
                    0.6484689170839109,
                    0.5
                ],
                "id": 0,
                "xyz": [
                    1.0948842379085835,
                    0.0,
                    -0.8116865316988354
                ]
            },
            {
                "coords": [
                    0.6818642565063637,
                    0.5
                ],
                "id": 0,
                "xyz": [
                    1.778708101401809,
                    0.0,
                    -0.8116865316988354
                ]
            },
            {
                "coords": [
                    0.7054166666666666,
                    0.5
                ],
                "id": 0,
                "xyz": [
                    1.778708101401809,
                    0.0,
                    -0.511716604908768
                ]
            },
            {
                "coords": [
                    0.735778756195146,
                    0.5
                ],
                "id": 0,
                "xyz": [
                    5.711551021819925,
                    0.0,
                    -0.511716604908768
                ]
            },
            {
                "coords": [
                    0.7784250046647717,
                    0.5
                ],
                "id": 0,
                "xyz": [
                    5.711551021819925,
                    0.0,
                    1.0310668740279936
                ]
            },
            {
                "coords": [
                    0.22527448789726962,
                    0.5
                ],
                "id": 0,
                "xyz": [
                    -6.583365032361233,
                    0.0,
                    1.0310668740279936
                ]
            },
            {
                "coords": [
                    0.353409891753375,
                    0.5
                ],
                "id": 0,
                "xyz": [
                    -6.583365032361233,
                    0.0,
                    -5.0020391953806405
                ]
            }
        ]
    },
    "layoutWalls": {
        "num": 10,
        "walls": [
            {
                "id": 0,
                "normal": [
                    1.0,
                    0.0,
                    -0.0
                ],
                "planeEquation": [
                    1.0,
                    0.0,
                    -0.0,
                    -0.24337285232114464
                ],
                "pointsIdx": [
                    0,
                    1
                ],
                "width": 4.490322590471872
            },
            {
                "id": 0,
                "normal": [
                    0.0,
                    0.0,
                    -1.0
                ],
                "planeEquation": [
                    0.0,
                    0.0,
                    -1.0,
                    -0.511716604908768
                ],
                "pointsIdx": [
                    1,
                    2
                ],
                "width": 0.8515113855874388
            },
            {
                "id": 0,
                "normal": [
                    -1.0,
                    -0.0,
                    -0.0
                ],
                "planeEquation": [
                    -1.0,
                    -0.0,
                    -0.0,
                    1.0948842379085835
                ],
                "pointsIdx": [
                    2,
                    3
                ],
                "width": 0.2999699267900674
            },
            {
                "id": 0,
                "normal": [
                    0.0,
                    0.0,
                    -1.0
                ],
                "planeEquation": [
                    0.0,
                    0.0,
                    -1.0,
                    -0.8116865316988354
                ],
                "pointsIdx": [
                    3,
                    4
                ],
                "width": 0.6838238634932254
            },
            {
                "id": 0,
                "normal": [
                    1.0,
                    0.0,
                    -0.0
                ],
                "planeEquation": [
                    1.0,
                    0.0,
                    -0.0,
                    -1.778708101401809
                ],
                "pointsIdx": [
                    4,
                    5
                ],
                "width": 0.2999699267900674
            },
            {
                "id": 0,
                "normal": [
                    0.0,
                    0.0,
                    -1.0
                ],
                "planeEquation": [
                    0.0,
                    0.0,
                    -1.0,
                    -0.511716604908768
                ],
                "pointsIdx": [
                    5,
                    6
                ],
                "width": 3.932842920418116
            },
            {
                "id": 0,
                "normal": [
                    1.0,
                    0.0,
                    -0.0
                ],
                "planeEquation": [
                    1.0,
                    0.0,
                    -0.0,
                    -5.711551021819925
                ],
                "pointsIdx": [
                    6,
                    7
                ],
                "width": 1.5427834789367616
            },
            {
                "id": 0,
                "normal": [
                    0.0,
                    0.0,
                    1.0
                ],
                "planeEquation": [
                    0.0,
                    0.0,
                    1.0,
                    -1.0310668740279936
                ],
                "pointsIdx": [
                    7,
                    8
                ],
                "width": 12.294916054181158
            },
            {
                "id": 0,
                "normal": [
                    -1.0,
                    -0.0,
                    -0.0
                ],
                "planeEquation": [
                    -1.0,
                    -0.0,
                    -0.0,
                    -6.583365032361233
                ],
                "pointsIdx": [
                    8,
                    9
                ],
                "width": 6.033106069408634
            },
            {
                "id": 0,
                "normal": [
                    0.0,
                    0.0,
                    -1.0
                ],
                "planeEquation": [
                    0.0,
                    0.0,
                    -1.0,
                    -5.0020391953806405
                ],
                "pointsIdx": [
                    9,
                    0
                ],
                "width": 6.826737884682378
            }
        ]
    },
    "panoId": "nothing"
}