{
    "cameraHeight": 1.6,
    "layoutHeight": 3.1388536675031795,
    "layoutObj2ds": {
        "num": 0,
        "obj2ds": []
    },
    "layoutPoints": {
        "num": 8,
        "points": [
            {
                "coords": [
                    0.5207080691869939,
                    0.5
                ],
                "id": 0,
                "xyz": [
                    0.7364170902313673,
                    0.0,
                    -5.6278678218418605
                ]
            },
            {
                "coords": [
                    0.8688231734703749,
                    0.5
                ],
                "id": 0,
                "xyz": [
                    0.7364170902313673,
                    0.0,
                    0.6813651133055704
                ]
            },
            {
                "coords": [
                    0.20960060828692373,
                    0.5
                ],
                "id": 0,
                "xyz": [
                    -2.6263627906976743,
                    0.0,
                    0.6813651133055704
                ]
            },
            {
                "coords": [
                    0.27375000000000005,
                    0.4075
                ],
                "id": 0,
                "xyz": [
                    -2.6263627906976743,
                    0.7942762138058626,
                    -0.39485598082801043
                ]
            },
            {
                "coords": [
                    0.2721532258605339,
                    0.41336689647862157
                ],
                "id": 0,
                "xyz": [
                    -2.8184112328791904,
                    0.7942762138058626,
                    -0.39485598082801043
                ]
            },
            {
                "coords": [
                    0.38628595414155953,
                    0.5
                ],
                "id": 0,
                "xyz": [
                    -2.8184112328791904,
                    0.0,
                    -3.2494139534883724
                ]
            },
            {
                "coords": [
                    0.4879859661701916,
                    0.5
                ],
                "id": 0,
                "xyz": [
                    -0.24575352558139532,
                    0.0,
                    -3.2494139534883724
                ]
            },
            {
                "coords": [
                    0.49305455325340564,
                    0.5
                ],
                "id": 0,
                "xyz": [
                    -0.24575352558139532,
                    0.0,
                    -5.6278678218418605
                ]
            }
        ]
    },
    "layoutWalls": {
        "num": 8,
        "walls": [
            {
                "id": 0,
                "normal": [
                    1.0,
                    0.0,
                    -0.0
                ],
                "planeEquation": [
                    1.0,
                    0.0,
                    -0.0,
                    -0.7364170902313673
                ],
                "pointsIdx": [
                    0,
                    1
                ],
                "width": 6.309232935147431
            },
            {
                "id": 0,
                "normal": [
                    0.0,
                    0.0,
                    1.0
                ],
                "planeEquation": [
                    0.0,
                    0.0,
                    1.0,
                    -0.6813651133055704
                ],
                "pointsIdx": [
                    1,
                    2
                ],
                "width": 3.3627798809290415
            },
            {
                "id": 0,
                "normal": [
                    -1.0,
                    -0.0,
                    -0.0
                ],
                "planeEquation": [
                    -1.0,
                    -0.0,
                    -0.0,
                    -2.6263627906976743
                ],
                "pointsIdx": [
                    2,
                    3
                ],
                "width": 1.0762210941335808
            },
            {
                "id": 0,
                "normal": [
                    0.0,
                    0.0,
                    1.0
                ],
                "planeEquation": [
                    0.0,
                    0.0,
                    1.0,
                    0.39485598082801043
                ],
                "pointsIdx": [
                    3,
                    4
                ],
                "width": 0.19204844218151607
            },
            {
                "id": 0,
                "normal": [
                    -1.0,
                    -0.0,
                    -0.0
                ],
                "planeEquation": [
                    -1.0,
                    -0.0,
                    -0.0,
                    -2.8184112328791904
                ],
                "pointsIdx": [
                    4,
                    5
                ],
                "width": 2.854557972660362
            },
            {
                "id": 0,
                "normal": [
                    0.0,
                    0.0,
                    -1.0
                ],
                "planeEquation": [
                    0.0,
                    0.0,
                    -1.0,
                    -3.2494139534883724
                ],
                "pointsIdx": [
                    5,
                    6
                ],
                "width": 2.572657707297795
            },
            {
                "id": 0,
                "normal": [
                    -1.0,
                    -0.0,
                    -0.0
                ],
                "planeEquation": [
                    -1.0,
                    -0.0,
                    -0.0,
                    -0.24575352558139532
                ],
                "pointsIdx": [
                    6,
                    7
                ],
                "width": 2.378453868353488
            },
            {
                "id": 0,
                "normal": [
                    0.0,
                    0.0,
                    -1.0
                ],
                "planeEquation": [
                    0.0,
                    0.0,
                    -1.0,
                    -5.6278678218418605
                ],
                "pointsIdx": [
                    7,
                    0
                ],
                "width": 0.9821706158127625
            }
        ]
    },
    "panoId": "nothing"
}