{
    "cameraHeight": 1.6,
    "layoutHeight": 3.436777477264404,
    "layoutObj2ds": {
        "num": 0,
        "obj2ds": []
    },
    "layoutPoints": {
        "num": 12,
        "points": [
            {
                "coords": [
                    0.7163056957503938,
                    0.5
                ],
                "id": 0,
                "xyz": [
                    9.565452341133444,
                    0.0,
                    -2.0558857148016285
                ]
            },
            {
                "coords": [
                    0.7557917520402928,
                    0.5199588261748271
                ],
                "id": 0,
                "xyz": [
                    9.565452341133444,
                    -0.6009629367218227,
                    0.3482467798181855
                ]
            },
            {
                "coords": [
                    0.7584027777777778,
                    0.5289078238168166
                ],
                "id": 0,
                "xyz": [
                    6.589926591365121,
                    -0.6009629367218227,
                    0.3482467798181855
                ]
            },
            {
                "coords": [
                    0.8346112469003115,
                    0.5
                ],
                "id": 0,
                "xyz": [
                    6.589926591365121,
                    0.0,
                    3.8755765925105474
                ]
            },
            {
                "coords": [
                    0.04742437556059359,
                    0.5
                ],
                "id": 0,
                "xyz": [
                    -1.1902675200000001,
                    0.0,
                    3.8755765925105474
                ]
            },
            {
                "coords": [
                    0.1825637231253568,
                    0.5
                ],
                "id": 0,
                "xyz": [
                    -1.1902675200000001,
                    0.0,
                    0.53685277568
                ]
            },
            {
                "coords": [
                    0.18930555555555556,
                    0.4796252018177747
                ],
                "id": 0,
                "xyz": [
                    -1.3388381001699843,
                    0.09245735135413749,
                    0.53685277568
                ]
            },
            {
                "coords": [
                    0.1389861237752757,
                    0.48316803101765243
                ],
                "id": 0,
                "xyz": [
                    -1.3388381001699843,
                    0.09245735135413749,
                    1.1220254005967312
                ]
            },
            {
                "coords": [
                    0.1843227206543518,
                    0.5
                ],
                "id": 0,
                "xyz": [
                    -2.56287,
                    0.0,
                    1.1220254005967312
                ]
            },
            {
                "coords": [
                    0.3027411352483362,
                    0.5
                ],
                "id": 0,
                "xyz": [
                    -2.56287,
                    0.0,
                    -0.88180695068672
                ]
            },
            {
                "coords": [
                    0.7152777777777777,
                    0.5375144928395901
                ],
                "id": 0,
                "xyz": [
                    3.9775741110508935,
                    -0.48239525261499194,
                    -0.8818069506867199
                ]
            },
            {
                "coords": [
                    0.6740748563394968,
                    0.5341623890211606
                ],
                "id": 0,
                "xyz": [
                    3.9775741110508935,
                    -0.48239525261499194,
                    -2.0558857148016285
                ]
            }
        ]
    },
    "layoutWalls": {
        "num": 12,
        "walls": [
            {
                "id": 0,
                "normal": [
                    1.0,
                    0.0,
                    -0.0
                ],
                "planeEquation": [
                    1.0,
                    0.0,
                    -0.0,
                    -9.565452341133444
                ],
                "pointsIdx": [
                    0,
                    1
                ],
                "width": 2.404132494619814
            },
            {
                "id": 0,
                "normal": [
                    0.0,
                    0.0,
                    1.0
                ],
                "planeEquation": [
                    0.0,
                    0.0,
                    1.0,
                    -0.3482467798181855
                ],
                "pointsIdx": [
                    1,
                    2
                ],
                "width": 2.975525749768323
            },
            {
                "id": 0,
                "normal": [
                    1.0,
                    0.0,
                    -0.0
                ],
                "planeEquation": [
                    1.0,
                    0.0,
                    -0.0,
                    -6.589926591365121
                ],
                "pointsIdx": [
                    2,
                    3
                ],
                "width": 3.527329812692362
            },
            {
                "id": 0,
                "normal": [
                    0.0,
                    0.0,
                    1.0
                ],
                "planeEquation": [
                    0.0,
                    0.0,
                    1.0,
                    -3.8755765925105474
                ],
                "pointsIdx": [
                    3,
                    4
                ],
                "width": 7.7801941113651205
            },
            {
                "id": 0,
                "normal": [
                    -1.0,
                    -0.0,
                    -0.0
                ],
                "planeEquation": [
                    -1.0,
                    -0.0,
                    -0.0,
                    -1.1902675200000001
                ],
                "pointsIdx": [
                    4,
                    5
                ],
                "width": 3.3387238168305475
            },
            {
                "id": 0,
                "normal": [
                    0.0,
                    0.0,
                    1.0
                ],
                "planeEquation": [
                    0.0,
                    0.0,
                    1.0,
                    -0.53685277568
                ],
                "pointsIdx": [
                    5,
                    6
                ],
                "width": 0.14857058016998415
            },
            {
                "id": 0,
                "normal": [
                    1.0,
                    0.0,
                    -0.0
                ],
                "planeEquation": [
                    1.0,
                    0.0,
                    -0.0,
                    1.3388381001699843
                ],
                "pointsIdx": [
                    6,
                    7
                ],
                "width": 0.5851726249167312
            },
            {
                "id": 0,
                "normal": [
                    0.0,
                    0.0,
                    1.0
                ],
                "planeEquation": [
                    0.0,
                    0.0,
                    1.0,
                    -1.1220254005967312
                ],
                "pointsIdx": [
                    7,
                    8
                ],
                "width": 1.224031899830016
            },
            {
                "id": 0,
                "normal": [
                    -1.0,
                    -0.0,
                    -0.0
                ],
                "planeEquation": [
                    -1.0,
                    -0.0,
                    -0.0,
                    -2.56287
                ],
                "pointsIdx": [
                    8,
                    9
                ],
                "width": 2.0038323512834513
            },
            {
                "id": 0,
                "normal": [
                    1.6974734525279358e-17,
                    0.0,
                    -1.0
                ],
                "planeEquation": [
                    1.6974734525279358e-17,
                    0.0,
                    -1.0,
                    -0.88180695068672
                ],
                "pointsIdx": [
                    9,
                    10
                ],
                "width": 6.540444111050894
            },
            {
                "id": 0,
                "normal": [
                    -1.0,
                    -0.0,
                    -0.0
                ],
                "planeEquation": [
                    -1.0,
                    -0.0,
                    -0.0,
                    3.9775741110508935
                ],
                "pointsIdx": [
                    10,
                    11
                ],
                "width": 1.1740787641149086
            },
            {
                "id": 0,
                "normal": [
                    0.0,
                    0.0,
                    -1.0
                ],
                "planeEquation": [
                    0.0,
                    0.0,
                    -1.0,
                    -2.0558857148016285
                ],
                "pointsIdx": [
                    11,
                    0
                ],
                "width": 5.58787823008255
            }
        ]
    },
    "panoId": "nothing"
}