{
    "cameraHeight": 1.6,
    "layoutHeight": 3.1144438552856446,
    "layoutObj2ds": {
        "num": 0,
        "obj2ds": []
    },
    "layoutPoints": {
        "num": 10,
        "points": [
            {
                "coords": [
                    0.6835839477699742,
                    0.5
                ],
                "id": 0,
                "xyz": [
                    3.9471210746675203,
                    0.0,
                    -1.7499293143426644
                ]
            },
            {
                "coords": [
                    0.76375,
                    0.4941676459554077
                ],
                "id": 0,
                "xyz": [
                    3.9471210746675203,
                    0.07260149916332112,
                    0.34185773353652266
                ]
            },
            {
                "coords": [
                    0.7569869300940336,
                    0.4970333624302388
                ],
                "id": 0,
                "xyz": [
                    7.782157616852874,
                    0.07260149916332112,
                    0.34185773353652266
                ]
            },
            {
                "coords": [
                    0.775995037662301,
                    0.49890375097953604
                ],
                "id": 0,
                "xyz": [
                    7.782157616852874,
                    0.027163120320085117,
                    1.2824973805754747
                ]
            },
            {
                "coords": [
                    0.8,
                    0.4979167112869255
                ],
                "id": 0,
                "xyz": [
                    3.9471210746675203,
                    0.027163120320085117,
                    1.2824973805754747
                ]
            },
            {
                "coords": [
                    0.8692936979998647,
                    0.5
                ],
                "id": 0,
                "xyz": [
                    3.9471210746675203,
                    0.0,
                    3.67376651264
                ]
            },
            {
                "coords": [
                    0.9670833333333336,
                    0.47356386930201927
                ],
                "id": 0,
                "xyz": [
                    0.7708363084620773,
                    0.31247475544941217,
                    3.67376651264
                ]
            },
            {
                "coords": [
                    0.9720417250916782,
                    0.4774870605984553
                ],
                "id": 0,
                "xyz": [
                    0.7708363084620773,
                    0.31247475544941217,
                    4.342823626451338
                ]
            },
            {
                "coords": [
                    0.024827833618386752,
                    0.5
                ],
                "id": 0,
                "xyz": [
                    -0.6830208,
                    0.0,
                    4.342823626451338
                ]
            },
            {
                "coords": [
                    0.4407739829691632,
                    0.5
                ],
                "id": 0,
                "xyz": [
                    -0.6830208,
                    0.0,
                    -1.7499293143426644
                ]
            }
        ]
    },
    "layoutWalls": {
        "num": 10,
        "walls": [
            {
                "id": 0,
                "normal": [
                    1.0,
                    0.0,
                    -0.0
                ],
                "planeEquation": [
                    1.0,
                    0.0,
                    -0.0,
                    -3.9471210746675203
                ],
                "pointsIdx": [
                    0,
                    1
                ],
                "width": 2.091787047879187
            },
            {
                "id": 0,
                "normal": [
                    0.0,
                    0.0,
                    -1.0
                ],
                "planeEquation": [
                    0.0,
                    0.0,
                    -1.0,
                    0.34185773353652266
                ],
                "pointsIdx": [
                    1,
                    2
                ],
                "width": 3.835036542185354
            },
            {
                "id": 0,
                "normal": [
                    1.0,
                    0.0,
                    -0.0
                ],
                "planeEquation": [
                    1.0,
                    0.0,
                    -0.0,
                    -7.782157616852874
                ],
                "pointsIdx": [
                    2,
                    3
                ],
                "width": 0.940639647038952
            },
            {
                "id": 0,
                "normal": [
                    0.0,
                    0.0,
                    1.0
                ],
                "planeEquation": [
                    0.0,
                    0.0,
                    1.0,
                    -1.2824973805754747
                ],
                "pointsIdx": [
                    3,
                    4
                ],
                "width": 3.835036542185354
            },
            {
                "id": 0,
                "normal": [
                    1.0,
                    0.0,
                    -0.0
                ],
                "planeEquation": [
                    1.0,
                    0.0,
                    -0.0,
                    -3.9471210746675203
                ],
                "pointsIdx": [
                    4,
                    5
                ],
                "width": 2.391269132064525
            },
            {
                "id": 0,
                "normal": [
                    0.0,
                    0.0,
                    1.0
                ],
                "planeEquation": [
                    0.0,
                    0.0,
                    1.0,
                    -3.67376651264
                ],
                "pointsIdx": [
                    5,
                    6
                ],
                "width": 3.176284766205443
            },
            {
                "id": 0,
                "normal": [
                    1.0,
                    0.0,
                    -0.0
                ],
                "planeEquation": [
                    1.0,
                    0.0,
                    -0.0,
                    -0.7708363084620773
                ],
                "pointsIdx": [
                    6,
                    7
                ],
                "width": 0.6690571138113381
            },
            {
                "id": 0,
                "normal": [
                    0.0,
                    0.0,
                    1.0
                ],
                "planeEquation": [
                    0.0,
                    0.0,
                    1.0,
                    -4.342823626451338
                ],
                "pointsIdx": [
                    7,
                    8
                ],
                "width": 1.4538571084620773
            },
            {
                "id": 0,
                "normal": [
                    -1.0,
                    -0.0,
                    -0.0
                ],
                "planeEquation": [
                    -1.0,
                    -0.0,
                    -0.0,
                    -0.6830208
                ],
                "pointsIdx": [
                    8,
                    9
                ],
                "width": 6.092752940794003
            },
            {
                "id": 0,
                "normal": [
                    0.0,
                    0.0,
                    -1.0
                ],
                "planeEquation": [
                    0.0,
                    0.0,
                    -1.0,
                    -1.7499293143426644
                ],
                "pointsIdx": [
                    9,
                    0
                ],
                "width": 4.630141874667521
            }
        ]
    },
    "panoId": "nothing"
}