{
    "cameraHeight": 1.6,
    "layoutHeight": 3.278918661073197,
    "layoutObj2ds": {
        "num": 0,
        "obj2ds": []
    },
    "layoutPoints": {
        "num": 10,
        "points": [
            {
                "coords": [
                    0.6955483735119636,
                    0.5
                ],
                "id": 0,
                "xyz": [
                    6.468023255813954,
                    0.0,
                    -2.3034883720930233
                ]
            },
            {
                "coords": [
                    0.7619444444444445,
                    0.45100751564918923
                ],
                "id": 0,
                "xyz": [
                    6.468023255813954,
                    1.0062910839820016,
                    0.4863331115754078
                ]
            },
            {
                "coords": [
                    0.7594999794081732,
                    0.46090751087303145
                ],
                "id": 0,
                "xyz": [
                    8.13795142660029,
                    1.0062910839820016,
                    0.4863331115754078
                ]
            },
            {
                "coords": [
                    0.7873217450650156,
                    0.5
                ],
                "id": 0,
                "xyz": [
                    8.13795142660029,
                    0.0,
                    1.944111945921714
                ]
            },
            {
                "coords": [
                    0.8611196095364739,
                    0.5
                ],
                "id": 0,
                "xyz": [
                    2.3166511627906976,
                    0.0,
                    1.944111945921714
                ]
            },
            {
                "coords": [
                    0.9321942116542677,
                    0.5
                ],
                "id": 0,
                "xyz": [
                    2.3166511627906976,
                    0.0,
                    5.104640922228689
                ]
            },
            {
                "coords": [
                    0.06350765302061412,
                    0.5
                ],
                "id": 0,
                "xyz": [
                    -2.1523754723056765,
                    0.0,
                    5.104640922228689
                ]
            },
            {
                "coords": [
                    0.19241967625895828,
                    0.5102931542432997
                ],
                "id": 0,
                "xyz": [
                    -2.1523754723056765,
                    -0.07444454492232792,
                    0.8145565375942392
                ]
            },
            {
                "coords": [
                    0.09687499999999999,
                    0.5238218960087935
                ],
                "id": 0,
                "xyz": [
                    -0.5677142876779837,
                    -0.07444454492232792,
                    0.8145565375942392
                ]
            },
            {
                "coords": [
                    0.4615413668605096,
                    0.5
                ],
                "id": 0,
                "xyz": [
                    -0.5677142876779837,
                    0.0,
                    -2.3034883720930233
                ]
            }
        ]
    },
    "layoutWalls": {
        "num": 10,
        "walls": [
            {
                "id": 0,
                "normal": [
                    1.0,
                    0.0,
                    -0.0
                ],
                "planeEquation": [
                    1.0,
                    0.0,
                    -0.0,
                    -6.468023255813954
                ],
                "pointsIdx": [
                    0,
                    1
                ],
                "width": 2.789821483668431
            },
            {
                "id": 0,
                "normal": [
                    0.0,
                    0.0,
                    -1.0
                ],
                "planeEquation": [
                    0.0,
                    0.0,
                    -1.0,
                    0.4863331115754078
                ],
                "pointsIdx": [
                    1,
                    2
                ],
                "width": 1.6699281707863367
            },
            {
                "id": 0,
                "normal": [
                    1.0,
                    0.0,
                    -0.0
                ],
                "planeEquation": [
                    1.0,
                    0.0,
                    -0.0,
                    -8.13795142660029
                ],
                "pointsIdx": [
                    2,
                    3
                ],
                "width": 1.457778834346306
            },
            {
                "id": 0,
                "normal": [
                    0.0,
                    0.0,
                    1.0
                ],
                "planeEquation": [
                    0.0,
                    0.0,
                    1.0,
                    -1.944111945921714
                ],
                "pointsIdx": [
                    3,
                    4
                ],
                "width": 5.821300263809593
            },
            {
                "id": 0,
                "normal": [
                    1.0,
                    0.0,
                    -0.0
                ],
                "planeEquation": [
                    1.0,
                    0.0,
                    -0.0,
                    -2.3166511627906976
                ],
                "pointsIdx": [
                    4,
                    5
                ],
                "width": 3.160528976306975
            },
            {
                "id": 0,
                "normal": [
                    0.0,
                    0.0,
                    1.0
                ],
                "planeEquation": [
                    0.0,
                    0.0,
                    1.0,
                    -5.104640922228689
                ],
                "pointsIdx": [
                    5,
                    6
                ],
                "width": 4.469026635096374
            },
            {
                "id": 0,
                "normal": [
                    -1.0,
                    -0.0,
                    -0.0
                ],
                "planeEquation": [
                    -1.0,
                    -0.0,
                    -0.0,
                    -2.1523754723056765
                ],
                "pointsIdx": [
                    6,
                    7
                ],
                "width": 4.29008438463445
            },
            {
                "id": 0,
                "normal": [
                    0.0,
                    0.0,
                    -1.0
                ],
                "planeEquation": [
                    0.0,
                    0.0,
                    -1.0,
                    0.8145565375942392
                ],
                "pointsIdx": [
                    7,
                    8
                ],
                "width": 1.5846611846276928
            },
            {
                "id": 0,
                "normal": [
                    -1.0,
                    -0.0,
                    -0.0
                ],
                "planeEquation": [
                    -1.0,
                    -0.0,
                    -0.0,
                    -0.5677142876779837
                ],
                "pointsIdx": [
                    8,
                    9
                ],
                "width": 3.1180449096872627
            },
            {
                "id": 0,
                "normal": [
                    0.0,
                    0.0,
                    -1.0
                ],
                "planeEquation": [
                    0.0,
                    0.0,
                    -1.0,
                    -2.3034883720930233
                ],
                "pointsIdx": [
                    9,
                    0
                ],
                "width": 7.035737543491937
            }
        ]
    },
    "panoId": "nothing"
}