{
    "cameraHeight": 1.6,
    "layoutHeight": 3.0228008460998534,
    "layoutObj2ds": {
        "num": 0,
        "obj2ds": []
    },
    "layoutPoints": {
        "num": 6,
        "points": [
            {
                "coords": [
                    0.5957423911658244,
                    0.5
                ],
                "id": 0,
                "xyz": [
                    1.1973229272804427,
                    0.0,
                    -1.74425
                ]
            },
            {
                "coords": [
                    0.6804553207135295,
                    0.36765437144282404
                ],
                "id": 0,
                "xyz": [
                    1.1973229272804427,
                    0.5834577674491875,
                    -0.5592391534237262
                ]
            },
            {
                "coords": [
                    0.6489583333333333,
                    0.32362665849344174
                ],
                "id": 0,
                "xyz": [
                    0.7592268799999999,
                    0.5834577674491875,
                    -0.5592391534237262
                ]
            },
            {
                "coords": [
                    0.9346604287581457,
                    0.5
                ],
                "id": 0,
                "xyz": [
                    0.7592268799999999,
                    0.0,
                    1.74425
                ]
            },
            {
                "coords": [
                    0.15723762935321478,
                    0.5
                ],
                "id": 0,
                "xyz": [
                    -2.6458512767999998,
                    0.0,
                    1.74425
                ]
            },
            {
                "coords": [
                    0.3427623706467853,
                    0.5
                ],
                "id": 0,
                "xyz": [
                    -2.6458512767999998,
                    0.0,
                    -1.74425
                ]
            }
        ]
    },
    "layoutWalls": {
        "num": 6,
        "walls": [
            {
                "id": 0,
                "normal": [
                    1.0,
                    0.0,
                    -0.0
                ],
                "planeEquation": [
                    1.0,
                    0.0,
                    -0.0,
                    -1.1973229272804427
                ],
                "pointsIdx": [
                    0,
                    1
                ],
                "width": 1.1850108465762739
            },
            {
                "id": 0,
                "normal": [
                    0.0,
                    0.0,
                    1.0
                ],
                "planeEquation": [
                    0.0,
                    0.0,
                    1.0,
                    0.5592391534237262
                ],
                "pointsIdx": [
                    1,
                    2
                ],
                "width": 0.4380960472804427
            },
            {
                "id": 0,
                "normal": [
                    1.0,
                    0.0,
                    -0.0
                ],
                "planeEquation": [
                    1.0,
                    0.0,
                    -0.0,
                    -0.7592268799999999
                ],
                "pointsIdx": [
                    2,
                    3
                ],
                "width": 2.303489153423726
            },
            {
                "id": 0,
                "normal": [
                    0.0,
                    0.0,
                    1.0
                ],
                "planeEquation": [
                    0.0,
                    0.0,
                    1.0,
                    -1.74425
                ],
                "pointsIdx": [
                    3,
                    4
                ],
                "width": 3.4050781567999997
            },
            {
                "id": 0,
                "normal": [
                    -1.0,
                    -0.0,
                    -0.0
                ],
                "planeEquation": [
                    -1.0,
                    -0.0,
                    -0.0,
                    -2.6458512767999998
                ],
                "pointsIdx": [
                    4,
                    5
                ],
                "width": 3.4885
            },
            {
                "id": 0,
                "normal": [
                    0.0,
                    0.0,
                    -1.0
                ],
                "planeEquation": [
                    0.0,
                    0.0,
                    -1.0,
                    -1.74425
                ],
                "pointsIdx": [
                    5,
                    0
                ],
                "width": 3.8431742040804426
            }
        ]
    },
    "panoId": "nothing"
}