{
    "cameraHeight": 1.6,
    "layoutHeight": 3.0574874877929688,
    "layoutObj2ds": {
        "num": 0,
        "obj2ds": []
    },
    "layoutPoints": {
        "num": 6,
        "points": [
            {
                "coords": [
                    0.5491265570440222,
                    0.5
                ],
                "id": 0,
                "xyz": [
                    0.81,
                    0.0,
                    -2.5402755397345858
                ]
            },
            {
                "coords": [
                    0.9374312141660672,
                    0.5
                ],
                "id": 0,
                "xyz": [
                    0.81,
                    0.0,
                    1.953125
                ]
            },
            {
                "coords": [
                    0.05494240769964459,
                    0.5
                ],
                "id": 0,
                "xyz": [
                    -0.7023699999999999,
                    0.0,
                    1.953125
                ]
            },
            {
                "coords": [
                    0.42909722222222224,
                    0.5033331505779122
                ],
                "id": 0,
                "xyz": [
                    -0.7023699999999999,
                    -0.0170688875919958,
                    -1.4708972991347158
                ]
            },
            {
                "coords": [
                    0.39136387654531835,
                    0.5028661140920134
                ],
                "id": 0,
                "xyz": [
                    -1.195749690809158,
                    -0.0170688875919958,
                    -1.4708972991347158
                ]
            },
            {
                "coords": [
                    0.42998016265324546,
                    0.5
                ],
                "id": 0,
                "xyz": [
                    -1.195749690809158,
                    0.0,
                    -2.5402755397345858
                ]
            }
        ]
    },
    "layoutWalls": {
        "num": 6,
        "walls": [
            {
                "id": 0,
                "normal": [
                    1.0,
                    0.0,
                    -0.0
                ],
                "planeEquation": [
                    1.0,
                    0.0,
                    -0.0,
                    -0.81
                ],
                "pointsIdx": [
                    0,
                    1
                ],
                "width": 4.493400539734585
            },
            {
                "id": 0,
                "normal": [
                    0.0,
                    0.0,
                    1.0
                ],
                "planeEquation": [
                    0.0,
                    0.0,
                    1.0,
                    -1.953125
                ],
                "pointsIdx": [
                    1,
                    2
                ],
                "width": 1.51237
            },
            {
                "id": 0,
                "normal": [
                    -1.0,
                    -0.0,
                    -0.0
                ],
                "planeEquation": [
                    -1.0,
                    -0.0,
                    -0.0,
                    -0.7023699999999999
                ],
                "pointsIdx": [
                    2,
                    3
                ],
                "width": 3.424022299134716
            },
            {
                "id": 0,
                "normal": [
                    0.0,
                    0.0,
                    1.0
                ],
                "planeEquation": [
                    0.0,
                    0.0,
                    1.0,
                    1.4708972991347158
                ],
                "pointsIdx": [
                    3,
                    4
                ],
                "width": 0.4933796908091581
            },
            {
                "id": 0,
                "normal": [
                    -1.0,
                    -0.0,
                    -0.0
                ],
                "planeEquation": [
                    -1.0,
                    -0.0,
                    -0.0,
                    -1.195749690809158
                ],
                "pointsIdx": [
                    4,
                    5
                ],
                "width": 1.06937824059987
            },
            {
                "id": 0,
                "normal": [
                    0.0,
                    0.0,
                    -1.0
                ],
                "planeEquation": [
                    0.0,
                    0.0,
                    -1.0,
                    -2.5402755397345858
                ],
                "pointsIdx": [
                    5,
                    0
                ],
                "width": 2.005749690809158
            }
        ]
    },
    "panoId": "nothing"
}