{
    "cameraHeight": 1.6,
    "layoutHeight": 3.034371901721489,
    "layoutObj2ds": {
        "num": 0,
        "obj2ds": []
    },
    "layoutPoints": {
        "num": 6,
        "points": [
            {
                "coords": [
                    0.7283383882964878,
                    0.5
                ],
                "id": 0,
                "xyz": [
                    4.208318126829268,
                    0.0,
                    -0.5763317073170732
                ]
            },
            {
                "coords": [
                    0.8681499874925611,
                    0.5
                ],
                "id": 0,
                "xyz": [
                    4.208318126829268,
                    0.0,
                    3.8608091086048786
                ]
            },
            {
                "coords": [
                    0.03102122661545159,
                    0.5
                ],
                "id": 0,
                "xyz": [
                    -0.7621951219512195,
                    0.0,
                    3.8608091086048786
                ]
            },
            {
                "coords": [
                    0.1213615625800949,
                    0.5
                ],
                "id": 0,
                "xyz": [
                    -0.7621951219512195,
                    0.0,
                    0.7978658536585366
                ]
            },
            {
                "coords": [
                    0.16985934372338302,
                    0.5
                ],
                "id": 0,
                "xyz": [
                    -1.4482792585365853,
                    0.0,
                    0.7978658536585366
                ]
            },
            {
                "coords": [
                    0.3102769611232663,
                    0.5
                ],
                "id": 0,
                "xyz": [
                    -1.4482792585365853,
                    0.0,
                    -0.5763317073170732
                ]
            }
        ]
    },
    "layoutWalls": {
        "num": 6,
        "walls": [
            {
                "id": 0,
                "normal": [
                    1.0,
                    0.0,
                    -0.0
                ],
                "planeEquation": [
                    1.0,
                    0.0,
                    -0.0,
                    -4.208318126829268
                ],
                "pointsIdx": [
                    0,
                    1
                ],
                "width": 4.437140815921952
            },
            {
                "id": 0,
                "normal": [
                    0.0,
                    0.0,
                    1.0
                ],
                "planeEquation": [
                    0.0,
                    0.0,
                    1.0,
                    -3.8608091086048786
                ],
                "pointsIdx": [
                    1,
                    2
                ],
                "width": 4.970513248780488
            },
            {
                "id": 0,
                "normal": [
                    -1.0,
                    -0.0,
                    -0.0
                ],
                "planeEquation": [
                    -1.0,
                    -0.0,
                    -0.0,
                    -0.7621951219512195
                ],
                "pointsIdx": [
                    2,
                    3
                ],
                "width": 3.062943254946342
            },
            {
                "id": 0,
                "normal": [
                    0.0,
                    0.0,
                    1.0
                ],
                "planeEquation": [
                    0.0,
                    0.0,
                    1.0,
                    -0.7978658536585366
                ],
                "pointsIdx": [
                    3,
                    4
                ],
                "width": 0.6860841365853658
            },
            {
                "id": 0,
                "normal": [
                    -1.0,
                    -0.0,
                    -0.0
                ],
                "planeEquation": [
                    -1.0,
                    -0.0,
                    -0.0,
                    -1.4482792585365853
                ],
                "pointsIdx": [
                    4,
                    5
                ],
                "width": 1.3741975609756096
            },
            {
                "id": 0,
                "normal": [
                    0.0,
                    0.0,
                    -1.0
                ],
                "planeEquation": [
                    0.0,
                    0.0,
                    -1.0,
                    -0.5763317073170732
                ],
                "pointsIdx": [
                    5,
                    0
                ],
                "width": 5.6565973853658535
            }
        ]
    },
    "panoId": "nothing"
}