{
    "cameraHeight": 1.6,
    "layoutHeight": 3.044539098739624,
    "layoutObj2ds": {
        "num": 0,
        "obj2ds": []
    },
    "layoutPoints": {
        "num": 6,
        "points": [
            {
                "coords": [
                    0.5436114496163234,
                    0.5
                ],
                "id": 0,
                "xyz": [
                    1.36887552,
                    0.0,
                    -4.86989
                ]
            },
            {
                "coords": [
                    0.8157461295581199,
                    0.5
                ],
                "id": 0,
                "xyz": [
                    1.36887552,
                    0.0,
                    0.6
                ]
            },
            {
                "coords": [
                    0.22218753309642503,
                    0.5
                ],
                "id": 0,
                "xyz": [
                    -3.3984375,
                    0.0,
                    0.6
                ]
            },
            {
                "coords": [
                    0.2777531676743802,
                    0.5
                ],
                "id": 0,
                "xyz": [
                    -3.3984375,
                    0.0,
                    -0.5986944
                ]
            },
            {
                "coords": [
                    0.5230183204651222,
                    0.5
                ],
                "id": 0,
                "xyz": [
                    0.08719702383468955,
                    0.0,
                    -0.5986944
                ]
            },
            {
                "coords": [
                    0.5028494184813337,
                    0.5
                ],
                "id": 0,
                "xyz": [
                    0.08719702383468955,
                    0.0,
                    -4.86989
                ]
            }
        ]
    },
    "layoutWalls": {
        "num": 6,
        "walls": [
            {
                "id": 0,
                "normal": [
                    1.0,
                    0.0,
                    -0.0
                ],
                "planeEquation": [
                    1.0,
                    0.0,
                    -0.0,
                    -1.36887552
                ],
                "pointsIdx": [
                    0,
                    1
                ],
                "width": 5.4698899999999995
            },
            {
                "id": 0,
                "normal": [
                    0.0,
                    0.0,
                    1.0
                ],
                "planeEquation": [
                    0.0,
                    0.0,
                    1.0,
                    -0.6
                ],
                "pointsIdx": [
                    1,
                    2
                ],
                "width": 4.76731302
            },
            {
                "id": 0,
                "normal": [
                    -1.0,
                    -0.0,
                    -0.0
                ],
                "planeEquation": [
                    -1.0,
                    -0.0,
                    -0.0,
                    -3.3984375
                ],
                "pointsIdx": [
                    2,
                    3
                ],
                "width": 1.1986944
            },
            {
                "id": 0,
                "normal": [
                    0.0,
                    0.0,
                    -1.0
                ],
                "planeEquation": [
                    0.0,
                    0.0,
                    -1.0,
                    -0.5986944
                ],
                "pointsIdx": [
                    3,
                    4
                ],
                "width": 3.4856345238346895
            },
            {
                "id": 0,
                "normal": [
                    -1.0,
                    -0.0,
                    -0.0
                ],
                "planeEquation": [
                    -1.0,
                    -0.0,
                    -0.0,
                    0.08719702383468955
                ],
                "pointsIdx": [
                    4,
                    5
                ],
                "width": 4.2711955999999995
            },
            {
                "id": 0,
                "normal": [
                    0.0,
                    0.0,
                    -1.0
                ],
                "planeEquation": [
                    0.0,
                    0.0,
                    -1.0,
                    -4.86989
                ],
                "pointsIdx": [
                    5,
                    0
                ],
                "width": 1.2816784961653105
            }
        ]
    },
    "panoId": "nothing"
}