{
    "cameraHeight": 1.6,
    "layoutHeight": 3.0806421852111816,
    "layoutObj2ds": {
        "num": 0,
        "obj2ds": []
    },
    "layoutPoints": {
        "num": 6,
        "points": [
            {
                "coords": [
                    0.6076923780513436,
                    0.5
                ],
                "id": 0,
                "xyz": [
                    2.438125,
                    0.0,
                    -3.03575015936
                ]
            },
            {
                "coords": [
                    0.7885007550847435,
                    0.5
                ],
                "id": 0,
                "xyz": [
                    2.438125,
                    0.0,
                    0.6015811428668575
                ]
            },
            {
                "coords": [
                    0.20592217436024085,
                    0.5
                ],
                "id": 0,
                "xyz": [
                    -2.11635,
                    0.0,
                    0.6015811428668575
                ]
            },
            {
                "coords": [
                    0.27453077249302293,
                    0.5
                ],
                "id": 0,
                "xyz": [
                    -2.11635,
                    0.0,
                    -0.32880383999999996
                ]
            },
            {
                "coords": [
                    0.26917721228191493,
                    0.5
                ],
                "id": 0,
                "xyz": [
                    -2.71557984,
                    0.0,
                    -0.32880383999999996
                ]
            },
            {
                "coords": [
                    0.38385084804407615,
                    0.5
                ],
                "id": 0,
                "xyz": [
                    -2.71557984,
                    0.0,
                    -3.03575015936
                ]
            }
        ]
    },
    "layoutWalls": {
        "num": 6,
        "walls": [
            {
                "id": 0,
                "normal": [
                    1.0,
                    0.0,
                    -0.0
                ],
                "planeEquation": [
                    1.0,
                    0.0,
                    -0.0,
                    -2.438125
                ],
                "pointsIdx": [
                    0,
                    1
                ],
                "width": 3.6373313022268574
            },
            {
                "id": 0,
                "normal": [
                    0.0,
                    0.0,
                    1.0
                ],
                "planeEquation": [
                    0.0,
                    0.0,
                    1.0,
                    -0.6015811428668575
                ],
                "pointsIdx": [
                    1,
                    2
                ],
                "width": 4.554475
            },
            {
                "id": 0,
                "normal": [
                    -1.0,
                    -0.0,
                    -0.0
                ],
                "planeEquation": [
                    -1.0,
                    -0.0,
                    -0.0,
                    -2.11635
                ],
                "pointsIdx": [
                    2,
                    3
                ],
                "width": 0.9303849828668574
            },
            {
                "id": 0,
                "normal": [
                    0.0,
                    0.0,
                    1.0
                ],
                "planeEquation": [
                    0.0,
                    0.0,
                    1.0,
                    0.32880383999999996
                ],
                "pointsIdx": [
                    3,
                    4
                ],
                "width": 0.59922984
            },
            {
                "id": 0,
                "normal": [
                    -1.0,
                    -0.0,
                    -0.0
                ],
                "planeEquation": [
                    -1.0,
                    -0.0,
                    -0.0,
                    -2.71557984
                ],
                "pointsIdx": [
                    4,
                    5
                ],
                "width": 2.70694631936
            },
            {
                "id": 0,
                "normal": [
                    0.0,
                    0.0,
                    -1.0
                ],
                "planeEquation": [
                    0.0,
                    0.0,
                    -1.0,
                    -3.03575015936
                ],
                "pointsIdx": [
                    5,
                    0
                ],
                "width": 5.15370484
            }
        ]
    },
    "panoId": "nothing"
}