{
    "cameraHeight": 1.6,
    "layoutHeight": 2.957267561412993,
    "layoutObj2ds": {
        "num": 0,
        "obj2ds": []
    },
    "layoutPoints": {
        "num": 6,
        "points": [
            {
                "coords": [
                    0.6768997977845539,
                    0.5
                ],
                "id": 0,
                "xyz": [
                    2.358333333333333,
                    0.0,
                    -1.1663842095112185
                ]
            },
            {
                "coords": [
                    0.7803977409055778,
                    0.5
                ],
                "id": 0,
                "xyz": [
                    2.358333333333333,
                    0.0,
                    0.4559871999999999
                ]
            },
            {
                "coords": [
                    0.804000154520897,
                    0.5
                ],
                "id": 0,
                "xyz": [
                    1.291962238956495,
                    0.0,
                    0.4559871999999999
                ]
            },
            {
                "coords": [
                    0.9129594867804474,
                    0.5
                ],
                "id": 0,
                "xyz": [
                    1.291962238956495,
                    0.0,
                    2.122018043112107
                ]
            },
            {
                "coords": [
                    0.09733500957029068,
                    0.5
                ],
                "id": 0,
                "xyz": [
                    -1.488095238095238,
                    0.0,
                    2.122018043112107
                ]
            },
            {
                "coords": [
                    0.3558047501185845,
                    0.5
                ],
                "id": 0,
                "xyz": [
                    -1.488095238095238,
                    0.0,
                    -1.1663842095112185
                ]
            }
        ]
    },
    "layoutWalls": {
        "num": 6,
        "walls": [
            {
                "id": 0,
                "normal": [
                    1.0,
                    0.0,
                    -0.0
                ],
                "planeEquation": [
                    1.0,
                    0.0,
                    -0.0,
                    -2.358333333333333
                ],
                "pointsIdx": [
                    0,
                    1
                ],
                "width": 1.6223714095112185
            },
            {
                "id": 0,
                "normal": [
                    0.0,
                    0.0,
                    1.0
                ],
                "planeEquation": [
                    0.0,
                    0.0,
                    1.0,
                    -0.4559871999999999
                ],
                "pointsIdx": [
                    1,
                    2
                ],
                "width": 1.0663710943768379
            },
            {
                "id": 0,
                "normal": [
                    1.0,
                    0.0,
                    -0.0
                ],
                "planeEquation": [
                    1.0,
                    0.0,
                    -0.0,
                    -1.291962238956495
                ],
                "pointsIdx": [
                    2,
                    3
                ],
                "width": 1.666030843112107
            },
            {
                "id": 0,
                "normal": [
                    0.0,
                    0.0,
                    1.0
                ],
                "planeEquation": [
                    0.0,
                    0.0,
                    1.0,
                    -2.122018043112107
                ],
                "pointsIdx": [
                    3,
                    4
                ],
                "width": 2.780057477051733
            },
            {
                "id": 0,
                "normal": [
                    -1.0,
                    -0.0,
                    -0.0
                ],
                "planeEquation": [
                    -1.0,
                    -0.0,
                    -0.0,
                    -1.488095238095238
                ],
                "pointsIdx": [
                    4,
                    5
                ],
                "width": 3.2884022526233254
            },
            {
                "id": 0,
                "normal": [
                    0.0,
                    0.0,
                    -1.0
                ],
                "planeEquation": [
                    0.0,
                    0.0,
                    -1.0,
                    -1.1663842095112185
                ],
                "pointsIdx": [
                    5,
                    0
                ],
                "width": 3.8464285714285706
            }
        ]
    },
    "panoId": "nothing"
}