{
    "cameraHeight": 1.6,
    "layoutHeight": 2.992030401229858,
    "layoutObj2ds": {
        "num": 0,
        "obj2ds": []
    },
    "layoutPoints": {
        "num": 6,
        "points": [
            {
                "coords": [
                    0.7269262906428158,
                    0.5
                ],
                "id": 0,
                "xyz": [
                    5.369825014190559,
                    0.0,
                    -0.7839982984309821
                ]
            },
            {
                "coords": [
                    0.8493643108201298,
                    0.5
                ],
                "id": 0,
                "xyz": [
                    5.369825014190559,
                    0.0,
                    3.8687314081513886
                ]
            },
            {
                "coords": [
                    0.9933800589018269,
                    0.5
                ],
                "id": 0,
                "xyz": [
                    0.16101010374524927,
                    0.0,
                    3.8687314081513886
                ]
            },
            {
                "coords": [
                    0.9646384224478771,
                    0.5
                ],
                "id": 0,
                "xyz": [
                    0.16101010374524927,
                    0.0,
                    0.7127082306646835
                ]
            },
            {
                "coords": [
                    0.10775703355858368,
                    0.5
                ],
                "id": 0,
                "xyz": [
                    -0.5728792,
                    0.0,
                    0.7127082306646835
                ]
            },
            {
                "coords": [
                    0.39956623802377766,
                    0.5
                ],
                "id": 0,
                "xyz": [
                    -0.5728792,
                    0.0,
                    -0.7839982984309821
                ]
            }
        ]
    },
    "layoutWalls": {
        "num": 6,
        "walls": [
            {
                "id": 0,
                "normal": [
                    1.0,
                    0.0,
                    -0.0
                ],
                "planeEquation": [
                    1.0,
                    0.0,
                    -0.0,
                    -5.369825014190559
                ],
                "pointsIdx": [
                    0,
                    1
                ],
                "width": 4.65272970658237
            },
            {
                "id": 0,
                "normal": [
                    0.0,
                    0.0,
                    1.0
                ],
                "planeEquation": [
                    0.0,
                    0.0,
                    1.0,
                    -3.8687314081513886
                ],
                "pointsIdx": [
                    1,
                    2
                ],
                "width": 5.20881491044531
            },
            {
                "id": 0,
                "normal": [
                    -1.0,
                    -0.0,
                    -0.0
                ],
                "planeEquation": [
                    -1.0,
                    -0.0,
                    -0.0,
                    0.16101010374524927
                ],
                "pointsIdx": [
                    2,
                    3
                ],
                "width": 3.156023177486705
            },
            {
                "id": 0,
                "normal": [
                    0.0,
                    0.0,
                    1.0
                ],
                "planeEquation": [
                    0.0,
                    0.0,
                    1.0,
                    -0.7127082306646835
                ],
                "pointsIdx": [
                    3,
                    4
                ],
                "width": 0.7338893037452493
            },
            {
                "id": 0,
                "normal": [
                    -1.0,
                    -0.0,
                    -0.0
                ],
                "planeEquation": [
                    -1.0,
                    -0.0,
                    -0.0,
                    -0.5728792
                ],
                "pointsIdx": [
                    4,
                    5
                ],
                "width": 1.4967065290956656
            },
            {
                "id": 0,
                "normal": [
                    0.0,
                    0.0,
                    -1.0
                ],
                "planeEquation": [
                    0.0,
                    0.0,
                    -1.0,
                    -0.7839982984309821
                ],
                "pointsIdx": [
                    5,
                    0
                ],
                "width": 5.942704214190559
            }
        ]
    },
    "panoId": "nothing"
}