{
    "cameraHeight": 1.6,
    "layoutHeight": 2.6988525390625,
    "layoutObj2ds": {
        "num": 0,
        "obj2ds": []
    },
    "layoutPoints": {
        "num": 8,
        "points": [
            {
                "coords": [
                    0.5985908322490806,
                    0.5
                ],
                "id": 0,
                "xyz": [
                    3.0663453392323907,
                    0.0,
                    -4.30001643339776
                ]
            },
            {
                "coords": [
                    0.6269538211660658,
                    0.5
                ],
                "id": 0,
                "xyz": [
                    3.0663453392323907,
                    0.0,
                    -2.9919684077810036
                ]
            },
            {
                "coords": [
                    0.6971465162149468,
                    0.5
                ],
                "id": 0,
                "xyz": [
                    8.67589858227459,
                    0.0,
                    -2.9919684077810036
                ]
            },
            {
                "coords": [
                    0.7760407550170632,
                    0.5
                ],
                "id": 0,
                "xyz": [
                    8.67589858227459,
                    0.0,
                    1.4323456024247878
                ]
            },
            {
                "coords": [
                    0.8129461372337716,
                    0.5
                ],
                "id": 0,
                "xyz": [
                    3.4307555981733895,
                    0.0,
                    1.4323456024247878
                ]
            },
            {
                "coords": [
                    0.8603881527662711,
                    0.5
                ],
                "id": 0,
                "xyz": [
                    3.4307555981733895,
                    0.0,
                    2.85228966100992
                ]
            },
            {
                "coords": [
                    0.13056099661814918,
                    0.5
                ],
                "id": 0,
                "xyz": [
                    -3.0589158399999996,
                    0.0,
                    2.85228966100992
                ]
            },
            {
                "coords": [
                    0.4015916057172016,
                    0.5
                ],
                "id": 0,
                "xyz": [
                    -3.0589158399999996,
                    0.0,
                    -4.30001643339776
                ]
            }
        ]
    },
    "layoutWalls": {
        "num": 8,
        "walls": [
            {
                "id": 0,
                "normal": [
                    1.0,
                    0.0,
                    -0.0
                ],
                "planeEquation": [
                    1.0,
                    0.0,
                    -0.0,
                    -3.0663453392323907
                ],
                "pointsIdx": [
                    0,
                    1
                ],
                "width": 1.3080480256167561
            },
            {
                "id": 0,
                "normal": [
                    0.0,
                    0.0,
                    -1.0
                ],
                "planeEquation": [
                    0.0,
                    0.0,
                    -1.0,
                    -2.9919684077810036
                ],
                "pointsIdx": [
                    1,
                    2
                ],
                "width": 5.609553243042199
            },
            {
                "id": 0,
                "normal": [
                    1.0,
                    0.0,
                    -0.0
                ],
                "planeEquation": [
                    1.0,
                    0.0,
                    -0.0,
                    -8.67589858227459
                ],
                "pointsIdx": [
                    2,
                    3
                ],
                "width": 4.424314010205792
            },
            {
                "id": 0,
                "normal": [
                    0.0,
                    0.0,
                    1.0
                ],
                "planeEquation": [
                    0.0,
                    0.0,
                    1.0,
                    -1.4323456024247878
                ],
                "pointsIdx": [
                    3,
                    4
                ],
                "width": 5.2451429841012
            },
            {
                "id": 0,
                "normal": [
                    1.0,
                    0.0,
                    -0.0
                ],
                "planeEquation": [
                    1.0,
                    0.0,
                    -0.0,
                    -3.4307555981733895
                ],
                "pointsIdx": [
                    4,
                    5
                ],
                "width": 1.4199440585851322
            },
            {
                "id": 0,
                "normal": [
                    0.0,
                    0.0,
                    1.0
                ],
                "planeEquation": [
                    0.0,
                    0.0,
                    1.0,
                    -2.85228966100992
                ],
                "pointsIdx": [
                    5,
                    6
                ],
                "width": 6.489671438173389
            },
            {
                "id": 0,
                "normal": [
                    -1.0,
                    -0.0,
                    -0.0
                ],
                "planeEquation": [
                    -1.0,
                    -0.0,
                    -0.0,
                    -3.0589158399999996
                ],
                "pointsIdx": [
                    6,
                    7
                ],
                "width": 7.152306094407679
            },
            {
                "id": 0,
                "normal": [
                    0.0,
                    0.0,
                    -1.0
                ],
                "planeEquation": [
                    0.0,
                    0.0,
                    -1.0,
                    -4.30001643339776
                ],
                "pointsIdx": [
                    7,
                    0
                ],
                "width": 6.125261179232391
            }
        ]
    },
    "panoId": "nothing"
}