{
    "cameraHeight": 1.6,
    "layoutHeight": 3.0527441024780275,
    "layoutObj2ds": {
        "num": 0,
        "obj2ds": []
    },
    "layoutPoints": {
        "num": 6,
        "points": [
            {
                "coords": [
                    0.7180592353997359,
                    0.5
                ],
                "id": 0,
                "xyz": [
                    2.8911436800000003,
                    0.0,
                    -0.5881402164733543
                ]
            },
            {
                "coords": [
                    0.7753229746950631,
                    0.5
                ],
                "id": 0,
                "xyz": [
                    2.8911436800000003,
                    0.0,
                    0.46392832
                ]
            },
            {
                "coords": [
                    0.8396256829608211,
                    0.5
                ],
                "id": 0,
                "xyz": [
                    0.7348485325381264,
                    0.0,
                    0.46392832
                ]
            },
            {
                "coords": [
                    0.9801941892439177,
                    0.5
                ],
                "id": 0,
                "xyz": [
                    0.7348485325381264,
                    0.0,
                    5.87456
                ]
            },
            {
                "coords": [
                    0.08313818358572389,
                    0.5
                ],
                "id": 0,
                "xyz": [
                    -3.382081370290285,
                    0.0,
                    5.87456
                ]
            },
            {
                "coords": [
                    0.27740283374314867,
                    0.5
                ],
                "id": 0,
                "xyz": [
                    -3.382081370290285,
                    0.0,
                    -0.5881402164733543
                ]
            }
        ]
    },
    "layoutWalls": {
        "num": 6,
        "walls": [
            {
                "id": 0,
                "normal": [
                    1.0,
                    0.0,
                    -0.0
                ],
                "planeEquation": [
                    1.0,
                    0.0,
                    -0.0,
                    -2.8911436800000003
                ],
                "pointsIdx": [
                    0,
                    1
                ],
                "width": 1.0520685364733544
            },
            {
                "id": 0,
                "normal": [
                    0.0,
                    0.0,
                    1.0
                ],
                "planeEquation": [
                    0.0,
                    0.0,
                    1.0,
                    -0.46392832
                ],
                "pointsIdx": [
                    1,
                    2
                ],
                "width": 2.156295147461874
            },
            {
                "id": 0,
                "normal": [
                    1.0,
                    0.0,
                    -0.0
                ],
                "planeEquation": [
                    1.0,
                    0.0,
                    -0.0,
                    -0.7348485325381264
                ],
                "pointsIdx": [
                    2,
                    3
                ],
                "width": 5.41063168
            },
            {
                "id": 0,
                "normal": [
                    0.0,
                    0.0,
                    1.0
                ],
                "planeEquation": [
                    0.0,
                    0.0,
                    1.0,
                    -5.87456
                ],
                "pointsIdx": [
                    3,
                    4
                ],
                "width": 4.116929902828412
            },
            {
                "id": 0,
                "normal": [
                    -1.0,
                    -0.0,
                    -0.0
                ],
                "planeEquation": [
                    -1.0,
                    -0.0,
                    -0.0,
                    -3.382081370290285
                ],
                "pointsIdx": [
                    4,
                    5
                ],
                "width": 6.462700216473354
            },
            {
                "id": 0,
                "normal": [
                    0.0,
                    0.0,
                    -1.0
                ],
                "planeEquation": [
                    0.0,
                    0.0,
                    -1.0,
                    -0.5881402164733543
                ],
                "pointsIdx": [
                    5,
                    0
                ],
                "width": 6.273225050290286
            }
        ]
    },
    "panoId": "nothing"
}