{
    "cameraHeight": 1.6,
    "layoutHeight": 3.1325284957885744,
    "layoutObj2ds": {
        "num": 0,
        "obj2ds": []
    },
    "layoutPoints": {
        "num": 6,
        "points": [
            {
                "coords": [
                    0.6913532054390032,
                    0.5
                ],
                "id": 0,
                "xyz": [
                    3.196647619047619,
                    0.0,
                    -1.2343071500190477
                ]
            },
            {
                "coords": [
                    0.7763112938487491,
                    0.5
                ],
                "id": 0,
                "xyz": [
                    3.196647619047619,
                    0.0,
                    0.5333333333333333
                ]
            },
            {
                "coords": [
                    0.8326246702692839,
                    0.5
                ],
                "id": 0,
                "xyz": [
                    0.9333333333333332,
                    0.0,
                    0.5333333333333333
                ]
            },
            {
                "coords": [
                    0.9490069323943249,
                    0.5
                ],
                "id": 0,
                "xyz": [
                    0.9333333333333332,
                    0.0,
                    2.8126668766805243
                ]
            },
            {
                "coords": [
                    0.16645230010778583,
                    0.5
                ],
                "id": 0,
                "xyz": [
                    -4.8565636174567475,
                    0.0,
                    2.8126668766805243
                ]
            },
            {
                "coords": [
                    0.28961095030501216,
                    0.5
                ],
                "id": 0,
                "xyz": [
                    -4.8565636174567475,
                    0.0,
                    -1.2343071500190477
                ]
            }
        ]
    },
    "layoutWalls": {
        "num": 6,
        "walls": [
            {
                "id": 0,
                "normal": [
                    1.0,
                    0.0,
                    -0.0
                ],
                "planeEquation": [
                    1.0,
                    0.0,
                    -0.0,
                    -3.196647619047619
                ],
                "pointsIdx": [
                    0,
                    1
                ],
                "width": 1.7676404833523809
            },
            {
                "id": 0,
                "normal": [
                    0.0,
                    0.0,
                    1.0
                ],
                "planeEquation": [
                    0.0,
                    0.0,
                    1.0,
                    -0.5333333333333333
                ],
                "pointsIdx": [
                    1,
                    2
                ],
                "width": 2.263314285714286
            },
            {
                "id": 0,
                "normal": [
                    1.0,
                    0.0,
                    -0.0
                ],
                "planeEquation": [
                    1.0,
                    0.0,
                    -0.0,
                    -0.9333333333333332
                ],
                "pointsIdx": [
                    2,
                    3
                ],
                "width": 2.279333543347191
            },
            {
                "id": 0,
                "normal": [
                    0.0,
                    0.0,
                    1.0
                ],
                "planeEquation": [
                    0.0,
                    0.0,
                    1.0,
                    -2.8126668766805243
                ],
                "pointsIdx": [
                    3,
                    4
                ],
                "width": 5.789896950790081
            },
            {
                "id": 0,
                "normal": [
                    -1.0,
                    -0.0,
                    -0.0
                ],
                "planeEquation": [
                    -1.0,
                    -0.0,
                    -0.0,
                    -4.8565636174567475
                ],
                "pointsIdx": [
                    4,
                    5
                ],
                "width": 4.046974026699572
            },
            {
                "id": 0,
                "normal": [
                    0.0,
                    0.0,
                    -1.0
                ],
                "planeEquation": [
                    0.0,
                    0.0,
                    -1.0,
                    -1.2343071500190477
                ],
                "pointsIdx": [
                    5,
                    0
                ],
                "width": 8.053211236504367
            }
        ]
    },
    "panoId": "nothing"
}