{
    "cameraHeight": 1.6,
    "layoutHeight": 3.115064458847046,
    "layoutObj2ds": {
        "num": 0,
        "obj2ds": []
    },
    "layoutPoints": {
        "num": 8,
        "points": [
            {
                "coords": [
                    0.5979029303650893,
                    0.5
                ],
                "id": 0,
                "xyz": [
                    0.66137827328,
                    0.0,
                    -0.9359999999999999
                ]
            },
            {
                "coords": [
                    0.9155345615077677,
                    0.5
                ],
                "id": 0,
                "xyz": [
                    0.66137827328,
                    0.0,
                    1.1269513553206747
                ]
            },
            {
                "coords": [
                    0.14469805543723124,
                    0.5
                ],
                "id": 0,
                "xyz": [
                    -1.4471793612377577,
                    0.0,
                    1.1269513553206747
                ]
            },
            {
                "coords": [
                    0.2231630005890094,
                    0.4005449391536839
                ],
                "id": 0,
                "xyz": [
                    -1.4471793612377577,
                    0.4742051563455478,
                    0.2463654820084782
                ]
            },
            {
                "coords": [
                    0.18493055555555543,
                    0.29209276303908993
                ],
                "id": 0,
                "xyz": [
                    -0.5686361822689484,
                    0.4742051563455478,
                    0.2463654820084782
                ]
            },
            {
                "coords": [
                    0.2186805555555557,
                    0.29311509239610023
                ],
                "id": 0,
                "xyz": [
                    -0.5686361822689484,
                    0.44073940963730923,
                    0.11336672286240063
                ]
            },
            {
                "coords": [
                    0.23752910753486906,
                    0.4059666335672171
                ],
                "id": 0,
                "xyz": [
                    -1.4438367307211617,
                    0.44073940963730923,
                    0.11336672286240063
                ]
            },
            {
                "coords": [
                    0.34153956068203256,
                    0.5
                ],
                "id": 0,
                "xyz": [
                    -1.4438367307211617,
                    0.0,
                    -0.9359999999999999
                ]
            }
        ]
    },
    "layoutWalls": {
        "num": 8,
        "walls": [
            {
                "id": 0,
                "normal": [
                    1.0,
                    0.0,
                    -0.0
                ],
                "planeEquation": [
                    1.0,
                    0.0,
                    -0.0,
                    -0.66137827328
                ],
                "pointsIdx": [
                    0,
                    1
                ],
                "width": 2.0629513553206746
            },
            {
                "id": 0,
                "normal": [
                    0.0,
                    0.0,
                    1.0
                ],
                "planeEquation": [
                    0.0,
                    0.0,
                    1.0,
                    -1.1269513553206747
                ],
                "pointsIdx": [
                    1,
                    2
                ],
                "width": 2.1085576345177577
            },
            {
                "id": 0,
                "normal": [
                    -1.0,
                    -0.0,
                    -0.0
                ],
                "planeEquation": [
                    -1.0,
                    -0.0,
                    -0.0,
                    -1.4471793612377577
                ],
                "pointsIdx": [
                    2,
                    3
                ],
                "width": 0.8805858733121965
            },
            {
                "id": 0,
                "normal": [
                    0.0,
                    0.0,
                    -1.0
                ],
                "planeEquation": [
                    0.0,
                    0.0,
                    -1.0,
                    0.2463654820084782
                ],
                "pointsIdx": [
                    3,
                    4
                ],
                "width": 0.8785431789688093
            },
            {
                "id": 0,
                "normal": [
                    -1.0,
                    -0.0,
                    -0.0
                ],
                "planeEquation": [
                    -1.0,
                    -0.0,
                    -0.0,
                    -0.5686361822689484
                ],
                "pointsIdx": [
                    4,
                    5
                ],
                "width": 0.13299875914607756
            },
            {
                "id": 0,
                "normal": [
                    0.0,
                    0.0,
                    1.0
                ],
                "planeEquation": [
                    0.0,
                    0.0,
                    1.0,
                    -0.11336672286240063
                ],
                "pointsIdx": [
                    5,
                    6
                ],
                "width": 0.8752005484522133
            },
            {
                "id": 0,
                "normal": [
                    -1.0,
                    -0.0,
                    -0.0
                ],
                "planeEquation": [
                    -1.0,
                    -0.0,
                    -0.0,
                    -1.4438367307211617
                ],
                "pointsIdx": [
                    6,
                    7
                ],
                "width": 1.0493667228624006
            },
            {
                "id": 0,
                "normal": [
                    0.0,
                    0.0,
                    -1.0
                ],
                "planeEquation": [
                    0.0,
                    0.0,
                    -1.0,
                    -0.9359999999999999
                ],
                "pointsIdx": [
                    7,
                    0
                ],
                "width": 2.1052150040011615
            }
        ]
    },
    "panoId": "nothing"
}