{
    "cameraHeight": 1.6,
    "layoutHeight": 3.0863659381866455,
    "layoutObj2ds": {
        "num": 0,
        "obj2ds": []
    },
    "layoutPoints": {
        "num": 12,
        "points": [
            {
                "coords": [
                    0.5452409486351963,
                    0.5
                ],
                "id": 0,
                "xyz": [
                    1.7148511232,
                    0.0,
                    -5.869375
                ]
            },
            {
                "coords": [
                    0.8453061414739689,
                    0.5
                ],
                "id": 0,
                "xyz": [
                    1.7148511232,
                    0.0,
                    1.17024
                ]
            },
            {
                "coords": [
                    0.16784010348205647,
                    0.5
                ],
                "id": 0,
                "xyz": [
                    -2.06187456,
                    0.0,
                    1.17024
                ]
            },
            {
                "coords": [
                    0.358125,
                    0.42635950120420746
                ],
                "id": 0,
                "xyz": [
                    -2.06187456,
                    0.6243280716145992,
                    -1.6652089775579475
                ]
            },
            {
                "coords": [
                    0.32696836227352377,
                    0.4450609368298547
                ],
                "id": 0,
                "xyz": [
                    -3.170597908635838,
                    0.6243280716145992,
                    -1.6652089775579475
                ]
            },
            {
                "coords": [
                    0.3727333889471494,
                    0.4379588209064726
                ],
                "id": 0,
                "xyz": [
                    -3.170597908635838,
                    0.8728449269196827,
                    -3.081551667226795
                ]
            },
            {
                "coords": [
                    0.4019914982892029,
                    0.4447259784357853
                ],
                "id": 0,
                "xyz": [
                    -2.1804927021194223,
                    0.6621895304614339,
                    -3.081551667226795
                ]
            },
            {
                "coords": [
                    0.38749999999999996,
                    0.4380154210982192
                ],
                "id": 0,
                "xyz": [
                    -2.1804927021194223,
                    0.6621895304614339,
                    -2.5530289341880823
                ]
            },
            {
                "coords": [
                    0.391875,
                    0.41725274266639445
                ],
                "id": 0,
                "xyz": [
                    -2.06187456,
                    0.8728449269196827,
                    -2.5530289341880823
                ]
            },
            {
                "coords": [
                    0.41959720565417824,
                    0.5
                ],
                "id": 0,
                "xyz": [
                    -2.06187456,
                    0.0,
                    -3.7281547919360003
                ]
            },
            {
                "coords": [
                    0.46842371449711134,
                    0.5
                ],
                "id": 0,
                "xyz": [
                    -0.74952489344,
                    0.0,
                    -3.7281547919360003
                ]
            },
            {
                "coords": [
                    0.4797851699351513,
                    0.5
                ],
                "id": 0,
                "xyz": [
                    -0.74952489344,
                    0.0,
                    -5.869375
                ]
            }
        ]
    },
    "layoutWalls": {
        "num": 12,
        "walls": [
            {
                "id": 0,
                "normal": [
                    1.0,
                    0.0,
                    -0.0
                ],
                "planeEquation": [
                    1.0,
                    0.0,
                    -0.0,
                    -1.7148511232
                ],
                "pointsIdx": [
                    0,
                    1
                ],
                "width": 7.0396149999999995
            },
            {
                "id": 0,
                "normal": [
                    0.0,
                    0.0,
                    1.0
                ],
                "planeEquation": [
                    0.0,
                    0.0,
                    1.0,
                    -1.17024
                ],
                "pointsIdx": [
                    1,
                    2
                ],
                "width": 3.7767256832000005
            },
            {
                "id": 0,
                "normal": [
                    -1.0,
                    -0.0,
                    -0.0
                ],
                "planeEquation": [
                    -1.0,
                    -0.0,
                    -0.0,
                    -2.06187456
                ],
                "pointsIdx": [
                    2,
                    3
                ],
                "width": 2.8354489775579474
            },
            {
                "id": 0,
                "normal": [
                    0.0,
                    0.0,
                    1.0
                ],
                "planeEquation": [
                    0.0,
                    0.0,
                    1.0,
                    1.6652089775579475
                ],
                "pointsIdx": [
                    3,
                    4
                ],
                "width": 1.1087233486358379
            },
            {
                "id": 0,
                "normal": [
                    -1.0,
                    -0.0,
                    -0.0
                ],
                "planeEquation": [
                    -1.0,
                    -0.0,
                    -0.0,
                    -3.170597908635838
                ],
                "pointsIdx": [
                    4,
                    5
                ],
                "width": 1.4163426896688474
            },
            {
                "id": 0,
                "normal": [
                    0.0,
                    0.0,
                    -1.0
                ],
                "planeEquation": [
                    0.0,
                    0.0,
                    -1.0,
                    -3.081551667226795
                ],
                "pointsIdx": [
                    5,
                    6
                ],
                "width": 0.9901052065164158
            },
            {
                "id": 0,
                "normal": [
                    1.0,
                    0.0,
                    -0.0
                ],
                "planeEquation": [
                    1.0,
                    0.0,
                    -0.0,
                    2.1804927021194223
                ],
                "pointsIdx": [
                    6,
                    7
                ],
                "width": 0.5285227330387126
            },
            {
                "id": 0,
                "normal": [
                    0.0,
                    0.0,
                    -1.0
                ],
                "planeEquation": [
                    0.0,
                    0.0,
                    -1.0,
                    -2.5530289341880823
                ],
                "pointsIdx": [
                    7,
                    8
                ],
                "width": 0.11861814211942212
            },
            {
                "id": 0,
                "normal": [
                    -1.0,
                    -0.0,
                    -0.0
                ],
                "planeEquation": [
                    -1.0,
                    -0.0,
                    -0.0,
                    -2.06187456
                ],
                "pointsIdx": [
                    8,
                    9
                ],
                "width": 1.175125857747918
            },
            {
                "id": 0,
                "normal": [
                    0.0,
                    0.0,
                    -1.0
                ],
                "planeEquation": [
                    0.0,
                    0.0,
                    -1.0,
                    -3.7281547919360003
                ],
                "pointsIdx": [
                    9,
                    10
                ],
                "width": 1.3123496665600003
            },
            {
                "id": 0,
                "normal": [
                    -1.0,
                    -0.0,
                    -0.0
                ],
                "planeEquation": [
                    -1.0,
                    -0.0,
                    -0.0,
                    -0.74952489344
                ],
                "pointsIdx": [
                    10,
                    11
                ],
                "width": 2.1412202080639995
            },
            {
                "id": 0,
                "normal": [
                    0.0,
                    0.0,
                    -1.0
                ],
                "planeEquation": [
                    0.0,
                    0.0,
                    -1.0,
                    -5.869375
                ],
                "pointsIdx": [
                    11,
                    0
                ],
                "width": 2.46437601664
            }
        ]
    },
    "panoId": "nothing"
}