{
    "cameraHeight": 1.6,
    "layoutHeight": 3.18971999168396,
    "layoutObj2ds": {
        "num": 0,
        "obj2ds": []
    },
    "layoutPoints": {
        "num": 4,
        "points": [
            {
                "coords": [
                    0.6635740197149308,
                    0.5
                ],
                "id": 0,
                "xyz": [
                    2.89396874752,
                    0.0,
                    -1.7466735629107202
                ]
            },
            {
                "coords": [
                    0.9004600885424654,
                    0.5
                ],
                "id": 0,
                "xyz": [
                    2.89396874752,
                    0.0,
                    4.00751768760877
                ]
            },
            {
                "coords": [
                    0.07091661036346636,
                    0.5
                ],
                "id": 0,
                "xyz": [
                    -1.9140625,
                    0.0,
                    4.00751768760877
                ]
            },
            {
                "coords": [
                    0.36772762839694073,
                    0.5
                ],
                "id": 0,
                "xyz": [
                    -1.9140625,
                    0.0,
                    -1.7466735629107202
                ]
            }
        ]
    },
    "layoutWalls": {
        "num": 4,
        "walls": [
            {
                "id": 0,
                "normal": [
                    1.0,
                    0.0,
                    -0.0
                ],
                "planeEquation": [
                    1.0,
                    0.0,
                    -0.0,
                    -2.89396874752
                ],
                "pointsIdx": [
                    0,
                    1
                ],
                "width": 5.75419125051949
            },
            {
                "id": 0,
                "normal": [
                    0.0,
                    0.0,
                    1.0
                ],
                "planeEquation": [
                    0.0,
                    0.0,
                    1.0,
                    -4.00751768760877
                ],
                "pointsIdx": [
                    1,
                    2
                ],
                "width": 4.808031247520001
            },
            {
                "id": 0,
                "normal": [
                    -1.0,
                    -0.0,
                    -0.0
                ],
                "planeEquation": [
                    -1.0,
                    -0.0,
                    -0.0,
                    -1.9140625
                ],
                "pointsIdx": [
                    2,
                    3
                ],
                "width": 5.75419125051949
            },
            {
                "id": 0,
                "normal": [
                    0.0,
                    0.0,
                    -1.0
                ],
                "planeEquation": [
                    0.0,
                    0.0,
                    -1.0,
                    -1.7466735629107202
                ],
                "pointsIdx": [
                    3,
                    0
                ],
                "width": 4.808031247520001
            }
        ]
    },
    "panoId": "nothing"
}