{
    "cameraHeight": 1.6,
    "layoutHeight": 2.8802114576279463,
    "layoutObj2ds": {
        "num": 0,
        "obj2ds": []
    },
    "layoutPoints": {
        "num": 4,
        "points": [
            {
                "coords": [
                    0.6154577296794067,
                    0.5
                ],
                "id": 0,
                "xyz": [
                    1.4911669163714418,
                    0.0,
                    -1.6816224748609814
                ]
            },
            {
                "coords": [
                    0.9238604422809971,
                    0.5
                ],
                "id": 0,
                "xyz": [
                    1.4911669163714418,
                    0.0,
                    2.87549456710477
                ]
            },
            {
                "coords": [
                    0.11545129621216399,
                    0.5
                ],
                "id": 0,
                "xyz": [
                    -2.549616982404054,
                    0.0,
                    2.87549456710477
                ]
            },
            {
                "coords": [
                    0.34279778189651644,
                    0.5
                ],
                "id": 0,
                "xyz": [
                    -2.549616982404054,
                    0.0,
                    -1.6816224748609814
                ]
            }
        ]
    },
    "layoutWalls": {
        "num": 4,
        "walls": [
            {
                "id": 0,
                "normal": [
                    1.0,
                    0.0,
                    -0.0
                ],
                "planeEquation": [
                    1.0,
                    0.0,
                    -0.0,
                    -1.4911669163714418
                ],
                "pointsIdx": [
                    0,
                    1
                ],
                "width": 4.557117041965752
            },
            {
                "id": 0,
                "normal": [
                    0.0,
                    0.0,
                    1.0
                ],
                "planeEquation": [
                    0.0,
                    0.0,
                    1.0,
                    -2.87549456710477
                ],
                "pointsIdx": [
                    1,
                    2
                ],
                "width": 4.040783898775496
            },
            {
                "id": 0,
                "normal": [
                    -1.0,
                    -0.0,
                    -0.0
                ],
                "planeEquation": [
                    -1.0,
                    -0.0,
                    -0.0,
                    -2.549616982404054
                ],
                "pointsIdx": [
                    2,
                    3
                ],
                "width": 4.557117041965752
            },
            {
                "id": 0,
                "normal": [
                    0.0,
                    0.0,
                    -1.0
                ],
                "planeEquation": [
                    0.0,
                    0.0,
                    -1.0,
                    -1.6816224748609814
                ],
                "pointsIdx": [
                    3,
                    0
                ],
                "width": 4.040783898775496
            }
        ]
    },
    "panoId": "nothing"
}