{
    "cameraHeight": 1.6,
    "layoutHeight": 3.88899169004568,
    "layoutObj2ds": {
        "num": 0,
        "obj2ds": []
    },
    "layoutPoints": {
        "num": 6,
        "points": [
            {
                "coords": [
                    0.5616991119002533,
                    0.5
                ],
                "id": 0,
                "xyz": [
                    0.58130237298158,
                    0.0,
                    -1.423608325870987
                ]
            },
            {
                "coords": [
                    0.6218622165571343,
                    0.5
                ],
                "id": 0,
                "xyz": [
                    0.58130237298158,
                    0.0,
                    -0.6046875196061371
                ]
            },
            {
                "coords": [
                    0.7237869421029217,
                    0.5
                ],
                "id": 0,
                "xyz": [
                    3.6381569252785506,
                    0.0,
                    -0.6046875196061371
                ]
            },
            {
                "coords": [
                    0.8143436963476078,
                    0.5
                ],
                "id": 0,
                "xyz": [
                    3.6381569252785506,
                    0.0,
                    1.5565907050584091
                ]
            },
            {
                "coords": [
                    0.0527312172212826,
                    0.5
                ],
                "id": 0,
                "xyz": [
                    -0.535467844840343,
                    0.0,
                    1.5565907050584091
                ]
            },
            {
                "coords": [
                    0.44274166851838215,
                    0.5
                ],
                "id": 0,
                "xyz": [
                    -0.535467844840343,
                    0.0,
                    -1.423608325870987
                ]
            }
        ]
    },
    "layoutWalls": {
        "num": 6,
        "walls": [
            {
                "id": 0,
                "normal": [
                    1.0,
                    0.0,
                    -0.0
                ],
                "planeEquation": [
                    1.0,
                    0.0,
                    -0.0,
                    -0.58130237298158
                ],
                "pointsIdx": [
                    0,
                    1
                ],
                "width": 0.81892080626485
            },
            {
                "id": 0,
                "normal": [
                    0.0,
                    0.0,
                    -1.0
                ],
                "planeEquation": [
                    0.0,
                    0.0,
                    -1.0,
                    -0.6046875196061371
                ],
                "pointsIdx": [
                    1,
                    2
                ],
                "width": 3.0568545522969703
            },
            {
                "id": 0,
                "normal": [
                    1.0,
                    0.0,
                    -0.0
                ],
                "planeEquation": [
                    1.0,
                    0.0,
                    -0.0,
                    -3.6381569252785506
                ],
                "pointsIdx": [
                    2,
                    3
                ],
                "width": 2.1612782246645463
            },
            {
                "id": 0,
                "normal": [
                    0.0,
                    0.0,
                    1.0
                ],
                "planeEquation": [
                    0.0,
                    0.0,
                    1.0,
                    -1.5565907050584091
                ],
                "pointsIdx": [
                    3,
                    4
                ],
                "width": 4.173624770118893
            },
            {
                "id": 0,
                "normal": [
                    -1.0,
                    -0.0,
                    -0.0
                ],
                "planeEquation": [
                    -1.0,
                    -0.0,
                    -0.0,
                    -0.535467844840343
                ],
                "pointsIdx": [
                    4,
                    5
                ],
                "width": 2.980199030929396
            },
            {
                "id": 0,
                "normal": [
                    0.0,
                    0.0,
                    -1.0
                ],
                "planeEquation": [
                    0.0,
                    0.0,
                    -1.0,
                    -1.423608325870987
                ],
                "pointsIdx": [
                    5,
                    0
                ],
                "width": 1.116770217821923
            }
        ]
    },
    "panoId": "nothing"
}