{
    "cameraHeight": 1.6,
    "layoutHeight": 4.2637751579284675,
    "layoutObj2ds": {
        "num": 0,
        "obj2ds": []
    },
    "layoutPoints": {
        "num": 6,
        "points": [
            {
                "coords": [
                    0.49518269152171446,
                    0.5
                ],
                "id": 0,
                "xyz": [
                    -0.11491857630887936,
                    0.0,
                    -3.7955372318525566
                ]
            },
            {
                "coords": [
                    0.468387977781214,
                    0.5
                ],
                "id": 0,
                "xyz": [
                    -0.11491857630887936,
                    0.0,
                    -0.57094428
                ]
            },
            {
                "coords": [
                    0.7078466954227722,
                    0.5
                ],
                "id": 0,
                "xyz": [
                    2.1050262527999997,
                    0.0,
                    -0.57094428
                ]
            },
            {
                "coords": [
                    0.7921079259115302,
                    0.5
                ],
                "id": 0,
                "xyz": [
                    2.1050262527999997,
                    0.0,
                    0.5702999861891695
                ]
            },
            {
                "coords": [
                    0.2220900758863366,
                    0.5
                ],
                "id": 0,
                "xyz": [
                    -3.218701987231119,
                    0.0,
                    0.5702999861891695
                ]
            },
            {
                "coords": [
                    0.3880591572760633,
                    0.5
                ],
                "id": 0,
                "xyz": [
                    -3.218701987231119,
                    0.0,
                    -3.7955372318525566
                ]
            }
        ]
    },
    "layoutWalls": {
        "num": 6,
        "walls": [
            {
                "id": 0,
                "normal": [
                    1.0,
                    0.0,
                    -0.0
                ],
                "planeEquation": [
                    1.0,
                    0.0,
                    -0.0,
                    0.11491857630887936
                ],
                "pointsIdx": [
                    0,
                    1
                ],
                "width": 3.2245929518525567
            },
            {
                "id": 0,
                "normal": [
                    0.0,
                    0.0,
                    -1.0
                ],
                "planeEquation": [
                    0.0,
                    0.0,
                    -1.0,
                    -0.57094428
                ],
                "pointsIdx": [
                    1,
                    2
                ],
                "width": 2.2199448291088792
            },
            {
                "id": 0,
                "normal": [
                    1.0,
                    0.0,
                    -0.0
                ],
                "planeEquation": [
                    1.0,
                    0.0,
                    -0.0,
                    -2.1050262527999997
                ],
                "pointsIdx": [
                    2,
                    3
                ],
                "width": 1.1412442661891695
            },
            {
                "id": 0,
                "normal": [
                    0.0,
                    0.0,
                    1.0
                ],
                "planeEquation": [
                    0.0,
                    0.0,
                    1.0,
                    -0.5702999861891695
                ],
                "pointsIdx": [
                    3,
                    4
                ],
                "width": 5.3237282400311186
            },
            {
                "id": 0,
                "normal": [
                    -1.0,
                    -0.0,
                    -0.0
                ],
                "planeEquation": [
                    -1.0,
                    -0.0,
                    -0.0,
                    -3.218701987231119
                ],
                "pointsIdx": [
                    4,
                    5
                ],
                "width": 4.365837218041726
            },
            {
                "id": 0,
                "normal": [
                    0.0,
                    0.0,
                    -1.0
                ],
                "planeEquation": [
                    0.0,
                    0.0,
                    -1.0,
                    -3.7955372318525566
                ],
                "pointsIdx": [
                    5,
                    0
                ],
                "width": 3.1037834109222393
            }
        ]
    },
    "panoId": "nothing"
}