{
    "cameraHeight": 1.6,
    "layoutHeight": 2.7100721263885497,
    "layoutObj2ds": {
        "num": 0,
        "obj2ds": []
    },
    "layoutPoints": {
        "num": 4,
        "points": [
            {
                "coords": [
                    0.5753589403841846,
                    0.5
                ],
                "id": 0,
                "xyz": [
                    2.1484901872057187,
                    0.0,
                    -4.1932435464191995
                ]
            },
            {
                "coords": [
                    0.7968807149433115,
                    0.5
                ],
                "id": 0,
                "xyz": [
                    2.1484901872057187,
                    0.0,
                    0.6518216211641138
                ]
            },
            {
                "coords": [
                    0.20429687941368807,
                    0.5
                ],
                "id": 0,
                "xyz": [
                    -2.2071424000000004,
                    0.0,
                    0.6518216211641138
                ]
            },
            {
                "coords": [
                    0.4228878273564221,
                    0.5
                ],
                "id": 0,
                "xyz": [
                    -2.2071424000000004,
                    0.0,
                    -4.1932435464191995
                ]
            }
        ]
    },
    "layoutWalls": {
        "num": 4,
        "walls": [
            {
                "id": 0,
                "normal": [
                    1.0,
                    0.0,
                    -0.0
                ],
                "planeEquation": [
                    1.0,
                    0.0,
                    -0.0,
                    -2.1484901872057187
                ],
                "pointsIdx": [
                    0,
                    1
                ],
                "width": 4.845065167583313
            },
            {
                "id": 0,
                "normal": [
                    0.0,
                    0.0,
                    1.0
                ],
                "planeEquation": [
                    0.0,
                    0.0,
                    1.0,
                    -0.6518216211641138
                ],
                "pointsIdx": [
                    1,
                    2
                ],
                "width": 4.355632587205719
            },
            {
                "id": 0,
                "normal": [
                    -1.0,
                    -0.0,
                    -0.0
                ],
                "planeEquation": [
                    -1.0,
                    -0.0,
                    -0.0,
                    -2.2071424000000004
                ],
                "pointsIdx": [
                    2,
                    3
                ],
                "width": 4.845065167583313
            },
            {
                "id": 0,
                "normal": [
                    0.0,
                    0.0,
                    -1.0
                ],
                "planeEquation": [
                    0.0,
                    0.0,
                    -1.0,
                    -4.1932435464191995
                ],
                "pointsIdx": [
                    3,
                    0
                ],
                "width": 4.355632587205719
            }
        ]
    },
    "panoId": "nothing"
}