{
    "cameraHeight": 1.6,
    "layoutHeight": 2.5637890529632568,
    "layoutObj2ds": {
        "num": 0,
        "obj2ds": []
    },
    "layoutPoints": {
        "num": 6,
        "points": [
            {
                "coords": [
                    0.5337743690335416,
                    0.5
                ],
                "id": 0,
                "xyz": [
                    0.9360155110604799,
                    0.0,
                    -4.344375
                ]
            },
            {
                "coords": [
                    0.547340259836129,
                    0.5238206917632958
                ],
                "id": 0,
                "xyz": [
                    0.9360155110604799,
                    -0.239448211943222,
                    -3.053467377670921
                ]
            },
            {
                "coords": [
                    0.5331944444444444,
                    0.524372682279672
                ],
                "id": 0,
                "xyz": [
                    0.64625,
                    -0.239448211943222,
                    -3.053467377670921
                ]
            },
            {
                "coords": [
                    0.917936817699426,
                    0.5
                ],
                "id": 0,
                "xyz": [
                    0.64625,
                    0.0,
                    1.1402572800000002
                ]
            },
            {
                "coords": [
                    0.12329110039860758,
                    0.5
                ],
                "id": 0,
                "xyz": [
                    -1.1160298430464002,
                    0.0,
                    1.1402572800000002
                ]
            },
            {
                "coords": [
                    0.45997993157172523,
                    0.5
                ],
                "id": 0,
                "xyz": [
                    -1.1160298430464002,
                    0.0,
                    -4.344375
                ]
            }
        ]
    },
    "layoutWalls": {
        "num": 6,
        "walls": [
            {
                "id": 0,
                "normal": [
                    1.0,
                    0.0,
                    -0.0
                ],
                "planeEquation": [
                    1.0,
                    0.0,
                    -0.0,
                    -0.9360155110604799
                ],
                "pointsIdx": [
                    0,
                    1
                ],
                "width": 1.2909076223290792
            },
            {
                "id": 0,
                "normal": [
                    0.0,
                    0.0,
                    1.0
                ],
                "planeEquation": [
                    0.0,
                    0.0,
                    1.0,
                    3.053467377670921
                ],
                "pointsIdx": [
                    1,
                    2
                ],
                "width": 0.2897655110604799
            },
            {
                "id": 0,
                "normal": [
                    1.0,
                    0.0,
                    -0.0
                ],
                "planeEquation": [
                    1.0,
                    0.0,
                    -0.0,
                    -0.64625
                ],
                "pointsIdx": [
                    2,
                    3
                ],
                "width": 4.193724657670922
            },
            {
                "id": 0,
                "normal": [
                    0.0,
                    0.0,
                    1.0
                ],
                "planeEquation": [
                    0.0,
                    0.0,
                    1.0,
                    -1.1402572800000002
                ],
                "pointsIdx": [
                    3,
                    4
                ],
                "width": 1.7622798430464002
            },
            {
                "id": 0,
                "normal": [
                    -1.0,
                    -0.0,
                    -0.0
                ],
                "planeEquation": [
                    -1.0,
                    -0.0,
                    -0.0,
                    -1.1160298430464002
                ],
                "pointsIdx": [
                    4,
                    5
                ],
                "width": 5.4846322800000005
            },
            {
                "id": 0,
                "normal": [
                    0.0,
                    0.0,
                    -1.0
                ],
                "planeEquation": [
                    0.0,
                    0.0,
                    -1.0,
                    -4.344375
                ],
                "pointsIdx": [
                    5,
                    0
                ],
                "width": 2.05204535410688
            }
        ]
    },
    "panoId": "nothing"
}