{
    "cameraHeight": 1.6,
    "layoutHeight": 2.9499115562438964,
    "layoutObj2ds": {
        "num": 0,
        "obj2ds": []
    },
    "layoutPoints": {
        "num": 6,
        "points": [
            {
                "coords": [
                    0.5360825585821889,
                    0.5
                ],
                "id": 0,
                "xyz": [
                    0.78125,
                    0.0,
                    -3.3867374170033355
                ]
            },
            {
                "coords": [
                    0.855103620864264,
                    0.5
                ],
                "id": 0,
                "xyz": [
                    0.78125,
                    0.0,
                    0.60681472
                ]
            },
            {
                "coords": [
                    0.21866761970258353,
                    0.5
                ],
                "id": 0,
                "xyz": [
                    -3.04243248,
                    0.0,
                    0.60681472
                ]
            },
            {
                "coords": [
                    0.361846267476572,
                    0.5
                ],
                "id": 0,
                "xyz": [
                    -3.04243248,
                    0.0,
                    -2.57694551064576
                ]
            },
            {
                "coords": [
                    0.4779607804402958,
                    0.5
                ],
                "id": 0,
                "xyz": [
                    -0.35914495999999996,
                    0.0,
                    -2.57694551064576
                ]
            },
            {
                "coords": [
                    0.48318533124071394,
                    0.5
                ],
                "id": 0,
                "xyz": [
                    -0.35914495999999996,
                    0.0,
                    -3.3867374170033355
                ]
            }
        ]
    },
    "layoutWalls": {
        "num": 6,
        "walls": [
            {
                "id": 0,
                "normal": [
                    1.0,
                    0.0,
                    -0.0
                ],
                "planeEquation": [
                    1.0,
                    0.0,
                    -0.0,
                    -0.78125
                ],
                "pointsIdx": [
                    0,
                    1
                ],
                "width": 3.9935521370033356
            },
            {
                "id": 0,
                "normal": [
                    0.0,
                    0.0,
                    1.0
                ],
                "planeEquation": [
                    0.0,
                    0.0,
                    1.0,
                    -0.60681472
                ],
                "pointsIdx": [
                    1,
                    2
                ],
                "width": 3.82368248
            },
            {
                "id": 0,
                "normal": [
                    -1.0,
                    -0.0,
                    -0.0
                ],
                "planeEquation": [
                    -1.0,
                    -0.0,
                    -0.0,
                    -3.04243248
                ],
                "pointsIdx": [
                    2,
                    3
                ],
                "width": 3.18376023064576
            },
            {
                "id": 0,
                "normal": [
                    0.0,
                    0.0,
                    -1.0
                ],
                "planeEquation": [
                    0.0,
                    0.0,
                    -1.0,
                    -2.57694551064576
                ],
                "pointsIdx": [
                    3,
                    4
                ],
                "width": 2.68328752
            },
            {
                "id": 0,
                "normal": [
                    -1.0,
                    -0.0,
                    -0.0
                ],
                "planeEquation": [
                    -1.0,
                    -0.0,
                    -0.0,
                    -0.35914495999999996
                ],
                "pointsIdx": [
                    4,
                    5
                ],
                "width": 0.8097919063575754
            },
            {
                "id": 0,
                "normal": [
                    0.0,
                    0.0,
                    -1.0
                ],
                "planeEquation": [
                    0.0,
                    0.0,
                    -1.0,
                    -3.3867374170033355
                ],
                "pointsIdx": [
                    5,
                    0
                ],
                "width": 1.14039496
            }
        ]
    },
    "panoId": "nothing"
}