{
    "cameraHeight": 1.6,
    "layoutHeight": 2.6272802162170406,
    "layoutObj2ds": {
        "num": 0,
        "obj2ds": []
    },
    "layoutPoints": {
        "num": 4,
        "points": [
            {
                "coords": [
                    0.7205961812213386,
                    0.5
                ],
                "id": 0,
                "xyz": [
                    1.9877314596427678,
                    0.0,
                    -0.3714687007877348
                ]
            },
            {
                "coords": [
                    0.9450172459964328,
                    0.5
                ],
                "id": 0,
                "xyz": [
                    1.9877314596427678,
                    0.0,
                    5.523014238011835
                ]
            },
            {
                "coords": [
                    0.05203730266931572,
                    0.5
                ],
                "id": 0,
                "xyz": [
                    -1.8730294552666285,
                    0.0,
                    5.523014238011835
                ]
            },
            {
                "coords": [
                    0.28116007640418156,
                    0.5
                ],
                "id": 0,
                "xyz": [
                    -1.8730294552666285,
                    0.0,
                    -0.3714687007877348
                ]
            }
        ]
    },
    "layoutWalls": {
        "num": 4,
        "walls": [
            {
                "id": 0,
                "normal": [
                    1.0,
                    0.0,
                    -0.0
                ],
                "planeEquation": [
                    1.0,
                    0.0,
                    -0.0,
                    -1.9877314596427678
                ],
                "pointsIdx": [
                    0,
                    1
                ],
                "width": 5.89448293879957
            },
            {
                "id": 0,
                "normal": [
                    0.0,
                    0.0,
                    1.0
                ],
                "planeEquation": [
                    0.0,
                    0.0,
                    1.0,
                    -5.523014238011835
                ],
                "pointsIdx": [
                    1,
                    2
                ],
                "width": 3.860760914909396
            },
            {
                "id": 0,
                "normal": [
                    -1.0,
                    -0.0,
                    -0.0
                ],
                "planeEquation": [
                    -1.0,
                    -0.0,
                    -0.0,
                    -1.8730294552666285
                ],
                "pointsIdx": [
                    2,
                    3
                ],
                "width": 5.89448293879957
            },
            {
                "id": 0,
                "normal": [
                    0.0,
                    0.0,
                    -1.0
                ],
                "planeEquation": [
                    0.0,
                    0.0,
                    -1.0,
                    -0.3714687007877348
                ],
                "pointsIdx": [
                    3,
                    0
                ],
                "width": 3.860760914909396
            }
        ]
    },
    "panoId": "nothing"
}