{
    "cameraHeight": 1.6,
    "layoutHeight": 2.8287840270996094,
    "layoutObj2ds": {
        "num": 0,
        "obj2ds": []
    },
    "layoutPoints": {
        "num": 8,
        "points": [
            {
                "coords": [
                    0.6572669449646374,
                    0.5
                ],
                "id": 0,
                "xyz": [
                    2.07914,
                    0.0,
                    -1.3701021330636802
                ]
            },
            {
                "coords": [
                    0.9288379425115123,
                    0.5
                ],
                "id": 0,
                "xyz": [
                    2.07914,
                    0.0,
                    4.3359375
                ]
            },
            {
                "coords": [
                    0.07255928487043872,
                    0.5
                ],
                "id": 0,
                "xyz": [
                    -2.126156981909031,
                    0.0,
                    4.3359375
                ]
            },
            {
                "coords": [
                    0.0929166666666667,
                    0.43435873850052303
                ],
                "id": 0,
                "xyz": [
                    -2.126156981909031,
                    0.8069076699263151,
                    3.218371488660998
                ]
            },
            {
                "coords": [
                    0.1547655755591204,
                    0.45534033147581726
                ],
                "id": 0,
                "xyz": [
                    -4.720717914965764,
                    0.8069076699263151,
                    3.218371488660998
                ]
            },
            {
                "coords": [
                    0.2249311769779233,
                    0.5013756501148597
                ],
                "id": 0,
                "xyz": [
                    -4.720717914965764,
                    -0.020657533926666645,
                    0.749780987066212
                ]
            },
            {
                "coords": [
                    0.19604166666666678,
                    0.5029165442324525
                ],
                "id": 0,
                "xyz": [
                    -2.126156981909031,
                    -0.020657533926666645,
                    0.749780987066212
                ]
            },
            {
                "coords": [
                    0.341105158810563,
                    0.5
                ],
                "id": 0,
                "xyz": [
                    -2.126156981909031,
                    0.0,
                    -1.3701021330636802
                ]
            }
        ]
    },
    "layoutWalls": {
        "num": 8,
        "walls": [
            {
                "id": 0,
                "normal": [
                    1.0,
                    0.0,
                    -0.0
                ],
                "planeEquation": [
                    1.0,
                    0.0,
                    -0.0,
                    -2.07914
                ],
                "pointsIdx": [
                    0,
                    1
                ],
                "width": 5.70603963306368
            },
            {
                "id": 0,
                "normal": [
                    0.0,
                    0.0,
                    1.0
                ],
                "planeEquation": [
                    0.0,
                    0.0,
                    1.0,
                    -4.3359375
                ],
                "pointsIdx": [
                    1,
                    2
                ],
                "width": 4.205296981909031
            },
            {
                "id": 0,
                "normal": [
                    -1.0,
                    -0.0,
                    -0.0
                ],
                "planeEquation": [
                    -1.0,
                    -0.0,
                    -0.0,
                    -2.126156981909031
                ],
                "pointsIdx": [
                    2,
                    3
                ],
                "width": 1.1175660113390018
            },
            {
                "id": 0,
                "normal": [
                    0.0,
                    0.0,
                    1.0
                ],
                "planeEquation": [
                    0.0,
                    0.0,
                    1.0,
                    -3.218371488660998
                ],
                "pointsIdx": [
                    3,
                    4
                ],
                "width": 2.594560933056733
            },
            {
                "id": 0,
                "normal": [
                    -1.0,
                    -0.0,
                    -0.0
                ],
                "planeEquation": [
                    -1.0,
                    -0.0,
                    -0.0,
                    -4.720717914965764
                ],
                "pointsIdx": [
                    4,
                    5
                ],
                "width": 2.468590501594786
            },
            {
                "id": 0,
                "normal": [
                    0.0,
                    0.0,
                    -1.0
                ],
                "planeEquation": [
                    0.0,
                    0.0,
                    -1.0,
                    0.749780987066212
                ],
                "pointsIdx": [
                    5,
                    6
                ],
                "width": 2.594560933056733
            },
            {
                "id": 0,
                "normal": [
                    -1.0,
                    -0.0,
                    -0.0
                ],
                "planeEquation": [
                    -1.0,
                    -0.0,
                    -0.0,
                    -2.126156981909031
                ],
                "pointsIdx": [
                    6,
                    7
                ],
                "width": 2.1198831201298924
            },
            {
                "id": 0,
                "normal": [
                    0.0,
                    0.0,
                    -1.0
                ],
                "planeEquation": [
                    0.0,
                    0.0,
                    -1.0,
                    -1.3701021330636802
                ],
                "pointsIdx": [
                    7,
                    0
                ],
                "width": 4.205296981909031
            }
        ]
    },
    "panoId": "nothing"
}