{
    "cameraHeight": 1.6,
    "layoutHeight": 2.6627327346801755,
    "layoutObj2ds": {
        "num": 0,
        "obj2ds": []
    },
    "layoutPoints": {
        "num": 4,
        "points": [
            {
                "coords": [
                    0.6786682209217673,
                    0.5
                ],
                "id": 0,
                "xyz": [
                    1.7619948479195906,
                    0.0,
                    -0.8472122861977601
                ]
            },
            {
                "coords": [
                    0.8526409589220111,
                    0.5
                ],
                "id": 0,
                "xyz": [
                    1.7619948479195906,
                    0.0,
                    1.3253850569327479
                ]
            },
            {
                "coords": [
                    0.09942890570693691,
                    0.5
                ],
                "id": 0,
                "xyz": [
                    -0.9557011540351388,
                    0.0,
                    1.3253850569327479
                ]
            },
            {
                "coords": [
                    0.3654345133665554,
                    0.5
                ],
                "id": 0,
                "xyz": [
                    -0.9557011540351388,
                    0.0,
                    -0.8472122861977601
                ]
            }
        ]
    },
    "layoutWalls": {
        "num": 4,
        "walls": [
            {
                "id": 0,
                "normal": [
                    1.0,
                    0.0,
                    -0.0
                ],
                "planeEquation": [
                    1.0,
                    0.0,
                    -0.0,
                    -1.7619948479195906
                ],
                "pointsIdx": [
                    0,
                    1
                ],
                "width": 2.172597343130508
            },
            {
                "id": 0,
                "normal": [
                    0.0,
                    0.0,
                    1.0
                ],
                "planeEquation": [
                    0.0,
                    0.0,
                    1.0,
                    -1.3253850569327479
                ],
                "pointsIdx": [
                    1,
                    2
                ],
                "width": 2.7176960019547294
            },
            {
                "id": 0,
                "normal": [
                    -1.0,
                    -0.0,
                    -0.0
                ],
                "planeEquation": [
                    -1.0,
                    -0.0,
                    -0.0,
                    -0.9557011540351388
                ],
                "pointsIdx": [
                    2,
                    3
                ],
                "width": 2.172597343130508
            },
            {
                "id": 0,
                "normal": [
                    0.0,
                    0.0,
                    -1.0
                ],
                "planeEquation": [
                    0.0,
                    0.0,
                    -1.0,
                    -0.8472122861977601
                ],
                "pointsIdx": [
                    3,
                    0
                ],
                "width": 2.7176960019547294
            }
        ]
    },
    "panoId": "nothing"
}