{
    "cameraHeight": 1.6,
    "layoutHeight": 4.064809761047363,
    "layoutObj2ds": {
        "num": 0,
        "obj2ds": []
    },
    "layoutPoints": {
        "num": 4,
        "points": [
            {
                "coords": [
                    0.592728360665768,
                    0.5
                ],
                "id": 0,
                "xyz": [
                    2.41952,
                    0.0,
                    -3.671875
                ]
            },
            {
                "coords": [
                    0.8426930032442149,
                    0.5
                ],
                "id": 0,
                "xyz": [
                    2.41952,
                    0.0,
                    1.5935310438399999
                ]
            },
            {
                "coords": [
                    0.18075741249434074,
                    0.5
                ],
                "id": 0,
                "xyz": [
                    -3.4286850793445787,
                    0.0,
                    1.5935310438399999
                ]
            },
            {
                "coords": [
                    0.3804488314033583,
                    0.5
                ],
                "id": 0,
                "xyz": [
                    -3.4286850793445787,
                    0.0,
                    -3.671875
                ]
            }
        ]
    },
    "layoutWalls": {
        "num": 4,
        "walls": [
            {
                "id": 0,
                "normal": [
                    1.0,
                    0.0,
                    -0.0
                ],
                "planeEquation": [
                    1.0,
                    0.0,
                    -0.0,
                    -2.41952
                ],
                "pointsIdx": [
                    0,
                    1
                ],
                "width": 5.26540604384
            },
            {
                "id": 0,
                "normal": [
                    0.0,
                    0.0,
                    1.0
                ],
                "planeEquation": [
                    0.0,
                    0.0,
                    1.0,
                    -1.5935310438399999
                ],
                "pointsIdx": [
                    1,
                    2
                ],
                "width": 5.848205079344579
            },
            {
                "id": 0,
                "normal": [
                    -1.0,
                    -0.0,
                    -0.0
                ],
                "planeEquation": [
                    -1.0,
                    -0.0,
                    -0.0,
                    -3.4286850793445787
                ],
                "pointsIdx": [
                    2,
                    3
                ],
                "width": 5.26540604384
            },
            {
                "id": 0,
                "normal": [
                    0.0,
                    0.0,
                    -1.0
                ],
                "planeEquation": [
                    0.0,
                    0.0,
                    -1.0,
                    -3.671875
                ],
                "pointsIdx": [
                    3,
                    0
                ],
                "width": 5.848205079344579
            }
        ]
    },
    "panoId": "nothing"
}