{
    "cameraHeight": 1.6,
    "layoutHeight": 3.1690559864044188,
    "layoutObj2ds": {
        "num": 0,
        "obj2ds": []
    },
    "layoutPoints": {
        "num": 4,
        "points": [
            {
                "coords": [
                    0.5290739052418351,
                    0.5
                ],
                "id": 0,
                "xyz": [
                    0.48244614382616585,
                    0.0,
                    -2.6115401751347203
                ]
            },
            {
                "coords": [
                    0.9821211058499371,
                    0.5
                ],
                "id": 0,
                "xyz": [
                    0.48244614382616585,
                    0.0,
                    4.27657472
                ]
            },
            {
                "coords": [
                    0.04950113294186592,
                    0.5
                ],
                "id": 0,
                "xyz": [
                    -1.374738391850413,
                    0.0,
                    4.27657472
                ]
            },
            {
                "coords": [
                    0.42288131962013314,
                    0.5
                ],
                "id": 0,
                "xyz": [
                    -1.374738391850413,
                    0.0,
                    -2.6115401751347203
                ]
            }
        ]
    },
    "layoutWalls": {
        "num": 4,
        "walls": [
            {
                "id": 0,
                "normal": [
                    1.0,
                    0.0,
                    -0.0
                ],
                "planeEquation": [
                    1.0,
                    0.0,
                    -0.0,
                    -0.48244614382616585
                ],
                "pointsIdx": [
                    0,
                    1
                ],
                "width": 6.88811489513472
            },
            {
                "id": 0,
                "normal": [
                    0.0,
                    0.0,
                    1.0
                ],
                "planeEquation": [
                    0.0,
                    0.0,
                    1.0,
                    -4.27657472
                ],
                "pointsIdx": [
                    1,
                    2
                ],
                "width": 1.8571845356765788
            },
            {
                "id": 0,
                "normal": [
                    -1.0,
                    -0.0,
                    -0.0
                ],
                "planeEquation": [
                    -1.0,
                    -0.0,
                    -0.0,
                    -1.374738391850413
                ],
                "pointsIdx": [
                    2,
                    3
                ],
                "width": 6.88811489513472
            },
            {
                "id": 0,
                "normal": [
                    0.0,
                    0.0,
                    -1.0
                ],
                "planeEquation": [
                    0.0,
                    0.0,
                    -1.0,
                    -2.6115401751347203
                ],
                "pointsIdx": [
                    3,
                    0
                ],
                "width": 1.8571845356765788
            }
        ]
    },
    "panoId": "nothing"
}