{
    "cameraHeight": 1.6,
    "layoutHeight": 3.17884518623352,
    "layoutObj2ds": {
        "num": 0,
        "obj2ds": []
    },
    "layoutPoints": {
        "num": 6,
        "points": [
            {
                "coords": [
                    0.5619962914912842,
                    0.5
                ],
                "id": 0,
                "xyz": [
                    0.6078852630118399,
                    0.0,
                    -1.4808032
                ]
            },
            {
                "coords": [
                    0.960654745872289,
                    0.5
                ],
                "id": 0,
                "xyz": [
                    0.6078852630118399,
                    0.0,
                    2.408650493869131
                ]
            },
            {
                "coords": [
                    0.056621086640057494,
                    0.5
                ],
                "id": 0,
                "xyz": [
                    -0.8949839593025346,
                    0.0,
                    2.408650493869131
                ]
            },
            {
                "coords": [
                    0.32053338514462937,
                    0.5
                ],
                "id": 0,
                "xyz": [
                    -0.8949839593025346,
                    0.0,
                    -0.4248168572309503
                ]
            },
            {
                "coords": [
                    0.36465543731238975,
                    0.5
                ],
                "id": 0,
                "xyz": [
                    -0.48396830906368,
                    0.0,
                    -0.4248168572309503
                ]
            },
            {
                "coords": [
                    0.4497254055358025,
                    0.5
                ],
                "id": 0,
                "xyz": [
                    -0.48396830906368,
                    0.0,
                    -1.4808032
                ]
            }
        ]
    },
    "layoutWalls": {
        "num": 6,
        "walls": [
            {
                "id": 0,
                "normal": [
                    1.0,
                    0.0,
                    -0.0
                ],
                "planeEquation": [
                    1.0,
                    0.0,
                    -0.0,
                    -0.6078852630118399
                ],
                "pointsIdx": [
                    0,
                    1
                ],
                "width": 3.889453693869131
            },
            {
                "id": 0,
                "normal": [
                    0.0,
                    0.0,
                    1.0
                ],
                "planeEquation": [
                    0.0,
                    0.0,
                    1.0,
                    -2.408650493869131
                ],
                "pointsIdx": [
                    1,
                    2
                ],
                "width": 1.5028692223143745
            },
            {
                "id": 0,
                "normal": [
                    -1.0,
                    -0.0,
                    -0.0
                ],
                "planeEquation": [
                    -1.0,
                    -0.0,
                    -0.0,
                    -0.8949839593025346
                ],
                "pointsIdx": [
                    2,
                    3
                ],
                "width": 2.833467351100081
            },
            {
                "id": 0,
                "normal": [
                    0.0,
                    0.0,
                    -1.0
                ],
                "planeEquation": [
                    0.0,
                    0.0,
                    -1.0,
                    -0.4248168572309503
                ],
                "pointsIdx": [
                    3,
                    4
                ],
                "width": 0.4110156502388546
            },
            {
                "id": 0,
                "normal": [
                    -1.0,
                    -0.0,
                    -0.0
                ],
                "planeEquation": [
                    -1.0,
                    -0.0,
                    -0.0,
                    -0.48396830906368
                ],
                "pointsIdx": [
                    4,
                    5
                ],
                "width": 1.0559863427690497
            },
            {
                "id": 0,
                "normal": [
                    0.0,
                    0.0,
                    -1.0
                ],
                "planeEquation": [
                    0.0,
                    0.0,
                    -1.0,
                    -1.4808032
                ],
                "pointsIdx": [
                    5,
                    0
                ],
                "width": 1.0918535720755198
            }
        ]
    },
    "panoId": "nothing"
}