{
    "cameraHeight": 1.6,
    "layoutHeight": 3.9815520095825194,
    "layoutObj2ds": {
        "num": 0,
        "obj2ds": []
    },
    "layoutPoints": {
        "num": 4,
        "points": [
            {
                "coords": [
                    0.6433428279865951,
                    0.5
                ],
                "id": 0,
                "xyz": [
                    1.86625,
                    0.0,
                    -1.4789902573568
                ]
            },
            {
                "coords": [
                    0.9384847774356756,
                    0.5
                ],
                "id": 0,
                "xyz": [
                    1.86625,
                    0.0,
                    4.585574069987977
                ]
            },
            {
                "coords": [
                    0.09962192401195408,
                    0.5
                ],
                "id": 0,
                "xyz": [
                    -3.315,
                    0.0,
                    4.585574069987977
                ]
            },
            {
                "coords": [
                    0.31678911898207196,
                    0.5
                ],
                "id": 0,
                "xyz": [
                    -3.315,
                    0.0,
                    -1.4789902573568
                ]
            }
        ]
    },
    "layoutWalls": {
        "num": 4,
        "walls": [
            {
                "id": 0,
                "normal": [
                    1.0,
                    0.0,
                    -0.0
                ],
                "planeEquation": [
                    1.0,
                    0.0,
                    -0.0,
                    -1.86625
                ],
                "pointsIdx": [
                    0,
                    1
                ],
                "width": 6.064564327344776
            },
            {
                "id": 0,
                "normal": [
                    0.0,
                    0.0,
                    1.0
                ],
                "planeEquation": [
                    0.0,
                    0.0,
                    1.0,
                    -4.585574069987977
                ],
                "pointsIdx": [
                    1,
                    2
                ],
                "width": 5.18125
            },
            {
                "id": 0,
                "normal": [
                    -1.0,
                    -0.0,
                    -0.0
                ],
                "planeEquation": [
                    -1.0,
                    -0.0,
                    -0.0,
                    -3.315
                ],
                "pointsIdx": [
                    2,
                    3
                ],
                "width": 6.064564327344776
            },
            {
                "id": 0,
                "normal": [
                    0.0,
                    0.0,
                    -1.0
                ],
                "planeEquation": [
                    0.0,
                    0.0,
                    -1.0,
                    -1.4789902573568
                ],
                "pointsIdx": [
                    3,
                    0
                ],
                "width": 5.18125
            }
        ]
    },
    "panoId": "nothing"
}