{
    "cameraHeight": 1.6,
    "layoutHeight": 3.899046354293824,
    "layoutObj2ds": {
        "num": 0,
        "obj2ds": []
    },
    "layoutPoints": {
        "num": 4,
        "points": [
            {
                "coords": [
                    0.6084884413959708,
                    0.5
                ],
                "id": 0,
                "xyz": [
                    1.11074551808,
                    0.0,
                    -1.368926479799227
                ]
            },
            {
                "coords": [
                    0.9270349390982927,
                    0.5
                ],
                "id": 0,
                "xyz": [
                    1.11074551808,
                    0.0,
                    2.250643622162966
                ]
            },
            {
                "coords": [
                    0.045663697615047794,
                    0.5
                ],
                "id": 0,
                "xyz": [
                    -0.6640625,
                    0.0,
                    2.250643622162966
                ]
            },
            {
                "coords": [
                    0.4281169528496332,
                    0.5
                ],
                "id": 0,
                "xyz": [
                    -0.6640625,
                    0.0,
                    -1.368926479799227
                ]
            }
        ]
    },
    "layoutWalls": {
        "num": 4,
        "walls": [
            {
                "id": 0,
                "normal": [
                    1.0,
                    0.0,
                    -0.0
                ],
                "planeEquation": [
                    1.0,
                    0.0,
                    -0.0,
                    -1.11074551808
                ],
                "pointsIdx": [
                    0,
                    1
                ],
                "width": 3.6195701019621933
            },
            {
                "id": 0,
                "normal": [
                    0.0,
                    0.0,
                    1.0
                ],
                "planeEquation": [
                    0.0,
                    0.0,
                    1.0,
                    -2.250643622162966
                ],
                "pointsIdx": [
                    1,
                    2
                ],
                "width": 1.77480801808
            },
            {
                "id": 0,
                "normal": [
                    -1.0,
                    -0.0,
                    -0.0
                ],
                "planeEquation": [
                    -1.0,
                    -0.0,
                    -0.0,
                    -0.6640625
                ],
                "pointsIdx": [
                    2,
                    3
                ],
                "width": 3.6195701019621933
            },
            {
                "id": 0,
                "normal": [
                    0.0,
                    0.0,
                    -1.0
                ],
                "planeEquation": [
                    0.0,
                    0.0,
                    -1.0,
                    -1.368926479799227
                ],
                "pointsIdx": [
                    3,
                    0
                ],
                "width": 1.77480801808
            }
        ]
    },
    "panoId": "nothing"
}