{
    "cameraHeight": 1.6,
    "layoutHeight": 2.7462401485443113,
    "layoutObj2ds": {
        "num": 0,
        "obj2ds": []
    },
    "layoutPoints": {
        "num": 4,
        "points": [
            {
                "coords": [
                    0.6859018187640449,
                    0.5
                ],
                "id": 0,
                "xyz": [
                    4.9119352431140175,
                    0.0,
                    -2.0926202078003198
                ]
            },
            {
                "coords": [
                    0.8531534180968318,
                    0.5
                ],
                "id": 0,
                "xyz": [
                    4.9119352431140175,
                    0.0,
                    3.71961749854225
                ]
            },
            {
                "coords": [
                    0.05579623056597971,
                    0.5
                ],
                "id": 0,
                "xyz": [
                    -1.3602035370412198,
                    0.0,
                    3.71961749854225
                ]
            },
            {
                "coords": [
                    0.40826701307546376,
                    0.5
                ],
                "id": 0,
                "xyz": [
                    -1.3602035370412198,
                    0.0,
                    -2.0926202078003198
                ]
            }
        ]
    },
    "layoutWalls": {
        "num": 4,
        "walls": [
            {
                "id": 0,
                "normal": [
                    1.0,
                    0.0,
                    -0.0
                ],
                "planeEquation": [
                    1.0,
                    0.0,
                    -0.0,
                    -4.9119352431140175
                ],
                "pointsIdx": [
                    0,
                    1
                ],
                "width": 5.81223770634257
            },
            {
                "id": 0,
                "normal": [
                    0.0,
                    0.0,
                    1.0
                ],
                "planeEquation": [
                    0.0,
                    0.0,
                    1.0,
                    -3.71961749854225
                ],
                "pointsIdx": [
                    1,
                    2
                ],
                "width": 6.272138780155237
            },
            {
                "id": 0,
                "normal": [
                    -1.0,
                    -0.0,
                    -0.0
                ],
                "planeEquation": [
                    -1.0,
                    -0.0,
                    -0.0,
                    -1.3602035370412198
                ],
                "pointsIdx": [
                    2,
                    3
                ],
                "width": 5.81223770634257
            },
            {
                "id": 0,
                "normal": [
                    0.0,
                    0.0,
                    -1.0
                ],
                "planeEquation": [
                    0.0,
                    0.0,
                    -1.0,
                    -2.0926202078003198
                ],
                "pointsIdx": [
                    3,
                    0
                ],
                "width": 6.272138780155237
            }
        ]
    },
    "panoId": "nothing"
}