{
    "cameraHeight": 1.6,
    "layoutHeight": 2.357956380844116,
    "layoutObj2ds": {
        "num": 0,
        "obj2ds": []
    },
    "layoutPoints": {
        "num": 4,
        "points": [
            {
                "coords": [
                    0.6923638002850668,
                    0.5
                ],
                "id": 0,
                "xyz": [
                    1.5736649295953158,
                    0.0,
                    -0.5961779022561751
                ]
            },
            {
                "coords": [
                    0.9314122439485766,
                    0.5
                ],
                "id": 0,
                "xyz": [
                    1.5736649295953158,
                    0.0,
                    3.4227158680718546
                ]
            },
            {
                "coords": [
                    0.11523898225386214,
                    0.5
                ],
                "id": 0,
                "xyz": [
                    -3.02667614900224,
                    0.0,
                    3.4227158680718546
                ]
            },
            {
                "coords": [
                    0.28095320168776017,
                    0.5
                ],
                "id": 0,
                "xyz": [
                    -3.02667614900224,
                    0.0,
                    -0.5961779022561751
                ]
            }
        ]
    },
    "layoutWalls": {
        "num": 4,
        "walls": [
            {
                "id": 0,
                "normal": [
                    1.0,
                    0.0,
                    -0.0
                ],
                "planeEquation": [
                    1.0,
                    0.0,
                    -0.0,
                    -1.5736649295953158
                ],
                "pointsIdx": [
                    0,
                    1
                ],
                "width": 4.018893770328029
            },
            {
                "id": 0,
                "normal": [
                    0.0,
                    0.0,
                    1.0
                ],
                "planeEquation": [
                    0.0,
                    0.0,
                    1.0,
                    -3.4227158680718546
                ],
                "pointsIdx": [
                    1,
                    2
                ],
                "width": 4.600341078597555
            },
            {
                "id": 0,
                "normal": [
                    -1.0,
                    -0.0,
                    -0.0
                ],
                "planeEquation": [
                    -1.0,
                    -0.0,
                    -0.0,
                    -3.02667614900224
                ],
                "pointsIdx": [
                    2,
                    3
                ],
                "width": 4.018893770328029
            },
            {
                "id": 0,
                "normal": [
                    0.0,
                    0.0,
                    -1.0
                ],
                "planeEquation": [
                    0.0,
                    0.0,
                    -1.0,
                    -0.5961779022561751
                ],
                "pointsIdx": [
                    3,
                    0
                ],
                "width": 4.600341078597555
            }
        ]
    },
    "panoId": "nothing"
}