{
    "cameraHeight": 1.6,
    "layoutHeight": 3.4551885795593265,
    "layoutObj2ds": {
        "num": 0,
        "obj2ds": []
    },
    "layoutPoints": {
        "num": 4,
        "points": [
            {
                "coords": [
                    0.6181754688377437,
                    0.5
                ],
                "id": 0,
                "xyz": [
                    3.51592720384,
                    0.0,
                    -3.831162108219295
                ]
            },
            {
                "coords": [
                    0.7961227300151141,
                    0.5
                ],
                "id": 0,
                "xyz": [
                    3.51592720384,
                    0.0,
                    1.048422915200064
                ]
            },
            {
                "coords": [
                    0.09913674310755444,
                    0.5
                ],
                "id": 0,
                "xyz": [
                    -0.753069428736,
                    0.0,
                    1.048422915200064
                ]
            },
            {
                "coords": [
                    0.4691096549117586,
                    0.5
                ],
                "id": 0,
                "xyz": [
                    -0.753069428736,
                    0.0,
                    -3.831162108219295
                ]
            }
        ]
    },
    "layoutWalls": {
        "num": 4,
        "walls": [
            {
                "id": 0,
                "normal": [
                    1.0,
                    0.0,
                    -0.0
                ],
                "planeEquation": [
                    1.0,
                    0.0,
                    -0.0,
                    -3.51592720384
                ],
                "pointsIdx": [
                    0,
                    1
                ],
                "width": 4.8795850234193585
            },
            {
                "id": 0,
                "normal": [
                    0.0,
                    0.0,
                    1.0
                ],
                "planeEquation": [
                    0.0,
                    0.0,
                    1.0,
                    -1.048422915200064
                ],
                "pointsIdx": [
                    1,
                    2
                ],
                "width": 4.268996632576
            },
            {
                "id": 0,
                "normal": [
                    -1.0,
                    -0.0,
                    -0.0
                ],
                "planeEquation": [
                    -1.0,
                    -0.0,
                    -0.0,
                    -0.753069428736
                ],
                "pointsIdx": [
                    2,
                    3
                ],
                "width": 4.8795850234193585
            },
            {
                "id": 0,
                "normal": [
                    0.0,
                    0.0,
                    -1.0
                ],
                "planeEquation": [
                    0.0,
                    0.0,
                    -1.0,
                    -3.831162108219295
                ],
                "pointsIdx": [
                    3,
                    0
                ],
                "width": 4.268996632576
            }
        ]
    },
    "panoId": "nothing"
}