{
    "cameraHeight": 1.6,
    "layoutHeight": 3.3380144201914472,
    "layoutObj2ds": {
        "num": 0,
        "obj2ds": []
    },
    "layoutPoints": {
        "num": 4,
        "points": [
            {
                "coords": [
                    0.6951043127246018,
                    0.5
                ],
                "id": 0,
                "xyz": [
                    4.404592682734386,
                    0.0,
                    -1.582490688
                ]
            },
            {
                "coords": [
                    0.8649660908222662,
                    0.5
                ],
                "id": 0,
                "xyz": [
                    4.404592682734386,
                    0.0,
                    3.881503284273114
                ]
            },
            {
                "coords": [
                    0.0342101831840978,
                    0.5
                ],
                "id": 0,
                "xyz": [
                    -0.847416388531365,
                    0.0,
                    3.881503284273114
                ]
            },
            {
                "coords": [
                    0.42175321690017975,
                    0.5
                ],
                "id": 0,
                "xyz": [
                    -0.847416388531365,
                    0.0,
                    -1.582490688
                ]
            }
        ]
    },
    "layoutWalls": {
        "num": 4,
        "walls": [
            {
                "id": 0,
                "normal": [
                    1.0,
                    0.0,
                    -0.0
                ],
                "planeEquation": [
                    1.0,
                    0.0,
                    -0.0,
                    -4.404592682734386
                ],
                "pointsIdx": [
                    0,
                    1
                ],
                "width": 5.463993972273114
            },
            {
                "id": 0,
                "normal": [
                    0.0,
                    0.0,
                    1.0
                ],
                "planeEquation": [
                    0.0,
                    0.0,
                    1.0,
                    -3.881503284273114
                ],
                "pointsIdx": [
                    1,
                    2
                ],
                "width": 5.252009071265752
            },
            {
                "id": 0,
                "normal": [
                    -1.0,
                    -0.0,
                    -0.0
                ],
                "planeEquation": [
                    -1.0,
                    -0.0,
                    -0.0,
                    -0.847416388531365
                ],
                "pointsIdx": [
                    2,
                    3
                ],
                "width": 5.463993972273114
            },
            {
                "id": 0,
                "normal": [
                    0.0,
                    0.0,
                    -1.0
                ],
                "planeEquation": [
                    0.0,
                    0.0,
                    -1.0,
                    -1.582490688
                ],
                "pointsIdx": [
                    3,
                    0
                ],
                "width": 5.252009071265752
            }
        ]
    },
    "panoId": "nothing"
}