{
    "cameraHeight": 1.6,
    "layoutHeight": 2.3894419002532956,
    "layoutObj2ds": {
        "num": 0,
        "obj2ds": []
    },
    "layoutPoints": {
        "num": 4,
        "points": [
            {
                "coords": [
                    0.6201255087016796,
                    0.5
                ],
                "id": 0,
                "xyz": [
                    3.5347515850778746,
                    0.0,
                    -3.7581846315370178
                ]
            },
            {
                "coords": [
                    0.793277798092384,
                    0.5
                ],
                "id": 0,
                "xyz": [
                    3.5347515850778746,
                    0.0,
                    0.9855909441536002
                ]
            },
            {
                "coords": [
                    0.1392143804207931,
                    0.5
                ],
                "id": 0,
                "xyz": [
                    -1.1794719179908995,
                    0.0,
                    0.9855909441536002
                ]
            },
            {
                "coords": [
                    0.4516000311471036,
                    0.5
                ],
                "id": 0,
                "xyz": [
                    -1.1794719179908995,
                    0.0,
                    -3.7581846315370178
                ]
            }
        ]
    },
    "layoutWalls": {
        "num": 4,
        "walls": [
            {
                "id": 0,
                "normal": [
                    1.0,
                    0.0,
                    -0.0
                ],
                "planeEquation": [
                    1.0,
                    0.0,
                    -0.0,
                    -3.5347515850778746
                ],
                "pointsIdx": [
                    0,
                    1
                ],
                "width": 4.743775575690618
            },
            {
                "id": 0,
                "normal": [
                    0.0,
                    0.0,
                    1.0
                ],
                "planeEquation": [
                    0.0,
                    0.0,
                    1.0,
                    -0.9855909441536002
                ],
                "pointsIdx": [
                    1,
                    2
                ],
                "width": 4.714223503068774
            },
            {
                "id": 0,
                "normal": [
                    -1.0,
                    -0.0,
                    -0.0
                ],
                "planeEquation": [
                    -1.0,
                    -0.0,
                    -0.0,
                    -1.1794719179908995
                ],
                "pointsIdx": [
                    2,
                    3
                ],
                "width": 4.743775575690618
            },
            {
                "id": 0,
                "normal": [
                    0.0,
                    0.0,
                    -1.0
                ],
                "planeEquation": [
                    0.0,
                    0.0,
                    -1.0,
                    -3.7581846315370178
                ],
                "pointsIdx": [
                    3,
                    0
                ],
                "width": 4.714223503068774
            }
        ]
    },
    "panoId": "nothing"
}