{
    "cameraHeight": 1.6,
    "layoutHeight": 2.4790761050056003,
    "layoutObj2ds": {
        "num": 0,
        "obj2ds": []
    },
    "layoutPoints": {
        "num": 4,
        "points": [
            {
                "coords": [
                    0.5366224685115466,
                    0.5
                ],
                "id": 0,
                "xyz": [
                    0.3901410593739599,
                    0.0,
                    -1.6654551415486942
                ]
            },
            {
                "coords": [
                    0.946366548988225,
                    0.5
                ],
                "id": 0,
                "xyz": [
                    0.3901410593739599,
                    0.0,
                    1.1135668796228169
                ]
            },
            {
                "coords": [
                    0.16399741821048608,
                    0.5
                ],
                "id": 0,
                "xyz": [
                    -1.8561523887367546,
                    0.0,
                    1.1135668796228169
                ]
            },
            {
                "coords": [
                    0.3663900694655713,
                    0.5
                ],
                "id": 0,
                "xyz": [
                    -1.8561523887367546,
                    0.0,
                    -1.6654551415486942
                ]
            }
        ]
    },
    "layoutWalls": {
        "num": 4,
        "walls": [
            {
                "id": 0,
                "normal": [
                    1.0,
                    0.0,
                    -0.0
                ],
                "planeEquation": [
                    1.0,
                    0.0,
                    -0.0,
                    -0.3901410593739599
                ],
                "pointsIdx": [
                    0,
                    1
                ],
                "width": 2.779022021171511
            },
            {
                "id": 0,
                "normal": [
                    0.0,
                    0.0,
                    1.0
                ],
                "planeEquation": [
                    0.0,
                    0.0,
                    1.0,
                    -1.1135668796228169
                ],
                "pointsIdx": [
                    1,
                    2
                ],
                "width": 2.2462934481107144
            },
            {
                "id": 0,
                "normal": [
                    -1.0,
                    -0.0,
                    -0.0
                ],
                "planeEquation": [
                    -1.0,
                    -0.0,
                    -0.0,
                    -1.8561523887367546
                ],
                "pointsIdx": [
                    2,
                    3
                ],
                "width": 2.779022021171511
            },
            {
                "id": 0,
                "normal": [
                    0.0,
                    0.0,
                    -1.0
                ],
                "planeEquation": [
                    0.0,
                    0.0,
                    -1.0,
                    -1.6654551415486942
                ],
                "pointsIdx": [
                    3,
                    0
                ],
                "width": 2.2462934481107144
            }
        ]
    },
    "panoId": "nothing"
}