{
    "cameraHeight": 1.6,
    "layoutHeight": 2.5780194664001463,
    "layoutObj2ds": {
        "num": 0,
        "obj2ds": []
    },
    "layoutPoints": {
        "num": 6,
        "points": [
            {
                "coords": [
                    0.5318649649270616,
                    0.5
                ],
                "id": 0,
                "xyz": [
                    0.875,
                    0.0,
                    -4.31178286592
                ]
            },
            {
                "coords": [
                    0.9183579734627205,
                    0.5
                ],
                "id": 0,
                "xyz": [
                    0.875,
                    0.0,
                    1.5534371200000001
                ]
            },
            {
                "coords": [
                    0.1785929094114736,
                    0.5
                ],
                "id": 0,
                "xyz": [
                    -3.2268594553754943,
                    0.0,
                    1.5534371200000001
                ]
            },
            {
                "coords": [
                    0.3168320168564142,
                    0.5
                ],
                "id": 0,
                "xyz": [
                    -3.2268594553754943,
                    0.0,
                    -1.44070927616
                ]
            },
            {
                "coords": [
                    0.4041402452724838,
                    0.5
                ],
                "id": 0,
                "xyz": [
                    -0.9905242400000001,
                    0.0,
                    -1.44070927616
                ]
            },
            {
                "coords": [
                    0.46406167246457025,
                    0.5
                ],
                "id": 0,
                "xyz": [
                    -0.9905242400000001,
                    0.0,
                    -4.31178286592
                ]
            }
        ]
    },
    "layoutWalls": {
        "num": 6,
        "walls": [
            {
                "id": 0,
                "normal": [
                    1.0,
                    0.0,
                    -0.0
                ],
                "planeEquation": [
                    1.0,
                    0.0,
                    -0.0,
                    -0.875
                ],
                "pointsIdx": [
                    0,
                    1
                ],
                "width": 5.86521998592
            },
            {
                "id": 0,
                "normal": [
                    0.0,
                    0.0,
                    1.0
                ],
                "planeEquation": [
                    0.0,
                    0.0,
                    1.0,
                    -1.5534371200000001
                ],
                "pointsIdx": [
                    1,
                    2
                ],
                "width": 4.101859455375495
            },
            {
                "id": 0,
                "normal": [
                    -1.0,
                    -0.0,
                    -0.0
                ],
                "planeEquation": [
                    -1.0,
                    -0.0,
                    -0.0,
                    -3.2268594553754943
                ],
                "pointsIdx": [
                    2,
                    3
                ],
                "width": 2.99414639616
            },
            {
                "id": 0,
                "normal": [
                    0.0,
                    0.0,
                    -1.0
                ],
                "planeEquation": [
                    0.0,
                    0.0,
                    -1.0,
                    -1.44070927616
                ],
                "pointsIdx": [
                    3,
                    4
                ],
                "width": 2.2363352153754943
            },
            {
                "id": 0,
                "normal": [
                    -1.0,
                    -0.0,
                    -0.0
                ],
                "planeEquation": [
                    -1.0,
                    -0.0,
                    -0.0,
                    -0.9905242400000001
                ],
                "pointsIdx": [
                    4,
                    5
                ],
                "width": 2.87107358976
            },
            {
                "id": 0,
                "normal": [
                    0.0,
                    0.0,
                    -1.0
                ],
                "planeEquation": [
                    0.0,
                    0.0,
                    -1.0,
                    -4.31178286592
                ],
                "pointsIdx": [
                    5,
                    0
                ],
                "width": 1.86552424
            }
        ]
    },
    "panoId": "nothing"
}