{
    "cameraHeight": 1.6,
    "layoutHeight": 3.619330139160157,
    "layoutObj2ds": {
        "num": 0,
        "obj2ds": []
    },
    "layoutPoints": {
        "num": 8,
        "points": [
            {
                "coords": [
                    0.5609897590886598,
                    0.5
                ],
                "id": 0,
                "xyz": [
                    2.1013450215666483,
                    0.0,
                    -5.212450590571858
                ]
            },
            {
                "coords": [
                    0.9477555468614451,
                    0.5
                ],
                "id": 0,
                "xyz": [
                    2.1013450215666483,
                    0.0,
                    6.169835381602299
                ]
            },
            {
                "coords": [
                    0.07904851663367363,
                    0.5
                ],
                "id": 0,
                "xyz": [
                    -3.3440191886472634,
                    0.0,
                    6.169835381602299
                ]
            },
            {
                "coords": [
                    0.24142824092362303,
                    0.5
                ],
                "id": 0,
                "xyz": [
                    -3.3440191886472634,
                    0.0,
                    0.1802763622136519
                ]
            },
            {
                "coords": [
                    0.21280818294733,
                    0.5
                ],
                "id": 0,
                "xyz": [
                    -0.7573627375306714,
                    0.0,
                    0.1802763622136519
                ]
            },
            {
                "coords": [
                    0.2670366250230128,
                    0.5
                ],
                "id": 0,
                "xyz": [
                    -0.7573627375306714,
                    0.0,
                    -0.08138242011702806
                ]
            },
            {
                "coords": [
                    0.2554222528220471,
                    0.5
                ],
                "id": 0,
                "xyz": [
                    -2.3878272000000003,
                    0.0,
                    -0.08138242011702806
                ]
            },
            {
                "coords": [
                    0.4316318104515903,
                    0.5
                ],
                "id": 0,
                "xyz": [
                    -2.3878272000000003,
                    0.0,
                    -5.212450590571858
                ]
            }
        ]
    },
    "layoutWalls": {
        "num": 8,
        "walls": [
            {
                "id": 0,
                "normal": [
                    1.0,
                    0.0,
                    -0.0
                ],
                "planeEquation": [
                    1.0,
                    0.0,
                    -0.0,
                    -2.1013450215666483
                ],
                "pointsIdx": [
                    0,
                    1
                ],
                "width": 11.382285972174156
            },
            {
                "id": 0,
                "normal": [
                    0.0,
                    0.0,
                    1.0
                ],
                "planeEquation": [
                    0.0,
                    0.0,
                    1.0,
                    -6.169835381602299
                ],
                "pointsIdx": [
                    1,
                    2
                ],
                "width": 5.445364210213912
            },
            {
                "id": 0,
                "normal": [
                    -1.0,
                    -0.0,
                    -0.0
                ],
                "planeEquation": [
                    -1.0,
                    -0.0,
                    -0.0,
                    -3.3440191886472634
                ],
                "pointsIdx": [
                    2,
                    3
                ],
                "width": 5.989559019388647
            },
            {
                "id": 0,
                "normal": [
                    0.0,
                    0.0,
                    -1.0
                ],
                "planeEquation": [
                    0.0,
                    0.0,
                    -1.0,
                    0.1802763622136519
                ],
                "pointsIdx": [
                    3,
                    4
                ],
                "width": 2.586656451116592
            },
            {
                "id": 0,
                "normal": [
                    -1.0,
                    -0.0,
                    -0.0
                ],
                "planeEquation": [
                    -1.0,
                    -0.0,
                    -0.0,
                    -0.7573627375306714
                ],
                "pointsIdx": [
                    4,
                    5
                ],
                "width": 0.26165878233067996
            },
            {
                "id": 0,
                "normal": [
                    0.0,
                    0.0,
                    1.0
                ],
                "planeEquation": [
                    0.0,
                    0.0,
                    1.0,
                    0.08138242011702806
                ],
                "pointsIdx": [
                    5,
                    6
                ],
                "width": 1.630464462469329
            },
            {
                "id": 0,
                "normal": [
                    -1.0,
                    -0.0,
                    -0.0
                ],
                "planeEquation": [
                    -1.0,
                    -0.0,
                    -0.0,
                    -2.3878272000000003
                ],
                "pointsIdx": [
                    6,
                    7
                ],
                "width": 5.13106817045483
            },
            {
                "id": 0,
                "normal": [
                    0.0,
                    0.0,
                    -1.0
                ],
                "planeEquation": [
                    0.0,
                    0.0,
                    -1.0,
                    -5.212450590571858
                ],
                "pointsIdx": [
                    7,
                    0
                ],
                "width": 4.4891722215666485
            }
        ]
    },
    "panoId": "nothing"
}