{
    "cameraHeight": 1.6,
    "layoutHeight": 2.418223705291748,
    "layoutObj2ds": {
        "num": 0,
        "obj2ds": []
    },
    "layoutPoints": {
        "num": 4,
        "points": [
            {
                "coords": [
                    0.5746984127046216,
                    0.5
                ],
                "id": 0,
                "xyz": [
                    1.6960210551033037,
                    0.0,
                    -3.34428
                ]
            },
            {
                "coords": [
                    0.8395582583747934,
                    0.5
                ],
                "id": 0,
                "xyz": [
                    1.6960210551033037,
                    0.0,
                    1.0697360436462366
                ]
            },
            {
                "coords": [
                    0.13574690176300364,
                    0.5
                ],
                "id": 0,
                "xyz": [
                    -1.22491796733952,
                    0.0,
                    1.0697360436462366
                ]
            },
            {
                "coords": [
                    0.4441211226155393,
                    0.5
                ],
                "id": 0,
                "xyz": [
                    -1.22491796733952,
                    0.0,
                    -3.34428
                ]
            }
        ]
    },
    "layoutWalls": {
        "num": 4,
        "walls": [
            {
                "id": 0,
                "normal": [
                    1.0,
                    0.0,
                    -0.0
                ],
                "planeEquation": [
                    1.0,
                    0.0,
                    -0.0,
                    -1.6960210551033037
                ],
                "pointsIdx": [
                    0,
                    1
                ],
                "width": 4.414016043646237
            },
            {
                "id": 0,
                "normal": [
                    0.0,
                    0.0,
                    1.0
                ],
                "planeEquation": [
                    0.0,
                    0.0,
                    1.0,
                    -1.0697360436462366
                ],
                "pointsIdx": [
                    1,
                    2
                ],
                "width": 2.9209390224428238
            },
            {
                "id": 0,
                "normal": [
                    -1.0,
                    -0.0,
                    -0.0
                ],
                "planeEquation": [
                    -1.0,
                    -0.0,
                    -0.0,
                    -1.22491796733952
                ],
                "pointsIdx": [
                    2,
                    3
                ],
                "width": 4.414016043646237
            },
            {
                "id": 0,
                "normal": [
                    0.0,
                    0.0,
                    -1.0
                ],
                "planeEquation": [
                    0.0,
                    0.0,
                    -1.0,
                    -3.34428
                ],
                "pointsIdx": [
                    3,
                    0
                ],
                "width": 2.9209390224428238
            }
        ]
    },
    "panoId": "nothing"
}