{
    "cameraHeight": 1.6,
    "layoutHeight": 3.216792869567871,
    "layoutObj2ds": {
        "num": 0,
        "obj2ds": []
    },
    "layoutPoints": {
        "num": 4,
        "points": [
            {
                "coords": [
                    0.535162172038262,
                    0.5
                ],
                "id": 0,
                "xyz": [
                    0.5728792,
                    0.0,
                    -2.5507029589071286
                ]
            },
            {
                "coords": [
                    0.9581602033937081,
                    0.5
                ],
                "id": 0,
                "xyz": [
                    0.5728792,
                    0.0,
                    2.1287489006796805
                ]
            },
            {
                "coords": [
                    0.1678282138838364,
                    0.5
                ],
                "id": 0,
                "xyz": [
                    -3.7500422807469165,
                    0.0,
                    2.1287489006796805
                ]
            },
            {
                "coords": [
                    0.34506318183319606,
                    0.5
                ],
                "id": 0,
                "xyz": [
                    -3.7500422807469165,
                    0.0,
                    -2.5507029589071286
                ]
            }
        ]
    },
    "layoutWalls": {
        "num": 4,
        "walls": [
            {
                "id": 0,
                "normal": [
                    1.0,
                    0.0,
                    -0.0
                ],
                "planeEquation": [
                    1.0,
                    0.0,
                    -0.0,
                    -0.5728792
                ],
                "pointsIdx": [
                    0,
                    1
                ],
                "width": 4.679451859586809
            },
            {
                "id": 0,
                "normal": [
                    0.0,
                    0.0,
                    1.0
                ],
                "planeEquation": [
                    0.0,
                    0.0,
                    1.0,
                    -2.1287489006796805
                ],
                "pointsIdx": [
                    1,
                    2
                ],
                "width": 4.322921480746917
            },
            {
                "id": 0,
                "normal": [
                    -1.0,
                    -0.0,
                    -0.0
                ],
                "planeEquation": [
                    -1.0,
                    -0.0,
                    -0.0,
                    -3.7500422807469165
                ],
                "pointsIdx": [
                    2,
                    3
                ],
                "width": 4.679451859586809
            },
            {
                "id": 0,
                "normal": [
                    0.0,
                    0.0,
                    -1.0
                ],
                "planeEquation": [
                    0.0,
                    0.0,
                    -1.0,
                    -2.5507029589071286
                ],
                "pointsIdx": [
                    3,
                    0
                ],
                "width": 4.322921480746917
            }
        ]
    },
    "panoId": "nothing"
}