{
    "cameraHeight": 1.6,
    "layoutHeight": 2.640537986755371,
    "layoutObj2ds": {
        "num": 0,
        "obj2ds": []
    },
    "layoutPoints": {
        "num": 4,
        "points": [
            {
                "coords": [
                    0.6889762579906815,
                    0.5
                ],
                "id": 0,
                "xyz": [
                    1.5563424768,
                    0.0,
                    -0.6278095693735698
                ]
            },
            {
                "coords": [
                    0.9456928053836305,
                    0.5
                ],
                "id": 0,
                "xyz": [
                    1.5563424768,
                    0.0,
                    4.382673571840001
                ]
            },
            {
                "coords": [
                    0.09970553391567649,
                    0.5
                ],
                "id": 0,
                "xyz": [
                    -3.171826275771486,
                    0.0,
                    4.382673571840001
                ]
            },
            {
                "coords": [
                    0.281100056410049,
                    0.5
                ],
                "id": 0,
                "xyz": [
                    -3.171826275771486,
                    0.0,
                    -0.6278095693735698
                ]
            }
        ]
    },
    "layoutWalls": {
        "num": 4,
        "walls": [
            {
                "id": 0,
                "normal": [
                    1.0,
                    0.0,
                    -0.0
                ],
                "planeEquation": [
                    1.0,
                    0.0,
                    -0.0,
                    -1.5563424768
                ],
                "pointsIdx": [
                    0,
                    1
                ],
                "width": 5.01048314121357
            },
            {
                "id": 0,
                "normal": [
                    0.0,
                    0.0,
                    1.0
                ],
                "planeEquation": [
                    0.0,
                    0.0,
                    1.0,
                    -4.382673571840001
                ],
                "pointsIdx": [
                    1,
                    2
                ],
                "width": 4.728168752571486
            },
            {
                "id": 0,
                "normal": [
                    -1.0,
                    -0.0,
                    -0.0
                ],
                "planeEquation": [
                    -1.0,
                    -0.0,
                    -0.0,
                    -3.171826275771486
                ],
                "pointsIdx": [
                    2,
                    3
                ],
                "width": 5.01048314121357
            },
            {
                "id": 0,
                "normal": [
                    0.0,
                    0.0,
                    -1.0
                ],
                "planeEquation": [
                    0.0,
                    0.0,
                    -1.0,
                    -0.6278095693735698
                ],
                "pointsIdx": [
                    3,
                    0
                ],
                "width": 4.728168752571486
            }
        ]
    },
    "panoId": "nothing"
}