{
    "cameraHeight": 1.6,
    "layoutHeight": 2.728955554962158,
    "layoutObj2ds": {
        "num": 0,
        "obj2ds": []
    },
    "layoutPoints": {
        "num": 4,
        "points": [
            {
                "coords": [
                    0.5321793156785667,
                    0.5
                ],
                "id": 0,
                "xyz": [
                    0.649118708510281,
                    0.0,
                    -3.1665935776345493
                ]
            },
            {
                "coords": [
                    0.8451272961543648,
                    0.5
                ],
                "id": 0,
                "xyz": [
                    0.649118708510281,
                    0.0,
                    0.4419
                ]
            },
            {
                "coords": [
                    0.23007329564625606,
                    0.5
                ],
                "id": 0,
                "xyz": [
                    -3.51100145184768,
                    0.0,
                    0.4419
                ]
            },
            {
                "coords": [
                    0.366798590937908,
                    0.5
                ],
                "id": 0,
                "xyz": [
                    -3.51100145184768,
                    0.0,
                    -3.1665935776345493
                ]
            }
        ]
    },
    "layoutWalls": {
        "num": 4,
        "walls": [
            {
                "id": 0,
                "normal": [
                    1.0,
                    0.0,
                    -0.0
                ],
                "planeEquation": [
                    1.0,
                    0.0,
                    -0.0,
                    -0.649118708510281
                ],
                "pointsIdx": [
                    0,
                    1
                ],
                "width": 3.6084935776345493
            },
            {
                "id": 0,
                "normal": [
                    0.0,
                    0.0,
                    1.0
                ],
                "planeEquation": [
                    0.0,
                    0.0,
                    1.0,
                    -0.4419
                ],
                "pointsIdx": [
                    1,
                    2
                ],
                "width": 4.160120160357961
            },
            {
                "id": 0,
                "normal": [
                    -1.0,
                    -0.0,
                    -0.0
                ],
                "planeEquation": [
                    -1.0,
                    -0.0,
                    -0.0,
                    -3.51100145184768
                ],
                "pointsIdx": [
                    2,
                    3
                ],
                "width": 3.6084935776345493
            },
            {
                "id": 0,
                "normal": [
                    0.0,
                    0.0,
                    -1.0
                ],
                "planeEquation": [
                    0.0,
                    0.0,
                    -1.0,
                    -3.1665935776345493
                ],
                "pointsIdx": [
                    3,
                    0
                ],
                "width": 4.160120160357961
            }
        ]
    },
    "panoId": "nothing"
}