{
    "cameraHeight": 1.6,
    "layoutHeight": 2.5043787670135496,
    "layoutObj2ds": {
        "num": 0,
        "obj2ds": []
    },
    "layoutPoints": {
        "num": 6,
        "points": [
            {
                "coords": [
                    0.7114168828930825,
                    0.5
                ],
                "id": 0,
                "xyz": [
                    4.48900963072,
                    0.0,
                    -1.1100796723200002
                ]
            },
            {
                "coords": [
                    0.854357133823918,
                    0.5
                ],
                "id": 0,
                "xyz": [
                    4.48900963072,
                    0.0,
                    3.4530813567674628
                ]
            },
            {
                "coords": [
                    0.07107666449508904,
                    0.5
                ],
                "id": 0,
                "xyz": [
                    -1.6535205449647479,
                    0.0,
                    3.4530813567674628
                ]
            },
            {
                "coords": [
                    0.12172047789838025,
                    0.45179605359788
                ],
                "id": 0,
                "xyz": [
                    -1.6535205449647479,
                    0.3644440441815945,
                    1.723108693293764
                ]
            },
            {
                "coords": [
                    0.07173611111111111,
                    0.4401165777749095
                ],
                "id": 0,
                "xyz": [
                    -0.8339110345053241,
                    0.3644440441815945,
                    1.723108693293764
                ]
            },
            {
                "coords": [
                    0.39745969873038545,
                    0.5
                ],
                "id": 0,
                "xyz": [
                    -0.8339110345053241,
                    0.0,
                    -1.1100796723200002
                ]
            }
        ]
    },
    "layoutWalls": {
        "num": 6,
        "walls": [
            {
                "id": 0,
                "normal": [
                    1.0,
                    0.0,
                    -0.0
                ],
                "planeEquation": [
                    1.0,
                    0.0,
                    -0.0,
                    -4.48900963072
                ],
                "pointsIdx": [
                    0,
                    1
                ],
                "width": 4.563161029087463
            },
            {
                "id": 0,
                "normal": [
                    0.0,
                    0.0,
                    1.0
                ],
                "planeEquation": [
                    0.0,
                    0.0,
                    1.0,
                    -3.4530813567674628
                ],
                "pointsIdx": [
                    1,
                    2
                ],
                "width": 6.1425301756847475
            },
            {
                "id": 0,
                "normal": [
                    -1.0,
                    -0.0,
                    -0.0
                ],
                "planeEquation": [
                    -1.0,
                    -0.0,
                    -0.0,
                    -1.6535205449647479
                ],
                "pointsIdx": [
                    2,
                    3
                ],
                "width": 1.7299726634736987
            },
            {
                "id": 0,
                "normal": [
                    0.0,
                    0.0,
                    -1.0
                ],
                "planeEquation": [
                    0.0,
                    0.0,
                    -1.0,
                    1.723108693293764
                ],
                "pointsIdx": [
                    3,
                    4
                ],
                "width": 0.8196095104594238
            },
            {
                "id": 0,
                "normal": [
                    -1.0,
                    -0.0,
                    -0.0
                ],
                "planeEquation": [
                    -1.0,
                    -0.0,
                    -0.0,
                    -0.8339110345053241
                ],
                "pointsIdx": [
                    4,
                    5
                ],
                "width": 2.833188365613764
            },
            {
                "id": 0,
                "normal": [
                    0.0,
                    0.0,
                    -1.0
                ],
                "planeEquation": [
                    0.0,
                    0.0,
                    -1.0,
                    -1.1100796723200002
                ],
                "pointsIdx": [
                    5,
                    0
                ],
                "width": 5.3229206652253245
            }
        ]
    },
    "panoId": "nothing"
}