{
    "cameraHeight": 1.6,
    "layoutHeight": 2.732984638214111,
    "layoutObj2ds": {
        "num": 0,
        "obj2ds": []
    },
    "layoutPoints": {
        "num": 6,
        "points": [
            {
                "coords": [
                    0.724363135500977,
                    0.5
                ],
                "id": 0,
                "xyz": [
                    6.080016010847594,
                    0.0,
                    -0.9879356144215357
                ]
            },
            {
                "coords": [
                    0.7661103452419262,
                    0.5
                ],
                "id": 0,
                "xyz": [
                    6.080016010847594,
                    0.0,
                    0.6175559454006918
                ]
            },
            {
                "coords": [
                    0.7700445002822398,
                    0.5
                ],
                "id": 0,
                "xyz": [
                    4.8774906991616,
                    0.0,
                    0.6175559454006918
                ]
            },
            {
                "coords": [
                    0.8611067037986371,
                    0.5
                ],
                "id": 0,
                "xyz": [
                    4.8774906991616,
                    0.0,
                    4.092470485524688
                ]
            },
            {
                "coords": [
                    0.03173807947805812,
                    0.5
                ],
                "id": 0,
                "xyz": [
                    -0.8270979199999999,
                    0.0,
                    4.092470485524688
                ]
            },
            {
                "coords": [
                    0.3890666410401977,
                    0.5
                ],
                "id": 0,
                "xyz": [
                    -0.8270979199999999,
                    0.0,
                    -0.9879356144215357
                ]
            }
        ]
    },
    "layoutWalls": {
        "num": 6,
        "walls": [
            {
                "id": 0,
                "normal": [
                    1.0,
                    0.0,
                    -0.0
                ],
                "planeEquation": [
                    1.0,
                    0.0,
                    -0.0,
                    -6.080016010847594
                ],
                "pointsIdx": [
                    0,
                    1
                ],
                "width": 1.6054915598222275
            },
            {
                "id": 0,
                "normal": [
                    0.0,
                    0.0,
                    1.0
                ],
                "planeEquation": [
                    0.0,
                    0.0,
                    1.0,
                    -0.6175559454006918
                ],
                "pointsIdx": [
                    1,
                    2
                ],
                "width": 1.202525311685994
            },
            {
                "id": 0,
                "normal": [
                    1.0,
                    0.0,
                    -0.0
                ],
                "planeEquation": [
                    1.0,
                    0.0,
                    -0.0,
                    -4.8774906991616
                ],
                "pointsIdx": [
                    2,
                    3
                ],
                "width": 3.474914540123996
            },
            {
                "id": 0,
                "normal": [
                    0.0,
                    0.0,
                    1.0
                ],
                "planeEquation": [
                    0.0,
                    0.0,
                    1.0,
                    -4.092470485524688
                ],
                "pointsIdx": [
                    3,
                    4
                ],
                "width": 5.7045886191615995
            },
            {
                "id": 0,
                "normal": [
                    -1.0,
                    -0.0,
                    -0.0
                ],
                "planeEquation": [
                    -1.0,
                    -0.0,
                    -0.0,
                    -0.8270979199999999
                ],
                "pointsIdx": [
                    4,
                    5
                ],
                "width": 5.080406099946224
            },
            {
                "id": 0,
                "normal": [
                    0.0,
                    0.0,
                    -1.0
                ],
                "planeEquation": [
                    0.0,
                    0.0,
                    -1.0,
                    -0.9879356144215357
                ],
                "pointsIdx": [
                    5,
                    0
                ],
                "width": 6.9071139308475935
            }
        ]
    },
    "panoId": "nothing"
}