{
    "cameraHeight": 1.6,
    "layoutHeight": 2.80169150352478,
    "layoutObj2ds": {
        "num": 0,
        "obj2ds": []
    },
    "layoutPoints": {
        "num": 10,
        "points": [
            {
                "coords": [
                    0.650020840057526,
                    0.5
                ],
                "id": 0,
                "xyz": [
                    2.04328027648,
                    0.0,
                    -1.484121274690022
                ]
            },
            {
                "coords": [
                    0.8565741397803301,
                    0.5
                ],
                "id": 0,
                "xyz": [
                    2.04328027648,
                    0.0,
                    1.6175507623175416
                ]
            },
            {
                "coords": [
                    0.9113846364408246,
                    0.5
                ],
                "id": 0,
                "xyz": [
                    1.0068966400000001,
                    0.0,
                    1.6175507623175416
                ]
            },
            {
                "coords": [
                    0.97945042842179,
                    0.5
                ],
                "id": 0,
                "xyz": [
                    1.0068966400000001,
                    0.0,
                    7.754957542488837
                ]
            },
            {
                "coords": [
                    0.03941741977749896,
                    0.5
                ],
                "id": 0,
                "xyz": [
                    -1.9609048813224328,
                    0.0,
                    7.754957542488837
                ]
            },
            {
                "coords": [
                    0.08805963111273635,
                    0.5014644664605169
                ],
                "id": 0,
                "xyz": [
                    -1.9609048813224328,
                    -0.01716807481321503,
                    3.174793727807604
                ]
            },
            {
                "coords": [
                    0.04020833333333329,
                    0.5016666438208299
                ],
                "id": 0,
                "xyz": [
                    -0.8195797355223118,
                    -0.01716807481321503,
                    3.174793727807604
                ]
            },
            {
                "coords": [
                    0.4345954224494737,
                    0.5
                ],
                "id": 0,
                "xyz": [
                    -0.8195797355223118,
                    0.0,
                    -1.8808051829876922
                ]
            },
            {
                "coords": [
                    0.5499879486723086,
                    0.48806147145318146
                ],
                "id": 0,
                "xyz": [
                    0.6109532014208329,
                    0.07420466113011973,
                    -1.8808051829876922
                ]
            },
            {
                "coords": [
                    0.5621527777777777,
                    0.485293499274748
                ],
                "id": 0,
                "xyz": [
                    0.6109532014208329,
                    0.07420466113011973,
                    -1.484121274690022
                ]
            }
        ]
    },
    "layoutWalls": {
        "num": 10,
        "walls": [
            {
                "id": 0,
                "normal": [
                    1.0,
                    0.0,
                    -0.0
                ],
                "planeEquation": [
                    1.0,
                    0.0,
                    -0.0,
                    -2.04328027648
                ],
                "pointsIdx": [
                    0,
                    1
                ],
                "width": 3.101672037007564
            },
            {
                "id": 0,
                "normal": [
                    0.0,
                    0.0,
                    1.0
                ],
                "planeEquation": [
                    0.0,
                    0.0,
                    1.0,
                    -1.6175507623175416
                ],
                "pointsIdx": [
                    1,
                    2
                ],
                "width": 1.0363836364799999
            },
            {
                "id": 0,
                "normal": [
                    1.0,
                    0.0,
                    -0.0
                ],
                "planeEquation": [
                    1.0,
                    0.0,
                    -0.0,
                    -1.0068966400000001
                ],
                "pointsIdx": [
                    2,
                    3
                ],
                "width": 6.137406780171295
            },
            {
                "id": 0,
                "normal": [
                    0.0,
                    0.0,
                    1.0
                ],
                "planeEquation": [
                    0.0,
                    0.0,
                    1.0,
                    -7.754957542488837
                ],
                "pointsIdx": [
                    3,
                    4
                ],
                "width": 2.967801521322433
            },
            {
                "id": 0,
                "normal": [
                    -1.0,
                    -0.0,
                    -0.0
                ],
                "planeEquation": [
                    -1.0,
                    -0.0,
                    -0.0,
                    -1.9609048813224328
                ],
                "pointsIdx": [
                    4,
                    5
                ],
                "width": 4.580163814681233
            },
            {
                "id": 0,
                "normal": [
                    0.0,
                    0.0,
                    -1.0
                ],
                "planeEquation": [
                    0.0,
                    0.0,
                    -1.0,
                    3.174793727807604
                ],
                "pointsIdx": [
                    5,
                    6
                ],
                "width": 1.141325145800121
            },
            {
                "id": 0,
                "normal": [
                    -1.0,
                    -0.0,
                    -0.0
                ],
                "planeEquation": [
                    -1.0,
                    -0.0,
                    -0.0,
                    -0.8195797355223118
                ],
                "pointsIdx": [
                    6,
                    7
                ],
                "width": 5.055598910795297
            },
            {
                "id": 0,
                "normal": [
                    0.0,
                    0.0,
                    -1.0
                ],
                "planeEquation": [
                    0.0,
                    0.0,
                    -1.0,
                    -1.8808051829876922
                ],
                "pointsIdx": [
                    7,
                    8
                ],
                "width": 1.4305329369431448
            },
            {
                "id": 0,
                "normal": [
                    1.0,
                    0.0,
                    -0.0
                ],
                "planeEquation": [
                    1.0,
                    0.0,
                    -0.0,
                    -0.6109532014208329
                ],
                "pointsIdx": [
                    8,
                    9
                ],
                "width": 0.3966839082976701
            },
            {
                "id": 0,
                "normal": [
                    0.0,
                    0.0,
                    -1.0
                ],
                "planeEquation": [
                    0.0,
                    0.0,
                    -1.0,
                    -1.484121274690022
                ],
                "pointsIdx": [
                    9,
                    0
                ],
                "width": 1.4323270750591672
            }
        ]
    },
    "panoId": "nothing"
}