{
    "cameraHeight": 1.6,
    "layoutHeight": 2.7578660392761227,
    "layoutObj2ds": {
        "num": 0,
        "obj2ds": []
    },
    "layoutPoints": {
        "num": 8,
        "points": [
            {
                "coords": [
                    0.5343824577466854,
                    0.5
                ],
                "id": 0,
                "xyz": [
                    0.7672475699199999,
                    0.0,
                    -3.4961340488369044
                ]
            },
            {
                "coords": [
                    0.922328600985798,
                    0.5
                ],
                "id": 0,
                "xyz": [
                    0.7672475699199999,
                    0.0,
                    1.4453125
                ]
            },
            {
                "coords": [
                    0.18668944954282507,
                    0.5
                ],
                "id": 0,
                "xyz": [
                    -3.4396407940424965,
                    0.0,
                    1.4453125
                ]
            },
            {
                "coords": [
                    0.23411807658398776,
                    0.5
                ],
                "id": 0,
                "xyz": [
                    -3.4396407940424965,
                    0.0,
                    0.3443824119050841
                ]
            },
            {
                "coords": [
                    0.24242119220598563,
                    0.5
                ],
                "id": 0,
                "xyz": [
                    -7.2265625,
                    0.0,
                    0.3443824119050841
                ]
            },
            {
                "coords": [
                    0.26542716491850216,
                    0.5
                ],
                "id": 0,
                "xyz": [
                    -7.2265625,
                    0.0,
                    -0.7026853825487765
                ]
            },
            {
                "coords": [
                    0.2831068657365574,
                    0.5
                ],
                "id": 0,
                "xyz": [
                    -3.3291614277968913,
                    0.0,
                    -0.7026853825487765
                ]
            },
            {
                "coords": [
                    0.3788927572555517,
                    0.5
                ],
                "id": 0,
                "xyz": [
                    -3.3291614277968913,
                    0.0,
                    -3.4961340488369044
                ]
            }
        ]
    },
    "layoutWalls": {
        "num": 8,
        "walls": [
            {
                "id": 0,
                "normal": [
                    1.0,
                    0.0,
                    -0.0
                ],
                "planeEquation": [
                    1.0,
                    0.0,
                    -0.0,
                    -0.7672475699199999
                ],
                "pointsIdx": [
                    0,
                    1
                ],
                "width": 4.941446548836904
            },
            {
                "id": 0,
                "normal": [
                    0.0,
                    0.0,
                    1.0
                ],
                "planeEquation": [
                    0.0,
                    0.0,
                    1.0,
                    -1.4453125
                ],
                "pointsIdx": [
                    1,
                    2
                ],
                "width": 4.206888363962497
            },
            {
                "id": 0,
                "normal": [
                    -1.0,
                    -0.0,
                    -0.0
                ],
                "planeEquation": [
                    -1.0,
                    -0.0,
                    -0.0,
                    -3.4396407940424965
                ],
                "pointsIdx": [
                    2,
                    3
                ],
                "width": 1.1009300880949158
            },
            {
                "id": 0,
                "normal": [
                    0.0,
                    0.0,
                    1.0
                ],
                "planeEquation": [
                    0.0,
                    0.0,
                    1.0,
                    -0.3443824119050841
                ],
                "pointsIdx": [
                    3,
                    4
                ],
                "width": 3.7869217059575035
            },
            {
                "id": 0,
                "normal": [
                    -1.0,
                    -0.0,
                    -0.0
                ],
                "planeEquation": [
                    -1.0,
                    -0.0,
                    -0.0,
                    -7.2265625
                ],
                "pointsIdx": [
                    4,
                    5
                ],
                "width": 1.0470677944538607
            },
            {
                "id": 0,
                "normal": [
                    0.0,
                    0.0,
                    -1.0
                ],
                "planeEquation": [
                    0.0,
                    0.0,
                    -1.0,
                    -0.7026853825487765
                ],
                "pointsIdx": [
                    5,
                    6
                ],
                "width": 3.8974010722031087
            },
            {
                "id": 0,
                "normal": [
                    -1.0,
                    -0.0,
                    -0.0
                ],
                "planeEquation": [
                    -1.0,
                    -0.0,
                    -0.0,
                    -3.3291614277968913
                ],
                "pointsIdx": [
                    6,
                    7
                ],
                "width": 2.793448666288128
            },
            {
                "id": 0,
                "normal": [
                    0.0,
                    0.0,
                    -1.0
                ],
                "planeEquation": [
                    0.0,
                    0.0,
                    -1.0,
                    -3.4961340488369044
                ],
                "pointsIdx": [
                    7,
                    0
                ],
                "width": 4.096408997716891
            }
        ]
    },
    "panoId": "nothing"
}