{
    "cameraHeight": 1.6,
    "layoutHeight": 3.9264009987435693,
    "layoutObj2ds": {
        "num": 0,
        "obj2ds": []
    },
    "layoutPoints": {
        "num": 8,
        "points": [
            {
                "coords": [
                    0.5552679580380205,
                    0.5
                ],
                "id": 0,
                "xyz": [
                    2.9079048586015217,
                    0.0,
                    -8.034547332496752
                ]
            },
            {
                "coords": [
                    0.8625668576230361,
                    0.5
                ],
                "id": 0,
                "xyz": [
                    2.9079048586015217,
                    0.0,
                    2.4856987463323326
                ]
            },
            {
                "coords": [
                    0.1368085808676443,
                    0.5
                ],
                "id": 0,
                "xyz": [
                    -2.884906293431261,
                    0.0,
                    2.4856987463323326
                ]
            },
            {
                "coords": [
                    0.30409722222222224,
                    0.3877227772574687
                ],
                "id": 0,
                "xyz": [
                    -2.884906293431261,
                    1.126452507457165,
                    -1.0201824887487225
                ]
            },
            {
                "coords": [
                    0.322327656108782,
                    0.3563382022752859
                ],
                "id": 0,
                "xyz": [
                    -2.0881719940858643,
                    1.126452507457165,
                    -1.0201824887487225
                ]
            },
            {
                "coords": [
                    0.41722222222222227,
                    0.4056868148135212
                ],
                "id": 0,
                "xyz": [
                    -2.0881719940858643,
                    1.2827166885211296,
                    -3.6461538415686747
                ]
            },
            {
                "coords": [
                    0.39402587817701273,
                    0.4140878424327944
                ],
                "id": 0,
                "xyz": [
                    -2.8641618193077534,
                    1.2827166885211296,
                    -3.6461538415686747
                ]
            },
            {
                "coords": [
                    0.44549951462241094,
                    0.5
                ],
                "id": 0,
                "xyz": [
                    -2.8641618193077534,
                    0.0,
                    -8.034547332496752
                ]
            }
        ]
    },
    "layoutWalls": {
        "num": 8,
        "walls": [
            {
                "id": 0,
                "normal": [
                    1.0,
                    0.0,
                    -0.0
                ],
                "planeEquation": [
                    1.0,
                    0.0,
                    -0.0,
                    -2.9079048586015217
                ],
                "pointsIdx": [
                    0,
                    1
                ],
                "width": 10.520246078829084
            },
            {
                "id": 0,
                "normal": [
                    0.0,
                    0.0,
                    1.0
                ],
                "planeEquation": [
                    0.0,
                    0.0,
                    1.0,
                    -2.4856987463323326
                ],
                "pointsIdx": [
                    1,
                    2
                ],
                "width": 5.792811152032783
            },
            {
                "id": 0,
                "normal": [
                    -1.0,
                    -0.0,
                    -0.0
                ],
                "planeEquation": [
                    -1.0,
                    -0.0,
                    -0.0,
                    -2.884906293431261
                ],
                "pointsIdx": [
                    2,
                    3
                ],
                "width": 3.505881235081055
            },
            {
                "id": 0,
                "normal": [
                    0.0,
                    0.0,
                    -1.0
                ],
                "planeEquation": [
                    0.0,
                    0.0,
                    -1.0,
                    -1.0201824887487225
                ],
                "pointsIdx": [
                    3,
                    4
                ],
                "width": 0.7967342993453967
            },
            {
                "id": 0,
                "normal": [
                    -1.0,
                    -0.0,
                    -0.0
                ],
                "planeEquation": [
                    -1.0,
                    -0.0,
                    -0.0,
                    -2.0881719940858643
                ],
                "pointsIdx": [
                    4,
                    5
                ],
                "width": 2.625971352819952
            },
            {
                "id": 0,
                "normal": [
                    0.0,
                    0.0,
                    1.0
                ],
                "planeEquation": [
                    0.0,
                    0.0,
                    1.0,
                    3.6461538415686747
                ],
                "pointsIdx": [
                    5,
                    6
                ],
                "width": 0.7759898252218891
            },
            {
                "id": 0,
                "normal": [
                    -1.0,
                    -0.0,
                    -0.0
                ],
                "planeEquation": [
                    -1.0,
                    -0.0,
                    -0.0,
                    -2.8641618193077534
                ],
                "pointsIdx": [
                    6,
                    7
                ],
                "width": 4.3883934909280775
            },
            {
                "id": 0,
                "normal": [
                    0.0,
                    0.0,
                    -1.0
                ],
                "planeEquation": [
                    0.0,
                    0.0,
                    -1.0,
                    -8.034547332496752
                ],
                "pointsIdx": [
                    7,
                    0
                ],
                "width": 5.772066677909275
            }
        ]
    },
    "panoId": "nothing"
}