{
    "cameraHeight": 1.6,
    "layoutHeight": 3.296616926193237,
    "layoutObj2ds": {
        "num": 0,
        "obj2ds": []
    },
    "layoutPoints": {
        "num": 6,
        "points": [
            {
                "coords": [
                    0.5606711907601158,
                    0.5
                ],
                "id": 0,
                "xyz": [
                    2.0611828824091365,
                    0.0,
                    -5.1424858291470334
                ]
            },
            {
                "coords": [
                    0.7862586096144333,
                    0.5
                ],
                "id": 0,
                "xyz": [
                    2.0611828824091365,
                    0.0,
                    0.47787403264
                ]
            },
            {
                "coords": [
                    0.2062222571404625,
                    0.5
                ],
                "id": 0,
                "xyz": [
                    -1.6932836424799624,
                    0.0,
                    0.47787403264
                ]
            },
            {
                "coords": [
                    0.43194444444444446,
                    0.4212748673040432
                ],
                "id": 0,
                "xyz": [
                    -1.6932836424799622,
                    1.030978596335959,
                    -3.7155718414799384
                ]
            },
            {
                "coords": [
                    0.40886645368060726,
                    0.4270689033861251
                ],
                "id": 0,
                "xyz": [
                    -2.395264014682848,
                    1.030978596335959,
                    -3.7155718414799384
                ]
            },
            {
                "coords": [
                    0.4306246268374705,
                    0.5
                ],
                "id": 0,
                "xyz": [
                    -2.3952640146828483,
                    0.0,
                    -5.1424858291470334
                ]
            }
        ]
    },
    "layoutWalls": {
        "num": 6,
        "walls": [
            {
                "id": 0,
                "normal": [
                    1.0,
                    0.0,
                    -0.0
                ],
                "planeEquation": [
                    1.0,
                    0.0,
                    -0.0,
                    -2.0611828824091365
                ],
                "pointsIdx": [
                    0,
                    1
                ],
                "width": 5.620359861787033
            },
            {
                "id": 0,
                "normal": [
                    0.0,
                    0.0,
                    1.0
                ],
                "planeEquation": [
                    0.0,
                    0.0,
                    1.0,
                    -0.47787403264
                ],
                "pointsIdx": [
                    1,
                    2
                ],
                "width": 3.754466524889099
            },
            {
                "id": 0,
                "normal": [
                    -1.0,
                    -0.0,
                    -5.295039249114689e-17
                ],
                "planeEquation": [
                    -1.0,
                    -0.0,
                    -5.295039249114689e-17,
                    -1.6932836424799624
                ],
                "pointsIdx": [
                    2,
                    3
                ],
                "width": 4.193445874119939
            },
            {
                "id": 0,
                "normal": [
                    0.0,
                    0.0,
                    1.0
                ],
                "planeEquation": [
                    0.0,
                    0.0,
                    1.0,
                    3.7155718414799384
                ],
                "pointsIdx": [
                    3,
                    4
                ],
                "width": 0.7019803722028857
            },
            {
                "id": 0,
                "normal": [
                    -1.0,
                    0.0,
                    3.112235311226555e-16
                ],
                "planeEquation": [
                    -1.0,
                    0.0,
                    3.112235311226555e-16,
                    -2.3952640146828466
                ],
                "pointsIdx": [
                    4,
                    5
                ],
                "width": 1.426913987667095
            },
            {
                "id": 0,
                "normal": [
                    0.0,
                    0.0,
                    -1.0
                ],
                "planeEquation": [
                    0.0,
                    0.0,
                    -1.0,
                    -5.1424858291470334
                ],
                "pointsIdx": [
                    5,
                    0
                ],
                "width": 4.456446897091984
            }
        ]
    },
    "panoId": "nothing"
}