{
    "cameraHeight": 1.6,
    "layoutHeight": 3.152404670715332,
    "layoutObj2ds": {
        "num": 0,
        "obj2ds": []
    },
    "layoutPoints": {
        "num": 8,
        "points": [
            {
                "coords": [
                    0.6350062032963849,
                    0.5
                ],
                "id": 0,
                "xyz": [
                    3.4205018095445605,
                    0.0,
                    -3.015341057179559
                ]
            },
            {
                "coords": [
                    0.662634421691608,
                    0.5
                ],
                "id": 0,
                "xyz": [
                    3.4205018095445605,
                    0.0,
                    -2.0921144459828134
                ]
            },
            {
                "coords": [
                    0.6799874186730188,
                    0.5
                ],
                "id": 0,
                "xyz": [
                    4.445057393049599,
                    0.0,
                    -2.0921144459828134
                ]
            },
            {
                "coords": [
                    0.7675624919628551,
                    0.5
                ],
                "id": 0,
                "xyz": [
                    4.445057393049599,
                    0.0,
                    0.4925056
                ]
            },
            {
                "coords": [
                    0.139393635384373,
                    0.5
                ],
                "id": 0,
                "xyz": [
                    -0.59074,
                    0.0,
                    0.4925056
                ]
            },
            {
                "coords": [
                    0.4766266396899996,
                    0.5
                ],
                "id": 0,
                "xyz": [
                    -0.59074,
                    0.0,
                    -3.9935333583261565
                ]
            },
            {
                "coords": [
                    0.5939908755162587,
                    0.4816304184629113
                ],
                "id": 0,
                "xyz": [
                    2.677145065472675,
                    0.27776817111844626,
                    -3.9935333583261565
                ]
            },
            {
                "coords": [
                    0.6155555555555556,
                    0.4781075191816444
                ],
                "id": 0,
                "xyz": [
                    2.677145065472675,
                    0.27776817111844626,
                    -3.015341057179559
                ]
            }
        ]
    },
    "layoutWalls": {
        "num": 8,
        "walls": [
            {
                "id": 0,
                "normal": [
                    1.0,
                    0.0,
                    -0.0
                ],
                "planeEquation": [
                    1.0,
                    0.0,
                    -0.0,
                    -3.4205018095445605
                ],
                "pointsIdx": [
                    0,
                    1
                ],
                "width": 0.9232266111967458
            },
            {
                "id": 0,
                "normal": [
                    0.0,
                    0.0,
                    -1.0
                ],
                "planeEquation": [
                    0.0,
                    0.0,
                    -1.0,
                    -2.0921144459828134
                ],
                "pointsIdx": [
                    1,
                    2
                ],
                "width": 1.0245555835050388
            },
            {
                "id": 0,
                "normal": [
                    1.0,
                    0.0,
                    -0.0
                ],
                "planeEquation": [
                    1.0,
                    0.0,
                    -0.0,
                    -4.445057393049599
                ],
                "pointsIdx": [
                    2,
                    3
                ],
                "width": 2.5846200459828133
            },
            {
                "id": 0,
                "normal": [
                    0.0,
                    0.0,
                    1.0
                ],
                "planeEquation": [
                    0.0,
                    0.0,
                    1.0,
                    -0.4925056
                ],
                "pointsIdx": [
                    3,
                    4
                ],
                "width": 5.0357973930496
            },
            {
                "id": 0,
                "normal": [
                    -1.0,
                    -0.0,
                    -0.0
                ],
                "planeEquation": [
                    -1.0,
                    -0.0,
                    -0.0,
                    -0.59074
                ],
                "pointsIdx": [
                    4,
                    5
                ],
                "width": 4.486038958326157
            },
            {
                "id": 0,
                "normal": [
                    0.0,
                    0.0,
                    -1.0
                ],
                "planeEquation": [
                    0.0,
                    0.0,
                    -1.0,
                    -3.9935333583261565
                ],
                "pointsIdx": [
                    5,
                    6
                ],
                "width": 3.267885065472675
            },
            {
                "id": 0,
                "normal": [
                    1.0,
                    0.0,
                    -0.0
                ],
                "planeEquation": [
                    1.0,
                    0.0,
                    -0.0,
                    -2.677145065472675
                ],
                "pointsIdx": [
                    6,
                    7
                ],
                "width": 0.9781923011465974
            },
            {
                "id": 0,
                "normal": [
                    0.0,
                    0.0,
                    -1.0
                ],
                "planeEquation": [
                    0.0,
                    0.0,
                    -1.0,
                    -3.015341057179559
                ],
                "pointsIdx": [
                    7,
                    0
                ],
                "width": 0.7433567440718853
            }
        ]
    },
    "panoId": "nothing"
}