{
    "cameraHeight": 1.6,
    "layoutHeight": 3.126604356765747,
    "layoutObj2ds": {
        "num": 0,
        "obj2ds": []
    },
    "layoutPoints": {
        "num": 4,
        "points": [
            {
                "coords": [
                    0.6061918585452943,
                    0.5
                ],
                "id": 0,
                "xyz": [
                    0.9375,
                    0.0,
                    -1.1901070554161617
                ]
            },
            {
                "coords": [
                    0.8947248774058064,
                    0.5
                ],
                "id": 0,
                "xyz": [
                    0.9375,
                    0.0,
                    1.204313226120642
                ]
            },
            {
                "coords": [
                    0.10416956098604968,
                    0.5
                ],
                "id": 0,
                "xyz": [
                    -0.92413683712,
                    0.0,
                    1.204313226120642
                ]
            },
            {
                "coords": [
                    0.39491694157165436,
                    0.5
                ],
                "id": 0,
                "xyz": [
                    -0.92413683712,
                    0.0,
                    -1.1901070554161617
                ]
            }
        ]
    },
    "layoutWalls": {
        "num": 4,
        "walls": [
            {
                "id": 0,
                "normal": [
                    1.0,
                    0.0,
                    -0.0
                ],
                "planeEquation": [
                    1.0,
                    0.0,
                    -0.0,
                    -0.9375
                ],
                "pointsIdx": [
                    0,
                    1
                ],
                "width": 2.394420281536804
            },
            {
                "id": 0,
                "normal": [
                    0.0,
                    0.0,
                    1.0
                ],
                "planeEquation": [
                    0.0,
                    0.0,
                    1.0,
                    -1.204313226120642
                ],
                "pointsIdx": [
                    1,
                    2
                ],
                "width": 1.86163683712
            },
            {
                "id": 0,
                "normal": [
                    -1.0,
                    -0.0,
                    -0.0
                ],
                "planeEquation": [
                    -1.0,
                    -0.0,
                    -0.0,
                    -0.92413683712
                ],
                "pointsIdx": [
                    2,
                    3
                ],
                "width": 2.394420281536804
            },
            {
                "id": 0,
                "normal": [
                    0.0,
                    0.0,
                    -1.0
                ],
                "planeEquation": [
                    0.0,
                    0.0,
                    -1.0,
                    -1.1901070554161617
                ],
                "pointsIdx": [
                    3,
                    0
                ],
                "width": 1.86163683712
            }
        ]
    },
    "panoId": "nothing"
}