{
    "cameraHeight": 1.6,
    "layoutHeight": 3.0698565673828124,
    "layoutObj2ds": {
        "num": 0,
        "obj2ds": []
    },
    "layoutPoints": {
        "num": 4,
        "points": [
            {
                "coords": [
                    0.567086495462271,
                    0.5
                ],
                "id": 0,
                "xyz": [
                    1.29602250752,
                    0.0,
                    -2.89037075365888
                ]
            },
            {
                "coords": [
                    0.9379516078512505,
                    0.5
                ],
                "id": 0,
                "xyz": [
                    1.29602250752,
                    0.0,
                    3.1541600056819323
                ]
            },
            {
                "coords": [
                    0.12492991233400641,
                    0.5
                ],
                "id": 0,
                "xyz": [
                    -3.1513832095186594,
                    0.0,
                    3.1541600056819323
                ]
            },
            {
                "coords": [
                    0.3681285504332687,
                    0.5
                ],
                "id": 0,
                "xyz": [
                    -3.1513832095186594,
                    0.0,
                    -2.89037075365888
                ]
            }
        ]
    },
    "layoutWalls": {
        "num": 4,
        "walls": [
            {
                "id": 0,
                "normal": [
                    1.0,
                    0.0,
                    -0.0
                ],
                "planeEquation": [
                    1.0,
                    0.0,
                    -0.0,
                    -1.29602250752
                ],
                "pointsIdx": [
                    0,
                    1
                ],
                "width": 6.044530759340812
            },
            {
                "id": 0,
                "normal": [
                    0.0,
                    0.0,
                    1.0
                ],
                "planeEquation": [
                    0.0,
                    0.0,
                    1.0,
                    -3.1541600056819323
                ],
                "pointsIdx": [
                    1,
                    2
                ],
                "width": 4.447405717038659
            },
            {
                "id": 0,
                "normal": [
                    -1.0,
                    -0.0,
                    -0.0
                ],
                "planeEquation": [
                    -1.0,
                    -0.0,
                    -0.0,
                    -3.1513832095186594
                ],
                "pointsIdx": [
                    2,
                    3
                ],
                "width": 6.044530759340812
            },
            {
                "id": 0,
                "normal": [
                    0.0,
                    0.0,
                    -1.0
                ],
                "planeEquation": [
                    0.0,
                    0.0,
                    -1.0,
                    -2.89037075365888
                ],
                "pointsIdx": [
                    3,
                    0
                ],
                "width": 4.447405717038659
            }
        ]
    },
    "panoId": "nothing"
}