{
    "cameraHeight": 1.6,
    "layoutHeight": 2.4556171989440916,
    "layoutObj2ds": {
        "num": 0,
        "obj2ds": []
    },
    "layoutPoints": {
        "num": 10,
        "points": [
            {
                "coords": [
                    0.708514455534159,
                    0.5
                ],
                "id": 0,
                "xyz": [
                    2.5951661234441423,
                    0.0,
                    -0.6922082264644321
                ]
            },
            {
                "coords": [
                    0.7963153341608727,
                    0.5
                ],
                "id": 0,
                "xyz": [
                    2.5951661234441423,
                    0.0,
                    0.77728
                ]
            },
            {
                "coords": [
                    0.8390036183507777,
                    0.5
                ],
                "id": 0,
                "xyz": [
                    1.241915,
                    0.0,
                    0.77728
                ]
            },
            {
                "coords": [
                    0.9338888888888889,
                    0.476315834384597
                ],
                "id": 0,
                "xyz": [
                    1.241915,
                    0.22940878065789422,
                    2.815798241656263
                ]
            },
            {
                "coords": [
                    0.9042151036151576,
                    0.4786552277881835
                ],
                "id": 0,
                "xyz": [
                    1.9339830360314039,
                    0.22940878065789422,
                    2.815798241656263
                ]
            },
            {
                "coords": [
                    0.9333684476787633,
                    0.5
                ],
                "id": 0,
                "xyz": [
                    1.9339830360314039,
                    0.0,
                    4.346377530408961
                ]
            },
            {
                "coords": [
                    1.0,
                    0.5
                ],
                "id": 0,
                "xyz": [
                    0.0,
                    0.0,
                    4.346377530408961
                ]
            },
            {
                "coords": [
                    1.0,
                    0.5
                ],
                "id": 0,
                "xyz": [
                    0.0,
                    0.0,
                    1.6601869016883202
                ]
            },
            {
                "coords": [
                    0.09684754268268475,
                    0.5
                ],
                "id": 0,
                "xyz": [
                    -1.1566603356771419,
                    0.0,
                    1.6601869016883202
                ]
            },
            {
                "coords": [
                    0.33582941216908213,
                    0.5
                ],
                "id": 0,
                "xyz": [
                    -1.1566603356771419,
                    0.0,
                    -0.6922082264644321
                ]
            }
        ]
    },
    "layoutWalls": {
        "num": 10,
        "walls": [
            {
                "id": 0,
                "normal": [
                    1.0,
                    0.0,
                    -0.0
                ],
                "planeEquation": [
                    1.0,
                    0.0,
                    -0.0,
                    -2.5951661234441423
                ],
                "pointsIdx": [
                    0,
                    1
                ],
                "width": 1.4694882264644322
            },
            {
                "id": 0,
                "normal": [
                    0.0,
                    0.0,
                    1.0
                ],
                "planeEquation": [
                    0.0,
                    0.0,
                    1.0,
                    -0.77728
                ],
                "pointsIdx": [
                    1,
                    2
                ],
                "width": 1.3532511234441422
            },
            {
                "id": 0,
                "normal": [
                    1.0,
                    0.0,
                    -0.0
                ],
                "planeEquation": [
                    1.0,
                    0.0,
                    -0.0,
                    -1.241915
                ],
                "pointsIdx": [
                    2,
                    3
                ],
                "width": 2.038518241656263
            },
            {
                "id": 0,
                "normal": [
                    0.0,
                    0.0,
                    -1.0
                ],
                "planeEquation": [
                    0.0,
                    0.0,
                    -1.0,
                    2.815798241656263
                ],
                "pointsIdx": [
                    3,
                    4
                ],
                "width": 0.6920680360314038
            },
            {
                "id": 0,
                "normal": [
                    1.0,
                    0.0,
                    -0.0
                ],
                "planeEquation": [
                    1.0,
                    0.0,
                    -0.0,
                    -1.9339830360314039
                ],
                "pointsIdx": [
                    4,
                    5
                ],
                "width": 1.5305792887526977
            },
            {
                "id": 0,
                "normal": [
                    0.0,
                    0.0,
                    1.0
                ],
                "planeEquation": [
                    0.0,
                    0.0,
                    1.0,
                    -4.346377530408961
                ],
                "pointsIdx": [
                    5,
                    6
                ],
                "width": 1.9339830360314039
            },
            {
                "id": 0,
                "normal": [
                    -1.0,
                    -0.0,
                    -0.0
                ],
                "planeEquation": [
                    -1.0,
                    -0.0,
                    -0.0,
                    0.0
                ],
                "pointsIdx": [
                    6,
                    7
                ],
                "width": 2.6861906287206407
            },
            {
                "id": 0,
                "normal": [
                    0.0,
                    0.0,
                    1.0
                ],
                "planeEquation": [
                    0.0,
                    0.0,
                    1.0,
                    -1.6601869016883202
                ],
                "pointsIdx": [
                    7,
                    8
                ],
                "width": 1.1566603356771419
            },
            {
                "id": 0,
                "normal": [
                    -1.0,
                    -0.0,
                    -0.0
                ],
                "planeEquation": [
                    -1.0,
                    -0.0,
                    -0.0,
                    -1.1566603356771419
                ],
                "pointsIdx": [
                    8,
                    9
                ],
                "width": 2.3523951281527524
            },
            {
                "id": 0,
                "normal": [
                    0.0,
                    0.0,
                    -1.0
                ],
                "planeEquation": [
                    0.0,
                    0.0,
                    -1.0,
                    -0.6922082264644321
                ],
                "pointsIdx": [
                    9,
                    0
                ],
                "width": 3.7518264591212844
            }
        ]
    },
    "panoId": "nothing"
}