{
    "cameraHeight": 1.6,
    "layoutHeight": 3.1879101181030274,
    "layoutObj2ds": {
        "num": 0,
        "obj2ds": []
    },
    "layoutPoints": {
        "num": 6,
        "points": [
            {
                "coords": [
                    0.6839109024184984,
                    0.5
                ],
                "id": 0,
                "xyz": [
                    5.116845474033222,
                    0.0,
                    -2.2559523942400004
                ]
            },
            {
                "coords": [
                    0.716381040689722,
                    0.4465893594858906
                ],
                "id": 0,
                "xyz": [
                    5.116845474033222,
                    0.8864307367963236,
                    -1.097220539963675
                ]
            },
            {
                "coords": [
                    0.6992361111111112,
                    0.4210222774270338
                ],
                "id": 0,
                "xyz": [
                    3.3225507709094533,
                    0.8864307367963236,
                    -1.097220539963675
                ]
            },
            {
                "coords": [
                    0.8221918025131524,
                    0.5
                ],
                "id": 0,
                "xyz": [
                    3.3225507709094533,
                    0.0,
                    1.6197302462345489
                ]
            },
            {
                "coords": [
                    0.06730078375720278,
                    0.5
                ],
                "id": 0,
                "xyz": [
                    -0.72889686016,
                    0.0,
                    1.6197302462345489
                ]
            },
            {
                "coords": [
                    0.4502621847157194,
                    0.5
                ],
                "id": 0,
                "xyz": [
                    -0.72889686016,
                    0.0,
                    -2.2559523942400004
                ]
            }
        ]
    },
    "layoutWalls": {
        "num": 6,
        "walls": [
            {
                "id": 0,
                "normal": [
                    1.0,
                    0.0,
                    -0.0
                ],
                "planeEquation": [
                    1.0,
                    0.0,
                    -0.0,
                    -5.116845474033222
                ],
                "pointsIdx": [
                    0,
                    1
                ],
                "width": 1.1587318542763254
            },
            {
                "id": 0,
                "normal": [
                    0.0,
                    0.0,
                    1.0
                ],
                "planeEquation": [
                    0.0,
                    0.0,
                    1.0,
                    1.097220539963675
                ],
                "pointsIdx": [
                    1,
                    2
                ],
                "width": 1.7942947031237688
            },
            {
                "id": 0,
                "normal": [
                    1.0,
                    0.0,
                    -0.0
                ],
                "planeEquation": [
                    1.0,
                    0.0,
                    -0.0,
                    -3.3225507709094533
                ],
                "pointsIdx": [
                    2,
                    3
                ],
                "width": 2.7169507861982236
            },
            {
                "id": 0,
                "normal": [
                    0.0,
                    0.0,
                    1.0
                ],
                "planeEquation": [
                    0.0,
                    0.0,
                    1.0,
                    -1.6197302462345489
                ],
                "pointsIdx": [
                    3,
                    4
                ],
                "width": 4.051447631069453
            },
            {
                "id": 0,
                "normal": [
                    -1.0,
                    -0.0,
                    -0.0
                ],
                "planeEquation": [
                    -1.0,
                    -0.0,
                    -0.0,
                    -0.72889686016
                ],
                "pointsIdx": [
                    4,
                    5
                ],
                "width": 3.8756826404745492
            },
            {
                "id": 0,
                "normal": [
                    0.0,
                    0.0,
                    -1.0
                ],
                "planeEquation": [
                    0.0,
                    0.0,
                    -1.0,
                    -2.2559523942400004
                ],
                "pointsIdx": [
                    5,
                    0
                ],
                "width": 5.845742334193222
            }
        ]
    },
    "panoId": "nothing"
}