{
    "cameraHeight": 1.6,
    "layoutHeight": 2.606812677383423,
    "layoutObj2ds": {
        "num": 0,
        "obj2ds": []
    },
    "layoutPoints": {
        "num": 4,
        "points": [
            {
                "coords": [
                    0.6445888446004162,
                    0.5
                ],
                "id": 0,
                "xyz": [
                    3.23875,
                    0.0,
                    -2.5256600000000002
                ]
            },
            {
                "coords": [
                    0.8017637670283728,
                    0.5
                ],
                "id": 0,
                "xyz": [
                    3.23875,
                    0.0,
                    1.09216
                ]
            },
            {
                "coords": [
                    0.13824634041351408,
                    0.5
                ],
                "id": 0,
                "xyz": [
                    -1.29096486240256,
                    0.0,
                    1.09216
                ]
            },
            {
                "coords": [
                    0.4247961811383256,
                    0.5
                ],
                "id": 0,
                "xyz": [
                    -1.29096486240256,
                    0.0,
                    -2.5256600000000002
                ]
            }
        ]
    },
    "layoutWalls": {
        "num": 4,
        "walls": [
            {
                "id": 0,
                "normal": [
                    1.0,
                    0.0,
                    -0.0
                ],
                "planeEquation": [
                    1.0,
                    0.0,
                    -0.0,
                    -3.23875
                ],
                "pointsIdx": [
                    0,
                    1
                ],
                "width": 3.61782
            },
            {
                "id": 0,
                "normal": [
                    0.0,
                    0.0,
                    1.0
                ],
                "planeEquation": [
                    0.0,
                    0.0,
                    1.0,
                    -1.09216
                ],
                "pointsIdx": [
                    1,
                    2
                ],
                "width": 4.52971486240256
            },
            {
                "id": 0,
                "normal": [
                    -1.0,
                    -0.0,
                    -0.0
                ],
                "planeEquation": [
                    -1.0,
                    -0.0,
                    -0.0,
                    -1.29096486240256
                ],
                "pointsIdx": [
                    2,
                    3
                ],
                "width": 3.61782
            },
            {
                "id": 0,
                "normal": [
                    0.0,
                    0.0,
                    -1.0
                ],
                "planeEquation": [
                    0.0,
                    0.0,
                    -1.0,
                    -2.5256600000000002
                ],
                "pointsIdx": [
                    3,
                    0
                ],
                "width": 4.52971486240256
            }
        ]
    },
    "panoId": "nothing"
}