{
    "cameraHeight": 1.6,
    "layoutHeight": 2.64367862701416,
    "layoutObj2ds": {
        "num": 0,
        "obj2ds": []
    },
    "layoutPoints": {
        "num": 6,
        "points": [
            {
                "coords": [
                    0.6367759722233811,
                    0.5
                ],
                "id": 0,
                "xyz": [
                    1.67369984,
                    0.0,
                    -1.44269421592576
                ]
            },
            {
                "coords": [
                    0.8819157392767412,
                    0.5
                ],
                "id": 0,
                "xyz": [
                    1.67369984,
                    0.0,
                    1.8258616141083466
                ]
            },
            {
                "coords": [
                    0.0015972222222221943,
                    0.403636626333812
                ],
                "id": 0,
                "xyz": [
                    -0.01832431086638146,
                    0.5703090573076381,
                    1.8258616141083466
                ]
            },
            {
                "coords": [
                    0.0012369846652193761,
                    0.42445435174600377
                ],
                "id": 0,
                "xyz": [
                    -0.01832431086638146,
                    0.5703090573076381,
                    2.3576249657732626
                ]
            },
            {
                "coords": [
                    0.14082029625905212,
                    0.5
                ],
                "id": 0,
                "xyz": [
                    -2.8799734861519166,
                    0.0,
                    2.3576249657732626
                ]
            },
            {
                "coords": [
                    0.3239114614900901,
                    0.5
                ],
                "id": 0,
                "xyz": [
                    -2.8799734861519166,
                    0.0,
                    -1.44269421592576
                ]
            }
        ]
    },
    "layoutWalls": {
        "num": 6,
        "walls": [
            {
                "id": 0,
                "normal": [
                    1.0,
                    0.0,
                    -0.0
                ],
                "planeEquation": [
                    1.0,
                    0.0,
                    -0.0,
                    -1.67369984
                ],
                "pointsIdx": [
                    0,
                    1
                ],
                "width": 3.2685558300341064
            },
            {
                "id": 0,
                "normal": [
                    0.0,
                    0.0,
                    1.0
                ],
                "planeEquation": [
                    0.0,
                    0.0,
                    1.0,
                    -1.8258616141083466
                ],
                "pointsIdx": [
                    1,
                    2
                ],
                "width": 1.6920241508663816
            },
            {
                "id": 0,
                "normal": [
                    1.0,
                    0.0,
                    -0.0
                ],
                "planeEquation": [
                    1.0,
                    0.0,
                    -0.0,
                    0.01832431086638146
                ],
                "pointsIdx": [
                    2,
                    3
                ],
                "width": 0.5317633516649161
            },
            {
                "id": 0,
                "normal": [
                    0.0,
                    0.0,
                    1.0
                ],
                "planeEquation": [
                    0.0,
                    0.0,
                    1.0,
                    -2.3576249657732626
                ],
                "pointsIdx": [
                    3,
                    4
                ],
                "width": 2.8616491752855353
            },
            {
                "id": 0,
                "normal": [
                    -1.0,
                    -0.0,
                    -0.0
                ],
                "planeEquation": [
                    -1.0,
                    -0.0,
                    -0.0,
                    -2.8799734861519166
                ],
                "pointsIdx": [
                    4,
                    5
                ],
                "width": 3.800319181699023
            },
            {
                "id": 0,
                "normal": [
                    0.0,
                    0.0,
                    -1.0
                ],
                "planeEquation": [
                    0.0,
                    0.0,
                    -1.0,
                    -1.44269421592576
                ],
                "pointsIdx": [
                    5,
                    0
                ],
                "width": 4.553673326151917
            }
        ]
    },
    "panoId": "nothing"
}