{
    "cameraHeight": 1.6,
    "layoutHeight": 4.191095361709595,
    "layoutObj2ds": {
        "num": 0,
        "obj2ds": []
    },
    "layoutPoints": {
        "num": 8,
        "points": [
            {
                "coords": [
                    0.6743610546191845,
                    0.5
                ],
                "id": 0,
                "xyz": [
                    7.950954366855136,
                    0.0,
                    -4.091503175220884
                ]
            },
            {
                "coords": [
                    0.7887481482822664,
                    0.5
                ],
                "id": 0,
                "xyz": [
                    7.950954366855136,
                    0.0,
                    1.9749291140463598
                ]
            },
            {
                "coords": [
                    0.8209296463952452,
                    0.42518208619672954
                ],
                "id": 0,
                "xyz": [
                    4.134084823620388,
                    1.0971718313145313,
                    1.9749291140463598
                ]
            },
            {
                "coords": [
                    0.7927777777777778,
                    0.42026546450542074
                ],
                "id": 0,
                "xyz": [
                    4.134084823620388,
                    1.0971718313145313,
                    1.138716677105106
                ]
            },
            {
                "coords": [
                    0.861292397024289,
                    0.27486832749692636
                ],
                "id": 0,
                "xyz": [
                    1.3539347044953225,
                    1.5122443864274762,
                    1.138716677105106
                ]
            },
            {
                "coords": [
                    0.9059556793376675,
                    0.3228232544369132
                ],
                "id": 0,
                "xyz": [
                    1.3539347044953225,
                    1.5122443864274762,
                    2.0182170012883542
                ]
            },
            {
                "coords": [
                    0.15123229149061634,
                    0.5
                ],
                "id": 0,
                "xyz": [
                    -2.823555228178708,
                    0.0,
                    2.0182170012883542
                ]
            },
            {
                "coords": [
                    0.40386210767569175,
                    0.5
                ],
                "id": 0,
                "xyz": [
                    -2.823555228178708,
                    0.0,
                    -4.091503175220884
                ]
            }
        ]
    },
    "layoutWalls": {
        "num": 8,
        "walls": [
            {
                "id": 0,
                "normal": [
                    1.0,
                    0.0,
                    -0.0
                ],
                "planeEquation": [
                    1.0,
                    0.0,
                    -0.0,
                    -7.950954366855136
                ],
                "pointsIdx": [
                    0,
                    1
                ],
                "width": 6.066432289267244
            },
            {
                "id": 0,
                "normal": [
                    0.0,
                    0.0,
                    1.0
                ],
                "planeEquation": [
                    0.0,
                    0.0,
                    1.0,
                    -1.9749291140463598
                ],
                "pointsIdx": [
                    1,
                    2
                ],
                "width": 3.8168695432347475
            },
            {
                "id": 0,
                "normal": [
                    -1.0,
                    -0.0,
                    -0.0
                ],
                "planeEquation": [
                    -1.0,
                    -0.0,
                    -0.0,
                    4.134084823620388
                ],
                "pointsIdx": [
                    2,
                    3
                ],
                "width": 0.8362124369412538
            },
            {
                "id": 0,
                "normal": [
                    0.0,
                    0.0,
                    1.0
                ],
                "planeEquation": [
                    0.0,
                    0.0,
                    1.0,
                    -1.138716677105106
                ],
                "pointsIdx": [
                    3,
                    4
                ],
                "width": 2.780150119125066
            },
            {
                "id": 0,
                "normal": [
                    1.0,
                    0.0,
                    -0.0
                ],
                "planeEquation": [
                    1.0,
                    0.0,
                    -0.0,
                    -1.3539347044953225
                ],
                "pointsIdx": [
                    4,
                    5
                ],
                "width": 0.8795003241832482
            },
            {
                "id": 0,
                "normal": [
                    0.0,
                    0.0,
                    1.0
                ],
                "planeEquation": [
                    0.0,
                    0.0,
                    1.0,
                    -2.0182170012883542
                ],
                "pointsIdx": [
                    5,
                    6
                ],
                "width": 4.177489932674031
            },
            {
                "id": 0,
                "normal": [
                    -1.0,
                    -0.0,
                    -0.0
                ],
                "planeEquation": [
                    -1.0,
                    -0.0,
                    -0.0,
                    -2.823555228178708
                ],
                "pointsIdx": [
                    6,
                    7
                ],
                "width": 6.109720176509239
            },
            {
                "id": 0,
                "normal": [
                    0.0,
                    0.0,
                    -1.0
                ],
                "planeEquation": [
                    0.0,
                    0.0,
                    -1.0,
                    -4.091503175220884
                ],
                "pointsIdx": [
                    7,
                    0
                ],
                "width": 10.774509595033845
            }
        ]
    },
    "panoId": "nothing"
}