{
    "cameraHeight": 1.6,
    "layoutHeight": 3.179272565841675,
    "layoutObj2ds": {
        "num": 0,
        "obj2ds": []
    },
    "layoutPoints": {
        "num": 8,
        "points": [
            {
                "coords": [
                    0.5128695755780346,
                    0.5
                ],
                "id": 0,
                "xyz": [
                    0.25474263039999995,
                    0.0,
                    -3.143471464458818
                ]
            },
            {
                "coords": [
                    0.5467390520217243,
                    0.5
                ],
                "id": 0,
                "xyz": [
                    0.25474263039999995,
                    0.0,
                    -0.8423634980229874
                ]
            },
            {
                "coords": [
                    0.6942129242532316,
                    0.5
                ],
                "id": 0,
                "xyz": [
                    2.30394112,
                    0.0,
                    -0.8423634980229874
                ]
            },
            {
                "coords": [
                    0.8123186824635327,
                    0.5
                ],
                "id": 0,
                "xyz": [
                    2.30394112,
                    0.0,
                    0.95125
                ]
            },
            {
                "coords": [
                    0.9343313236324726,
                    0.5
                ],
                "id": 0,
                "xyz": [
                    0.4163963165189917,
                    0.0,
                    0.95125
                ]
            },
            {
                "coords": [
                    0.977280966036491,
                    0.5
                ],
                "id": 0,
                "xyz": [
                    0.4163963165189917,
                    0.0,
                    2.89716464
                ]
            },
            {
                "coords": [
                    0.15483027890201606,
                    0.5
                ],
                "id": 0,
                "xyz": [
                    -4.253284785836812,
                    0.0,
                    2.89716464
                ]
            },
            {
                "coords": [
                    0.3512971183291801,
                    0.5
                ],
                "id": 0,
                "xyz": [
                    -4.253284785836812,
                    0.0,
                    -3.143471464458818
                ]
            }
        ]
    },
    "layoutWalls": {
        "num": 8,
        "walls": [
            {
                "id": 0,
                "normal": [
                    1.0,
                    0.0,
                    -0.0
                ],
                "planeEquation": [
                    1.0,
                    0.0,
                    -0.0,
                    -0.25474263039999995
                ],
                "pointsIdx": [
                    0,
                    1
                ],
                "width": 2.3011079664358305
            },
            {
                "id": 0,
                "normal": [
                    0.0,
                    0.0,
                    -1.0
                ],
                "planeEquation": [
                    0.0,
                    0.0,
                    -1.0,
                    -0.8423634980229874
                ],
                "pointsIdx": [
                    1,
                    2
                ],
                "width": 2.0491984896
            },
            {
                "id": 0,
                "normal": [
                    1.0,
                    0.0,
                    -0.0
                ],
                "planeEquation": [
                    1.0,
                    0.0,
                    -0.0,
                    -2.30394112
                ],
                "pointsIdx": [
                    2,
                    3
                ],
                "width": 1.7936134980229874
            },
            {
                "id": 0,
                "normal": [
                    0.0,
                    0.0,
                    1.0
                ],
                "planeEquation": [
                    0.0,
                    0.0,
                    1.0,
                    -0.95125
                ],
                "pointsIdx": [
                    3,
                    4
                ],
                "width": 1.8875448034810085
            },
            {
                "id": 0,
                "normal": [
                    1.0,
                    0.0,
                    -0.0
                ],
                "planeEquation": [
                    1.0,
                    0.0,
                    -0.0,
                    -0.4163963165189917
                ],
                "pointsIdx": [
                    4,
                    5
                ],
                "width": 1.9459146400000003
            },
            {
                "id": 0,
                "normal": [
                    0.0,
                    0.0,
                    1.0
                ],
                "planeEquation": [
                    0.0,
                    0.0,
                    1.0,
                    -2.89716464
                ],
                "pointsIdx": [
                    5,
                    6
                ],
                "width": 4.6696811023558045
            },
            {
                "id": 0,
                "normal": [
                    -1.0,
                    -0.0,
                    -0.0
                ],
                "planeEquation": [
                    -1.0,
                    -0.0,
                    -0.0,
                    -4.253284785836812
                ],
                "pointsIdx": [
                    6,
                    7
                ],
                "width": 6.040636104458818
            },
            {
                "id": 0,
                "normal": [
                    0.0,
                    0.0,
                    -1.0
                ],
                "planeEquation": [
                    0.0,
                    0.0,
                    -1.0,
                    -3.143471464458818
                ],
                "pointsIdx": [
                    7,
                    0
                ],
                "width": 4.508027416236812
            }
        ]
    },
    "panoId": "nothing"
}