{
    "cameraHeight": 1.6,
    "layoutHeight": 3.9844095993041995,
    "layoutObj2ds": {
        "num": 0,
        "obj2ds": []
    },
    "layoutPoints": {
        "num": 6,
        "points": [
            {
                "coords": [
                    0.6758085142305652,
                    0.5
                ],
                "id": 0,
                "xyz": [
                    5.537029188652085,
                    0.0,
                    -2.7859175236732296
                ]
            },
            {
                "coords": [
                    0.7949643684544723,
                    0.5
                ],
                "id": 0,
                "xyz": [
                    5.537029188652085,
                    0.0,
                    1.6073115134681621
                ]
            },
            {
                "coords": [
                    0.8868048853032383,
                    0.5
                ],
                "id": 0,
                "xyz": [
                    1.38496,
                    0.0,
                    1.6073115134681621
                ]
            },
            {
                "coords": [
                    0.9389726394370675,
                    0.5
                ],
                "id": 0,
                "xyz": [
                    1.38496,
                    0.0,
                    3.4330964876410084
                ]
            },
            {
                "coords": [
                    0.0383409661668595,
                    0.5
                ],
                "id": 0,
                "xyz": [
                    -0.843423957345444,
                    0.0,
                    3.4330964876410084
                ]
            },
            {
                "coords": [
                    0.45321263526239675,
                    0.5
                ],
                "id": 0,
                "xyz": [
                    -0.843423957345444,
                    0.0,
                    -2.7859175236732296
                ]
            }
        ]
    },
    "layoutWalls": {
        "num": 6,
        "walls": [
            {
                "id": 0,
                "normal": [
                    1.0,
                    0.0,
                    -0.0
                ],
                "planeEquation": [
                    1.0,
                    0.0,
                    -0.0,
                    -5.537029188652085
                ],
                "pointsIdx": [
                    0,
                    1
                ],
                "width": 4.393229037141392
            },
            {
                "id": 0,
                "normal": [
                    0.0,
                    0.0,
                    1.0
                ],
                "planeEquation": [
                    0.0,
                    0.0,
                    1.0,
                    -1.6073115134681621
                ],
                "pointsIdx": [
                    1,
                    2
                ],
                "width": 4.152069188652085
            },
            {
                "id": 0,
                "normal": [
                    1.0,
                    0.0,
                    -0.0
                ],
                "planeEquation": [
                    1.0,
                    0.0,
                    -0.0,
                    -1.38496
                ],
                "pointsIdx": [
                    2,
                    3
                ],
                "width": 1.8257849741728462
            },
            {
                "id": 0,
                "normal": [
                    0.0,
                    0.0,
                    1.0
                ],
                "planeEquation": [
                    0.0,
                    0.0,
                    1.0,
                    -3.4330964876410084
                ],
                "pointsIdx": [
                    3,
                    4
                ],
                "width": 2.228383957345444
            },
            {
                "id": 0,
                "normal": [
                    -1.0,
                    -0.0,
                    -0.0
                ],
                "planeEquation": [
                    -1.0,
                    -0.0,
                    -0.0,
                    -0.843423957345444
                ],
                "pointsIdx": [
                    4,
                    5
                ],
                "width": 6.219014011314238
            },
            {
                "id": 0,
                "normal": [
                    0.0,
                    0.0,
                    -1.0
                ],
                "planeEquation": [
                    0.0,
                    0.0,
                    -1.0,
                    -2.7859175236732296
                ],
                "pointsIdx": [
                    5,
                    0
                ],
                "width": 6.380453145997529
            }
        ]
    },
    "panoId": "nothing"
}