{
    "cameraHeight": 1.6,
    "layoutHeight": 2.846915645599365,
    "layoutObj2ds": {
        "num": 0,
        "obj2ds": []
    },
    "layoutPoints": {
        "num": 4,
        "points": [
            {
                "coords": [
                    0.5438639187380746,
                    0.5
                ],
                "id": 0,
                "xyz": [
                    0.5277237209366585,
                    0.0,
                    -1.8660535116800003
                ]
            },
            {
                "coords": [
                    0.9687867309521031,
                    0.5
                ],
                "id": 0,
                "xyz": [
                    0.5277237209366585,
                    0.0,
                    2.65625
                ]
            },
            {
                "coords": [
                    0.16729496671996136,
                    0.5
                ],
                "id": 0,
                "xyz": [
                    -4.64299354112,
                    0.0,
                    2.65625
                ]
            },
            {
                "coords": [
                    0.3108210001224808,
                    0.5
                ],
                "id": 0,
                "xyz": [
                    -4.64299354112,
                    0.0,
                    -1.8660535116800003
                ]
            }
        ]
    },
    "layoutWalls": {
        "num": 4,
        "walls": [
            {
                "id": 0,
                "normal": [
                    1.0,
                    0.0,
                    -0.0
                ],
                "planeEquation": [
                    1.0,
                    0.0,
                    -0.0,
                    -0.5277237209366585
                ],
                "pointsIdx": [
                    0,
                    1
                ],
                "width": 4.5223035116800006
            },
            {
                "id": 0,
                "normal": [
                    0.0,
                    0.0,
                    1.0
                ],
                "planeEquation": [
                    0.0,
                    0.0,
                    1.0,
                    -2.65625
                ],
                "pointsIdx": [
                    1,
                    2
                ],
                "width": 5.170717262056659
            },
            {
                "id": 0,
                "normal": [
                    -1.0,
                    -0.0,
                    -0.0
                ],
                "planeEquation": [
                    -1.0,
                    -0.0,
                    -0.0,
                    -4.64299354112
                ],
                "pointsIdx": [
                    2,
                    3
                ],
                "width": 4.5223035116800006
            },
            {
                "id": 0,
                "normal": [
                    0.0,
                    0.0,
                    -1.0
                ],
                "planeEquation": [
                    0.0,
                    0.0,
                    -1.0,
                    -1.8660535116800003
                ],
                "pointsIdx": [
                    3,
                    0
                ],
                "width": 5.170717262056659
            }
        ]
    },
    "panoId": "nothing"
}