{
    "cameraHeight": 1.6,
    "layoutHeight": 4.269483985900879,
    "layoutObj2ds": {
        "num": 0,
        "obj2ds": []
    },
    "layoutPoints": {
        "num": 4,
        "points": [
            {
                "coords": [
                    0.6254608561475394,
                    0.5
                ],
                "id": 0,
                "xyz": [
                    1.84256768,
                    0.0,
                    -1.831927617886888
                ]
            },
            {
                "coords": [
                    0.8602531270463425,
                    0.5
                ],
                "id": 0,
                "xyz": [
                    1.84256768,
                    0.0,
                    1.52924713140224
                ]
            },
            {
                "coords": [
                    0.14030955675252088,
                    0.5
                ],
                "id": 0,
                "xyz": [
                    -1.85588,
                    0.0,
                    1.52924713140224
                ]
            },
            {
                "coords": [
                    0.37396630008854037,
                    0.5
                ],
                "id": 0,
                "xyz": [
                    -1.85588,
                    0.0,
                    -1.831927617886888
                ]
            }
        ]
    },
    "layoutWalls": {
        "num": 4,
        "walls": [
            {
                "id": 0,
                "normal": [
                    1.0,
                    0.0,
                    -0.0
                ],
                "planeEquation": [
                    1.0,
                    0.0,
                    -0.0,
                    -1.84256768
                ],
                "pointsIdx": [
                    0,
                    1
                ],
                "width": 3.3611747492891277
            },
            {
                "id": 0,
                "normal": [
                    0.0,
                    0.0,
                    1.0
                ],
                "planeEquation": [
                    0.0,
                    0.0,
                    1.0,
                    -1.52924713140224
                ],
                "pointsIdx": [
                    1,
                    2
                ],
                "width": 3.69844768
            },
            {
                "id": 0,
                "normal": [
                    -1.0,
                    -0.0,
                    -0.0
                ],
                "planeEquation": [
                    -1.0,
                    -0.0,
                    -0.0,
                    -1.85588
                ],
                "pointsIdx": [
                    2,
                    3
                ],
                "width": 3.3611747492891277
            },
            {
                "id": 0,
                "normal": [
                    0.0,
                    0.0,
                    -1.0
                ],
                "planeEquation": [
                    0.0,
                    0.0,
                    -1.0,
                    -1.831927617886888
                ],
                "pointsIdx": [
                    3,
                    0
                ],
                "width": 3.69844768
            }
        ]
    },
    "panoId": "nothing"
}