{
    "cameraHeight": 1.6,
    "layoutHeight": 2.5306983947753903,
    "layoutObj2ds": {
        "num": 0,
        "obj2ds": []
    },
    "layoutPoints": {
        "num": 4,
        "points": [
            {
                "coords": [
                    0.5614344628643874,
                    0.5
                ],
                "id": 0,
                "xyz": [
                    0.4804932682926829,
                    0.0,
                    -1.1823408560234063
                ]
            },
            {
                "coords": [
                    0.9174968780110295,
                    0.5
                ],
                "id": 0,
                "xyz": [
                    0.4804932682926829,
                    0.0,
                    0.8423559804878048
                ]
            },
            {
                "coords": [
                    0.18007542914477448,
                    0.5
                ],
                "id": 0,
                "xyz": [
                    -1.7923019428136457,
                    0.0,
                    0.8423559804878048
                ]
            },
            {
                "coords": [
                    0.34281091380883166,
                    0.5
                ],
                "id": 0,
                "xyz": [
                    -1.7923019428136457,
                    0.0,
                    -1.1823408560234063
                ]
            }
        ]
    },
    "layoutWalls": {
        "num": 4,
        "walls": [
            {
                "id": 0,
                "normal": [
                    1.0,
                    0.0,
                    -0.0
                ],
                "planeEquation": [
                    1.0,
                    0.0,
                    -0.0,
                    -0.4804932682926829
                ],
                "pointsIdx": [
                    0,
                    1
                ],
                "width": 2.024696836511211
            },
            {
                "id": 0,
                "normal": [
                    0.0,
                    0.0,
                    1.0
                ],
                "planeEquation": [
                    0.0,
                    0.0,
                    1.0,
                    -0.8423559804878048
                ],
                "pointsIdx": [
                    1,
                    2
                ],
                "width": 2.2727952111063288
            },
            {
                "id": 0,
                "normal": [
                    -1.0,
                    -0.0,
                    -0.0
                ],
                "planeEquation": [
                    -1.0,
                    -0.0,
                    -0.0,
                    -1.7923019428136457
                ],
                "pointsIdx": [
                    2,
                    3
                ],
                "width": 2.024696836511211
            },
            {
                "id": 0,
                "normal": [
                    0.0,
                    0.0,
                    -1.0
                ],
                "planeEquation": [
                    0.0,
                    0.0,
                    -1.0,
                    -1.1823408560234063
                ],
                "pointsIdx": [
                    3,
                    0
                ],
                "width": 2.2727952111063288
            }
        ]
    },
    "panoId": "nothing"
}