{
    "cameraHeight": 1.6,
    "layoutHeight": 3.4354568958282474,
    "layoutObj2ds": {
        "num": 0,
        "obj2ds": []
    },
    "layoutPoints": {
        "num": 4,
        "points": [
            {
                "coords": [
                    0.550732878110114,
                    0.5
                ],
                "id": 0,
                "xyz": [
                    4.607810866581014,
                    0.0,
                    -13.962288436053825
                ]
            },
            {
                "coords": [
                    0.8503291659776437,
                    0.5
                ],
                "id": 0,
                "xyz": [
                    4.607810866581014,
                    0.0,
                    3.362352917230387
                ]
            },
            {
                "coords": [
                    0.1410883019346017,
                    0.5
                ],
                "id": 0,
                "xyz": [
                    -4.121445893422752,
                    0.0,
                    3.362352917230387
                ]
            },
            {
                "coords": [
                    0.4543173229420912,
                    0.5
                ],
                "id": 0,
                "xyz": [
                    -4.121445893422752,
                    0.0,
                    -13.962288436053825
                ]
            }
        ]
    },
    "layoutWalls": {
        "num": 4,
        "walls": [
            {
                "id": 0,
                "normal": [
                    1.0,
                    0.0,
                    -0.0
                ],
                "planeEquation": [
                    1.0,
                    0.0,
                    -0.0,
                    -4.607810866581014
                ],
                "pointsIdx": [
                    0,
                    1
                ],
                "width": 17.324641353284214
            },
            {
                "id": 0,
                "normal": [
                    0.0,
                    0.0,
                    1.0
                ],
                "planeEquation": [
                    0.0,
                    0.0,
                    1.0,
                    -3.362352917230387
                ],
                "pointsIdx": [
                    1,
                    2
                ],
                "width": 8.729256760003766
            },
            {
                "id": 0,
                "normal": [
                    -1.0,
                    -0.0,
                    -0.0
                ],
                "planeEquation": [
                    -1.0,
                    -0.0,
                    -0.0,
                    -4.121445893422752
                ],
                "pointsIdx": [
                    2,
                    3
                ],
                "width": 17.324641353284214
            },
            {
                "id": 0,
                "normal": [
                    0.0,
                    0.0,
                    -1.0
                ],
                "planeEquation": [
                    0.0,
                    0.0,
                    -1.0,
                    -13.962288436053825
                ],
                "pointsIdx": [
                    3,
                    0
                ],
                "width": 8.729256760003766
            }
        ]
    },
    "panoId": "nothing"
}