{
    "cameraHeight": 1.6,
    "layoutHeight": 3.703338384628296,
    "layoutObj2ds": {
        "num": 0,
        "obj2ds": []
    },
    "layoutPoints": {
        "num": 8,
        "points": [
            {
                "coords": [
                    0.5181537781987192,
                    0.5
                ],
                "id": 0,
                "xyz": [
                    0.9927389372931269,
                    0.0,
                    -8.66560646070272
                ]
            },
            {
                "coords": [
                    0.5806102686831656,
                    0.5
                ],
                "id": 0,
                "xyz": [
                    0.9927389372931269,
                    0.0,
                    -1.7894973600000001
                ]
            },
            {
                "coords": [
                    0.7327554440523774,
                    0.5
                ],
                "id": 0,
                "xyz": [
                    16.451101616624577,
                    0.0,
                    -1.7894973600000001
                ]
            },
            {
                "coords": [
                    0.7650298496502763,
                    0.5
                ],
                "id": 0,
                "xyz": [
                    16.451101616624577,
                    0.0,
                    1.5582
                ]
            },
            {
                "coords": [
                    0.2229397103116894,
                    0.5
                ],
                "id": 0,
                "xyz": [
                    -9.076063067792026,
                    0.0,
                    1.5582
                ]
            },
            {
                "coords": [
                    0.2806425779650037,
                    0.5
                ],
                "id": 0,
                "xyz": [
                    -9.076063067792026,
                    0.0,
                    -1.76935858880512
                ]
            },
            {
                "coords": [
                    0.2974358090874972,
                    0.5
                ],
                "id": 0,
                "xyz": [
                    -5.75965464363008,
                    0.0,
                    -1.76935858880512
                ]
            },
            {
                "coords": [
                    0.40663813522029346,
                    0.5
                ],
                "id": 0,
                "xyz": [
                    -5.75965464363008,
                    0.0,
                    -8.66560646070272
                ]
            }
        ]
    },
    "layoutWalls": {
        "num": 8,
        "walls": [
            {
                "id": 0,
                "normal": [
                    1.0,
                    0.0,
                    -0.0
                ],
                "planeEquation": [
                    1.0,
                    0.0,
                    -0.0,
                    -0.9927389372931269
                ],
                "pointsIdx": [
                    0,
                    1
                ],
                "width": 6.87610910070272
            },
            {
                "id": 0,
                "normal": [
                    0.0,
                    0.0,
                    -1.0
                ],
                "planeEquation": [
                    0.0,
                    0.0,
                    -1.0,
                    -1.7894973600000001
                ],
                "pointsIdx": [
                    1,
                    2
                ],
                "width": 15.458362679331449
            },
            {
                "id": 0,
                "normal": [
                    1.0,
                    0.0,
                    -0.0
                ],
                "planeEquation": [
                    1.0,
                    0.0,
                    -0.0,
                    -16.451101616624577
                ],
                "pointsIdx": [
                    2,
                    3
                ],
                "width": 3.34769736
            },
            {
                "id": 0,
                "normal": [
                    0.0,
                    0.0,
                    1.0
                ],
                "planeEquation": [
                    0.0,
                    0.0,
                    1.0,
                    -1.5582
                ],
                "pointsIdx": [
                    3,
                    4
                ],
                "width": 25.527164684416604
            },
            {
                "id": 0,
                "normal": [
                    -1.0,
                    -0.0,
                    -0.0
                ],
                "planeEquation": [
                    -1.0,
                    -0.0,
                    -0.0,
                    -9.076063067792026
                ],
                "pointsIdx": [
                    4,
                    5
                ],
                "width": 3.32755858880512
            },
            {
                "id": 0,
                "normal": [
                    0.0,
                    0.0,
                    -1.0
                ],
                "planeEquation": [
                    0.0,
                    0.0,
                    -1.0,
                    -1.76935858880512
                ],
                "pointsIdx": [
                    5,
                    6
                ],
                "width": 3.3164084241619456
            },
            {
                "id": 0,
                "normal": [
                    -1.0,
                    -0.0,
                    -0.0
                ],
                "planeEquation": [
                    -1.0,
                    -0.0,
                    -0.0,
                    -5.75965464363008
                ],
                "pointsIdx": [
                    6,
                    7
                ],
                "width": 6.896247871897601
            },
            {
                "id": 0,
                "normal": [
                    0.0,
                    0.0,
                    -1.0
                ],
                "planeEquation": [
                    0.0,
                    0.0,
                    -1.0,
                    -8.66560646070272
                ],
                "pointsIdx": [
                    7,
                    0
                ],
                "width": 6.752393580923207
            }
        ]
    },
    "panoId": "nothing"
}