{
    "cameraHeight": 1.6,
    "layoutHeight": 3.4843018531799324,
    "layoutObj2ds": {
        "num": 0,
        "obj2ds": []
    },
    "layoutPoints": {
        "num": 4,
        "points": [
            {
                "coords": [
                    0.5816970167770497,
                    0.5
                ],
                "id": 0,
                "xyz": [
                    5.548881144969699,
                    0.0,
                    -9.843288175139401
                ]
            },
            {
                "coords": [
                    0.9034028856029199,
                    0.5
                ],
                "id": 0,
                "xyz": [
                    5.548881144969699,
                    0.0,
                    7.99124326819002
                ]
            },
            {
                "coords": [
                    0.07127920270441263,
                    0.5
                ],
                "id": 0,
                "xyz": [
                    -3.83914490284072,
                    0.0,
                    7.99124326819002
                ]
            },
            {
                "coords": [
                    0.44081358356224576,
                    0.5
                ],
                "id": 0,
                "xyz": [
                    -3.83914490284072,
                    0.0,
                    -9.843288175139401
                ]
            }
        ]
    },
    "layoutWalls": {
        "num": 4,
        "walls": [
            {
                "id": 0,
                "normal": [
                    1.0,
                    0.0,
                    -0.0
                ],
                "planeEquation": [
                    1.0,
                    0.0,
                    -0.0,
                    -5.548881144969699
                ],
                "pointsIdx": [
                    0,
                    1
                ],
                "width": 17.83453144332942
            },
            {
                "id": 0,
                "normal": [
                    0.0,
                    0.0,
                    1.0
                ],
                "planeEquation": [
                    0.0,
                    0.0,
                    1.0,
                    -7.99124326819002
                ],
                "pointsIdx": [
                    1,
                    2
                ],
                "width": 9.388026047810419
            },
            {
                "id": 0,
                "normal": [
                    -1.0,
                    -0.0,
                    -0.0
                ],
                "planeEquation": [
                    -1.0,
                    -0.0,
                    -0.0,
                    -3.83914490284072
                ],
                "pointsIdx": [
                    2,
                    3
                ],
                "width": 17.83453144332942
            },
            {
                "id": 0,
                "normal": [
                    0.0,
                    0.0,
                    -1.0
                ],
                "planeEquation": [
                    0.0,
                    0.0,
                    -1.0,
                    -9.843288175139401
                ],
                "pointsIdx": [
                    3,
                    0
                ],
                "width": 9.388026047810419
            }
        ]
    },
    "panoId": "nothing"
}