{
    "cameraHeight": 1.6,
    "layoutHeight": 3.2903577709198,
    "layoutObj2ds": {
        "num": 0,
        "obj2ds": []
    },
    "layoutPoints": {
        "num": 4,
        "points": [
            {
                "coords": [
                    0.6877656821276551,
                    0.5
                ],
                "id": 0,
                "xyz": [
                    9.250046678340897,
                    0.0,
                    -3.8134165674092135
                ]
            },
            {
                "coords": [
                    0.8069577976688487,
                    0.5
                ],
                "id": 0,
                "xyz": [
                    9.250046678340897,
                    0.0,
                    3.4593353403583698
                ]
            },
            {
                "coords": [
                    0.03625166531631441,
                    0.5
                ],
                "id": 0,
                "xyz": [
                    -0.8018690196872111,
                    0.0,
                    3.4593353403583698
                ]
            },
            {
                "coords": [
                    0.46701413849703044,
                    0.5
                ],
                "id": 0,
                "xyz": [
                    -0.8018690196872111,
                    0.0,
                    -3.8134165674092135
                ]
            }
        ]
    },
    "layoutWalls": {
        "num": 4,
        "walls": [
            {
                "id": 0,
                "normal": [
                    1.0,
                    0.0,
                    -0.0
                ],
                "planeEquation": [
                    1.0,
                    0.0,
                    -0.0,
                    -9.250046678340897
                ],
                "pointsIdx": [
                    0,
                    1
                ],
                "width": 7.272751907767583
            },
            {
                "id": 0,
                "normal": [
                    0.0,
                    0.0,
                    1.0
                ],
                "planeEquation": [
                    0.0,
                    0.0,
                    1.0,
                    -3.4593353403583698
                ],
                "pointsIdx": [
                    1,
                    2
                ],
                "width": 10.05191569802811
            },
            {
                "id": 0,
                "normal": [
                    -1.0,
                    -0.0,
                    -0.0
                ],
                "planeEquation": [
                    -1.0,
                    -0.0,
                    -0.0,
                    -0.8018690196872111
                ],
                "pointsIdx": [
                    2,
                    3
                ],
                "width": 7.272751907767583
            },
            {
                "id": 0,
                "normal": [
                    0.0,
                    0.0,
                    -1.0
                ],
                "planeEquation": [
                    0.0,
                    0.0,
                    -1.0,
                    -3.8134165674092135
                ],
                "pointsIdx": [
                    3,
                    0
                ],
                "width": 10.05191569802811
            }
        ]
    },
    "panoId": "nothing"
}