{
    "cameraHeight": 1.6,
    "layoutHeight": 3.634921712875367,
    "layoutObj2ds": {
        "num": 0,
        "obj2ds": []
    },
    "layoutPoints": {
        "num": 10,
        "points": [
            {
                "coords": [
                    0.7072425701951691,
                    0.5
                ],
                "id": 0,
                "xyz": [
                    13.764219733447312,
                    0.0,
                    -3.7894045628720128
                ]
            },
            {
                "coords": [
                    0.8163563446760496,
                    0.5
                ],
                "id": 0,
                "xyz": [
                    13.764219733447312,
                    0.0,
                    6.096095702973718
                ]
            },
            {
                "coords": [
                    0.11095057599709962,
                    0.5
                ],
                "id": 0,
                "xyz": [
                    -5.104762143032921,
                    0.0,
                    6.096095702973718
                ]
            },
            {
                "coords": [
                    0.33126675273467904,
                    0.5
                ],
                "id": 0,
                "xyz": [
                    -5.104762143032921,
                    0.0,
                    -2.8595100559563282
                ]
            },
            {
                "coords": [
                    0.3570405285159918,
                    0.5307368333871094
                ],
                "id": 0,
                "xyz": [
                    -3.5904454544129787,
                    -0.44460508344797894,
                    -2.8595100559563282
                ]
            },
            {
                "coords": [
                    0.3765599559886038,
                    0.5275282034182902
                ],
                "id": 0,
                "xyz": [
                    -3.5904454544129787,
                    -0.44460508344797894,
                    -3.6615278934297
                ]
            },
            {
                "coords": [
                    0.6595734051152657,
                    0.5136398415031824
                ],
                "id": 0,
                "xyz": [
                    5.73560552082598,
                    -0.29176566358534733,
                    -3.6615278934297
                ]
            },
            {
                "coords": [
                    0.6694444444444444,
                    0.5141526569841249
                ],
                "id": 0,
                "xyz": [
                    5.73560552082598,
                    -0.29176566358534733,
                    -3.1792980557563166
                ]
            },
            {
                "coords": [
                    0.6813194444444444,
                    0.49416764595540763
                ],
                "id": 0,
                "xyz": [
                    6.904352653202305,
                    0.13929120363828162,
                    -3.1792980557563166
                ]
            },
            {
                "coords": [
                    0.6701114812548236,
                    0.4943710317366749
                ],
                "id": 0,
                "xyz": [
                    6.904352653202305,
                    0.13929120363828162,
                    -3.7894045628720128
                ]
            }
        ]
    },
    "layoutWalls": {
        "num": 10,
        "walls": [
            {
                "id": 0,
                "normal": [
                    1.0,
                    0.0,
                    -0.0
                ],
                "planeEquation": [
                    1.0,
                    0.0,
                    -0.0,
                    -13.764219733447312
                ],
                "pointsIdx": [
                    0,
                    1
                ],
                "width": 9.885500265845732
            },
            {
                "id": 0,
                "normal": [
                    0.0,
                    0.0,
                    1.0
                ],
                "planeEquation": [
                    0.0,
                    0.0,
                    1.0,
                    -6.096095702973718
                ],
                "pointsIdx": [
                    1,
                    2
                ],
                "width": 18.868981876480234
            },
            {
                "id": 0,
                "normal": [
                    -1.0,
                    -0.0,
                    -0.0
                ],
                "planeEquation": [
                    -1.0,
                    -0.0,
                    -0.0,
                    -5.104762143032921
                ],
                "pointsIdx": [
                    2,
                    3
                ],
                "width": 8.955605758930046
            },
            {
                "id": 0,
                "normal": [
                    0.0,
                    0.0,
                    -1.0
                ],
                "planeEquation": [
                    0.0,
                    0.0,
                    -1.0,
                    -2.8595100559563282
                ],
                "pointsIdx": [
                    3,
                    4
                ],
                "width": 1.514316688619942
            },
            {
                "id": 0,
                "normal": [
                    -1.0,
                    -0.0,
                    -0.0
                ],
                "planeEquation": [
                    -1.0,
                    -0.0,
                    -0.0,
                    -3.5904454544129787
                ],
                "pointsIdx": [
                    4,
                    5
                ],
                "width": 0.8020178374733717
            },
            {
                "id": 0,
                "normal": [
                    0.0,
                    0.0,
                    -1.0
                ],
                "planeEquation": [
                    0.0,
                    0.0,
                    -1.0,
                    -3.6615278934297
                ],
                "pointsIdx": [
                    5,
                    6
                ],
                "width": 9.326050975238958
            },
            {
                "id": 0,
                "normal": [
                    1.0,
                    0.0,
                    -0.0
                ],
                "planeEquation": [
                    1.0,
                    0.0,
                    -0.0,
                    -5.73560552082598
                ],
                "pointsIdx": [
                    6,
                    7
                ],
                "width": 0.48222983767338334
            },
            {
                "id": 0,
                "normal": [
                    0.0,
                    0.0,
                    -1.0
                ],
                "planeEquation": [
                    0.0,
                    0.0,
                    -1.0,
                    -3.1792980557563166
                ],
                "pointsIdx": [
                    7,
                    8
                ],
                "width": 1.1687471323763248
            },
            {
                "id": 0,
                "normal": [
                    -1.0,
                    -0.0,
                    -0.0
                ],
                "planeEquation": [
                    -1.0,
                    -0.0,
                    -0.0,
                    6.904352653202305
                ],
                "pointsIdx": [
                    8,
                    9
                ],
                "width": 0.6101065071156961
            },
            {
                "id": 0,
                "normal": [
                    0.0,
                    0.0,
                    -1.0
                ],
                "planeEquation": [
                    0.0,
                    0.0,
                    -1.0,
                    -3.7894045628720128
                ],
                "pointsIdx": [
                    9,
                    0
                ],
                "width": 6.8598670802450075
            }
        ]
    },
    "panoId": "nothing"
}