{
    "cameraHeight": 1.6,
    "layoutHeight": 3.2541861343383793,
    "layoutObj2ds": {
        "num": 0,
        "obj2ds": []
    },
    "layoutPoints": {
        "num": 8,
        "points": [
            {
                "coords": [
                    0.7193207172077994,
                    0.5
                ],
                "id": 0,
                "xyz": [
                    7.0022764614209345,
                    0.0,
                    -1.366754774520976
                ]
            },
            {
                "coords": [
                    0.8731795839615354,
                    0.5
                ],
                "id": 0,
                "xyz": [
                    7.0022764614209345,
                    0.0,
                    6.843896867448606
                ]
            },
            {
                "coords": [
                    0.13347922666892614,
                    0.5
                ],
                "id": 0,
                "xyz": [
                    -7.614943693438489,
                    0.0,
                    6.843896867448606
                ]
            },
            {
                "coords": [
                    0.2782647006385976,
                    0.5
                ],
                "id": 0,
                "xyz": [
                    -7.614943693438489,
                    0.0,
                    -1.366754774520976
                ]
            },
            {
                "coords": [
                    0.4028421786614587,
                    0.5745428982389612
                ],
                "id": 0,
                "xyz": [
                    -0.9561880281914574,
                    -0.3979253353750386,
                    -1.366754774520976
                ]
            },
            {
                "coords": [
                    0.3705555555555555,
                    0.5934651999476093
                ],
                "id": 0,
                "xyz": [
                    -0.9561880281914574,
                    -0.3979253353750386,
                    -0.9042220688385411
                ]
            },
            {
                "coords": [
                    0.4782638888888888,
                    0.6703106204607506
                ],
                "id": 0,
                "xyz": [
                    -0.1242649847263174,
                    -0.5409844826798589,
                    -0.9042220688385411
                ]
            },
            {
                "coords": [
                    0.485569350314183,
                    0.6195217007652756
                ],
                "id": 0,
                "xyz": [
                    -0.1242649847263174,
                    -0.5409844826798589,
                    -1.366754774520976
                ]
            }
        ]
    },
    "layoutWalls": {
        "num": 8,
        "walls": [
            {
                "id": 0,
                "normal": [
                    1.0,
                    0.0,
                    -0.0
                ],
                "planeEquation": [
                    1.0,
                    0.0,
                    -0.0,
                    -7.0022764614209345
                ],
                "pointsIdx": [
                    0,
                    1
                ],
                "width": 8.210651641969582
            },
            {
                "id": 0,
                "normal": [
                    0.0,
                    0.0,
                    1.0
                ],
                "planeEquation": [
                    0.0,
                    0.0,
                    1.0,
                    -6.843896867448606
                ],
                "pointsIdx": [
                    1,
                    2
                ],
                "width": 14.617220154859424
            },
            {
                "id": 0,
                "normal": [
                    -1.0,
                    -0.0,
                    -0.0
                ],
                "planeEquation": [
                    -1.0,
                    -0.0,
                    -0.0,
                    -7.614943693438489
                ],
                "pointsIdx": [
                    2,
                    3
                ],
                "width": 8.210651641969582
            },
            {
                "id": 0,
                "normal": [
                    0.0,
                    0.0,
                    -1.0
                ],
                "planeEquation": [
                    0.0,
                    0.0,
                    -1.0,
                    -1.366754774520976
                ],
                "pointsIdx": [
                    3,
                    4
                ],
                "width": 6.658755665247032
            },
            {
                "id": 0,
                "normal": [
                    1.0,
                    0.0,
                    -0.0
                ],
                "planeEquation": [
                    1.0,
                    0.0,
                    -0.0,
                    0.9561880281914574
                ],
                "pointsIdx": [
                    4,
                    5
                ],
                "width": 0.462532705682435
            },
            {
                "id": 0,
                "normal": [
                    0.0,
                    0.0,
                    -1.0
                ],
                "planeEquation": [
                    0.0,
                    0.0,
                    -1.0,
                    -0.9042220688385411
                ],
                "pointsIdx": [
                    5,
                    6
                ],
                "width": 0.83192304346514
            },
            {
                "id": 0,
                "normal": [
                    -1.0,
                    -0.0,
                    -0.0
                ],
                "planeEquation": [
                    -1.0,
                    -0.0,
                    -0.0,
                    -0.1242649847263174
                ],
                "pointsIdx": [
                    6,
                    7
                ],
                "width": 0.462532705682435
            },
            {
                "id": 0,
                "normal": [
                    0.0,
                    0.0,
                    -1.0
                ],
                "planeEquation": [
                    0.0,
                    0.0,
                    -1.0,
                    -1.366754774520976
                ],
                "pointsIdx": [
                    7,
                    0
                ],
                "width": 7.126541446147252
            }
        ]
    },
    "panoId": "nothing"
}