{
    "cameraHeight": 1.6,
    "layoutHeight": 2.876800298690796,
    "layoutObj2ds": {
        "num": 0,
        "obj2ds": []
    },
    "layoutPoints": {
        "num": 6,
        "points": [
            {
                "coords": [
                    0.6112160894458951,
                    0.5
                ],
                "id": 0,
                "xyz": [
                    4.1683000771379195,
                    0.0,
                    -4.9609375
                ]
            },
            {
                "coords": [
                    0.6805435433086476,
                    0.5279688715017443
                ],
                "id": 0,
                "xyz": [
                    4.1683000771379195,
                    -0.40517538466938097,
                    -1.9440932723136233
                ]
            },
            {
                "coords": [
                    0.694614574294131,
                    0.5225850209388757
                ],
                "id": 0,
                "xyz": [
                    5.359170067412566,
                    -0.40517538466938097,
                    -1.9440932723136233
                ]
            },
            {
                "coords": [
                    0.7757158446561696,
                    0.5
                ],
                "id": 0,
                "xyz": [
                    5.359170067412566,
                    0.0,
                    0.873536
                ]
            },
            {
                "coords": [
                    0.12293993155189198,
                    0.5
                ],
                "id": 0,
                "xyz": [
                    -0.85121,
                    0.0,
                    0.873536
                ]
            },
            {
                "coords": [
                    0.4729551518134269,
                    0.5
                ],
                "id": 0,
                "xyz": [
                    -0.85121,
                    0.0,
                    -4.9609375
                ]
            }
        ]
    },
    "layoutWalls": {
        "num": 6,
        "walls": [
            {
                "id": 0,
                "normal": [
                    1.0,
                    0.0,
                    -0.0
                ],
                "planeEquation": [
                    1.0,
                    0.0,
                    -0.0,
                    -4.1683000771379195
                ],
                "pointsIdx": [
                    0,
                    1
                ],
                "width": 3.0168442276863767
            },
            {
                "id": 0,
                "normal": [
                    0.0,
                    0.0,
                    -1.0
                ],
                "planeEquation": [
                    0.0,
                    0.0,
                    -1.0,
                    -1.9440932723136233
                ],
                "pointsIdx": [
                    1,
                    2
                ],
                "width": 1.1908699902746465
            },
            {
                "id": 0,
                "normal": [
                    1.0,
                    0.0,
                    -0.0
                ],
                "planeEquation": [
                    1.0,
                    0.0,
                    -0.0,
                    -5.359170067412566
                ],
                "pointsIdx": [
                    2,
                    3
                ],
                "width": 2.8176292723136234
            },
            {
                "id": 0,
                "normal": [
                    0.0,
                    0.0,
                    1.0
                ],
                "planeEquation": [
                    0.0,
                    0.0,
                    1.0,
                    -0.873536
                ],
                "pointsIdx": [
                    3,
                    4
                ],
                "width": 6.210380067412566
            },
            {
                "id": 0,
                "normal": [
                    -1.0,
                    -0.0,
                    -0.0
                ],
                "planeEquation": [
                    -1.0,
                    -0.0,
                    -0.0,
                    -0.85121
                ],
                "pointsIdx": [
                    4,
                    5
                ],
                "width": 5.8344735
            },
            {
                "id": 0,
                "normal": [
                    0.0,
                    0.0,
                    -1.0
                ],
                "planeEquation": [
                    0.0,
                    0.0,
                    -1.0,
                    -4.9609375
                ],
                "pointsIdx": [
                    5,
                    0
                ],
                "width": 5.0195100771379195
            }
        ]
    },
    "panoId": "nothing"
}