{
    "cameraHeight": 1.6,
    "layoutHeight": 2.8132166862487793,
    "layoutObj2ds": {
        "num": 0,
        "obj2ds": []
    },
    "layoutPoints": {
        "num": 10,
        "points": [
            {
                "coords": [
                    0.5934898623951268,
                    0.5
                ],
                "id": 0,
                "xyz": [
                    4.48,
                    0.0,
                    -6.728575749077519
                ]
            },
            {
                "coords": [
                    0.8641282665334551,
                    0.5
                ],
                "id": 0,
                "xyz": [
                    4.48,
                    0.0,
                    3.90625
                ]
            },
            {
                "coords": [
                    0.001591496382454094,
                    0.5
                ],
                "id": 0,
                "xyz": [
                    -0.0390625,
                    0.0,
                    3.90625
                ]
            },
            {
                "coords": [
                    0.00840927125578561,
                    0.5
                ],
                "id": 0,
                "xyz": [
                    -0.0390625,
                    0.0,
                    0.73861376
                ]
            },
            {
                "coords": [
                    0.2317095990040397,
                    0.5
                ],
                "id": 0,
                "xyz": [
                    -6.398769513468578,
                    0.0,
                    0.73861376
                ]
            },
            {
                "coords": [
                    0.3269323930818432,
                    0.5
                ],
                "id": 0,
                "xyz": [
                    -6.398769513468578,
                    0.0,
                    -3.358811051037405
                ]
            },
            {
                "coords": [
                    0.3929708310279436,
                    0.5207330905274802
                ],
                "id": 0,
                "xyz": [
                    -2.6746395322014473,
                    -0.2800618163319889,
                    -3.358811051037405
                ]
            },
            {
                "coords": [
                    0.29694444444444446,
                    0.5317847855048494
                ],
                "id": 0,
                "xyz": [
                    -2.6746395322014473,
                    -0.2800618163319889,
                    -0.8126176217088
                ]
            },
            {
                "coords": [
                    0.6102777777777778,
                    0.6688958111695941
                ],
                "id": 0,
                "xyz": [
                    0.6746481477520586,
                    -0.6196828150077189,
                    -0.8126176217087999
                ]
            },
            {
                "coords": [
                    0.5159046917364036,
                    0.529087944461959
                ],
                "id": 0,
                "xyz": [
                    0.6746481477520582,
                    -0.6196828150077189,
                    -6.728575749077519
                ]
            }
        ]
    },
    "layoutWalls": {
        "num": 10,
        "walls": [
            {
                "id": 0,
                "normal": [
                    1.0,
                    0.0,
                    -0.0
                ],
                "planeEquation": [
                    1.0,
                    0.0,
                    -0.0,
                    -4.48
                ],
                "pointsIdx": [
                    0,
                    1
                ],
                "width": 10.63482574907752
            },
            {
                "id": 0,
                "normal": [
                    0.0,
                    0.0,
                    1.0
                ],
                "planeEquation": [
                    0.0,
                    0.0,
                    1.0,
                    -3.90625
                ],
                "pointsIdx": [
                    1,
                    2
                ],
                "width": 4.5190625
            },
            {
                "id": 0,
                "normal": [
                    -1.0,
                    -0.0,
                    -0.0
                ],
                "planeEquation": [
                    -1.0,
                    -0.0,
                    -0.0,
                    -0.0390625
                ],
                "pointsIdx": [
                    2,
                    3
                ],
                "width": 3.16763624
            },
            {
                "id": 0,
                "normal": [
                    0.0,
                    0.0,
                    1.0
                ],
                "planeEquation": [
                    0.0,
                    0.0,
                    1.0,
                    -0.73861376
                ],
                "pointsIdx": [
                    3,
                    4
                ],
                "width": 6.359707013468578
            },
            {
                "id": 0,
                "normal": [
                    -1.0,
                    -0.0,
                    -0.0
                ],
                "planeEquation": [
                    -1.0,
                    -0.0,
                    -0.0,
                    -6.398769513468578
                ],
                "pointsIdx": [
                    4,
                    5
                ],
                "width": 4.097424811037405
            },
            {
                "id": 0,
                "normal": [
                    0.0,
                    0.0,
                    -1.0
                ],
                "planeEquation": [
                    0.0,
                    0.0,
                    -1.0,
                    -3.358811051037405
                ],
                "pointsIdx": [
                    5,
                    6
                ],
                "width": 3.7241299812671302
            },
            {
                "id": 0,
                "normal": [
                    1.0,
                    0.0,
                    -0.0
                ],
                "planeEquation": [
                    1.0,
                    0.0,
                    -0.0,
                    2.6746395322014473
                ],
                "pointsIdx": [
                    6,
                    7
                ],
                "width": 2.5461934293286053
            },
            {
                "id": 0,
                "normal": [
                    3.314803417067382e-17,
                    0.0,
                    -1.0
                ],
                "planeEquation": [
                    3.314803417067382e-17,
                    0.0,
                    -1.0,
                    -0.8126176217087999
                ],
                "pointsIdx": [
                    7,
                    8
                ],
                "width": 3.349287679953506
            },
            {
                "id": 0,
                "normal": [
                    -1.0,
                    0.0,
                    7.50663206684296e-17
                ],
                "planeEquation": [
                    -1.0,
                    0.0,
                    7.50663206684296e-17,
                    0.6746481477520587
                ],
                "pointsIdx": [
                    8,
                    9
                ],
                "width": 5.91595812736872
            },
            {
                "id": 0,
                "normal": [
                    0.0,
                    0.0,
                    -1.0
                ],
                "planeEquation": [
                    0.0,
                    0.0,
                    -1.0,
                    -6.728575749077519
                ],
                "pointsIdx": [
                    9,
                    0
                ],
                "width": 3.8053518522479424
            }
        ]
    },
    "panoId": "nothing"
}