{
    "cameraHeight": 1.6,
    "layoutHeight": 3.0110837364196774,
    "layoutObj2ds": {
        "num": 0,
        "obj2ds": []
    },
    "layoutPoints": {
        "num": 4,
        "points": [
            {
                "coords": [
                    0.5252146687461721,
                    0.5
                ],
                "id": 0,
                "xyz": [
                    1.3684435558399999,
                    0.0,
                    -8.565225221119999
                ]
            },
            {
                "coords": [
                    0.9765364187324549,
                    0.5
                ],
                "id": 0,
                "xyz": [
                    1.3684435558399999,
                    0.0,
                    9.214892743085455
                ]
            },
            {
                "coords": [
                    0.053865811775241634,
                    0.5
                ],
                "id": 0,
                "xyz": [
                    -3.2435742317074188,
                    0.0,
                    9.214892743085455
                ]
            },
            {
                "coords": [
                    0.44238547513846066,
                    0.5
                ],
                "id": 0,
                "xyz": [
                    -3.2435742317074188,
                    0.0,
                    -8.565225221119999
                ]
            }
        ]
    },
    "layoutWalls": {
        "num": 4,
        "walls": [
            {
                "id": 0,
                "normal": [
                    1.0,
                    0.0,
                    -0.0
                ],
                "planeEquation": [
                    1.0,
                    0.0,
                    -0.0,
                    -1.3684435558399999
                ],
                "pointsIdx": [
                    0,
                    1
                ],
                "width": 17.780117964205452
            },
            {
                "id": 0,
                "normal": [
                    0.0,
                    0.0,
                    1.0
                ],
                "planeEquation": [
                    0.0,
                    0.0,
                    1.0,
                    -9.214892743085455
                ],
                "pointsIdx": [
                    1,
                    2
                ],
                "width": 4.612017787547419
            },
            {
                "id": 0,
                "normal": [
                    -1.0,
                    -0.0,
                    -0.0
                ],
                "planeEquation": [
                    -1.0,
                    -0.0,
                    -0.0,
                    -3.2435742317074188
                ],
                "pointsIdx": [
                    2,
                    3
                ],
                "width": 17.780117964205452
            },
            {
                "id": 0,
                "normal": [
                    0.0,
                    0.0,
                    -1.0
                ],
                "planeEquation": [
                    0.0,
                    0.0,
                    -1.0,
                    -8.565225221119999
                ],
                "pointsIdx": [
                    3,
                    0
                ],
                "width": 4.612017787547419
            }
        ]
    },
    "panoId": "nothing"
}