{
    "cameraHeight": 1.6,
    "layoutHeight": 2.4826797872194097,
    "layoutObj2ds": {
        "num": 0,
        "obj2ds": []
    },
    "layoutPoints": {
        "num": 6,
        "points": [
            {
                "coords": [
                    0.6514469938715111,
                    0.5
                ],
                "id": 0,
                "xyz": [
                    3.597883538110217,
                    0.0,
                    -2.5643640641250136
                ]
            },
            {
                "coords": [
                    0.7918982593085323,
                    0.5
                ],
                "id": 0,
                "xyz": [
                    3.597883538110217,
                    0.0,
                    0.9696634899971771
                ]
            },
            {
                "coords": [
                    0.8233732549217221,
                    0.5
                ],
                "id": 0,
                "xyz": [
                    1.9521447834554941,
                    0.0,
                    0.9696634899971771
                ]
            },
            {
                "coords": [
                    0.8981955087652116,
                    0.5
                ],
                "id": 0,
                "xyz": [
                    1.9521447834554941,
                    0.0,
                    2.6238151945786736
                ]
            },
            {
                "coords": [
                    0.06598587528994476,
                    0.5
                ],
                "id": 0,
                "xyz": [
                    -1.1547749884339604,
                    0.0,
                    2.6238151945786736
                ]
            },
            {
                "coords": [
                    0.43265884638746327,
                    0.5
                ],
                "id": 0,
                "xyz": [
                    -1.1547749884339604,
                    0.0,
                    -2.5643640641250136
                ]
            }
        ]
    },
    "layoutWalls": {
        "num": 6,
        "walls": [
            {
                "id": 0,
                "normal": [
                    1.0,
                    0.0,
                    -0.0
                ],
                "planeEquation": [
                    1.0,
                    0.0,
                    -0.0,
                    -3.597883538110217
                ],
                "pointsIdx": [
                    0,
                    1
                ],
                "width": 3.534027554122191
            },
            {
                "id": 0,
                "normal": [
                    0.0,
                    0.0,
                    1.0
                ],
                "planeEquation": [
                    0.0,
                    0.0,
                    1.0,
                    -0.9696634899971771
                ],
                "pointsIdx": [
                    1,
                    2
                ],
                "width": 1.645738754654723
            },
            {
                "id": 0,
                "normal": [
                    1.0,
                    0.0,
                    -0.0
                ],
                "planeEquation": [
                    1.0,
                    0.0,
                    -0.0,
                    -1.9521447834554941
                ],
                "pointsIdx": [
                    2,
                    3
                ],
                "width": 1.6541517045814964
            },
            {
                "id": 0,
                "normal": [
                    0.0,
                    0.0,
                    1.0
                ],
                "planeEquation": [
                    0.0,
                    0.0,
                    1.0,
                    -2.6238151945786736
                ],
                "pointsIdx": [
                    3,
                    4
                ],
                "width": 3.1069197718894546
            },
            {
                "id": 0,
                "normal": [
                    -1.0,
                    -0.0,
                    -0.0
                ],
                "planeEquation": [
                    -1.0,
                    -0.0,
                    -0.0,
                    -1.1547749884339604
                ],
                "pointsIdx": [
                    4,
                    5
                ],
                "width": 5.188179258703688
            },
            {
                "id": 0,
                "normal": [
                    0.0,
                    0.0,
                    -1.0
                ],
                "planeEquation": [
                    0.0,
                    0.0,
                    -1.0,
                    -2.5643640641250136
                ],
                "pointsIdx": [
                    5,
                    0
                ],
                "width": 4.752658526544177
            }
        ]
    },
    "panoId": "nothing"
}