{
    "cameraHeight": 1.6,
    "layoutHeight": 3.0460671520233156,
    "layoutObj2ds": {
        "num": 0,
        "obj2ds": []
    },
    "layoutPoints": {
        "num": 6,
        "points": [
            {
                "coords": [
                    0.5078119803742116,
                    0.5
                ],
                "id": 0,
                "xyz": [
                    0.24369899520000002,
                    0.0,
                    -4.9609375
                ]
            },
            {
                "coords": [
                    0.5706056211614456,
                    0.5
                ],
                "id": 0,
                "xyz": [
                    0.24369899520000002,
                    0.0,
                    -0.5128125
                ]
            },
            {
                "coords": [
                    0.7167907344872104,
                    0.5
                ],
                "id": 0,
                "xyz": [
                    2.421875,
                    0.0,
                    -0.5128125
                ]
            },
            {
                "coords": [
                    0.7894822036424094,
                    0.5
                ],
                "id": 0,
                "xyz": [
                    2.421875,
                    0.0,
                    0.6134400000000001
                ]
            },
            {
                "coords": [
                    0.21910181630049408,
                    0.5
                ],
                "id": 0,
                "xyz": [
                    -3.12,
                    0.0,
                    0.6134400000000001
                ]
            },
            {
                "coords": [
                    0.4106490641613524,
                    0.5
                ],
                "id": 0,
                "xyz": [
                    -3.12,
                    0.0,
                    -4.9609375
                ]
            }
        ]
    },
    "layoutWalls": {
        "num": 6,
        "walls": [
            {
                "id": 0,
                "normal": [
                    1.0,
                    0.0,
                    -0.0
                ],
                "planeEquation": [
                    1.0,
                    0.0,
                    -0.0,
                    -0.24369899520000002
                ],
                "pointsIdx": [
                    0,
                    1
                ],
                "width": 4.448125
            },
            {
                "id": 0,
                "normal": [
                    0.0,
                    0.0,
                    -1.0
                ],
                "planeEquation": [
                    0.0,
                    0.0,
                    -1.0,
                    -0.5128125
                ],
                "pointsIdx": [
                    1,
                    2
                ],
                "width": 2.1781760048
            },
            {
                "id": 0,
                "normal": [
                    1.0,
                    0.0,
                    -0.0
                ],
                "planeEquation": [
                    1.0,
                    0.0,
                    -0.0,
                    -2.421875
                ],
                "pointsIdx": [
                    2,
                    3
                ],
                "width": 1.1262525
            },
            {
                "id": 0,
                "normal": [
                    0.0,
                    0.0,
                    1.0
                ],
                "planeEquation": [
                    0.0,
                    0.0,
                    1.0,
                    -0.6134400000000001
                ],
                "pointsIdx": [
                    3,
                    4
                ],
                "width": 5.541875
            },
            {
                "id": 0,
                "normal": [
                    -1.0,
                    -0.0,
                    -0.0
                ],
                "planeEquation": [
                    -1.0,
                    -0.0,
                    -0.0,
                    -3.12
                ],
                "pointsIdx": [
                    4,
                    5
                ],
                "width": 5.5743775
            },
            {
                "id": 0,
                "normal": [
                    0.0,
                    0.0,
                    -1.0
                ],
                "planeEquation": [
                    0.0,
                    0.0,
                    -1.0,
                    -4.9609375
                ],
                "pointsIdx": [
                    5,
                    0
                ],
                "width": 3.3636989952
            }
        ]
    },
    "panoId": "nothing"
}