{
    "cameraHeight": 1.6,
    "layoutHeight": 2.9246746349334716,
    "layoutObj2ds": {
        "num": 0,
        "obj2ds": []
    },
    "layoutPoints": {
        "num": 4,
        "points": [
            {
                "coords": [
                    0.6080071315372945,
                    0.5
                ],
                "id": 0,
                "xyz": [
                    2.19077,
                    0.0,
                    -2.7167419827200003
                ]
            },
            {
                "coords": [
                    0.9354644151494795,
                    0.5
                ],
                "id": 0,
                "xyz": [
                    2.19077,
                    0.0,
                    5.103376216691589
                ]
            },
            {
                "coords": [
                    0.07005778293495896,
                    0.5
                ],
                "id": 0,
                "xyz": [
                    -2.403730059185514,
                    0.0,
                    5.103376216691589
                ]
            },
            {
                "coords": [
                    0.38471697148383255,
                    0.5
                ],
                "id": 0,
                "xyz": [
                    -2.403730059185514,
                    0.0,
                    -2.7167419827200003
                ]
            }
        ]
    },
    "layoutWalls": {
        "num": 4,
        "walls": [
            {
                "id": 0,
                "normal": [
                    1.0,
                    0.0,
                    -0.0
                ],
                "planeEquation": [
                    1.0,
                    0.0,
                    -0.0,
                    -2.19077
                ],
                "pointsIdx": [
                    0,
                    1
                ],
                "width": 7.820118199411589
            },
            {
                "id": 0,
                "normal": [
                    0.0,
                    0.0,
                    1.0
                ],
                "planeEquation": [
                    0.0,
                    0.0,
                    1.0,
                    -5.103376216691589
                ],
                "pointsIdx": [
                    1,
                    2
                ],
                "width": 4.594500059185514
            },
            {
                "id": 0,
                "normal": [
                    -1.0,
                    -0.0,
                    -0.0
                ],
                "planeEquation": [
                    -1.0,
                    -0.0,
                    -0.0,
                    -2.403730059185514
                ],
                "pointsIdx": [
                    2,
                    3
                ],
                "width": 7.820118199411589
            },
            {
                "id": 0,
                "normal": [
                    0.0,
                    0.0,
                    -1.0
                ],
                "planeEquation": [
                    0.0,
                    0.0,
                    -1.0,
                    -2.7167419827200003
                ],
                "pointsIdx": [
                    3,
                    0
                ],
                "width": 4.594500059185514
            }
        ]
    },
    "panoId": "nothing"
}