{
    "cameraHeight": 1.6,
    "layoutHeight": 2.77222825050354,
    "layoutObj2ds": {
        "num": 0,
        "obj2ds": []
    },
    "layoutPoints": {
        "num": 14,
        "points": [
            {
                "coords": [
                    0.640129643275337,
                    0.5
                ],
                "id": 0,
                "xyz": [
                    1.751875,
                    0.0,
                    -1.446875
                ]
            },
            {
                "coords": [
                    0.7014055522341343,
                    0.5
                ],
                "id": 0,
                "xyz": [
                    1.751875,
                    0.0,
                    -0.5521624187335815
                ]
            },
            {
                "coords": [
                    0.7245987744179911,
                    0.5
                ],
                "id": 0,
                "xyz": [
                    3.430225954596434,
                    0.0,
                    -0.5521624187335815
                ]
            },
            {
                "coords": [
                    0.8289306634666753,
                    0.5
                ],
                "id": 0,
                "xyz": [
                    3.430225954596434,
                    0.0,
                    1.85588
                ]
            },
            {
                "coords": [
                    0.8778009870358097,
                    0.5
                ],
                "id": 0,
                "xyz": [
                    1.7916795315616838,
                    0.0,
                    1.85588
                ]
            },
            {
                "coords": [
                    0.8586527183737036,
                    0.5
                ],
                "id": 0,
                "xyz": [
                    1.7916795315616838,
                    0.0,
                    1.456836362970471
                ]
            },
            {
                "coords": [
                    0.9891537462058844,
                    0.5
                ],
                "id": 0,
                "xyz": [
                    0.09943595817938618,
                    0.0,
                    1.456836362970471
                ]
            },
            {
                "coords": [
                    0.9741546899770079,
                    0.5
                ],
                "id": 0,
                "xyz": [
                    0.09943595817938618,
                    0.0,
                    0.6069328151460865
                ]
            },
            {
                "coords": [
                    0.04249999999999998,
                    0.6225
                ],
                "id": 0,
                "xyz": [
                    -0.16603802945472323,
                    -0.2548662159191125,
                    0.6069328151460865
                ]
            },
            {
                "coords": [
                    0.008612023608274288,
                    0.5263653278481687
                ],
                "id": 0,
                "xyz": [
                    -0.16603802945472323,
                    -0.2548662159191125,
                    3.0654788924756478
                ]
            },
            {
                "coords": [
                    0.08209070165146809,
                    0.5
                ],
                "id": 0,
                "xyz": [
                    -1.7380852373072722,
                    0.0,
                    3.0654788924756478
                ]
            },
            {
                "coords": [
                    0.2931976090690678,
                    0.5
                ],
                "id": 0,
                "xyz": [
                    -1.7380852373072722,
                    0.0,
                    -0.4836847462400001
                ]
            },
            {
                "coords": [
                    0.5218977788235096,
                    0.5
                ],
                "id": 0,
                "xyz": [
                    0.06697225943667043,
                    0.0,
                    -0.4836847462400001
                ]
            },
            {
                "coords": [
                    0.5073616335264004,
                    0.5
                ],
                "id": 0,
                "xyz": [
                    0.06697225943667043,
                    0.0,
                    -1.446875
                ]
            }
        ]
    },
    "layoutWalls": {
        "num": 14,
        "walls": [
            {
                "id": 0,
                "normal": [
                    1.0,
                    0.0,
                    -0.0
                ],
                "planeEquation": [
                    1.0,
                    0.0,
                    -0.0,
                    -1.751875
                ],
                "pointsIdx": [
                    0,
                    1
                ],
                "width": 0.8947125812664184
            },
            {
                "id": 0,
                "normal": [
                    0.0,
                    0.0,
                    -1.0
                ],
                "planeEquation": [
                    0.0,
                    0.0,
                    -1.0,
                    -0.5521624187335815
                ],
                "pointsIdx": [
                    1,
                    2
                ],
                "width": 1.678350954596434
            },
            {
                "id": 0,
                "normal": [
                    1.0,
                    0.0,
                    -0.0
                ],
                "planeEquation": [
                    1.0,
                    0.0,
                    -0.0,
                    -3.430225954596434
                ],
                "pointsIdx": [
                    2,
                    3
                ],
                "width": 2.4080424187335816
            },
            {
                "id": 0,
                "normal": [
                    0.0,
                    0.0,
                    1.0
                ],
                "planeEquation": [
                    0.0,
                    0.0,
                    1.0,
                    -1.85588
                ],
                "pointsIdx": [
                    3,
                    4
                ],
                "width": 1.6385464230347502
            },
            {
                "id": 0,
                "normal": [
                    -1.0,
                    -0.0,
                    -0.0
                ],
                "planeEquation": [
                    -1.0,
                    -0.0,
                    -0.0,
                    1.7916795315616838
                ],
                "pointsIdx": [
                    4,
                    5
                ],
                "width": 0.39904363702952894
            },
            {
                "id": 0,
                "normal": [
                    0.0,
                    0.0,
                    1.0
                ],
                "planeEquation": [
                    0.0,
                    0.0,
                    1.0,
                    -1.456836362970471
                ],
                "pointsIdx": [
                    5,
                    6
                ],
                "width": 1.6922435733822976
            },
            {
                "id": 0,
                "normal": [
                    -1.0,
                    -0.0,
                    -0.0
                ],
                "planeEquation": [
                    -1.0,
                    -0.0,
                    -0.0,
                    0.09943595817938618
                ],
                "pointsIdx": [
                    6,
                    7
                ],
                "width": 0.8499035478243845
            },
            {
                "id": 0,
                "normal": [
                    0.0,
                    0.0,
                    1.0
                ],
                "planeEquation": [
                    0.0,
                    0.0,
                    1.0,
                    -0.6069328151460865
                ],
                "pointsIdx": [
                    7,
                    8
                ],
                "width": 0.2654739876341094
            },
            {
                "id": 0,
                "normal": [
                    1.0,
                    0.0,
                    -0.0
                ],
                "planeEquation": [
                    1.0,
                    0.0,
                    -0.0,
                    0.16603802945472323
                ],
                "pointsIdx": [
                    8,
                    9
                ],
                "width": 2.458546077329561
            },
            {
                "id": 0,
                "normal": [
                    0.0,
                    0.0,
                    1.0
                ],
                "planeEquation": [
                    0.0,
                    0.0,
                    1.0,
                    -3.0654788924756478
                ],
                "pointsIdx": [
                    9,
                    10
                ],
                "width": 1.572047207852549
            },
            {
                "id": 0,
                "normal": [
                    -1.0,
                    -0.0,
                    -0.0
                ],
                "planeEquation": [
                    -1.0,
                    -0.0,
                    -0.0,
                    -1.7380852373072722
                ],
                "pointsIdx": [
                    10,
                    11
                ],
                "width": 3.549163638715648
            },
            {
                "id": 0,
                "normal": [
                    0.0,
                    0.0,
                    -1.0
                ],
                "planeEquation": [
                    0.0,
                    0.0,
                    -1.0,
                    -0.4836847462400001
                ],
                "pointsIdx": [
                    11,
                    12
                ],
                "width": 1.8050574967439426
            },
            {
                "id": 0,
                "normal": [
                    -1.0,
                    -0.0,
                    -0.0
                ],
                "planeEquation": [
                    -1.0,
                    -0.0,
                    -0.0,
                    0.06697225943667043
                ],
                "pointsIdx": [
                    12,
                    13
                ],
                "width": 0.9631902537599999
            },
            {
                "id": 0,
                "normal": [
                    0.0,
                    0.0,
                    -1.0
                ],
                "planeEquation": [
                    0.0,
                    0.0,
                    -1.0,
                    -1.446875
                ],
                "pointsIdx": [
                    13,
                    0
                ],
                "width": 1.6849027405633297
            }
        ]
    },
    "panoId": "nothing"
}