{
    "cameraHeight": 1.6,
    "layoutHeight": 3.2385032176971436,
    "layoutObj2ds": {
        "num": 0,
        "obj2ds": []
    },
    "layoutPoints": {
        "num": 4,
        "points": [
            {
                "coords": [
                    0.7154440354511555,
                    0.5
                ],
                "id": 0,
                "xyz": [
                    3.7185694387814405,
                    0.0,
                    -0.8203125
                ]
            },
            {
                "coords": [
                    0.8757459228705051,
                    0.5
                ],
                "id": 0,
                "xyz": [
                    3.7185694387814405,
                    0.0,
                    3.75359
                ]
            },
            {
                "coords": [
                    0.033046440467418614,
                    0.5
                ],
                "id": 0,
                "xyz": [
                    -0.79078096,
                    0.0,
                    3.75359
                ]
            },
            {
                "coords": [
                    0.3779170028872432,
                    0.5
                ],
                "id": 0,
                "xyz": [
                    -0.79078096,
                    0.0,
                    -0.8203125
                ]
            }
        ]
    },
    "layoutWalls": {
        "num": 4,
        "walls": [
            {
                "id": 0,
                "normal": [
                    1.0,
                    0.0,
                    -0.0
                ],
                "planeEquation": [
                    1.0,
                    0.0,
                    -0.0,
                    -3.7185694387814405
                ],
                "pointsIdx": [
                    0,
                    1
                ],
                "width": 4.5739025
            },
            {
                "id": 0,
                "normal": [
                    0.0,
                    0.0,
                    1.0
                ],
                "planeEquation": [
                    0.0,
                    0.0,
                    1.0,
                    -3.75359
                ],
                "pointsIdx": [
                    1,
                    2
                ],
                "width": 4.50935039878144
            },
            {
                "id": 0,
                "normal": [
                    -1.0,
                    -0.0,
                    -0.0
                ],
                "planeEquation": [
                    -1.0,
                    -0.0,
                    -0.0,
                    -0.79078096
                ],
                "pointsIdx": [
                    2,
                    3
                ],
                "width": 4.5739025
            },
            {
                "id": 0,
                "normal": [
                    0.0,
                    0.0,
                    -1.0
                ],
                "planeEquation": [
                    0.0,
                    0.0,
                    -1.0,
                    -0.8203125
                ],
                "pointsIdx": [
                    3,
                    0
                ],
                "width": 4.50935039878144
            }
        ]
    },
    "panoId": "nothing"
}