{
    "cameraHeight": 1.6,
    "layoutHeight": 2.5472939109802244,
    "layoutObj2ds": {
        "num": 0,
        "obj2ds": []
    },
    "layoutPoints": {
        "num": 6,
        "points": [
            {
                "coords": [
                    0.6497545452398569,
                    0.5
                ],
                "id": 0,
                "xyz": [
                    2.7825028136123096,
                    0.0,
                    -2.0281704821242728
                ]
            },
            {
                "coords": [
                    0.7034974619415155,
                    0.5
                ],
                "id": 0,
                "xyz": [
                    2.7825028136123096,
                    0.0,
                    -0.8369570816
                ]
            },
            {
                "coords": [
                    0.7200453518414034,
                    0.5
                ],
                "id": 0,
                "xyz": [
                    4.3942852669067145,
                    0.0,
                    -0.8369570816
                ]
            },
            {
                "coords": [
                    0.8288661306295145,
                    0.5
                ],
                "id": 0,
                "xyz": [
                    4.3942852669067145,
                    0.0,
                    2.375169181994972
                ]
            },
            {
                "coords": [
                    0.05246493763038251,
                    0.5
                ],
                "id": 0,
                "xyz": [
                    -0.8126176217088,
                    0.0,
                    2.375169181994972
                ]
            },
            {
                "coords": [
                    0.43934926341766206,
                    0.5
                ],
                "id": 0,
                "xyz": [
                    -0.8126176217088,
                    0.0,
                    -2.0281704821242728
                ]
            }
        ]
    },
    "layoutWalls": {
        "num": 6,
        "walls": [
            {
                "id": 0,
                "normal": [
                    1.0,
                    0.0,
                    -0.0
                ],
                "planeEquation": [
                    1.0,
                    0.0,
                    -0.0,
                    -2.7825028136123096
                ],
                "pointsIdx": [
                    0,
                    1
                ],
                "width": 1.1912134005242727
            },
            {
                "id": 0,
                "normal": [
                    0.0,
                    0.0,
                    -1.0
                ],
                "planeEquation": [
                    0.0,
                    0.0,
                    -1.0,
                    -0.8369570816
                ],
                "pointsIdx": [
                    1,
                    2
                ],
                "width": 1.611782453294405
            },
            {
                "id": 0,
                "normal": [
                    1.0,
                    0.0,
                    -0.0
                ],
                "planeEquation": [
                    1.0,
                    0.0,
                    -0.0,
                    -4.3942852669067145
                ],
                "pointsIdx": [
                    2,
                    3
                ],
                "width": 3.212126263594972
            },
            {
                "id": 0,
                "normal": [
                    0.0,
                    0.0,
                    1.0
                ],
                "planeEquation": [
                    0.0,
                    0.0,
                    1.0,
                    -2.375169181994972
                ],
                "pointsIdx": [
                    3,
                    4
                ],
                "width": 5.206902888615515
            },
            {
                "id": 0,
                "normal": [
                    -1.0,
                    -0.0,
                    -0.0
                ],
                "planeEquation": [
                    -1.0,
                    -0.0,
                    -0.0,
                    -0.8126176217088
                ],
                "pointsIdx": [
                    4,
                    5
                ],
                "width": 4.403339664119245
            },
            {
                "id": 0,
                "normal": [
                    0.0,
                    0.0,
                    -1.0
                ],
                "planeEquation": [
                    0.0,
                    0.0,
                    -1.0,
                    -2.0281704821242728
                ],
                "pointsIdx": [
                    5,
                    0
                ],
                "width": 3.5951204353211095
            }
        ]
    },
    "panoId": "nothing"
}