{
    "cameraHeight": 1.6,
    "layoutHeight": 2.907545413970947,
    "layoutObj2ds": {
        "num": 0,
        "obj2ds": []
    },
    "layoutPoints": {
        "num": 4,
        "points": [
            {
                "coords": [
                    0.6801352242902435,
                    0.5
                ],
                "id": 0,
                "xyz": [
                    1.648416555758487,
                    0.0,
                    -0.7739759486002792
                ]
            },
            {
                "coords": [
                    0.8013354859857337,
                    0.5
                ],
                "id": 0,
                "xyz": [
                    1.648416555758487,
                    0.0,
                    0.5509375
                ]
            },
            {
                "coords": [
                    0.17701767593633977,
                    0.5
                ],
                "id": 0,
                "xyz": [
                    -1.1160298430464002,
                    0.0,
                    0.5509375
                ]
            },
            {
                "coords": [
                    0.34650452475838733,
                    0.5
                ],
                "id": 0,
                "xyz": [
                    -1.1160298430464002,
                    0.0,
                    -0.7739759486002792
                ]
            }
        ]
    },
    "layoutWalls": {
        "num": 4,
        "walls": [
            {
                "id": 0,
                "normal": [
                    1.0,
                    0.0,
                    -0.0
                ],
                "planeEquation": [
                    1.0,
                    0.0,
                    -0.0,
                    -1.648416555758487
                ],
                "pointsIdx": [
                    0,
                    1
                ],
                "width": 1.3249134486002792
            },
            {
                "id": 0,
                "normal": [
                    0.0,
                    0.0,
                    1.0
                ],
                "planeEquation": [
                    0.0,
                    0.0,
                    1.0,
                    -0.5509375
                ],
                "pointsIdx": [
                    1,
                    2
                ],
                "width": 2.7644463988048873
            },
            {
                "id": 0,
                "normal": [
                    -1.0,
                    -0.0,
                    -0.0
                ],
                "planeEquation": [
                    -1.0,
                    -0.0,
                    -0.0,
                    -1.1160298430464002
                ],
                "pointsIdx": [
                    2,
                    3
                ],
                "width": 1.3249134486002792
            },
            {
                "id": 0,
                "normal": [
                    0.0,
                    0.0,
                    -1.0
                ],
                "planeEquation": [
                    0.0,
                    0.0,
                    -1.0,
                    -0.7739759486002792
                ],
                "pointsIdx": [
                    3,
                    0
                ],
                "width": 2.7644463988048873
            }
        ]
    },
    "panoId": "nothing"
}