{
    "cameraHeight": 1.6,
    "layoutHeight": 2.733667058944702,
    "layoutObj2ds": {
        "num": 0,
        "obj2ds": []
    },
    "layoutPoints": {
        "num": 4,
        "points": [
            {
                "coords": [
                    0.5862024668941067,
                    0.5
                ],
                "id": 0,
                "xyz": [
                    0.6640625,
                    0.0,
                    -1.10375
                ]
            },
            {
                "coords": [
                    0.9778461372607065,
                    0.5
                ],
                "id": 0,
                "xyz": [
                    0.6640625,
                    0.0,
                    4.7398210845081605
                ]
            },
            {
                "coords": [
                    0.10571771663374441,
                    0.5
                ],
                "id": 0,
                "xyz": [
                    -3.7109375,
                    0.0,
                    4.7398210845081605
                ]
            },
            {
                "coords": [
                    0.29601150025528733,
                    0.5
                ],
                "id": 0,
                "xyz": [
                    -3.7109375,
                    0.0,
                    -1.10375
                ]
            }
        ]
    },
    "layoutWalls": {
        "num": 4,
        "walls": [
            {
                "id": 0,
                "normal": [
                    1.0,
                    0.0,
                    -0.0
                ],
                "planeEquation": [
                    1.0,
                    0.0,
                    -0.0,
                    -0.6640625
                ],
                "pointsIdx": [
                    0,
                    1
                ],
                "width": 5.84357108450816
            },
            {
                "id": 0,
                "normal": [
                    0.0,
                    0.0,
                    1.0
                ],
                "planeEquation": [
                    0.0,
                    0.0,
                    1.0,
                    -4.7398210845081605
                ],
                "pointsIdx": [
                    1,
                    2
                ],
                "width": 4.375
            },
            {
                "id": 0,
                "normal": [
                    -1.0,
                    -0.0,
                    -0.0
                ],
                "planeEquation": [
                    -1.0,
                    -0.0,
                    -0.0,
                    -3.7109375
                ],
                "pointsIdx": [
                    2,
                    3
                ],
                "width": 5.84357108450816
            },
            {
                "id": 0,
                "normal": [
                    0.0,
                    0.0,
                    -1.0
                ],
                "planeEquation": [
                    0.0,
                    0.0,
                    -1.0,
                    -1.10375
                ],
                "pointsIdx": [
                    3,
                    0
                ],
                "width": 4.375
            }
        ]
    },
    "panoId": "nothing"
}