{
    "cameraHeight": 1.6,
    "layoutHeight": 3.2334847450256348,
    "layoutObj2ds": {
        "num": 0,
        "obj2ds": []
    },
    "layoutPoints": {
        "num": 8,
        "points": [
            {
                "coords": [
                    0.6970497742007654,
                    0.5
                ],
                "id": 0,
                "xyz": [
                    2.6787922029012585,
                    0.0,
                    -0.92563
                ]
            },
            {
                "coords": [
                    0.7300930593535528,
                    0.5
                ],
                "id": 0,
                "xyz": [
                    2.6787922029012585,
                    0.0,
                    -0.33681896
                ]
            },
            {
                "coords": [
                    0.7345833333333333,
                    0.5544625914463137
                ],
                "id": 0,
                "xyz": [
                    3.466289829590401,
                    -0.6017566580022603,
                    -0.33681896
                ]
            },
            {
                "coords": [
                    0.6626476522505336,
                    0.5468029213177263
                ],
                "id": 0,
                "xyz": [
                    3.466289829590401,
                    -0.6017566580022603,
                    -2.119724281831988
                ]
            },
            {
                "coords": [
                    0.7074585187412175,
                    0.5
                ],
                "id": 0,
                "xyz": [
                    7.74048,
                    0.0,
                    -2.119724281831988
                ]
            },
            {
                "coords": [
                    0.8170303627896436,
                    0.5
                ],
                "id": 0,
                "xyz": [
                    7.74048,
                    0.0,
                    3.4675
                ]
            },
            {
                "coords": [
                    0.07908124124283017,
                    0.5
                ],
                "id": 0,
                "xyz": [
                    -1.88028976,
                    0.0,
                    3.4675
                ]
            },
            {
                "coords": [
                    0.3228059009859189,
                    0.5
                ],
                "id": 0,
                "xyz": [
                    -1.88028976,
                    0.0,
                    -0.92563
                ]
            }
        ]
    },
    "layoutWalls": {
        "num": 8,
        "walls": [
            {
                "id": 0,
                "normal": [
                    1.0,
                    0.0,
                    -0.0
                ],
                "planeEquation": [
                    1.0,
                    0.0,
                    -0.0,
                    -2.6787922029012585
                ],
                "pointsIdx": [
                    0,
                    1
                ],
                "width": 0.58881104
            },
            {
                "id": 0,
                "normal": [
                    0.0,
                    0.0,
                    -1.0
                ],
                "planeEquation": [
                    0.0,
                    0.0,
                    -1.0,
                    -0.33681896
                ],
                "pointsIdx": [
                    1,
                    2
                ],
                "width": 0.7874976266891425
            },
            {
                "id": 0,
                "normal": [
                    -1.0,
                    -0.0,
                    -0.0
                ],
                "planeEquation": [
                    -1.0,
                    -0.0,
                    -0.0,
                    3.466289829590401
                ],
                "pointsIdx": [
                    2,
                    3
                ],
                "width": 1.7829053218319881
            },
            {
                "id": 0,
                "normal": [
                    0.0,
                    0.0,
                    -1.0
                ],
                "planeEquation": [
                    0.0,
                    0.0,
                    -1.0,
                    -2.119724281831988
                ],
                "pointsIdx": [
                    3,
                    4
                ],
                "width": 4.274190170409598
            },
            {
                "id": 0,
                "normal": [
                    1.0,
                    0.0,
                    -0.0
                ],
                "planeEquation": [
                    1.0,
                    0.0,
                    -0.0,
                    -7.74048
                ],
                "pointsIdx": [
                    4,
                    5
                ],
                "width": 5.587224281831988
            },
            {
                "id": 0,
                "normal": [
                    0.0,
                    0.0,
                    1.0
                ],
                "planeEquation": [
                    0.0,
                    0.0,
                    1.0,
                    -3.4675
                ],
                "pointsIdx": [
                    5,
                    6
                ],
                "width": 9.62076976
            },
            {
                "id": 0,
                "normal": [
                    -1.0,
                    -0.0,
                    -0.0
                ],
                "planeEquation": [
                    -1.0,
                    -0.0,
                    -0.0,
                    -1.88028976
                ],
                "pointsIdx": [
                    6,
                    7
                ],
                "width": 4.393129999999999
            },
            {
                "id": 0,
                "normal": [
                    0.0,
                    0.0,
                    -1.0
                ],
                "planeEquation": [
                    0.0,
                    0.0,
                    -1.0,
                    -0.92563
                ],
                "pointsIdx": [
                    7,
                    0
                ],
                "width": 4.559081962901258
            }
        ]
    },
    "panoId": "nothing"
}