{
    "cameraHeight": 1.6,
    "layoutHeight": 2.902202701568603,
    "layoutObj2ds": {
        "num": 0,
        "obj2ds": []
    },
    "layoutPoints": {
        "num": 6,
        "points": [
            {
                "coords": [
                    0.5342874569927212,
                    0.5
                ],
                "id": 0,
                "xyz": [
                    0.608125,
                    0.0,
                    -2.7789783512612867
                ]
            },
            {
                "coords": [
                    0.980860531144398,
                    0.5
                ],
                "id": 0,
                "xyz": [
                    0.608125,
                    0.0,
                    5.032484759335514
                ]
            },
            {
                "coords": [
                    0.10394510367817095,
                    0.5
                ],
                "id": 0,
                "xyz": [
                    -3.850442446145536,
                    0.0,
                    5.032484759335514
                ]
            },
            {
                "coords": [
                    0.30201388888888897,
                    0.5742794454045161
                ],
                "id": 0,
                "xyz": [
                    -3.8504424461455367,
                    -0.9663441612287824,
                    -1.3051756983565839
                ]
            },
            {
                "coords": [
                    0.28031254809458683,
                    0.5443267954647698
                ],
                "id": 0,
                "xyz": [
                    -6.769715988926371,
                    -0.9663441612287824,
                    -1.3051756983565852
                ]
            },
            {
                "coords": [
                    0.31199506121560594,
                    0.5
                ],
                "id": 0,
                "xyz": [
                    -6.769715988926369,
                    0.0,
                    -2.778978351261288
                ]
            }
        ]
    },
    "layoutWalls": {
        "num": 6,
        "walls": [
            {
                "id": 0,
                "normal": [
                    1.0,
                    0.0,
                    -0.0
                ],
                "planeEquation": [
                    1.0,
                    0.0,
                    -0.0,
                    -0.608125
                ],
                "pointsIdx": [
                    0,
                    1
                ],
                "width": 7.811463110596801
            },
            {
                "id": 0,
                "normal": [
                    0.0,
                    0.0,
                    1.0
                ],
                "planeEquation": [
                    0.0,
                    0.0,
                    1.0,
                    -5.032484759335514
                ],
                "pointsIdx": [
                    1,
                    2
                ],
                "width": 4.458567446145536
            },
            {
                "id": 0,
                "normal": [
                    -1.0,
                    0.0,
                    7.007147397918202e-17
                ],
                "planeEquation": [
                    -1.0,
                    0.0,
                    7.007147397918202e-17,
                    -3.8504424461455367
                ],
                "pointsIdx": [
                    2,
                    3
                ],
                "width": 6.337660457692097
            },
            {
                "id": 0,
                "normal": [
                    -4.563695762066544e-16,
                    0.0,
                    1.0
                ],
                "planeEquation": [
                    -4.563695762066544e-16,
                    0.0,
                    1.0,
                    1.305175698356582
                ],
                "pointsIdx": [
                    3,
                    4
                ],
                "width": 2.919273542780834
            },
            {
                "id": 0,
                "normal": [
                    -1.0,
                    -0.0,
                    -1.2052881272124506e-15
                ],
                "planeEquation": [
                    -1.0,
                    -0.0,
                    -1.2052881272124506e-15,
                    -6.7697159889263725
                ],
                "pointsIdx": [
                    4,
                    5
                ],
                "width": 1.4738026529047028
            },
            {
                "id": 0,
                "normal": [
                    1.8057689662190195e-16,
                    0.0,
                    -1.0
                ],
                "planeEquation": [
                    1.8057689662190195e-16,
                    0.0,
                    -1.0,
                    -2.7789783512612867
                ],
                "pointsIdx": [
                    5,
                    0
                ],
                "width": 7.377840988926369
            }
        ]
    },
    "panoId": "nothing"
}