{
    "cameraHeight": 1.6,
    "layoutHeight": 2.521702309926352,
    "layoutObj2ds": {
        "num": 0,
        "obj2ds": []
    },
    "layoutPoints": {
        "num": 4,
        "points": [
            {
                "coords": [
                    0.5573171916602,
                    0.5
                ],
                "id": 0,
                "xyz": [
                    0.827428759168,
                    0.0,
                    -2.1973564493827635
                ]
            },
            {
                "coords": [
                    0.9249413284423084,
                    0.5
                ],
                "id": 0,
                "xyz": [
                    0.827428759168,
                    0.0,
                    1.622441503635305
                ]
            },
            {
                "coords": [
                    0.08718500010243674,
                    0.5
                ],
                "id": 0,
                "xyz": [
                    -0.989821773469428,
                    0.0,
                    1.622441503635305
                ]
            },
            {
                "coords": [
                    0.43263980001402175,
                    0.5
                ],
                "id": 0,
                "xyz": [
                    -0.989821773469428,
                    0.0,
                    -2.1973564493827635
                ]
            }
        ]
    },
    "layoutWalls": {
        "num": 4,
        "walls": [
            {
                "id": 0,
                "normal": [
                    1.0,
                    0.0,
                    -0.0
                ],
                "planeEquation": [
                    1.0,
                    0.0,
                    -0.0,
                    -0.827428759168
                ],
                "pointsIdx": [
                    0,
                    1
                ],
                "width": 3.8197979530180683
            },
            {
                "id": 0,
                "normal": [
                    0.0,
                    0.0,
                    1.0
                ],
                "planeEquation": [
                    0.0,
                    0.0,
                    1.0,
                    -1.622441503635305
                ],
                "pointsIdx": [
                    1,
                    2
                ],
                "width": 1.817250532637428
            },
            {
                "id": 0,
                "normal": [
                    -1.0,
                    -0.0,
                    -0.0
                ],
                "planeEquation": [
                    -1.0,
                    -0.0,
                    -0.0,
                    -0.989821773469428
                ],
                "pointsIdx": [
                    2,
                    3
                ],
                "width": 3.8197979530180683
            },
            {
                "id": 0,
                "normal": [
                    0.0,
                    0.0,
                    -1.0
                ],
                "planeEquation": [
                    0.0,
                    0.0,
                    -1.0,
                    -2.1973564493827635
                ],
                "pointsIdx": [
                    3,
                    0
                ],
                "width": 1.817250532637428
            }
        ]
    },
    "panoId": "nothing"
}