{
    "cameraHeight": 1.6,
    "layoutHeight": 2.4646506404876707,
    "layoutObj2ds": {
        "num": 0,
        "obj2ds": []
    },
    "layoutPoints": {
        "num": 4,
        "points": [
            {
                "coords": [
                    0.6115656299750604,
                    0.5
                ],
                "id": 0,
                "xyz": [
                    0.8168086937600001,
                    0.0,
                    -0.9678081381652603
                ]
            },
            {
                "coords": [
                    0.8863906070833885,
                    0.5
                ],
                "id": 0,
                "xyz": [
                    0.8168086937600001,
                    0.0,
                    0.9429703175032013
                ]
            },
            {
                "coords": [
                    0.2132525952465339,
                    0.5
                ],
                "id": 0,
                "xyz": [
                    -4.011220425964437,
                    0.0,
                    0.9429703175032013
                ]
            },
            {
                "coords": [
                    0.2876799980712553,
                    0.5
                ],
                "id": 0,
                "xyz": [
                    -4.011220425964437,
                    0.0,
                    -0.9678081381652603
                ]
            }
        ]
    },
    "layoutWalls": {
        "num": 4,
        "walls": [
            {
                "id": 0,
                "normal": [
                    1.0,
                    0.0,
                    -0.0
                ],
                "planeEquation": [
                    1.0,
                    0.0,
                    -0.0,
                    -0.8168086937600001
                ],
                "pointsIdx": [
                    0,
                    1
                ],
                "width": 1.9107784556684617
            },
            {
                "id": 0,
                "normal": [
                    0.0,
                    0.0,
                    1.0
                ],
                "planeEquation": [
                    0.0,
                    0.0,
                    1.0,
                    -0.9429703175032013
                ],
                "pointsIdx": [
                    1,
                    2
                ],
                "width": 4.828029119724437
            },
            {
                "id": 0,
                "normal": [
                    -1.0,
                    -0.0,
                    -0.0
                ],
                "planeEquation": [
                    -1.0,
                    -0.0,
                    -0.0,
                    -4.011220425964437
                ],
                "pointsIdx": [
                    2,
                    3
                ],
                "width": 1.9107784556684617
            },
            {
                "id": 0,
                "normal": [
                    0.0,
                    0.0,
                    -1.0
                ],
                "planeEquation": [
                    0.0,
                    0.0,
                    -1.0,
                    -0.9678081381652603
                ],
                "pointsIdx": [
                    3,
                    0
                ],
                "width": 4.828029119724437
            }
        ]
    },
    "panoId": "nothing"
}