{
    "cameraHeight": 1.6,
    "layoutHeight": 2.569760408401489,
    "layoutObj2ds": {
        "num": 0,
        "obj2ds": []
    },
    "layoutPoints": {
        "num": 4,
        "points": [
            {
                "coords": [
                    0.5661541486762605,
                    0.5
                ],
                "id": 0,
                "xyz": [
                    0.7395799999999999,
                    0.0,
                    -1.675625
                ]
            },
            {
                "coords": [
                    0.9543564284140718,
                    0.5
                ],
                "id": 0,
                "xyz": [
                    0.7395799999999999,
                    0.0,
                    2.50775618166784
                ]
            },
            {
                "coords": [
                    0.1861485555023768,
                    0.5
                ],
                "id": 0,
                "xyz": [
                    -5.91177,
                    0.0,
                    2.50775618166784
                ]
            },
            {
                "coords": [
                    0.29395774328400304,
                    0.5
                ],
                "id": 0,
                "xyz": [
                    -5.91177,
                    0.0,
                    -1.675625
                ]
            }
        ]
    },
    "layoutWalls": {
        "num": 4,
        "walls": [
            {
                "id": 0,
                "normal": [
                    1.0,
                    0.0,
                    -0.0
                ],
                "planeEquation": [
                    1.0,
                    0.0,
                    -0.0,
                    -0.7395799999999999
                ],
                "pointsIdx": [
                    0,
                    1
                ],
                "width": 4.18338118166784
            },
            {
                "id": 0,
                "normal": [
                    0.0,
                    0.0,
                    1.0
                ],
                "planeEquation": [
                    0.0,
                    0.0,
                    1.0,
                    -2.50775618166784
                ],
                "pointsIdx": [
                    1,
                    2
                ],
                "width": 6.65135
            },
            {
                "id": 0,
                "normal": [
                    -1.0,
                    -0.0,
                    -0.0
                ],
                "planeEquation": [
                    -1.0,
                    -0.0,
                    -0.0,
                    -5.91177
                ],
                "pointsIdx": [
                    2,
                    3
                ],
                "width": 4.18338118166784
            },
            {
                "id": 0,
                "normal": [
                    0.0,
                    0.0,
                    -1.0
                ],
                "planeEquation": [
                    0.0,
                    0.0,
                    -1.0,
                    -1.675625
                ],
                "pointsIdx": [
                    3,
                    0
                ],
                "width": 6.65135
            }
        ]
    },
    "panoId": "nothing"
}