{
    "cameraHeight": 1.6,
    "layoutHeight": 2.8013241583506296,
    "layoutObj2ds": {
        "num": 0,
        "obj2ds": []
    },
    "layoutPoints": {
        "num": 4,
        "points": [
            {
                "coords": [
                    0.6792551572649482,
                    0.5
                ],
                "id": 0,
                "xyz": [
                    1.6108723420727074,
                    0.0,
                    -0.7672475699199999
                ]
            },
            {
                "coords": [
                    0.8273685265795281,
                    0.5
                ],
                "id": 0,
                "xyz": [
                    1.6108723420727074,
                    0.0,
                    0.85121
                ]
            },
            {
                "coords": [
                    0.16466734402017874,
                    0.5
                ],
                "id": 0,
                "xyz": [
                    -1.4324756466377273,
                    0.0,
                    0.85121
                ]
            },
            {
                "coords": [
                    0.32826090301597055,
                    0.5
                ],
                "id": 0,
                "xyz": [
                    -1.4324756466377273,
                    0.0,
                    -0.7672475699199999
                ]
            }
        ]
    },
    "layoutWalls": {
        "num": 4,
        "walls": [
            {
                "id": 0,
                "normal": [
                    1.0,
                    0.0,
                    -0.0
                ],
                "planeEquation": [
                    1.0,
                    0.0,
                    -0.0,
                    -1.6108723420727074
                ],
                "pointsIdx": [
                    0,
                    1
                ],
                "width": 1.61845756992
            },
            {
                "id": 0,
                "normal": [
                    0.0,
                    0.0,
                    1.0
                ],
                "planeEquation": [
                    0.0,
                    0.0,
                    1.0,
                    -0.85121
                ],
                "pointsIdx": [
                    1,
                    2
                ],
                "width": 3.0433479887104347
            },
            {
                "id": 0,
                "normal": [
                    -1.0,
                    -0.0,
                    -0.0
                ],
                "planeEquation": [
                    -1.0,
                    -0.0,
                    -0.0,
                    -1.4324756466377273
                ],
                "pointsIdx": [
                    2,
                    3
                ],
                "width": 1.61845756992
            },
            {
                "id": 0,
                "normal": [
                    0.0,
                    0.0,
                    -1.0
                ],
                "planeEquation": [
                    0.0,
                    0.0,
                    -1.0,
                    -0.7672475699199999
                ],
                "pointsIdx": [
                    3,
                    0
                ],
                "width": 3.0433479887104347
            }
        ]
    },
    "panoId": "nothing"
}