{
    "cameraHeight": 1.6,
    "layoutHeight": 2.861741323471069,
    "layoutObj2ds": {
        "num": 0,
        "obj2ds": []
    },
    "layoutPoints": {
        "num": 4,
        "points": [
            {
                "coords": [
                    0.6061114384782994,
                    0.5
                ],
                "id": 0,
                "xyz": [
                    1.947293834185833,
                    0.0,
                    -2.4745585881096024
                ]
            },
            {
                "coords": [
                    0.8789392470341231,
                    0.5
                ],
                "id": 0,
                "xyz": [
                    1.947293834185833,
                    0.0,
                    2.04615597554654
                ]
            },
            {
                "coords": [
                    0.07588826270740112,
                    0.5
                ],
                "id": 0,
                "xyz": [
                    -1.0569943316588135,
                    0.0,
                    2.04615597554654
                ]
            },
            {
                "coords": [
                    0.4357514194358835,
                    0.5
                ],
                "id": 0,
                "xyz": [
                    -1.0569943316588135,
                    0.0,
                    -2.4745585881096024
                ]
            }
        ]
    },
    "layoutWalls": {
        "num": 4,
        "walls": [
            {
                "id": 0,
                "normal": [
                    1.0,
                    0.0,
                    -0.0
                ],
                "planeEquation": [
                    1.0,
                    0.0,
                    -0.0,
                    -1.947293834185833
                ],
                "pointsIdx": [
                    0,
                    1
                ],
                "width": 4.520714563656142
            },
            {
                "id": 0,
                "normal": [
                    0.0,
                    0.0,
                    1.0
                ],
                "planeEquation": [
                    0.0,
                    0.0,
                    1.0,
                    -2.04615597554654
                ],
                "pointsIdx": [
                    1,
                    2
                ],
                "width": 3.0042881658446463
            },
            {
                "id": 0,
                "normal": [
                    -1.0,
                    -0.0,
                    -0.0
                ],
                "planeEquation": [
                    -1.0,
                    -0.0,
                    -0.0,
                    -1.0569943316588135
                ],
                "pointsIdx": [
                    2,
                    3
                ],
                "width": 4.520714563656142
            },
            {
                "id": 0,
                "normal": [
                    0.0,
                    0.0,
                    -1.0
                ],
                "planeEquation": [
                    0.0,
                    0.0,
                    -1.0,
                    -2.4745585881096024
                ],
                "pointsIdx": [
                    3,
                    0
                ],
                "width": 3.0042881658446463
            }
        ]
    },
    "panoId": "nothing"
}