{
    "cameraHeight": 1.6,
    "layoutHeight": 3.0369019508361816,
    "layoutObj2ds": {
        "num": 0,
        "obj2ds": []
    },
    "layoutPoints": {
        "num": 6,
        "points": [
            {
                "coords": [
                    0.5655061049992783,
                    0.5
                ],
                "id": 0,
                "xyz": [
                    2.9281541124809034,
                    0.0,
                    -6.70796032
                ]
            },
            {
                "coords": [
                    0.7879337733520035,
                    0.5
                ],
                "id": 0,
                "xyz": [
                    2.9281541124809034,
                    0.0,
                    0.7114337593458798
                ]
            },
            {
                "coords": [
                    0.21305334629445266,
                    0.5
                ],
                "id": 0,
                "xyz": [
                    -3.0093900000000002,
                    0.0,
                    0.7114337593458798
                ]
            },
            {
                "coords": [
                    0.29446820226515913,
                    0.5
                ],
                "id": 0,
                "xyz": [
                    -3.0093900000000002,
                    0.0,
                    -0.86341488
                ]
            },
            {
                "coords": [
                    0.3981006866014307,
                    0.5
                ],
                "id": 0,
                "xyz": [
                    -0.6431888345600001,
                    0.0,
                    -0.86341488
                ]
            },
            {
                "coords": [
                    0.4847860328461905,
                    0.5
                ],
                "id": 0,
                "xyz": [
                    -0.6431888345600001,
                    0.0,
                    -6.70796032
                ]
            }
        ]
    },
    "layoutWalls": {
        "num": 6,
        "walls": [
            {
                "id": 0,
                "normal": [
                    1.0,
                    0.0,
                    -0.0
                ],
                "planeEquation": [
                    1.0,
                    0.0,
                    -0.0,
                    -2.9281541124809034
                ],
                "pointsIdx": [
                    0,
                    1
                ],
                "width": 7.41939407934588
            },
            {
                "id": 0,
                "normal": [
                    0.0,
                    0.0,
                    1.0
                ],
                "planeEquation": [
                    0.0,
                    0.0,
                    1.0,
                    -0.7114337593458798
                ],
                "pointsIdx": [
                    1,
                    2
                ],
                "width": 5.937544112480904
            },
            {
                "id": 0,
                "normal": [
                    -1.0,
                    -0.0,
                    -0.0
                ],
                "planeEquation": [
                    -1.0,
                    -0.0,
                    -0.0,
                    -3.0093900000000002
                ],
                "pointsIdx": [
                    2,
                    3
                ],
                "width": 1.5748486393458798
            },
            {
                "id": 0,
                "normal": [
                    0.0,
                    0.0,
                    -1.0
                ],
                "planeEquation": [
                    0.0,
                    0.0,
                    -1.0,
                    -0.86341488
                ],
                "pointsIdx": [
                    3,
                    4
                ],
                "width": 2.36620116544
            },
            {
                "id": 0,
                "normal": [
                    -1.0,
                    -0.0,
                    -0.0
                ],
                "planeEquation": [
                    -1.0,
                    -0.0,
                    -0.0,
                    -0.6431888345600001
                ],
                "pointsIdx": [
                    4,
                    5
                ],
                "width": 5.84454544
            },
            {
                "id": 0,
                "normal": [
                    0.0,
                    0.0,
                    -1.0
                ],
                "planeEquation": [
                    0.0,
                    0.0,
                    -1.0,
                    -6.70796032
                ],
                "pointsIdx": [
                    5,
                    0
                ],
                "width": 3.5713429470409035
            }
        ]
    },
    "panoId": "nothing"
}