{
    "cameraHeight": 1.6,
    "layoutHeight": 2.46938984734118,
    "layoutObj2ds": {
        "num": 0,
        "obj2ds": []
    },
    "layoutPoints": {
        "num": 4,
        "points": [
            {
                "coords": [
                    0.7108829584549049,
                    0.5
                ],
                "id": 0,
                "xyz": [
                    3.7431530940019475,
                    0.0,
                    -0.9389744006501429
                ]
            },
            {
                "coords": [
                    0.865323251620558,
                    0.5
                ],
                "id": 0,
                "xyz": [
                    3.7431530940019475,
                    0.0,
                    3.3135692252925546
                ]
            },
            {
                "coords": [
                    0.04811089339046992,
                    0.5
                ],
                "id": 0,
                "xyz": [
                    -1.0333259115930888,
                    0.0,
                    3.3135692252925546
                ]
            },
            {
                "coords": [
                    0.3673920967551215,
                    0.5
                ],
                "id": 0,
                "xyz": [
                    -1.0333259115930888,
                    0.0,
                    -0.9389744006501429
                ]
            }
        ]
    },
    "layoutWalls": {
        "num": 4,
        "walls": [
            {
                "id": 0,
                "normal": [
                    1.0,
                    0.0,
                    -0.0
                ],
                "planeEquation": [
                    1.0,
                    0.0,
                    -0.0,
                    -3.7431530940019475
                ],
                "pointsIdx": [
                    0,
                    1
                ],
                "width": 4.252543625942698
            },
            {
                "id": 0,
                "normal": [
                    0.0,
                    0.0,
                    1.0
                ],
                "planeEquation": [
                    0.0,
                    0.0,
                    1.0,
                    -3.3135692252925546
                ],
                "pointsIdx": [
                    1,
                    2
                ],
                "width": 4.776479005595037
            },
            {
                "id": 0,
                "normal": [
                    -1.0,
                    -0.0,
                    -0.0
                ],
                "planeEquation": [
                    -1.0,
                    -0.0,
                    -0.0,
                    -1.0333259115930888
                ],
                "pointsIdx": [
                    2,
                    3
                ],
                "width": 4.252543625942698
            },
            {
                "id": 0,
                "normal": [
                    0.0,
                    0.0,
                    -1.0
                ],
                "planeEquation": [
                    0.0,
                    0.0,
                    -1.0,
                    -0.9389744006501429
                ],
                "pointsIdx": [
                    3,
                    0
                ],
                "width": 4.776479005595037
            }
        ]
    },
    "panoId": "nothing"
}