{
    "cameraHeight": 1.6,
    "layoutHeight": 2.9681746196746825,
    "layoutObj2ds": {
        "num": 0,
        "obj2ds": []
    },
    "layoutPoints": {
        "num": 4,
        "points": [
            {
                "coords": [
                    0.7233330900326816,
                    0.5
                ],
                "id": 0,
                "xyz": [
                    3.387033726243207,
                    0.0,
                    -0.5728792
                ]
            },
            {
                "coords": [
                    0.8156426064999812,
                    0.5
                ],
                "id": 0,
                "xyz": [
                    3.387033726243207,
                    0.0,
                    1.4819653427200001
                ]
            },
            {
                "coords": [
                    0.17476111145285228,
                    0.5
                ],
                "id": 0,
                "xyz": [
                    -2.89776,
                    0.0,
                    1.4819653427200001
                ]
            },
            {
                "coords": [
                    0.2810639263169848,
                    0.5
                ],
                "id": 0,
                "xyz": [
                    -2.89776,
                    0.0,
                    -0.5728792
                ]
            }
        ]
    },
    "layoutWalls": {
        "num": 4,
        "walls": [
            {
                "id": 0,
                "normal": [
                    1.0,
                    0.0,
                    -0.0
                ],
                "planeEquation": [
                    1.0,
                    0.0,
                    -0.0,
                    -3.387033726243207
                ],
                "pointsIdx": [
                    0,
                    1
                ],
                "width": 2.05484454272
            },
            {
                "id": 0,
                "normal": [
                    0.0,
                    0.0,
                    1.0
                ],
                "planeEquation": [
                    0.0,
                    0.0,
                    1.0,
                    -1.4819653427200001
                ],
                "pointsIdx": [
                    1,
                    2
                ],
                "width": 6.2847937262432065
            },
            {
                "id": 0,
                "normal": [
                    -1.0,
                    -0.0,
                    -0.0
                ],
                "planeEquation": [
                    -1.0,
                    -0.0,
                    -0.0,
                    -2.89776
                ],
                "pointsIdx": [
                    2,
                    3
                ],
                "width": 2.05484454272
            },
            {
                "id": 0,
                "normal": [
                    0.0,
                    0.0,
                    -1.0
                ],
                "planeEquation": [
                    0.0,
                    0.0,
                    -1.0,
                    -0.5728792
                ],
                "pointsIdx": [
                    3,
                    0
                ],
                "width": 6.2847937262432065
            }
        ]
    },
    "panoId": "nothing"
}