{
    "cameraHeight": 1.6,
    "layoutHeight": 2.7781034571329775,
    "layoutObj2ds": {
        "num": 0,
        "obj2ds": []
    },
    "layoutPoints": {
        "num": 4,
        "points": [
            {
                "coords": [
                    0.525924039748941,
                    0.5
                ],
                "id": 0,
                "xyz": [
                    0.6088903953969431,
                    0.0,
                    -3.705030290177748
                ]
            },
            {
                "coords": [
                    0.8508256754612148,
                    0.5
                ],
                "id": 0,
                "xyz": [
                    0.6088903953969431,
                    0.0,
                    0.4472293571804492
                ]
            },
            {
                "coords": [
                    0.2307849348773613,
                    0.5
                ],
                "id": 0,
                "xyz": [
                    -3.686304884368357,
                    0.0,
                    0.4472293571804492
                ]
            },
            {
                "coords": [
                    0.37540320651812353,
                    0.5
                ],
                "id": 0,
                "xyz": [
                    -3.686304884368357,
                    0.0,
                    -3.705030290177748
                ]
            }
        ]
    },
    "layoutWalls": {
        "num": 4,
        "walls": [
            {
                "id": 0,
                "normal": [
                    1.0,
                    0.0,
                    -0.0
                ],
                "planeEquation": [
                    1.0,
                    0.0,
                    -0.0,
                    -0.6088903953969431
                ],
                "pointsIdx": [
                    0,
                    1
                ],
                "width": 4.152259647358197
            },
            {
                "id": 0,
                "normal": [
                    0.0,
                    0.0,
                    1.0
                ],
                "planeEquation": [
                    0.0,
                    0.0,
                    1.0,
                    -0.4472293571804492
                ],
                "pointsIdx": [
                    1,
                    2
                ],
                "width": 4.2951952797653
            },
            {
                "id": 0,
                "normal": [
                    -1.0,
                    -0.0,
                    -0.0
                ],
                "planeEquation": [
                    -1.0,
                    -0.0,
                    -0.0,
                    -3.686304884368357
                ],
                "pointsIdx": [
                    2,
                    3
                ],
                "width": 4.152259647358197
            },
            {
                "id": 0,
                "normal": [
                    0.0,
                    0.0,
                    -1.0
                ],
                "planeEquation": [
                    0.0,
                    0.0,
                    -1.0,
                    -3.705030290177748
                ],
                "pointsIdx": [
                    3,
                    0
                ],
                "width": 4.2951952797653
            }
        ]
    },
    "panoId": "nothing"
}