{
    "cameraHeight": 1.6,
    "layoutHeight": 5.283607082366944,
    "layoutObj2ds": {
        "num": 0,
        "obj2ds": []
    },
    "layoutPoints": {
        "num": 6,
        "points": [
            {
                "coords": [
                    0.549638117901147,
                    0.5
                ],
                "id": 0,
                "xyz": [
                    0.5633049600000001,
                    0.0,
                    -1.7471819468702325
                ]
            },
            {
                "coords": [
                    0.9899494348582887,
                    0.5
                ],
                "id": 0,
                "xyz": [
                    0.5633049600000001,
                    0.0,
                    8.908311268549266
                ]
            },
            {
                "coords": [
                    0.11768609098017924,
                    0.5
                ],
                "id": 0,
                "xyz": [
                    -8.125,
                    0.0,
                    8.908311268549266
                ]
            },
            {
                "coords": [
                    0.18319444444444455,
                    0.4580091074711634
                ],
                "id": 0,
                "xyz": [
                    -8.125,
                    1.1805833734840046,
                    3.625982292580991
                ]
            },
            {
                "coords": [
                    0.2006917581285534,
                    0.46850583054952133
                ],
                "id": 0,
                "xyz": [
                    -11.326907008777335,
                    1.1805833734840046,
                    3.625982292580991
                ]
            },
            {
                "coords": [
                    0.27435776913366894,
                    0.5
                ],
                "id": 0,
                "xyz": [
                    -11.326907008777335,
                    0.0,
                    -1.7471819468702325
                ]
            }
        ]
    },
    "layoutWalls": {
        "num": 6,
        "walls": [
            {
                "id": 0,
                "normal": [
                    1.0,
                    0.0,
                    -0.0
                ],
                "planeEquation": [
                    1.0,
                    0.0,
                    -0.0,
                    -0.5633049600000001
                ],
                "pointsIdx": [
                    0,
                    1
                ],
                "width": 10.655493215419499
            },
            {
                "id": 0,
                "normal": [
                    0.0,
                    0.0,
                    1.0
                ],
                "planeEquation": [
                    0.0,
                    0.0,
                    1.0,
                    -8.908311268549266
                ],
                "pointsIdx": [
                    1,
                    2
                ],
                "width": 8.68830496
            },
            {
                "id": 0,
                "normal": [
                    -1.0,
                    -0.0,
                    -0.0
                ],
                "planeEquation": [
                    -1.0,
                    -0.0,
                    -0.0,
                    -8.125
                ],
                "pointsIdx": [
                    2,
                    3
                ],
                "width": 5.282328975968275
            },
            {
                "id": 0,
                "normal": [
                    0.0,
                    0.0,
                    1.0
                ],
                "planeEquation": [
                    0.0,
                    0.0,
                    1.0,
                    -3.625982292580991
                ],
                "pointsIdx": [
                    3,
                    4
                ],
                "width": 3.2019070087773347
            },
            {
                "id": 0,
                "normal": [
                    -1.0,
                    -0.0,
                    -0.0
                ],
                "planeEquation": [
                    -1.0,
                    -0.0,
                    -0.0,
                    -11.326907008777335
                ],
                "pointsIdx": [
                    4,
                    5
                ],
                "width": 5.373164239451223
            },
            {
                "id": 0,
                "normal": [
                    0.0,
                    0.0,
                    -1.0
                ],
                "planeEquation": [
                    0.0,
                    0.0,
                    -1.0,
                    -1.7471819468702325
                ],
                "pointsIdx": [
                    5,
                    0
                ],
                "width": 11.890211968777335
            }
        ]
    },
    "panoId": "nothing"
}