{
    "cameraHeight": 1.6,
    "layoutHeight": 3.4559596824645995,
    "layoutObj2ds": {
        "num": 0,
        "obj2ds": []
    },
    "layoutPoints": {
        "num": 6,
        "points": [
            {
                "coords": [
                    0.6447280802493616,
                    0.5
                ],
                "id": 0,
                "xyz": [
                    3.94542393344,
                    0.0,
                    -3.0711955123199997
                ]
            },
            {
                "coords": [
                    0.8288045848881962,
                    0.5
                ],
                "id": 0,
                "xyz": [
                    3.94542393344,
                    0.0,
                    2.130582668065456
                ]
            },
            {
                "coords": [
                    0.8534610221244121,
                    0.47028239673233835
                ],
                "id": 0,
                "xyz": [
                    2.802267709863773,
                    0.32960990122320366,
                    2.130582668065456
                ]
            },
            {
                "coords": [
                    0.8270833333333334,
                    0.46698459331923436
                ],
                "id": 0,
                "xyz": [
                    2.802267709863773,
                    0.32960990122320366,
                    1.4743443640536271
                ]
            },
            {
                "coords": [
                    0.1698333365010618,
                    0.5
                ],
                "id": 0,
                "xyz": [
                    -2.6751828269775966,
                    0.0,
                    1.4743443640536271
                ]
            },
            {
                "coords": [
                    0.38595087677386053,
                    0.5
                ],
                "id": 0,
                "xyz": [
                    -2.6751828269775966,
                    0.0,
                    -3.0711955123199997
                ]
            }
        ]
    },
    "layoutWalls": {
        "num": 6,
        "walls": [
            {
                "id": 0,
                "normal": [
                    1.0,
                    0.0,
                    -0.0
                ],
                "planeEquation": [
                    1.0,
                    0.0,
                    -0.0,
                    -3.94542393344
                ],
                "pointsIdx": [
                    0,
                    1
                ],
                "width": 5.201778180385455
            },
            {
                "id": 0,
                "normal": [
                    0.0,
                    0.0,
                    1.0
                ],
                "planeEquation": [
                    0.0,
                    0.0,
                    1.0,
                    -2.130582668065456
                ],
                "pointsIdx": [
                    1,
                    2
                ],
                "width": 1.1431562235762267
            },
            {
                "id": 0,
                "normal": [
                    -1.0,
                    -0.0,
                    -0.0
                ],
                "planeEquation": [
                    -1.0,
                    -0.0,
                    -0.0,
                    2.802267709863773
                ],
                "pointsIdx": [
                    2,
                    3
                ],
                "width": 0.6562383040118287
            },
            {
                "id": 0,
                "normal": [
                    0.0,
                    0.0,
                    1.0
                ],
                "planeEquation": [
                    0.0,
                    0.0,
                    1.0,
                    -1.4743443640536271
                ],
                "pointsIdx": [
                    3,
                    4
                ],
                "width": 5.47745053684137
            },
            {
                "id": 0,
                "normal": [
                    -1.0,
                    -0.0,
                    -0.0
                ],
                "planeEquation": [
                    -1.0,
                    -0.0,
                    -0.0,
                    -2.6751828269775966
                ],
                "pointsIdx": [
                    4,
                    5
                ],
                "width": 4.545539876373627
            },
            {
                "id": 0,
                "normal": [
                    0.0,
                    0.0,
                    -1.0
                ],
                "planeEquation": [
                    0.0,
                    0.0,
                    -1.0,
                    -3.0711955123199997
                ],
                "pointsIdx": [
                    5,
                    0
                ],
                "width": 6.620606760417596
            }
        ]
    },
    "panoId": "nothing"
}