{
    "cameraHeight": 1.6,
    "layoutHeight": 2.9729132461547847,
    "layoutObj2ds": {
        "num": 0,
        "obj2ds": []
    },
    "layoutPoints": {
        "num": 8,
        "points": [
            {
                "coords": [
                    0.6850847709444192,
                    0.5
                ],
                "id": 0,
                "xyz": [
                    2.9514443168153517,
                    0.0,
                    -1.2753380207972604
                ]
            },
            {
                "coords": [
                    0.8192613673294789,
                    0.5
                ],
                "id": 0,
                "xyz": [
                    2.9514443168153517,
                    0.0,
                    1.37215
                ]
            },
            {
                "coords": [
                    0.18144961785463348,
                    0.5
                ],
                "id": 0,
                "xyz": [
                    -2.98626903179262,
                    0.0,
                    1.37215
                ]
            },
            {
                "coords": [
                    0.31429534753598354,
                    0.5
                ],
                "id": 0,
                "xyz": [
                    -2.98626903179262,
                    0.0,
                    -1.2766064176332803
                ]
            },
            {
                "coords": [
                    0.46459233689661383,
                    0.5
                ],
                "id": 0,
                "xyz": [
                    -0.28879062477175427,
                    0.0,
                    -1.2766064176332803
                ]
            },
            {
                "coords": [
                    0.3705261132920762,
                    0.5
                ],
                "id": 0,
                "xyz": [
                    -0.28879062477175427,
                    0.0,
                    -0.2729945373937146
                ]
            },
            {
                "coords": [
                    0.4329642950480982,
                    0.5943401039218579
                ],
                "id": 0,
                "xyz": [
                    -0.1223042655634395,
                    -0.09134886614690355,
                    -0.2729945373937146
                ]
            },
            {
                "coords": [
                    0.48478365508256926,
                    0.5226571741622189
                ],
                "id": 0,
                "xyz": [
                    -0.1223042655634395,
                    -0.09134886614690355,
                    -1.2753380207972604
                ]
            }
        ]
    },
    "layoutWalls": {
        "num": 8,
        "walls": [
            {
                "id": 0,
                "normal": [
                    1.0,
                    0.0,
                    -0.0
                ],
                "planeEquation": [
                    1.0,
                    0.0,
                    -0.0,
                    -2.9514443168153517
                ],
                "pointsIdx": [
                    0,
                    1
                ],
                "width": 2.6474880207972604
            },
            {
                "id": 0,
                "normal": [
                    0.0,
                    0.0,
                    1.0
                ],
                "planeEquation": [
                    0.0,
                    0.0,
                    1.0,
                    -1.37215
                ],
                "pointsIdx": [
                    1,
                    2
                ],
                "width": 5.937713348607971
            },
            {
                "id": 0,
                "normal": [
                    -1.0,
                    -0.0,
                    -0.0
                ],
                "planeEquation": [
                    -1.0,
                    -0.0,
                    -0.0,
                    -2.98626903179262
                ],
                "pointsIdx": [
                    2,
                    3
                ],
                "width": 2.6487564176332805
            },
            {
                "id": 0,
                "normal": [
                    0.0,
                    0.0,
                    -1.0
                ],
                "planeEquation": [
                    0.0,
                    0.0,
                    -1.0,
                    -1.2766064176332803
                ],
                "pointsIdx": [
                    3,
                    4
                ],
                "width": 2.6974784070208657
            },
            {
                "id": 0,
                "normal": [
                    1.0,
                    0.0,
                    -0.0
                ],
                "planeEquation": [
                    1.0,
                    0.0,
                    -0.0,
                    0.28879062477175427
                ],
                "pointsIdx": [
                    4,
                    5
                ],
                "width": 1.0036118802395657
            },
            {
                "id": 0,
                "normal": [
                    0.0,
                    0.0,
                    -1.0
                ],
                "planeEquation": [
                    0.0,
                    0.0,
                    -1.0,
                    -0.2729945373937146
                ],
                "pointsIdx": [
                    5,
                    6
                ],
                "width": 0.16648635920831478
            },
            {
                "id": 0,
                "normal": [
                    -1.0,
                    -0.0,
                    -0.0
                ],
                "planeEquation": [
                    -1.0,
                    -0.0,
                    -0.0,
                    -0.1223042655634395
                ],
                "pointsIdx": [
                    6,
                    7
                ],
                "width": 1.0023434834035458
            },
            {
                "id": 0,
                "normal": [
                    0.0,
                    0.0,
                    -1.0
                ],
                "planeEquation": [
                    0.0,
                    0.0,
                    -1.0,
                    -1.2753380207972604
                ],
                "pointsIdx": [
                    7,
                    0
                ],
                "width": 3.073748582378791
            }
        ]
    },
    "panoId": "nothing"
}