{
    "cameraHeight": 1.6,
    "layoutHeight": 2.890324478149414,
    "layoutObj2ds": {
        "num": 0,
        "obj2ds": []
    },
    "layoutPoints": {
        "num": 12,
        "points": [
            {
                "coords": [
                    0.7068825686523525,
                    0.5
                ],
                "id": 0,
                "xyz": [
                    4.6728726441034985,
                    0.0,
                    -1.29785891310228
                ]
            },
            {
                "coords": [
                    0.8940820863665541,
                    0.5
                ],
                "id": 0,
                "xyz": [
                    4.6728726441034985,
                    0.0,
                    5.953017338616752
                ]
            },
            {
                "coords": [
                    0.055344748420876555,
                    0.5
                ],
                "id": 0,
                "xyz": [
                    -2.1577958400000004,
                    0.0,
                    5.953017338616752
                ]
            },
            {
                "coords": [
                    0.21419829050410338,
                    0.5
                ],
                "id": 0,
                "xyz": [
                    -2.1577958400000004,
                    0.0,
                    0.49375
                ]
            },
            {
                "coords": [
                    0.23357918749103074,
                    0.5
                ],
                "id": 0,
                "xyz": [
                    -4.768565201392175,
                    0.0,
                    0.49375
                ]
            },
            {
                "coords": [
                    0.28191723096499316,
                    0.5
                ],
                "id": 0,
                "xyz": [
                    -4.768565201392175,
                    0.0,
                    -0.9693264702121025
                ]
            },
            {
                "coords": [
                    0.5827083333333335,
                    0.5
                ],
                "id": 0,
                "xyz": [
                    0.5545769721323318,
                    0.0,
                    -0.9693264702121025
                ]
            },
            {
                "coords": [
                    0.5246152431007496,
                    0.5
                ],
                "id": 0,
                "xyz": [
                    0.5545769721323318,
                    0.0,
                    -3.557095680206478
                ]
            },
            {
                "coords": [
                    0.5837773175202355,
                    0.5
                ],
                "id": 0,
                "xyz": [
                    2.0669421909993795,
                    0.0,
                    -3.557095680206478
                ]
            },
            {
                "coords": [
                    0.6802083333333334,
                    0.5
                ],
                "id": 0,
                "xyz": [
                    2.0669421909993795,
                    0.0,
                    -0.9693264702121025
                ]
            },
            {
                "coords": [
                    0.7065972222222223,
                    0.5
                ],
                "id": 0,
                "xyz": [
                    3.465897958058564,
                    0.0,
                    -0.9693264702121025
                ]
            },
            {
                "coords": [
                    0.6929744799649799,
                    0.5
                ],
                "id": 0,
                "xyz": [
                    3.465897958058564,
                    0.0,
                    -1.29785891310228
                ]
            }
        ]
    },
    "layoutWalls": {
        "num": 12,
        "walls": [
            {
                "id": 0,
                "normal": [
                    1.0,
                    0.0,
                    -0.0
                ],
                "planeEquation": [
                    1.0,
                    0.0,
                    -0.0,
                    -4.6728726441034985
                ],
                "pointsIdx": [
                    0,
                    1
                ],
                "width": 7.250876251719032
            },
            {
                "id": 0,
                "normal": [
                    0.0,
                    0.0,
                    1.0
                ],
                "planeEquation": [
                    0.0,
                    0.0,
                    1.0,
                    -5.953017338616752
                ],
                "pointsIdx": [
                    1,
                    2
                ],
                "width": 6.830668484103499
            },
            {
                "id": 0,
                "normal": [
                    -1.0,
                    -0.0,
                    -0.0
                ],
                "planeEquation": [
                    -1.0,
                    -0.0,
                    -0.0,
                    -2.1577958400000004
                ],
                "pointsIdx": [
                    2,
                    3
                ],
                "width": 5.459267338616752
            },
            {
                "id": 0,
                "normal": [
                    0.0,
                    0.0,
                    1.0
                ],
                "planeEquation": [
                    0.0,
                    0.0,
                    1.0,
                    -0.49375
                ],
                "pointsIdx": [
                    3,
                    4
                ],
                "width": 2.6107693613921743
            },
            {
                "id": 0,
                "normal": [
                    -1.0,
                    -0.0,
                    -0.0
                ],
                "planeEquation": [
                    -1.0,
                    -0.0,
                    -0.0,
                    -4.768565201392175
                ],
                "pointsIdx": [
                    4,
                    5
                ],
                "width": 1.4630764702121026
            },
            {
                "id": 0,
                "normal": [
                    0.0,
                    0.0,
                    -1.0
                ],
                "planeEquation": [
                    0.0,
                    0.0,
                    -1.0,
                    -0.9693264702121025
                ],
                "pointsIdx": [
                    5,
                    6
                ],
                "width": 5.323142173524507
            },
            {
                "id": 0,
                "normal": [
                    -1.0,
                    -0.0,
                    -0.0
                ],
                "planeEquation": [
                    -1.0,
                    -0.0,
                    -0.0,
                    0.5545769721323318
                ],
                "pointsIdx": [
                    6,
                    7
                ],
                "width": 2.5877692099943754
            },
            {
                "id": 0,
                "normal": [
                    0.0,
                    0.0,
                    -1.0
                ],
                "planeEquation": [
                    0.0,
                    0.0,
                    -1.0,
                    -3.557095680206478
                ],
                "pointsIdx": [
                    7,
                    8
                ],
                "width": 1.5123652188670476
            },
            {
                "id": 0,
                "normal": [
                    1.0,
                    0.0,
                    -0.0
                ],
                "planeEquation": [
                    1.0,
                    0.0,
                    -0.0,
                    -2.0669421909993795
                ],
                "pointsIdx": [
                    8,
                    9
                ],
                "width": 2.5877692099943754
            },
            {
                "id": 0,
                "normal": [
                    0.0,
                    0.0,
                    -1.0
                ],
                "planeEquation": [
                    0.0,
                    0.0,
                    -1.0,
                    -0.9693264702121025
                ],
                "pointsIdx": [
                    9,
                    10
                ],
                "width": 1.3989557670591846
            },
            {
                "id": 0,
                "normal": [
                    -1.0,
                    -0.0,
                    -0.0
                ],
                "planeEquation": [
                    -1.0,
                    -0.0,
                    -0.0,
                    3.465897958058564
                ],
                "pointsIdx": [
                    10,
                    11
                ],
                "width": 0.32853244289017747
            },
            {
                "id": 0,
                "normal": [
                    0.0,
                    0.0,
                    -1.0
                ],
                "planeEquation": [
                    0.0,
                    0.0,
                    -1.0,
                    -1.29785891310228
                ],
                "pointsIdx": [
                    11,
                    0
                ],
                "width": 1.2069746860449344
            }
        ]
    },
    "panoId": "nothing"
}