{
    "cameraHeight": 1.6,
    "layoutHeight": 3.169563465118408,
    "layoutObj2ds": {
        "num": 0,
        "obj2ds": []
    },
    "layoutPoints": {
        "num": 18,
        "points": [
            {
                "coords": [
                    0.699526960821671,
                    0.5
                ],
                "id": 0,
                "xyz": [
                    6.469993462661121,
                    0.0,
                    -2.1235091650004962
                ]
            },
            {
                "coords": [
                    0.7992888487129893,
                    0.5
                ],
                "id": 0,
                "xyz": [
                    6.469993462661121,
                    0.0,
                    2.0703125
                ]
            },
            {
                "coords": [
                    0.9191653405234904,
                    0.5
                ],
                "id": 0,
                "xyz": [
                    1.15234375,
                    0.0,
                    2.0703125
                ]
            },
            {
                "coords": [
                    0.9529238811834788,
                    0.5
                ],
                "id": 0,
                "xyz": [
                    1.15234375,
                    0.0,
                    3.7815590270632615
                ]
            },
            {
                "coords": [
                    0.9988473115232869,
                    0.5
                ],
                "id": 0,
                "xyz": [
                    0.02738862926440771,
                    0.0,
                    3.7815590270632615
                ]
            },
            {
                "coords": [
                    0.9942503802076534,
                    0.5
                ],
                "id": 0,
                "xyz": [
                    0.02738862926440771,
                    0.0,
                    0.7578134596325684
                ]
            },
            {
                "coords": [
                    0.064652777777778,
                    0.5
                ],
                "id": 0,
                "xyz": [
                    -0.3259741233186177,
                    0.0,
                    0.7578134596325684
                ]
            },
            {
                "coords": [
                    0.03297573167979012,
                    0.5
                ],
                "id": 0,
                "xyz": [
                    -0.3259741233186177,
                    0.0,
                    1.55071228493143
                ]
            },
            {
                "coords": [
                    0.17824228965087402,
                    0.5
                ],
                "id": 0,
                "xyz": [
                    -3.203125,
                    0.0,
                    1.55071228493143
                ]
            },
            {
                "coords": [
                    0.32483678309181174,
                    0.5
                ],
                "id": 0,
                "xyz": [
                    -3.203125,
                    0.0,
                    -1.6279381826665191
                ]
            },
            {
                "coords": [
                    0.35006944444444454,
                    0.5
                ],
                "id": 0,
                "xyz": [
                    -2.2386099407261817,
                    0.0,
                    -1.6279381826665191
                ]
            },
            {
                "coords": [
                    0.409099455785524,
                    0.5
                ],
                "id": 0,
                "xyz": [
                    -2.2386099407261817,
                    0.0,
                    -3.483756376548841
                ]
            },
            {
                "coords": [
                    0.4593030503150697,
                    0.5
                ],
                "id": 0,
                "xyz": [
                    -0.9107563150912061,
                    0.0,
                    -3.483756376548841
                ]
            },
            {
                "coords": [
                    0.4188194444444445,
                    0.5
                ],
                "id": 0,
                "xyz": [
                    -0.9107563150912061,
                    0.0,
                    -1.6279381826665191
                ]
            },
            {
                "coords": [
                    0.4675733086228554,
                    0.5
                ],
                "id": 0,
                "xyz": [
                    -0.33634785962731895,
                    0.0,
                    -1.6279381826665191
                ]
            },
            {
                "coords": [
                    0.4414583333333334,
                    0.5
                ],
                "id": 0,
                "xyz": [
                    -0.33634785962731895,
                    0.0,
                    -0.8727995574950554
                ]
            },
            {
                "coords": [
                    0.49583333333333346,
                    0.5
                ],
                "id": 0,
                "xyz": [
                    -0.022855060758185823,
                    0.0,
                    -0.8727995574950554
                ]
            },
            {
                "coords": [
                    0.49828710160103373,
                    0.5
                ],
                "id": 0,
                "xyz": [
                    -0.022855060758185823,
                    0.0,
                    -2.1235091650004962
                ]
            }
        ]
    },
    "layoutWalls": {
        "num": 18,
        "walls": [
            {
                "id": 0,
                "normal": [
                    1.0,
                    0.0,
                    -0.0
                ],
                "planeEquation": [
                    1.0,
                    0.0,
                    -0.0,
                    -6.469993462661121
                ],
                "pointsIdx": [
                    0,
                    1
                ],
                "width": 4.193821665000496
            },
            {
                "id": 0,
                "normal": [
                    0.0,
                    0.0,
                    1.0
                ],
                "planeEquation": [
                    0.0,
                    0.0,
                    1.0,
                    -2.0703125
                ],
                "pointsIdx": [
                    1,
                    2
                ],
                "width": 5.317649712661121
            },
            {
                "id": 0,
                "normal": [
                    1.0,
                    0.0,
                    -0.0
                ],
                "planeEquation": [
                    1.0,
                    0.0,
                    -0.0,
                    -1.15234375
                ],
                "pointsIdx": [
                    2,
                    3
                ],
                "width": 1.7112465270632615
            },
            {
                "id": 0,
                "normal": [
                    0.0,
                    0.0,
                    1.0
                ],
                "planeEquation": [
                    0.0,
                    0.0,
                    1.0,
                    -3.7815590270632615
                ],
                "pointsIdx": [
                    3,
                    4
                ],
                "width": 1.1249551207355923
            },
            {
                "id": 0,
                "normal": [
                    -1.0,
                    -0.0,
                    -0.0
                ],
                "planeEquation": [
                    -1.0,
                    -0.0,
                    -0.0,
                    0.02738862926440771
                ],
                "pointsIdx": [
                    4,
                    5
                ],
                "width": 3.023745567430693
            },
            {
                "id": 0,
                "normal": [
                    0.0,
                    0.0,
                    1.0
                ],
                "planeEquation": [
                    0.0,
                    0.0,
                    1.0,
                    -0.7578134596325684
                ],
                "pointsIdx": [
                    5,
                    6
                ],
                "width": 0.3533627525830254
            },
            {
                "id": 0,
                "normal": [
                    1.0,
                    0.0,
                    -0.0
                ],
                "planeEquation": [
                    1.0,
                    0.0,
                    -0.0,
                    0.3259741233186177
                ],
                "pointsIdx": [
                    6,
                    7
                ],
                "width": 0.7928988252988617
            },
            {
                "id": 0,
                "normal": [
                    0.0,
                    0.0,
                    1.0
                ],
                "planeEquation": [
                    0.0,
                    0.0,
                    1.0,
                    -1.55071228493143
                ],
                "pointsIdx": [
                    7,
                    8
                ],
                "width": 2.8771508766813825
            },
            {
                "id": 0,
                "normal": [
                    -1.0,
                    -0.0,
                    -0.0
                ],
                "planeEquation": [
                    -1.0,
                    -0.0,
                    -0.0,
                    -3.203125
                ],
                "pointsIdx": [
                    8,
                    9
                ],
                "width": 3.178650467597949
            },
            {
                "id": 0,
                "normal": [
                    0.0,
                    0.0,
                    -1.0
                ],
                "planeEquation": [
                    0.0,
                    0.0,
                    -1.0,
                    -1.6279381826665191
                ],
                "pointsIdx": [
                    9,
                    10
                ],
                "width": 0.9645150592738183
            },
            {
                "id": 0,
                "normal": [
                    -1.0,
                    -0.0,
                    -0.0
                ],
                "planeEquation": [
                    -1.0,
                    -0.0,
                    -0.0,
                    -2.2386099407261817
                ],
                "pointsIdx": [
                    10,
                    11
                ],
                "width": 1.855818193882322
            },
            {
                "id": 0,
                "normal": [
                    0.0,
                    0.0,
                    -1.0
                ],
                "planeEquation": [
                    0.0,
                    0.0,
                    -1.0,
                    -3.483756376548841
                ],
                "pointsIdx": [
                    11,
                    12
                ],
                "width": 1.3278536256349756
            },
            {
                "id": 0,
                "normal": [
                    1.0,
                    0.0,
                    -0.0
                ],
                "planeEquation": [
                    1.0,
                    0.0,
                    -0.0,
                    0.9107563150912061
                ],
                "pointsIdx": [
                    12,
                    13
                ],
                "width": 1.855818193882322
            },
            {
                "id": 0,
                "normal": [
                    0.0,
                    0.0,
                    -1.0
                ],
                "planeEquation": [
                    0.0,
                    0.0,
                    -1.0,
                    -1.6279381826665191
                ],
                "pointsIdx": [
                    13,
                    14
                ],
                "width": 0.5744084554638872
            },
            {
                "id": 0,
                "normal": [
                    1.0,
                    0.0,
                    -0.0
                ],
                "planeEquation": [
                    1.0,
                    0.0,
                    -0.0,
                    0.33634785962731895
                ],
                "pointsIdx": [
                    14,
                    15
                ],
                "width": 0.7551386251714637
            },
            {
                "id": 0,
                "normal": [
                    0.0,
                    0.0,
                    -1.0
                ],
                "planeEquation": [
                    0.0,
                    0.0,
                    -1.0,
                    -0.8727995574950554
                ],
                "pointsIdx": [
                    15,
                    16
                ],
                "width": 0.3134927988691331
            },
            {
                "id": 0,
                "normal": [
                    -1.0,
                    -0.0,
                    -0.0
                ],
                "planeEquation": [
                    -1.0,
                    -0.0,
                    -0.0,
                    -0.022855060758185823
                ],
                "pointsIdx": [
                    16,
                    17
                ],
                "width": 1.2507096075054407
            },
            {
                "id": 0,
                "normal": [
                    0.0,
                    0.0,
                    -1.0
                ],
                "planeEquation": [
                    0.0,
                    0.0,
                    -1.0,
                    -2.1235091650004962
                ],
                "pointsIdx": [
                    17,
                    0
                ],
                "width": 6.4928485234193065
            }
        ]
    },
    "panoId": "nothing"
}