{
    "cameraHeight": 1.6,
    "layoutHeight": 3.1925525283813476,
    "layoutObj2ds": {
        "num": 0,
        "obj2ds": []
    },
    "layoutPoints": {
        "num": 4,
        "points": [
            {
                "coords": [
                    0.6570946468082195,
                    0.5
                ],
                "id": 0,
                "xyz": [
                    1.25,
                    0.0,
                    -0.82566151159808
                ]
            },
            {
                "coords": [
                    0.8623544220335027,
                    0.5
                ],
                "id": 0,
                "xyz": [
                    1.25,
                    0.0,
                    1.065625
                ]
            },
            {
                "coords": [
                    0.16600509754420234,
                    0.5
                ],
                "id": 0,
                "xyz": [
                    -1.828125,
                    0.0,
                    1.065625
                ]
            },
            {
                "coords": [
                    0.31751673487450693,
                    0.5
                ],
                "id": 0,
                "xyz": [
                    -1.828125,
                    0.0,
                    -0.82566151159808
                ]
            }
        ]
    },
    "layoutWalls": {
        "num": 4,
        "walls": [
            {
                "id": 0,
                "normal": [
                    1.0,
                    0.0,
                    -0.0
                ],
                "planeEquation": [
                    1.0,
                    0.0,
                    -0.0,
                    -1.25
                ],
                "pointsIdx": [
                    0,
                    1
                ],
                "width": 1.89128651159808
            },
            {
                "id": 0,
                "normal": [
                    0.0,
                    0.0,
                    1.0
                ],
                "planeEquation": [
                    0.0,
                    0.0,
                    1.0,
                    -1.065625
                ],
                "pointsIdx": [
                    1,
                    2
                ],
                "width": 3.078125
            },
            {
                "id": 0,
                "normal": [
                    -1.0,
                    -0.0,
                    -0.0
                ],
                "planeEquation": [
                    -1.0,
                    -0.0,
                    -0.0,
                    -1.828125
                ],
                "pointsIdx": [
                    2,
                    3
                ],
                "width": 1.89128651159808
            },
            {
                "id": 0,
                "normal": [
                    0.0,
                    0.0,
                    -1.0
                ],
                "planeEquation": [
                    0.0,
                    0.0,
                    -1.0,
                    -0.82566151159808
                ],
                "pointsIdx": [
                    3,
                    0
                ],
                "width": 3.078125
            }
        ]
    },
    "panoId": "nothing"
}