{
    "cameraHeight": 1.6,
    "layoutHeight": 2.6294229507446287,
    "layoutObj2ds": {
        "num": 0,
        "obj2ds": []
    },
    "layoutPoints": {
        "num": 4,
        "points": [
            {
                "coords": [
                    0.6176225587567654,
                    0.5
                ],
                "id": 0,
                "xyz": [
                    1.1585642665984,
                    0.0,
                    -1.2712774784915983
                ]
            },
            {
                "coords": [
                    0.8840075773688452,
                    0.5
                ],
                "id": 0,
                "xyz": [
                    1.1585642665984,
                    0.0,
                    1.29773
                ]
            },
            {
                "coords": [
                    0.05450976427355825,
                    0.5
                ],
                "id": 0,
                "xyz": [
                    -0.46270109728768,
                    0.0,
                    1.29773
                ]
            },
            {
                "coords": [
                    0.4444451148509433,
                    0.5
                ],
                "id": 0,
                "xyz": [
                    -0.46270109728768,
                    0.0,
                    -1.2712774784915983
                ]
            }
        ]
    },
    "layoutWalls": {
        "num": 4,
        "walls": [
            {
                "id": 0,
                "normal": [
                    1.0,
                    0.0,
                    -0.0
                ],
                "planeEquation": [
                    1.0,
                    0.0,
                    -0.0,
                    -1.1585642665984
                ],
                "pointsIdx": [
                    0,
                    1
                ],
                "width": 2.5690074784915984
            },
            {
                "id": 0,
                "normal": [
                    0.0,
                    0.0,
                    1.0
                ],
                "planeEquation": [
                    0.0,
                    0.0,
                    1.0,
                    -1.29773
                ],
                "pointsIdx": [
                    1,
                    2
                ],
                "width": 1.62126536388608
            },
            {
                "id": 0,
                "normal": [
                    -1.0,
                    -0.0,
                    -0.0
                ],
                "planeEquation": [
                    -1.0,
                    -0.0,
                    -0.0,
                    -0.46270109728768
                ],
                "pointsIdx": [
                    2,
                    3
                ],
                "width": 2.5690074784915984
            },
            {
                "id": 0,
                "normal": [
                    0.0,
                    0.0,
                    -1.0
                ],
                "planeEquation": [
                    0.0,
                    0.0,
                    -1.0,
                    -1.2712774784915983
                ],
                "pointsIdx": [
                    3,
                    0
                ],
                "width": 1.62126536388608
            }
        ]
    },
    "panoId": "nothing"
}