{
    "cameraHeight": 1.6,
    "layoutHeight": 2.581182775497436,
    "layoutObj2ds": {
        "num": 0,
        "obj2ds": []
    },
    "layoutPoints": {
        "num": 8,
        "points": [
            {
                "coords": [
                    0.6305101325082612,
                    0.5
                ],
                "id": 0,
                "xyz": [
                    1.26234826006528,
                    0.0,
                    -1.1778325421661369
                ]
            },
            {
                "coords": [
                    0.815588263392904,
                    0.5
                ],
                "id": 0,
                "xyz": [
                    1.26234826006528,
                    0.0,
                    0.5518153632
                ]
            },
            {
                "coords": [
                    0.8715972222222222,
                    0.6181233518818635
                ],
                "id": 0,
                "xyz": [
                    0.5759305652806854,
                    -0.3103726906069328,
                    0.5518153632
                ]
            },
            {
                "coords": [
                    0.952887065151555,
                    0.5496343376807507
                ],
                "id": 0,
                "xyz": [
                    0.5759305652806854,
                    -0.3103726906069328,
                    1.8884208779662237
                ]
            },
            {
                "coords": [
                    0.024786569522694646,
                    0.5182281155791078
                ],
                "id": 0,
                "xyz": [
                    -0.29650109000965613,
                    -0.10958566895040418,
                    1.8884208779662237
                ]
            },
            {
                "coords": [
                    0.07847222222222222,
                    0.5551263934180501
                ],
                "id": 0,
                "xyz": [
                    -0.29650109000965613,
                    -0.10958566895040418,
                    0.5518153632
                ]
            },
            {
                "coords": [
                    0.1936556495923079,
                    0.5
                ],
                "id": 0,
                "xyz": [
                    -1.493034689100792,
                    0.0,
                    0.5518153632
                ]
            },
            {
                "coords": [
                    0.3563038213389699,
                    0.5
                ],
                "id": 0,
                "xyz": [
                    -1.493034689100792,
                    0.0,
                    -1.1778325421661369
                ]
            }
        ]
    },
    "layoutWalls": {
        "num": 8,
        "walls": [
            {
                "id": 0,
                "normal": [
                    1.0,
                    0.0,
                    -0.0
                ],
                "planeEquation": [
                    1.0,
                    0.0,
                    -0.0,
                    -1.26234826006528
                ],
                "pointsIdx": [
                    0,
                    1
                ],
                "width": 1.7296479053661369
            },
            {
                "id": 0,
                "normal": [
                    0.0,
                    0.0,
                    1.0
                ],
                "planeEquation": [
                    0.0,
                    0.0,
                    1.0,
                    -0.5518153632
                ],
                "pointsIdx": [
                    1,
                    2
                ],
                "width": 0.6864176947845946
            },
            {
                "id": 0,
                "normal": [
                    1.0,
                    0.0,
                    -0.0
                ],
                "planeEquation": [
                    1.0,
                    0.0,
                    -0.0,
                    -0.5759305652806854
                ],
                "pointsIdx": [
                    2,
                    3
                ],
                "width": 1.3366055147662237
            },
            {
                "id": 0,
                "normal": [
                    0.0,
                    0.0,
                    1.0
                ],
                "planeEquation": [
                    0.0,
                    0.0,
                    1.0,
                    -1.8884208779662237
                ],
                "pointsIdx": [
                    3,
                    4
                ],
                "width": 0.8724316552903415
            },
            {
                "id": 0,
                "normal": [
                    -1.0,
                    -0.0,
                    -0.0
                ],
                "planeEquation": [
                    -1.0,
                    -0.0,
                    -0.0,
                    -0.29650109000965613
                ],
                "pointsIdx": [
                    4,
                    5
                ],
                "width": 1.3366055147662237
            },
            {
                "id": 0,
                "normal": [
                    0.0,
                    0.0,
                    1.0
                ],
                "planeEquation": [
                    0.0,
                    0.0,
                    1.0,
                    -0.5518153632
                ],
                "pointsIdx": [
                    5,
                    6
                ],
                "width": 1.1965335990911359
            },
            {
                "id": 0,
                "normal": [
                    -1.0,
                    -0.0,
                    -0.0
                ],
                "planeEquation": [
                    -1.0,
                    -0.0,
                    -0.0,
                    -1.493034689100792
                ],
                "pointsIdx": [
                    6,
                    7
                ],
                "width": 1.7296479053661369
            },
            {
                "id": 0,
                "normal": [
                    0.0,
                    0.0,
                    -1.0
                ],
                "planeEquation": [
                    0.0,
                    0.0,
                    -1.0,
                    -1.1778325421661369
                ],
                "pointsIdx": [
                    7,
                    0
                ],
                "width": 2.755382949166072
            }
        ]
    },
    "panoId": "nothing"
}