{
    "cameraHeight": 1.6,
    "layoutHeight": 2.8857412528991695,
    "layoutObj2ds": {
        "num": 0,
        "obj2ds": []
    },
    "layoutPoints": {
        "num": 14,
        "points": [
            {
                "coords": [
                    0.6374261214774735,
                    0.5
                ],
                "id": 0,
                "xyz": [
                    6.126785313612982,
                    0.0,
                    -5.237689531047113
                ]
            },
            {
                "coords": [
                    0.7359027777777778,
                    0.501111104341897
                ],
                "id": 0,
                "xyz": [
                    6.126785313612982,
                    -0.021470641937000944,
                    -0.5441065190163749
                ]
            },
            {
                "coords": [
                    0.7397586646794705,
                    0.5008076942571108
                ],
                "id": 0,
                "xyz": [
                    8.443985299982598,
                    -0.021470641937000944,
                    -0.5441065190163749
                ]
            },
            {
                "coords": [
                    0.7659898621715946,
                    0.5
                ],
                "id": 0,
                "xyz": [
                    8.443985299982598,
                    0.0,
                    0.85121
                ]
            },
            {
                "coords": [
                    0.7909027777777777,
                    0.5029165442324525
                ],
                "id": 0,
                "xyz": [
                    3.2388612493912263,
                    -0.030684989971925314,
                    0.85121
                ]
            },
            {
                "coords": [
                    0.8199708496086187,
                    0.5027288277843937
                ],
                "id": 0,
                "xyz": [
                    3.2388612493912263,
                    -0.030684989971925314,
                    1.5233678996929345
                ]
            },
            {
                "coords": [
                    0.8593399641805033,
                    0.5067314214296286
                ],
                "id": 0,
                "xyz": [
                    1.8570626387090083,
                    -0.05080239000440958,
                    1.5233678996929345
                ]
            },
            {
                "coords": [
                    0.8184027777777779,
                    0.5079142193204228
                ],
                "id": 0,
                "xyz": [
                    1.8570626387090083,
                    -0.05080239000440958,
                    0.8512100000000001
                ]
            },
            {
                "coords": [
                    0.9409722222222224,
                    0.5527332951523606
                ],
                "id": 0,
                "xyz": [
                    0.33101746534058224,
                    -0.15270409753863703,
                    0.85121
                ]
            },
            {
                "coords": [
                    0.9883398205152951,
                    0.5107443822029387
                ],
                "id": 0,
                "xyz": [
                    0.33101746534058224,
                    -0.15270409753863703,
                    4.510117000939194
                ]
            },
            {
                "coords": [
                    0.054019017614435005,
                    0.5
                ],
                "id": 0,
                "xyz": [
                    -1.5924089936643504,
                    0.0,
                    4.510117000939194
                ]
            },
            {
                "coords": [
                    0.15163445162899702,
                    0.5518964480804908
                ],
                "id": 0,
                "xyz": [
                    -1.5924089936643504,
                    -0.3214037835737585,
                    1.1321513490783601
                ]
            },
            {
                "coords": [
                    0.08534722222222224,
                    0.5761905622628293
                ],
                "id": 0,
                "xyz": [
                    -0.6728906021098382,
                    -0.3214037835737585,
                    1.1321513490783601
                ]
            },
            {
                "coords": [
                    0.47966461259178916,
                    0.5
                ],
                "id": 0,
                "xyz": [
                    -0.6728906021098382,
                    0.0,
                    -5.237689531047113
                ]
            }
        ]
    },
    "layoutWalls": {
        "num": 14,
        "walls": [
            {
                "id": 0,
                "normal": [
                    1.0,
                    0.0,
                    -0.0
                ],
                "planeEquation": [
                    1.0,
                    0.0,
                    -0.0,
                    -6.126785313612982
                ],
                "pointsIdx": [
                    0,
                    1
                ],
                "width": 4.6935830120307385
            },
            {
                "id": 0,
                "normal": [
                    0.0,
                    0.0,
                    -1.0
                ],
                "planeEquation": [
                    0.0,
                    0.0,
                    -1.0,
                    -0.5441065190163749
                ],
                "pointsIdx": [
                    1,
                    2
                ],
                "width": 2.3171999863696167
            },
            {
                "id": 0,
                "normal": [
                    1.0,
                    0.0,
                    -0.0
                ],
                "planeEquation": [
                    1.0,
                    0.0,
                    -0.0,
                    -8.443985299982598
                ],
                "pointsIdx": [
                    2,
                    3
                ],
                "width": 1.395316519016375
            },
            {
                "id": 0,
                "normal": [
                    0.0,
                    0.0,
                    1.0
                ],
                "planeEquation": [
                    0.0,
                    0.0,
                    1.0,
                    -0.85121
                ],
                "pointsIdx": [
                    3,
                    4
                ],
                "width": 5.2051240505913725
            },
            {
                "id": 0,
                "normal": [
                    1.0,
                    0.0,
                    -0.0
                ],
                "planeEquation": [
                    1.0,
                    0.0,
                    -0.0,
                    -3.2388612493912263
                ],
                "pointsIdx": [
                    4,
                    5
                ],
                "width": 0.6721578996929345
            },
            {
                "id": 0,
                "normal": [
                    0.0,
                    0.0,
                    1.0
                ],
                "planeEquation": [
                    0.0,
                    0.0,
                    1.0,
                    -1.5233678996929345
                ],
                "pointsIdx": [
                    5,
                    6
                ],
                "width": 1.381798610682218
            },
            {
                "id": 0,
                "normal": [
                    -1.0,
                    -0.0,
                    -0.0
                ],
                "planeEquation": [
                    -1.0,
                    -0.0,
                    -0.0,
                    1.8570626387090083
                ],
                "pointsIdx": [
                    6,
                    7
                ],
                "width": 0.6721578996929344
            },
            {
                "id": 0,
                "normal": [
                    -7.275164877161342e-17,
                    0.0,
                    1.0
                ],
                "planeEquation": [
                    -7.275164877161342e-17,
                    0.0,
                    1.0,
                    -0.85121
                ],
                "pointsIdx": [
                    7,
                    8
                ],
                "width": 1.5260451733684262
            },
            {
                "id": 0,
                "normal": [
                    1.0,
                    0.0,
                    -0.0
                ],
                "planeEquation": [
                    1.0,
                    0.0,
                    -0.0,
                    -0.33101746534058224
                ],
                "pointsIdx": [
                    8,
                    9
                ],
                "width": 3.6589070009391937
            },
            {
                "id": 0,
                "normal": [
                    0.0,
                    0.0,
                    1.0
                ],
                "planeEquation": [
                    0.0,
                    0.0,
                    1.0,
                    -4.510117000939194
                ],
                "pointsIdx": [
                    9,
                    10
                ],
                "width": 1.9234264590049326
            },
            {
                "id": 0,
                "normal": [
                    -1.0,
                    -0.0,
                    -0.0
                ],
                "planeEquation": [
                    -1.0,
                    -0.0,
                    -0.0,
                    -1.5924089936643504
                ],
                "pointsIdx": [
                    10,
                    11
                ],
                "width": 3.3779656518608334
            },
            {
                "id": 0,
                "normal": [
                    0.0,
                    0.0,
                    -1.0
                ],
                "planeEquation": [
                    0.0,
                    0.0,
                    -1.0,
                    1.1321513490783601
                ],
                "pointsIdx": [
                    11,
                    12
                ],
                "width": 0.9195183915545122
            },
            {
                "id": 0,
                "normal": [
                    -1.0,
                    -0.0,
                    -0.0
                ],
                "planeEquation": [
                    -1.0,
                    -0.0,
                    -0.0,
                    -0.6728906021098382
                ],
                "pointsIdx": [
                    12,
                    13
                ],
                "width": 6.369840880125474
            },
            {
                "id": 0,
                "normal": [
                    0.0,
                    0.0,
                    -1.0
                ],
                "planeEquation": [
                    0.0,
                    0.0,
                    -1.0,
                    -5.237689531047113
                ],
                "pointsIdx": [
                    13,
                    0
                ],
                "width": 6.79967591572282
            }
        ]
    },
    "panoId": "nothing"
}