{
    "cameraHeight": 1.6,
    "layoutHeight": 3.4728119373321533,
    "layoutObj2ds": {
        "num": 0,
        "obj2ds": []
    },
    "layoutPoints": {
        "num": 12,
        "points": [
            {
                "coords": [
                    0.6244173496653902,
                    0.5
                ],
                "id": 0,
                "xyz": [
                    1.80062464,
                    0.0,
                    -1.8138569548629122
                ]
            },
            {
                "coords": [
                    0.8979277623496345,
                    0.5
                ],
                "id": 0,
                "xyz": [
                    1.80062464,
                    0.0,
                    2.41167951872
                ]
            },
            {
                "coords": [
                    0.9095833333333334,
                    0.5
                ],
                "id": 0,
                "xyz": [
                    1.5393696986851315,
                    0.0,
                    2.41167951872
                ]
            },
            {
                "coords": [
                    0.9158333333333334,
                    0.5
                ],
                "id": 0,
                "xyz": [
                    1.5393696986851315,
                    0.0,
                    2.6343155178177686
                ]
            },
            {
                "coords": [
                    0.8824859687834841,
                    0.5
                ],
                "id": 0,
                "xyz": [
                    2.397467256225071,
                    0.0,
                    2.6343155178177686
                ]
            },
            {
                "coords": [
                    0.9165871894190263,
                    0.5
                ],
                "id": 0,
                "xyz": [
                    2.397467256225071,
                    0.0,
                    4.147750339840888
                ]
            },
            {
                "coords": [
                    0.9799301904554252,
                    0.5
                ],
                "id": 0,
                "xyz": [
                    0.5258311719402918,
                    0.0,
                    4.147750339840888
                ]
            },
            {
                "coords": [
                    0.9658333333333334,
                    0.5
                ],
                "id": 0,
                "xyz": [
                    0.5258311719402918,
                    0.0,
                    2.41167951872
                ]
            },
            {
                "coords": [
                    0.1629861111111114,
                    0.5
                ],
                "id": 0,
                "xyz": [
                    -3.9626199511556104,
                    0.0,
                    2.41167951872
                ]
            },
            {
                "coords": [
                    0.14321460572026617,
                    0.5
                ],
                "id": 0,
                "xyz": [
                    -3.9626199511556104,
                    0.0,
                    3.1455497838616955
                ]
            },
            {
                "coords": [
                    0.16196513390902828,
                    0.5
                ],
                "id": 0,
                "xyz": [
                    -5.094560350005983,
                    0.0,
                    3.1455497838616955
                ]
            },
            {
                "coords": [
                    0.3044379460806902,
                    0.5
                ],
                "id": 0,
                "xyz": [
                    -5.094560350005983,
                    0.0,
                    -1.8138569548629122
                ]
            }
        ]
    },
    "layoutWalls": {
        "num": 12,
        "walls": [
            {
                "id": 0,
                "normal": [
                    1.0,
                    0.0,
                    -0.0
                ],
                "planeEquation": [
                    1.0,
                    0.0,
                    -0.0,
                    -1.80062464
                ],
                "pointsIdx": [
                    0,
                    1
                ],
                "width": 4.225536473582912
            },
            {
                "id": 0,
                "normal": [
                    0.0,
                    0.0,
                    1.0
                ],
                "planeEquation": [
                    0.0,
                    0.0,
                    1.0,
                    -2.41167951872
                ],
                "pointsIdx": [
                    1,
                    2
                ],
                "width": 0.2612549413148686
            },
            {
                "id": 0,
                "normal": [
                    1.0,
                    0.0,
                    -0.0
                ],
                "planeEquation": [
                    1.0,
                    0.0,
                    -0.0,
                    -1.5393696986851315
                ],
                "pointsIdx": [
                    2,
                    3
                ],
                "width": 0.22263599909776843
            },
            {
                "id": 0,
                "normal": [
                    0.0,
                    0.0,
                    -1.0
                ],
                "planeEquation": [
                    0.0,
                    0.0,
                    -1.0,
                    2.6343155178177686
                ],
                "pointsIdx": [
                    3,
                    4
                ],
                "width": 0.8580975575399397
            },
            {
                "id": 0,
                "normal": [
                    1.0,
                    0.0,
                    -0.0
                ],
                "planeEquation": [
                    1.0,
                    0.0,
                    -0.0,
                    -2.397467256225071
                ],
                "pointsIdx": [
                    4,
                    5
                ],
                "width": 1.5134348220231195
            },
            {
                "id": 0,
                "normal": [
                    0.0,
                    0.0,
                    1.0
                ],
                "planeEquation": [
                    0.0,
                    0.0,
                    1.0,
                    -4.147750339840888
                ],
                "pointsIdx": [
                    5,
                    6
                ],
                "width": 1.8716360842847792
            },
            {
                "id": 0,
                "normal": [
                    -1.0,
                    -0.0,
                    -0.0
                ],
                "planeEquation": [
                    -1.0,
                    -0.0,
                    -0.0,
                    0.5258311719402918
                ],
                "pointsIdx": [
                    6,
                    7
                ],
                "width": 1.736070821120888
            },
            {
                "id": 0,
                "normal": [
                    0.0,
                    0.0,
                    1.0
                ],
                "planeEquation": [
                    0.0,
                    0.0,
                    1.0,
                    -2.41167951872
                ],
                "pointsIdx": [
                    7,
                    8
                ],
                "width": 4.488451123095902
            },
            {
                "id": 0,
                "normal": [
                    1.0,
                    0.0,
                    -0.0
                ],
                "planeEquation": [
                    1.0,
                    0.0,
                    -0.0,
                    3.9626199511556104
                ],
                "pointsIdx": [
                    8,
                    9
                ],
                "width": 0.7338702651416953
            },
            {
                "id": 0,
                "normal": [
                    0.0,
                    0.0,
                    1.0
                ],
                "planeEquation": [
                    0.0,
                    0.0,
                    1.0,
                    -3.1455497838616955
                ],
                "pointsIdx": [
                    9,
                    10
                ],
                "width": 1.1319403988503725
            },
            {
                "id": 0,
                "normal": [
                    -1.0,
                    -0.0,
                    -0.0
                ],
                "planeEquation": [
                    -1.0,
                    -0.0,
                    -0.0,
                    -5.094560350005983
                ],
                "pointsIdx": [
                    10,
                    11
                ],
                "width": 4.959406738724608
            },
            {
                "id": 0,
                "normal": [
                    0.0,
                    0.0,
                    -1.0
                ],
                "planeEquation": [
                    0.0,
                    0.0,
                    -1.0,
                    -1.8138569548629122
                ],
                "pointsIdx": [
                    11,
                    0
                ],
                "width": 6.895184990005983
            }
        ]
    },
    "panoId": "nothing"
}