{
    "cameraHeight": 1.6,
    "layoutHeight": 3.4337451457977295,
    "layoutObj2ds": {
        "num": 0,
        "obj2ds": []
    },
    "layoutPoints": {
        "num": 4,
        "points": [
            {
                "coords": [
                    0.7787154130288803,
                    0.5
                ],
                "id": 0,
                "xyz": [
                    5.550944019745533,
                    0.0,
                    1.01253588992
                ]
            },
            {
                "coords": [
                    0.12680004892460361,
                    0.5
                ],
                "id": 0,
                "xyz": [
                    -1.03570253824,
                    0.0,
                    1.01253588992
                ]
            },
            {
                "coords": [
                    0.4493620369951294,
                    0.5
                ],
                "id": 0,
                "xyz": [
                    -1.03570253824,
                    0.0,
                    -3.14461862482777
                ]
            },
            {
                "coords": [
                    0.6679677150841694,
                    0.5
                ],
                "id": 0,
                "xyz": [
                    5.550944019745533,
                    0.0,
                    -3.14461862482777
                ]
            }
        ]
    },
    "layoutWalls": {
        "num": 4,
        "walls": [
            {
                "id": 0,
                "normal": [
                    0.0,
                    0.0,
                    1.0
                ],
                "planeEquation": [
                    0.0,
                    0.0,
                    1.0,
                    -1.01253588992
                ],
                "pointsIdx": [
                    0,
                    1
                ],
                "width": 6.5866465579855324
            },
            {
                "id": 0,
                "normal": [
                    -1.0,
                    -0.0,
                    -0.0
                ],
                "planeEquation": [
                    -1.0,
                    -0.0,
                    -0.0,
                    -1.03570253824
                ],
                "pointsIdx": [
                    1,
                    2
                ],
                "width": 4.15715451474777
            },
            {
                "id": 0,
                "normal": [
                    0.0,
                    0.0,
                    -1.0
                ],
                "planeEquation": [
                    0.0,
                    0.0,
                    -1.0,
                    -3.14461862482777
                ],
                "pointsIdx": [
                    2,
                    3
                ],
                "width": 6.5866465579855324
            },
            {
                "id": 0,
                "normal": [
                    1.0,
                    0.0,
                    -0.0
                ],
                "planeEquation": [
                    1.0,
                    0.0,
                    -0.0,
                    -5.550944019745533
                ],
                "pointsIdx": [
                    3,
                    0
                ],
                "width": 4.15715451474777
            }
        ]
    },
    "panoId": "nothing"
}