{
    "cameraHeight": 1.6,
    "layoutHeight": 2.9878784272728893,
    "layoutObj2ds": {
        "num": 0,
        "obj2ds": []
    },
    "layoutPoints": {
        "num": 4,
        "points": [
            {
                "coords": [
                    0.583961475152043,
                    0.5
                ],
                "id": 0,
                "xyz": [
                    1.482391627606166,
                    0.0,
                    -2.544333980514993
                ]
            },
            {
                "coords": [
                    0.8056979806668778,
                    0.5
                ],
                "id": 0,
                "xyz": [
                    1.482391627606166,
                    0.0,
                    0.5410492216195121
                ]
            },
            {
                "coords": [
                    0.2215839997653018,
                    0.5
                ],
                "id": 0,
                "xyz": [
                    -2.9980893339202033,
                    0.0,
                    0.5410492216195121
                ]
            },
            {
                "coords": [
                    0.36199906147511274,
                    0.5
                ],
                "id": 0,
                "xyz": [
                    -2.9980893339202033,
                    0.0,
                    -2.544333980514993
                ]
            }
        ]
    },
    "layoutWalls": {
        "num": 4,
        "walls": [
            {
                "id": 0,
                "normal": [
                    1.0,
                    0.0,
                    -0.0
                ],
                "planeEquation": [
                    1.0,
                    0.0,
                    -0.0,
                    -1.482391627606166
                ],
                "pointsIdx": [
                    0,
                    1
                ],
                "width": 3.0853832021345053
            },
            {
                "id": 0,
                "normal": [
                    0.0,
                    0.0,
                    1.0
                ],
                "planeEquation": [
                    0.0,
                    0.0,
                    1.0,
                    -0.5410492216195121
                ],
                "pointsIdx": [
                    1,
                    2
                ],
                "width": 4.48048096152637
            },
            {
                "id": 0,
                "normal": [
                    -1.0,
                    -0.0,
                    -0.0
                ],
                "planeEquation": [
                    -1.0,
                    -0.0,
                    -0.0,
                    -2.9980893339202033
                ],
                "pointsIdx": [
                    2,
                    3
                ],
                "width": 3.0853832021345053
            },
            {
                "id": 0,
                "normal": [
                    0.0,
                    0.0,
                    -1.0
                ],
                "planeEquation": [
                    0.0,
                    0.0,
                    -1.0,
                    -2.544333980514993
                ],
                "pointsIdx": [
                    3,
                    0
                ],
                "width": 4.48048096152637
            }
        ]
    },
    "panoId": "nothing"
}