{
    "cameraHeight": 1.6,
    "layoutHeight": 3.1871864700317385,
    "layoutObj2ds": {
        "num": 0,
        "obj2ds": []
    },
    "layoutPoints": {
        "num": 6,
        "points": [
            {
                "coords": [
                    0.5504338598070131,
                    0.5
                ],
                "id": 0,
                "xyz": [
                    1.11074551808,
                    0.0,
                    -3.3870781849600005
                ]
            },
            {
                "coords": [
                    0.6377083333333333,
                    0.495139455650515
                ],
                "id": 0,
                "xyz": [
                    1.11074551808,
                    0.022281924583270808,
                    -0.946154539169601
                ]
            },
            {
                "coords": [
                    0.6877696662527307,
                    0.4971431464641769
                ],
                "id": 0,
                "xyz": [
                    2.2952109451869407,
                    0.022281924583270808,
                    -0.946154539169601
                ]
            },
            {
                "coords": [
                    0.7845684587926209,
                    0.5
                ],
                "id": 0,
                "xyz": [
                    2.2952109451869407,
                    0.0,
                    0.5065100701683688
                ]
            },
            {
                "coords": [
                    0.20821067629848222,
                    0.5
                ],
                "id": 0,
                "xyz": [
                    -1.88451072,
                    0.0,
                    0.5065100701683688
                ]
            },
            {
                "coords": [
                    0.41919224109930614,
                    0.5
                ],
                "id": 0,
                "xyz": [
                    -1.88451072,
                    0.0,
                    -3.3870781849600005
                ]
            }
        ]
    },
    "layoutWalls": {
        "num": 6,
        "walls": [
            {
                "id": 0,
                "normal": [
                    1.0,
                    0.0,
                    -0.0
                ],
                "planeEquation": [
                    1.0,
                    0.0,
                    -0.0,
                    -1.11074551808
                ],
                "pointsIdx": [
                    0,
                    1
                ],
                "width": 2.4409236457903996
            },
            {
                "id": 0,
                "normal": [
                    0.0,
                    0.0,
                    -1.0
                ],
                "planeEquation": [
                    0.0,
                    0.0,
                    -1.0,
                    -0.946154539169601
                ],
                "pointsIdx": [
                    1,
                    2
                ],
                "width": 1.1844654271069406
            },
            {
                "id": 0,
                "normal": [
                    1.0,
                    0.0,
                    -0.0
                ],
                "planeEquation": [
                    1.0,
                    0.0,
                    -0.0,
                    -2.2952109451869407
                ],
                "pointsIdx": [
                    2,
                    3
                ],
                "width": 1.4526646093379698
            },
            {
                "id": 0,
                "normal": [
                    0.0,
                    0.0,
                    1.0
                ],
                "planeEquation": [
                    0.0,
                    0.0,
                    1.0,
                    -0.5065100701683688
                ],
                "pointsIdx": [
                    3,
                    4
                ],
                "width": 4.179721665186941
            },
            {
                "id": 0,
                "normal": [
                    -1.0,
                    -0.0,
                    -0.0
                ],
                "planeEquation": [
                    -1.0,
                    -0.0,
                    -0.0,
                    -1.88451072
                ],
                "pointsIdx": [
                    4,
                    5
                ],
                "width": 3.8935882551283694
            },
            {
                "id": 0,
                "normal": [
                    0.0,
                    0.0,
                    -1.0
                ],
                "planeEquation": [
                    0.0,
                    0.0,
                    -1.0,
                    -3.3870781849600005
                ],
                "pointsIdx": [
                    5,
                    0
                ],
                "width": 2.99525623808
            }
        ]
    },
    "panoId": "nothing"
}