{
    "cameraHeight": 1.6,
    "layoutHeight": 3.0702682868344784,
    "layoutObj2ds": {
        "num": 0,
        "obj2ds": []
    },
    "layoutPoints": {
        "num": 10,
        "points": [
            {
                "coords": [
                    0.5252507692245064,
                    0.5
                ],
                "id": 0,
                "xyz": [
                    0.48308194048104375,
                    0.0,
                    -3.019262128006523
                ]
            },
            {
                "coords": [
                    0.5638382937760612,
                    0.5
                ],
                "id": 0,
                "xyz": [
                    0.48308194048104375,
                    0.0,
                    -1.139076382617355
                ]
            },
            {
                "coords": [
                    0.6932460049452875,
                    0.5
                ],
                "id": 0,
                "xyz": [
                    3.057747643507811,
                    0.0,
                    -1.139076382617355
                ]
            },
            {
                "coords": [
                    0.8065647044315412,
                    0.5
                ],
                "id": 0,
                "xyz": [
                    3.057747643507811,
                    0.0,
                    1.134936812066857
                ]
            },
            {
                "coords": [
                    0.8318357539144211,
                    0.5
                ],
                "id": 0,
                "xyz": [
                    2.0091943206295997,
                    0.0,
                    1.134936812066857
                ]
            },
            {
                "coords": [
                    0.8864432426460885,
                    0.5
                ],
                "id": 0,
                "xyz": [
                    2.0091943206295997,
                    0.0,
                    2.3210786324525974
                ]
            },
            {
                "coords": [
                    0.04343876978991851,
                    0.5
                ],
                "id": 0,
                "xyz": [
                    -0.6497146351406442,
                    0.0,
                    2.3210786324525974
                ]
            },
            {
                "coords": [
                    0.0855991826436922,
                    0.5
                ],
                "id": 0,
                "xyz": [
                    -0.6497146351406442,
                    0.0,
                    1.0892274765593153
                ]
            },
            {
                "coords": [
                    0.21432254764754988,
                    0.5
                ],
                "id": 0,
                "xyz": [
                    -4.777313493681207,
                    0.0,
                    1.0892274765593153
                ]
            },
            {
                "coords": [
                    0.3397024624963428,
                    0.5
                ],
                "id": 0,
                "xyz": [
                    -4.777313493681207,
                    0.0,
                    -3.019262128006523
                ]
            }
        ]
    },
    "layoutWalls": {
        "num": 10,
        "walls": [
            {
                "id": 0,
                "normal": [
                    1.0,
                    0.0,
                    -0.0
                ],
                "planeEquation": [
                    1.0,
                    0.0,
                    -0.0,
                    -0.48308194048104375
                ],
                "pointsIdx": [
                    0,
                    1
                ],
                "width": 1.880185745389168
            },
            {
                "id": 0,
                "normal": [
                    0.0,
                    0.0,
                    -1.0
                ],
                "planeEquation": [
                    0.0,
                    0.0,
                    -1.0,
                    -1.139076382617355
                ],
                "pointsIdx": [
                    1,
                    2
                ],
                "width": 2.5746657030267674
            },
            {
                "id": 0,
                "normal": [
                    1.0,
                    0.0,
                    -0.0
                ],
                "planeEquation": [
                    1.0,
                    0.0,
                    -0.0,
                    -3.057747643507811
                ],
                "pointsIdx": [
                    2,
                    3
                ],
                "width": 2.274013194684212
            },
            {
                "id": 0,
                "normal": [
                    0.0,
                    0.0,
                    1.0
                ],
                "planeEquation": [
                    0.0,
                    0.0,
                    1.0,
                    -1.134936812066857
                ],
                "pointsIdx": [
                    3,
                    4
                ],
                "width": 1.0485533228782113
            },
            {
                "id": 0,
                "normal": [
                    1.0,
                    0.0,
                    -0.0
                ],
                "planeEquation": [
                    1.0,
                    0.0,
                    -0.0,
                    -2.0091943206295997
                ],
                "pointsIdx": [
                    4,
                    5
                ],
                "width": 1.1861418203857403
            },
            {
                "id": 0,
                "normal": [
                    0.0,
                    0.0,
                    1.0
                ],
                "planeEquation": [
                    0.0,
                    0.0,
                    1.0,
                    -2.3210786324525974
                ],
                "pointsIdx": [
                    5,
                    6
                ],
                "width": 2.6589089557702437
            },
            {
                "id": 0,
                "normal": [
                    -1.0,
                    -0.0,
                    -0.0
                ],
                "planeEquation": [
                    -1.0,
                    -0.0,
                    -0.0,
                    -0.6497146351406442
                ],
                "pointsIdx": [
                    6,
                    7
                ],
                "width": 1.231851155893282
            },
            {
                "id": 0,
                "normal": [
                    0.0,
                    0.0,
                    1.0
                ],
                "planeEquation": [
                    0.0,
                    0.0,
                    1.0,
                    -1.0892274765593153
                ],
                "pointsIdx": [
                    7,
                    8
                ],
                "width": 4.127598858540563
            },
            {
                "id": 0,
                "normal": [
                    -1.0,
                    -0.0,
                    -0.0
                ],
                "planeEquation": [
                    -1.0,
                    -0.0,
                    -0.0,
                    -4.777313493681207
                ],
                "pointsIdx": [
                    8,
                    9
                ],
                "width": 4.108489604565838
            },
            {
                "id": 0,
                "normal": [
                    0.0,
                    0.0,
                    -1.0
                ],
                "planeEquation": [
                    0.0,
                    0.0,
                    -1.0,
                    -3.019262128006523
                ],
                "pointsIdx": [
                    9,
                    0
                ],
                "width": 5.260395434162251
            }
        ]
    },
    "panoId": "nothing"
}