{
    "cameraHeight": 1.6,
    "layoutHeight": 3.0693386933371616,
    "layoutObj2ds": {
        "num": 0,
        "obj2ds": []
    },
    "layoutPoints": {
        "num": 4,
        "points": [
            {
                "coords": [
                    0.6318697107993394,
                    0.5
                ],
                "id": 0,
                "xyz": [
                    0.4789625757956794,
                    0.0,
                    -0.4393022654639191
                ]
            },
            {
                "coords": [
                    0.9798188400928671,
                    0.5
                ],
                "id": 0,
                "xyz": [
                    0.4789625757956794,
                    0.0,
                    3.75698257355913
                ]
            },
            {
                "coords": [
                    0.1191749528656213,
                    0.5
                ],
                "id": 0,
                "xyz": [
                    -3.4915681768050946,
                    0.0,
                    3.75698257355913
                ]
            },
            {
                "coords": [
                    0.2699198912970284,
                    0.5
                ],
                "id": 0,
                "xyz": [
                    -3.4915681768050946,
                    0.0,
                    -0.4393022654639191
                ]
            }
        ]
    },
    "layoutWalls": {
        "num": 4,
        "walls": [
            {
                "id": 0,
                "normal": [
                    1.0,
                    0.0,
                    -0.0
                ],
                "planeEquation": [
                    1.0,
                    0.0,
                    -0.0,
                    -0.4789625757956794
                ],
                "pointsIdx": [
                    0,
                    1
                ],
                "width": 4.196284839023049
            },
            {
                "id": 0,
                "normal": [
                    0.0,
                    0.0,
                    1.0
                ],
                "planeEquation": [
                    0.0,
                    0.0,
                    1.0,
                    -3.75698257355913
                ],
                "pointsIdx": [
                    1,
                    2
                ],
                "width": 3.970530752600774
            },
            {
                "id": 0,
                "normal": [
                    -1.0,
                    -0.0,
                    -0.0
                ],
                "planeEquation": [
                    -1.0,
                    -0.0,
                    -0.0,
                    -3.4915681768050946
                ],
                "pointsIdx": [
                    2,
                    3
                ],
                "width": 4.196284839023049
            },
            {
                "id": 0,
                "normal": [
                    0.0,
                    0.0,
                    -1.0
                ],
                "planeEquation": [
                    0.0,
                    0.0,
                    -1.0,
                    -0.4393022654639191
                ],
                "pointsIdx": [
                    3,
                    0
                ],
                "width": 3.970530752600774
            }
        ]
    },
    "panoId": "nothing"
}