{
    "cameraHeight": 1.6,
    "layoutHeight": 2.9482999757278794,
    "layoutObj2ds": {
        "num": 0,
        "obj2ds": []
    },
    "layoutPoints": {
        "num": 4,
        "points": [
            {
                "coords": [
                    0.6982145338578353,
                    0.5
                ],
                "id": 0,
                "xyz": [
                    1.5661967043943708,
                    0.0,
                    -0.528385227856977
                ]
            },
            {
                "coords": [
                    0.9275919464751844,
                    0.5
                ],
                "id": 0,
                "xyz": [
                    1.5661967043943708,
                    0.0,
                    3.2016856956928
                ]
            },
            {
                "coords": [
                    0.10294450675301436,
                    0.5
                ],
                "id": 0,
                "xyz": [
                    -2.417906007136065,
                    0.0,
                    3.2016856956928
                ]
            },
            {
                "coords": [
                    0.28424184011495157,
                    0.5
                ],
                "id": 0,
                "xyz": [
                    -2.417906007136065,
                    0.0,
                    -0.528385227856977
                ]
            }
        ]
    },
    "layoutWalls": {
        "num": 4,
        "walls": [
            {
                "id": 0,
                "normal": [
                    1.0,
                    0.0,
                    -0.0
                ],
                "planeEquation": [
                    1.0,
                    0.0,
                    -0.0,
                    -1.5661967043943708
                ],
                "pointsIdx": [
                    0,
                    1
                ],
                "width": 3.730070923549777
            },
            {
                "id": 0,
                "normal": [
                    0.0,
                    0.0,
                    1.0
                ],
                "planeEquation": [
                    0.0,
                    0.0,
                    1.0,
                    -3.2016856956928
                ],
                "pointsIdx": [
                    1,
                    2
                ],
                "width": 3.9841027115304355
            },
            {
                "id": 0,
                "normal": [
                    -1.0,
                    -0.0,
                    -0.0
                ],
                "planeEquation": [
                    -1.0,
                    -0.0,
                    -0.0,
                    -2.417906007136065
                ],
                "pointsIdx": [
                    2,
                    3
                ],
                "width": 3.730070923549777
            },
            {
                "id": 0,
                "normal": [
                    0.0,
                    0.0,
                    -1.0
                ],
                "planeEquation": [
                    0.0,
                    0.0,
                    -1.0,
                    -0.528385227856977
                ],
                "pointsIdx": [
                    3,
                    0
                ],
                "width": 3.9841027115304355
            }
        ]
    },
    "panoId": "nothing"
}