{
    "cameraHeight": 1.6,
    "layoutHeight": 3.197692632675171,
    "layoutObj2ds": {
        "num": 0,
        "obj2ds": []
    },
    "layoutPoints": {
        "num": 6,
        "points": [
            {
                "coords": [
                    0.5637909196430413,
                    0.5
                ],
                "id": 0,
                "xyz": [
                    1.30779392,
                    0.0,
                    -3.08625
                ]
            },
            {
                "coords": [
                    0.9358893574613444,
                    0.5
                ],
                "id": 0,
                "xyz": [
                    1.30779392,
                    0.0,
                    3.069073125352594
                ]
            },
            {
                "coords": [
                    0.11422377010606999,
                    0.5
                ],
                "id": 0,
                "xyz": [
                    -2.67926288,
                    0.0,
                    3.069073125352594
                ]
            },
            {
                "coords": [
                    0.35048611111111116,
                    0.4782454299322767
                ],
                "id": 0,
                "xyz": [
                    -2.67926288,
                    0.22719659691016858,
                    -1.9591293074570175
                ]
            },
            {
                "coords": [
                    0.3319760384378968,
                    0.48183613487745725
                ],
                "id": 0,
                "xyz": [
                    -3.4611460179841727,
                    0.22719659691016858,
                    -1.9591293074570175
                ]
            },
            {
                "coords": [
                    0.36589691913735345,
                    0.5
                ],
                "id": 0,
                "xyz": [
                    -3.4611460179841727,
                    0.0,
                    -3.08625
                ]
            }
        ]
    },
    "layoutWalls": {
        "num": 6,
        "walls": [
            {
                "id": 0,
                "normal": [
                    1.0,
                    0.0,
                    -0.0
                ],
                "planeEquation": [
                    1.0,
                    0.0,
                    -0.0,
                    -1.30779392
                ],
                "pointsIdx": [
                    0,
                    1
                ],
                "width": 6.155323125352594
            },
            {
                "id": 0,
                "normal": [
                    0.0,
                    0.0,
                    1.0
                ],
                "planeEquation": [
                    0.0,
                    0.0,
                    1.0,
                    -3.069073125352594
                ],
                "pointsIdx": [
                    1,
                    2
                ],
                "width": 3.9870568
            },
            {
                "id": 0,
                "normal": [
                    -1.0,
                    -0.0,
                    -0.0
                ],
                "planeEquation": [
                    -1.0,
                    -0.0,
                    -0.0,
                    -2.67926288
                ],
                "pointsIdx": [
                    2,
                    3
                ],
                "width": 5.0282024328096115
            },
            {
                "id": 0,
                "normal": [
                    0.0,
                    0.0,
                    1.0
                ],
                "planeEquation": [
                    0.0,
                    0.0,
                    1.0,
                    1.9591293074570175
                ],
                "pointsIdx": [
                    3,
                    4
                ],
                "width": 0.7818831379841726
            },
            {
                "id": 0,
                "normal": [
                    -1.0,
                    -0.0,
                    -0.0
                ],
                "planeEquation": [
                    -1.0,
                    -0.0,
                    -0.0,
                    -3.4611460179841727
                ],
                "pointsIdx": [
                    4,
                    5
                ],
                "width": 1.1271206925429826
            },
            {
                "id": 0,
                "normal": [
                    0.0,
                    0.0,
                    -1.0
                ],
                "planeEquation": [
                    0.0,
                    0.0,
                    -1.0,
                    -3.08625
                ],
                "pointsIdx": [
                    5,
                    0
                ],
                "width": 4.768939937984173
            }
        ]
    },
    "panoId": "nothing"
}