{
    "cameraHeight": 1.6,
    "layoutHeight": 3.072764440497203,
    "layoutObj2ds": {
        "num": 0,
        "obj2ds": []
    },
    "layoutPoints": {
        "num": 4,
        "points": [
            {
                "coords": [
                    0.6483212485759691,
                    0.5
                ],
                "id": 0,
                "xyz": [
                    0.5229184503468844,
                    0.0,
                    -0.38841512288735425
                ]
            },
            {
                "coords": [
                    0.9771374027053992,
                    0.5
                ],
                "id": 0,
                "xyz": [
                    0.5229184503468844,
                    0.0,
                    3.615153954621264
                ]
            },
            {
                "coords": [
                    0.12390635866529032,
                    0.5
                ],
                "id": 0,
                "xyz": [
                    -3.5658088247989723,
                    0.0,
                    3.615153954621264
                ]
            },
            {
                "coords": [
                    0.26726828894192334,
                    0.5
                ],
                "id": 0,
                "xyz": [
                    -3.5658088247989723,
                    0.0,
                    -0.38841512288735425
                ]
            }
        ]
    },
    "layoutWalls": {
        "num": 4,
        "walls": [
            {
                "id": 0,
                "normal": [
                    1.0,
                    0.0,
                    -0.0
                ],
                "planeEquation": [
                    1.0,
                    0.0,
                    -0.0,
                    -0.5229184503468844
                ],
                "pointsIdx": [
                    0,
                    1
                ],
                "width": 4.003569077508619
            },
            {
                "id": 0,
                "normal": [
                    0.0,
                    0.0,
                    1.0
                ],
                "planeEquation": [
                    0.0,
                    0.0,
                    1.0,
                    -3.615153954621264
                ],
                "pointsIdx": [
                    1,
                    2
                ],
                "width": 4.088727275145857
            },
            {
                "id": 0,
                "normal": [
                    -1.0,
                    -0.0,
                    -0.0
                ],
                "planeEquation": [
                    -1.0,
                    -0.0,
                    -0.0,
                    -3.5658088247989723
                ],
                "pointsIdx": [
                    2,
                    3
                ],
                "width": 4.003569077508619
            },
            {
                "id": 0,
                "normal": [
                    0.0,
                    0.0,
                    -1.0
                ],
                "planeEquation": [
                    0.0,
                    0.0,
                    -1.0,
                    -0.38841512288735425
                ],
                "pointsIdx": [
                    3,
                    0
                ],
                "width": 4.088727275145857
            }
        ]
    },
    "panoId": "nothing"
}