{
    "cameraHeight": 1.6,
    "layoutHeight": 3.1623347282409666,
    "layoutObj2ds": {
        "num": 0,
        "obj2ds": []
    },
    "layoutPoints": {
        "num": 4,
        "points": [
            {
                "coords": [
                    0.5449477695317312,
                    0.5
                ],
                "id": 0,
                "xyz": [
                    0.3974816478412801,
                    0.0,
                    -1.36981857024
                ]
            },
            {
                "coords": [
                    0.9668087347414902,
                    0.5
                ],
                "id": 0,
                "xyz": [
                    0.3974816478412801,
                    0.0,
                    1.8782467130982399
                ]
            },
            {
                "coords": [
                    0.18592418748309403,
                    0.5
                ],
                "id": 0,
                "xyz": [
                    -4.410462728560639,
                    0.0,
                    1.8782467130982399
                ]
            },
            {
                "coords": [
                    0.29792764246800557,
                    0.5
                ],
                "id": 0,
                "xyz": [
                    -4.410462728560639,
                    0.0,
                    -1.36981857024
                ]
            }
        ]
    },
    "layoutWalls": {
        "num": 4,
        "walls": [
            {
                "id": 0,
                "normal": [
                    1.0,
                    0.0,
                    -0.0
                ],
                "planeEquation": [
                    1.0,
                    0.0,
                    -0.0,
                    -0.3974816478412801
                ],
                "pointsIdx": [
                    0,
                    1
                ],
                "width": 3.24806528333824
            },
            {
                "id": 0,
                "normal": [
                    0.0,
                    0.0,
                    1.0
                ],
                "planeEquation": [
                    0.0,
                    0.0,
                    1.0,
                    -1.8782467130982399
                ],
                "pointsIdx": [
                    1,
                    2
                ],
                "width": 4.807944376401919
            },
            {
                "id": 0,
                "normal": [
                    -1.0,
                    -0.0,
                    -0.0
                ],
                "planeEquation": [
                    -1.0,
                    -0.0,
                    -0.0,
                    -4.410462728560639
                ],
                "pointsIdx": [
                    2,
                    3
                ],
                "width": 3.24806528333824
            },
            {
                "id": 0,
                "normal": [
                    0.0,
                    0.0,
                    -1.0
                ],
                "planeEquation": [
                    0.0,
                    0.0,
                    -1.0,
                    -1.36981857024
                ],
                "pointsIdx": [
                    3,
                    0
                ],
                "width": 4.807944376401919
            }
        ]
    },
    "panoId": "nothing"
}