{
    "cameraHeight": 1.6,
    "layoutHeight": 3.3069831943511963,
    "layoutObj2ds": {
        "num": 0,
        "obj2ds": []
    },
    "layoutPoints": {
        "num": 10,
        "points": [
            {
                "coords": [
                    0.6743084011048872,
                    0.5
                ],
                "id": 0,
                "xyz": [
                    4.063665395200001,
                    0.0,
                    -2.0928332800000002
                ]
            },
            {
                "coords": [
                    0.8585616085486995,
                    0.5
                ],
                "id": 0,
                "xyz": [
                    4.063665395200001,
                    0.0,
                    3.3003531165519715
                ]
            },
            {
                "coords": [
                    0.9897199199513845,
                    0.5
                ],
                "id": 0,
                "xyz": [
                    0.21347220355492727,
                    0.0,
                    3.3003531165519715
                ]
            },
            {
                "coords": [
                    0.9193209285947717,
                    0.5
                ],
                "id": 0,
                "xyz": [
                    0.21347220355492727,
                    0.0,
                    0.3844101772914621
                ]
            },
            {
                "coords": [
                    0.01446139123882978,
                    0.5
                ],
                "id": 0,
                "xyz": [
                    -0.03502533804392346,
                    0.0,
                    0.3844101772914621
                ]
            },
            {
                "coords": [
                    0.0011071752329018247,
                    0.5
                ],
                "id": 0,
                "xyz": [
                    -0.03502533804392346,
                    0.0,
                    5.034763778681543
                ]
            },
            {
                "coords": [
                    0.1559555427082555,
                    0.5
                ],
                "id": 0,
                "xyz": [
                    -7.504960886969466,
                    0.0,
                    5.034763778681543
                ]
            },
            {
                "coords": [
                    0.26986159602214044,
                    0.5
                ],
                "id": 0,
                "xyz": [
                    -7.504960886969466,
                    0.0,
                    -0.9414671666003195
                ]
            },
            {
                "coords": [
                    0.540582456626817,
                    0.5
                ],
                "id": 0,
                "xyz": [
                    0.24540376370027556,
                    0.0,
                    -0.9414671666003195
                ]
            },
            {
                "coords": [
                    0.5185775314796282,
                    0.5
                ],
                "id": 0,
                "xyz": [
                    0.24540376370027556,
                    0.0,
                    -2.0928332800000002
                ]
            }
        ]
    },
    "layoutWalls": {
        "num": 10,
        "walls": [
            {
                "id": 0,
                "normal": [
                    1.0,
                    0.0,
                    -0.0
                ],
                "planeEquation": [
                    1.0,
                    0.0,
                    -0.0,
                    -4.063665395200001
                ],
                "pointsIdx": [
                    0,
                    1
                ],
                "width": 5.393186396551972
            },
            {
                "id": 0,
                "normal": [
                    0.0,
                    0.0,
                    1.0
                ],
                "planeEquation": [
                    0.0,
                    0.0,
                    1.0,
                    -3.3003531165519715
                ],
                "pointsIdx": [
                    1,
                    2
                ],
                "width": 3.8501931916450736
            },
            {
                "id": 0,
                "normal": [
                    -1.0,
                    -0.0,
                    -0.0
                ],
                "planeEquation": [
                    -1.0,
                    -0.0,
                    -0.0,
                    0.21347220355492727
                ],
                "pointsIdx": [
                    2,
                    3
                ],
                "width": 2.9159429392605096
            },
            {
                "id": 0,
                "normal": [
                    0.0,
                    0.0,
                    1.0
                ],
                "planeEquation": [
                    0.0,
                    0.0,
                    1.0,
                    -0.3844101772914621
                ],
                "pointsIdx": [
                    3,
                    4
                ],
                "width": 0.24849754159885074
            },
            {
                "id": 0,
                "normal": [
                    1.0,
                    0.0,
                    -0.0
                ],
                "planeEquation": [
                    1.0,
                    0.0,
                    -0.0,
                    0.03502533804392346
                ],
                "pointsIdx": [
                    4,
                    5
                ],
                "width": 4.650353601390081
            },
            {
                "id": 0,
                "normal": [
                    0.0,
                    0.0,
                    1.0
                ],
                "planeEquation": [
                    0.0,
                    0.0,
                    1.0,
                    -5.034763778681543
                ],
                "pointsIdx": [
                    5,
                    6
                ],
                "width": 7.469935548925543
            },
            {
                "id": 0,
                "normal": [
                    -1.0,
                    -0.0,
                    -0.0
                ],
                "planeEquation": [
                    -1.0,
                    -0.0,
                    -0.0,
                    -7.504960886969466
                ],
                "pointsIdx": [
                    6,
                    7
                ],
                "width": 5.976230945281863
            },
            {
                "id": 0,
                "normal": [
                    0.0,
                    0.0,
                    -1.0
                ],
                "planeEquation": [
                    0.0,
                    0.0,
                    -1.0,
                    -0.9414671666003195
                ],
                "pointsIdx": [
                    7,
                    8
                ],
                "width": 7.750364650669742
            },
            {
                "id": 0,
                "normal": [
                    -1.0,
                    -0.0,
                    -0.0
                ],
                "planeEquation": [
                    -1.0,
                    -0.0,
                    -0.0,
                    0.24540376370027556
                ],
                "pointsIdx": [
                    8,
                    9
                ],
                "width": 1.1513661133996806
            },
            {
                "id": 0,
                "normal": [
                    0.0,
                    0.0,
                    -1.0
                ],
                "planeEquation": [
                    0.0,
                    0.0,
                    -1.0,
                    -2.0928332800000002
                ],
                "pointsIdx": [
                    9,
                    0
                ],
                "width": 3.8182616314997255
            }
        ]
    },
    "panoId": "nothing"
}