{
    "cameraHeight": 1.6,
    "layoutHeight": 3.082813682556152,
    "layoutObj2ds": {
        "num": 0,
        "obj2ds": []
    },
    "layoutPoints": {
        "num": 4,
        "points": [
            {
                "coords": [
                    0.5935126030376924,
                    0.5
                ],
                "id": 0,
                "xyz": [
                    1.29694292455424,
                    0.0,
                    -1.947293834185833
                ]
            },
            {
                "coords": [
                    0.9302536404014051,
                    0.5
                ],
                "id": 0,
                "xyz": [
                    1.29694292455424,
                    0.0,
                    2.7675839503221873
                ]
            },
            {
                "coords": [
                    0.09823521585886008,
                    0.5
                ],
                "id": 0,
                "xyz": [
                    -1.9642527777310377,
                    0.0,
                    2.7675839503221873
                ]
            },
            {
                "coords": [
                    0.3743099704411866,
                    0.5
                ],
                "id": 0,
                "xyz": [
                    -1.9642527777310377,
                    0.0,
                    -1.947293834185833
                ]
            }
        ]
    },
    "layoutWalls": {
        "num": 4,
        "walls": [
            {
                "id": 0,
                "normal": [
                    1.0,
                    0.0,
                    -0.0
                ],
                "planeEquation": [
                    1.0,
                    0.0,
                    -0.0,
                    -1.29694292455424
                ],
                "pointsIdx": [
                    0,
                    1
                ],
                "width": 4.714877784508021
            },
            {
                "id": 0,
                "normal": [
                    0.0,
                    0.0,
                    1.0
                ],
                "planeEquation": [
                    0.0,
                    0.0,
                    1.0,
                    -2.7675839503221873
                ],
                "pointsIdx": [
                    1,
                    2
                ],
                "width": 3.2611957022852778
            },
            {
                "id": 0,
                "normal": [
                    -1.0,
                    -0.0,
                    -0.0
                ],
                "planeEquation": [
                    -1.0,
                    -0.0,
                    -0.0,
                    -1.9642527777310377
                ],
                "pointsIdx": [
                    2,
                    3
                ],
                "width": 4.714877784508021
            },
            {
                "id": 0,
                "normal": [
                    0.0,
                    0.0,
                    -1.0
                ],
                "planeEquation": [
                    0.0,
                    0.0,
                    -1.0,
                    -1.947293834185833
                ],
                "pointsIdx": [
                    3,
                    0
                ],
                "width": 3.2611957022852778
            }
        ]
    },
    "panoId": "nothing"
}