{
    "cameraHeight": 1.6,
    "layoutHeight": 3.3792644691467286,
    "layoutObj2ds": {
        "num": 0,
        "obj2ds": []
    },
    "layoutPoints": {
        "num": 8,
        "points": [
            {
                "coords": [
                    0.617434138509982,
                    0.5
                ],
                "id": 0,
                "xyz": [
                    1.349554891067296,
                    0.0,
                    -1.484375
                ]
            },
            {
                "coords": [
                    0.9490277777777778,
                    0.4661650063523264
                ],
                "id": 0,
                "xyz": [
                    1.349554891067296,
                    0.4573861494780443,
                    4.068763079333217
                ]
            },
            {
                "coords": [
                    0.9334879712781521,
                    0.4674112719190117
                ],
                "id": 0,
                "xyz": [
                    1.8067951420091235,
                    0.4573861494780443,
                    4.068763079333217
                ]
            },
            {
                "coords": [
                    0.9464986288851804,
                    0.5
                ],
                "id": 0,
                "xyz": [
                    1.8067951420091235,
                    0.0,
                    5.1708239393341255
                ]
            },
            {
                "coords": [
                    0.07952735368369901,
                    0.5
                ],
                "id": 0,
                "xyz": [
                    -2.822720106924673,
                    0.0,
                    5.1708239393341255
                ]
            },
            {
                "coords": [
                    0.22280185195055285,
                    0.39970332125424735
                ],
                "id": 0,
                "xyz": [
                    -2.822720106924673,
                    0.9336670277998527,
                    0.48712872445855837
                ]
            },
            {
                "coords": [
                    0.2157638888888888,
                    0.37638449848978095
                ],
                "id": 0,
                "xyz": [
                    -2.229499839685328,
                    0.9336670277998527,
                    0.48712872445855837
                ]
            },
            {
                "coords": [
                    0.3434867040899305,
                    0.5
                ],
                "id": 0,
                "xyz": [
                    -2.229499839685328,
                    0.0,
                    -1.484375
                ]
            }
        ]
    },
    "layoutWalls": {
        "num": 8,
        "walls": [
            {
                "id": 0,
                "normal": [
                    1.0,
                    0.0,
                    -0.0
                ],
                "planeEquation": [
                    1.0,
                    0.0,
                    -0.0,
                    -1.349554891067296
                ],
                "pointsIdx": [
                    0,
                    1
                ],
                "width": 5.553138079333217
            },
            {
                "id": 0,
                "normal": [
                    0.0,
                    0.0,
                    -1.0
                ],
                "planeEquation": [
                    0.0,
                    0.0,
                    -1.0,
                    4.068763079333217
                ],
                "pointsIdx": [
                    1,
                    2
                ],
                "width": 0.4572402509418274
            },
            {
                "id": 0,
                "normal": [
                    1.0,
                    0.0,
                    -0.0
                ],
                "planeEquation": [
                    1.0,
                    0.0,
                    -0.0,
                    -1.8067951420091235
                ],
                "pointsIdx": [
                    2,
                    3
                ],
                "width": 1.1020608600009085
            },
            {
                "id": 0,
                "normal": [
                    0.0,
                    0.0,
                    1.0
                ],
                "planeEquation": [
                    0.0,
                    0.0,
                    1.0,
                    -5.1708239393341255
                ],
                "pointsIdx": [
                    3,
                    4
                ],
                "width": 4.629515248933797
            },
            {
                "id": 0,
                "normal": [
                    -1.0,
                    -0.0,
                    -0.0
                ],
                "planeEquation": [
                    -1.0,
                    -0.0,
                    -0.0,
                    -2.822720106924673
                ],
                "pointsIdx": [
                    4,
                    5
                ],
                "width": 4.683695214875567
            },
            {
                "id": 0,
                "normal": [
                    0.0,
                    0.0,
                    -1.0
                ],
                "planeEquation": [
                    0.0,
                    0.0,
                    -1.0,
                    0.48712872445855837
                ],
                "pointsIdx": [
                    5,
                    6
                ],
                "width": 0.593220267239345
            },
            {
                "id": 0,
                "normal": [
                    -1.0,
                    -0.0,
                    -0.0
                ],
                "planeEquation": [
                    -1.0,
                    -0.0,
                    -0.0,
                    -2.229499839685328
                ],
                "pointsIdx": [
                    6,
                    7
                ],
                "width": 1.9715037244585583
            },
            {
                "id": 0,
                "normal": [
                    0.0,
                    0.0,
                    -1.0
                ],
                "planeEquation": [
                    0.0,
                    0.0,
                    -1.0,
                    -1.484375
                ],
                "pointsIdx": [
                    7,
                    0
                ],
                "width": 3.579054730752624
            }
        ]
    },
    "panoId": "nothing"
}