{
    "cameraHeight": 1.6,
    "layoutHeight": 2.8925913906097405,
    "layoutObj2ds": {
        "num": 0,
        "obj2ds": []
    },
    "layoutPoints": {
        "num": 4,
        "points": [
            {
                "coords": [
                    0.6326982866541804,
                    0.5
                ],
                "id": 0,
                "xyz": [
                    0.3271432224876947,
                    0.0,
                    -0.29693322950427775
                ]
            },
            {
                "coords": [
                    0.9821817127631406,
                    0.5
                ],
                "id": 0,
                "xyz": [
                    0.3271432224876947,
                    0.0,
                    2.909861291617564
                ]
            },
            {
                "coords": [
                    0.1541779729324128,
                    0.5
                ],
                "id": 0,
                "xyz": [
                    -4.2345188583909446,
                    0.0,
                    2.909861291617564
                ]
            },
            {
                "coords": [
                    0.26114203582285034,
                    0.5
                ],
                "id": 0,
                "xyz": [
                    -4.2345188583909446,
                    0.0,
                    -0.29693322950427775
                ]
            }
        ]
    },
    "layoutWalls": {
        "num": 4,
        "walls": [
            {
                "id": 0,
                "normal": [
                    1.0,
                    0.0,
                    -0.0
                ],
                "planeEquation": [
                    1.0,
                    0.0,
                    -0.0,
                    -0.3271432224876947
                ],
                "pointsIdx": [
                    0,
                    1
                ],
                "width": 3.206794521121842
            },
            {
                "id": 0,
                "normal": [
                    0.0,
                    0.0,
                    1.0
                ],
                "planeEquation": [
                    0.0,
                    0.0,
                    1.0,
                    -2.909861291617564
                ],
                "pointsIdx": [
                    1,
                    2
                ],
                "width": 4.561662080878639
            },
            {
                "id": 0,
                "normal": [
                    -1.0,
                    -0.0,
                    -0.0
                ],
                "planeEquation": [
                    -1.0,
                    -0.0,
                    -0.0,
                    -4.2345188583909446
                ],
                "pointsIdx": [
                    2,
                    3
                ],
                "width": 3.206794521121842
            },
            {
                "id": 0,
                "normal": [
                    0.0,
                    0.0,
                    -1.0
                ],
                "planeEquation": [
                    0.0,
                    0.0,
                    -1.0,
                    -0.29693322950427775
                ],
                "pointsIdx": [
                    3,
                    0
                ],
                "width": 4.561662080878639
            }
        ]
    },
    "panoId": "nothing"
}