{
    "cameraHeight": 1.6,
    "layoutHeight": 3.018137268066405,
    "layoutObj2ds": {
        "num": 0,
        "obj2ds": []
    },
    "layoutPoints": {
        "num": 6,
        "points": [
            {
                "coords": [
                    0.7068236396762717,
                    0.5
                ],
                "id": 0,
                "xyz": [
                    1.5534371200000001,
                    0.0,
                    -0.4320763123302401
                ]
            },
            {
                "coords": [
                    0.8277489296138612,
                    0.5
                ],
                "id": 0,
                "xyz": [
                    1.5534371200000001,
                    0.0,
                    0.8256160245154215
                ]
            },
            {
                "coords": [
                    0.8439589409136201,
                    0.36024383190237197
                ],
                "id": 0,
                "xyz": [
                    1.2321169961251646,
                    0.6965334139205064,
                    0.8256160245154215
                ]
            },
            {
                "coords": [
                    0.86125,
                    0.37
                ],
                "id": 0,
                "xyz": [
                    1.2321169961251646,
                    0.6965334139205064,
                    1.03570253824
                ]
            },
            {
                "coords": [
                    0.16188759540859676,
                    0.5
                ],
                "id": 0,
                "xyz": [
                    -1.6756062951509483,
                    0.0,
                    1.03570253824
                ]
            },
            {
                "coords": [
                    0.290165140879206,
                    0.5
                ],
                "id": 0,
                "xyz": [
                    -1.6756062951509483,
                    0.0,
                    -0.4320763123302401
                ]
            }
        ]
    },
    "layoutWalls": {
        "num": 6,
        "walls": [
            {
                "id": 0,
                "normal": [
                    1.0,
                    0.0,
                    -0.0
                ],
                "planeEquation": [
                    1.0,
                    0.0,
                    -0.0,
                    -1.5534371200000001
                ],
                "pointsIdx": [
                    0,
                    1
                ],
                "width": 1.2576923368456616
            },
            {
                "id": 0,
                "normal": [
                    0.0,
                    0.0,
                    1.0
                ],
                "planeEquation": [
                    0.0,
                    0.0,
                    1.0,
                    -0.8256160245154215
                ],
                "pointsIdx": [
                    1,
                    2
                ],
                "width": 0.32132012387483555
            },
            {
                "id": 0,
                "normal": [
                    1.0,
                    0.0,
                    -0.0
                ],
                "planeEquation": [
                    1.0,
                    0.0,
                    -0.0,
                    -1.2321169961251646
                ],
                "pointsIdx": [
                    2,
                    3
                ],
                "width": 0.21008651372457854
            },
            {
                "id": 0,
                "normal": [
                    0.0,
                    0.0,
                    1.0
                ],
                "planeEquation": [
                    0.0,
                    0.0,
                    1.0,
                    -1.03570253824
                ],
                "pointsIdx": [
                    3,
                    4
                ],
                "width": 2.907723291276113
            },
            {
                "id": 0,
                "normal": [
                    -1.0,
                    -0.0,
                    -0.0
                ],
                "planeEquation": [
                    -1.0,
                    -0.0,
                    -0.0,
                    -1.6756062951509483
                ],
                "pointsIdx": [
                    4,
                    5
                ],
                "width": 1.46777885057024
            },
            {
                "id": 0,
                "normal": [
                    0.0,
                    0.0,
                    -1.0
                ],
                "planeEquation": [
                    0.0,
                    0.0,
                    -1.0,
                    -0.4320763123302401
                ],
                "pointsIdx": [
                    5,
                    0
                ],
                "width": 3.229043415150948
            }
        ]
    },
    "panoId": "nothing"
}