{
    "cameraHeight": 1.6,
    "layoutHeight": 2.934353666305542,
    "layoutObj2ds": {
        "num": 0,
        "obj2ds": []
    },
    "layoutPoints": {
        "num": 6,
        "points": [
            {
                "coords": [
                    0.8265269888754081,
                    0.5
                ],
                "id": 0,
                "xyz": [
                    1.2671106983999403,
                    0.0,
                    0.6610141413332368
                ]
            },
            {
                "coords": [
                    0.9050220216119489,
                    0.5
                ],
                "id": 0,
                "xyz": [
                    0.44909105523472315,
                    0.0,
                    0.6610141413332368
                ]
            },
            {
                "coords": [
                    0.956238780192382,
                    0.5
                ],
                "id": 0,
                "xyz": [
                    0.44909105523472315,
                    0.0,
                    1.5919271911409278
                ]
            },
            {
                "coords": [
                    0.04958517569857346,
                    0.5
                ],
                "id": 0,
                "xyz": [
                    -0.5126650973372197,
                    0.0,
                    1.5919271911409278
                ]
            },
            {
                "coords": [
                    0.45069436338974,
                    0.5
                ],
                "id": 0,
                "xyz": [
                    -0.5126650973372197,
                    0.0,
                    -1.6015625
                ]
            },
            {
                "coords": [
                    0.6065278966857611,
                    0.5
                ],
                "id": 0,
                "xyz": [
                    1.2671106983999403,
                    0.0,
                    -1.6015625
                ]
            }
        ]
    },
    "layoutWalls": {
        "num": 6,
        "walls": [
            {
                "id": 0,
                "normal": [
                    0.0,
                    0.0,
                    1.0
                ],
                "planeEquation": [
                    0.0,
                    0.0,
                    1.0,
                    -0.6610141413332368
                ],
                "pointsIdx": [
                    0,
                    1
                ],
                "width": 0.8180196431652171
            },
            {
                "id": 0,
                "normal": [
                    1.0,
                    0.0,
                    -0.0
                ],
                "planeEquation": [
                    1.0,
                    0.0,
                    -0.0,
                    -0.44909105523472315
                ],
                "pointsIdx": [
                    1,
                    2
                ],
                "width": 0.9309130498076911
            },
            {
                "id": 0,
                "normal": [
                    0.0,
                    0.0,
                    1.0
                ],
                "planeEquation": [
                    0.0,
                    0.0,
                    1.0,
                    -1.5919271911409278
                ],
                "pointsIdx": [
                    2,
                    3
                ],
                "width": 0.9617561525719428
            },
            {
                "id": 0,
                "normal": [
                    -1.0,
                    -0.0,
                    -0.0
                ],
                "planeEquation": [
                    -1.0,
                    -0.0,
                    -0.0,
                    -0.5126650973372197
                ],
                "pointsIdx": [
                    3,
                    4
                ],
                "width": 3.193489691140928
            },
            {
                "id": 0,
                "normal": [
                    0.0,
                    0.0,
                    -1.0
                ],
                "planeEquation": [
                    0.0,
                    0.0,
                    -1.0,
                    -1.6015625
                ],
                "pointsIdx": [
                    4,
                    5
                ],
                "width": 1.77977579573716
            },
            {
                "id": 0,
                "normal": [
                    1.0,
                    0.0,
                    -0.0
                ],
                "planeEquation": [
                    1.0,
                    0.0,
                    -0.0,
                    -1.2671106983999403
                ],
                "pointsIdx": [
                    5,
                    0
                ],
                "width": 2.262576641333237
            }
        ]
    },
    "panoId": "nothing"
}