{
    "cameraHeight": 1.6,
    "layoutHeight": 3.086278655957531,
    "layoutObj2ds": {
        "num": 0,
        "obj2ds": []
    },
    "layoutPoints": {
        "num": 6,
        "points": [
            {
                "coords": [
                    0.5440872220097597,
                    0.5
                ],
                "id": 0,
                "xyz": [
                    0.6311776521675432,
                    0.0,
                    -2.219971557849849
                ]
            },
            {
                "coords": [
                    0.8209576379860969,
                    0.5
                ],
                "id": 0,
                "xyz": [
                    0.6311776521675432,
                    0.0,
                    0.30166164370546317
                ]
            },
            {
                "coords": [
                    0.7931513446748675,
                    0.5
                ],
                "id": 0,
                "xyz": [
                    1.0852199999130911,
                    0.0,
                    0.30166164370546317
                ]
            },
            {
                "coords": [
                    0.9350766436947389,
                    0.5
                ],
                "id": 0,
                "xyz": [
                    1.0852199999130911,
                    0.0,
                    2.511112513064133
                ]
            },
            {
                "coords": [
                    0.04342584229391799,
                    0.5
                ],
                "id": 0,
                "xyz": [
                    -0.702688836104513,
                    0.0,
                    2.511112513064133
                ]
            },
            {
                "coords": [
                    0.4512106366883745,
                    0.5
                ],
                "id": 0,
                "xyz": [
                    -0.702688836104513,
                    0.0,
                    -2.219971557849849
                ]
            }
        ]
    },
    "layoutWalls": {
        "num": 6,
        "walls": [
            {
                "id": 0,
                "normal": [
                    1.0,
                    0.0,
                    -0.0
                ],
                "planeEquation": [
                    1.0,
                    0.0,
                    -0.0,
                    -0.6311776521675432
                ],
                "pointsIdx": [
                    0,
                    1
                ],
                "width": 2.5216332015553125
            },
            {
                "id": 0,
                "normal": [
                    0.0,
                    0.0,
                    -1.0
                ],
                "planeEquation": [
                    0.0,
                    0.0,
                    -1.0,
                    0.30166164370546317
                ],
                "pointsIdx": [
                    1,
                    2
                ],
                "width": 0.45404234774554797
            },
            {
                "id": 0,
                "normal": [
                    1.0,
                    0.0,
                    -0.0
                ],
                "planeEquation": [
                    1.0,
                    0.0,
                    -0.0,
                    -1.0852199999130911
                ],
                "pointsIdx": [
                    2,
                    3
                ],
                "width": 2.20945086935867
            },
            {
                "id": 0,
                "normal": [
                    0.0,
                    0.0,
                    1.0
                ],
                "planeEquation": [
                    0.0,
                    0.0,
                    1.0,
                    -2.511112513064133
                ],
                "pointsIdx": [
                    3,
                    4
                ],
                "width": 1.7879088360176043
            },
            {
                "id": 0,
                "normal": [
                    -1.0,
                    -0.0,
                    -0.0
                ],
                "planeEquation": [
                    -1.0,
                    -0.0,
                    -0.0,
                    -0.702688836104513
                ],
                "pointsIdx": [
                    4,
                    5
                ],
                "width": 4.731084070913982
            },
            {
                "id": 0,
                "normal": [
                    0.0,
                    0.0,
                    -1.0
                ],
                "planeEquation": [
                    0.0,
                    0.0,
                    -1.0,
                    -2.219971557849849
                ],
                "pointsIdx": [
                    5,
                    0
                ],
                "width": 1.3338664882720561
            }
        ]
    },
    "panoId": "nothing"
}