{
    "cameraHeight": 1.6,
    "layoutHeight": 2.6151170539855952,
    "layoutObj2ds": {
        "num": 0,
        "obj2ds": []
    },
    "layoutPoints": {
        "num": 4,
        "points": [
            {
                "coords": [
                    0.6404846966143927,
                    0.5
                ],
                "id": 0,
                "xyz": [
                    3.4075157192475665,
                    0.0,
                    -2.8015065936372747
                ]
            },
            {
                "coords": [
                    0.8001800635507101,
                    0.5
                ],
                "id": 0,
                "xyz": [
                    3.4075157192475665,
                    0.0,
                    1.11143271284736
                ]
            },
            {
                "coords": [
                    0.08550685400051095,
                    0.5
                ],
                "id": 0,
                "xyz": [
                    -0.6620859964966466,
                    0.0,
                    1.11143271284736
                ]
            },
            {
                "coords": [
                    0.4630642772572222,
                    0.5
                ],
                "id": 0,
                "xyz": [
                    -0.6620859964966466,
                    0.0,
                    -2.8015065936372747
                ]
            }
        ]
    },
    "layoutWalls": {
        "num": 4,
        "walls": [
            {
                "id": 0,
                "normal": [
                    1.0,
                    0.0,
                    -0.0
                ],
                "planeEquation": [
                    1.0,
                    0.0,
                    -0.0,
                    -3.4075157192475665
                ],
                "pointsIdx": [
                    0,
                    1
                ],
                "width": 3.9129393064846347
            },
            {
                "id": 0,
                "normal": [
                    0.0,
                    0.0,
                    1.0
                ],
                "planeEquation": [
                    0.0,
                    0.0,
                    1.0,
                    -1.11143271284736
                ],
                "pointsIdx": [
                    1,
                    2
                ],
                "width": 4.069601715744213
            },
            {
                "id": 0,
                "normal": [
                    -1.0,
                    -0.0,
                    -0.0
                ],
                "planeEquation": [
                    -1.0,
                    -0.0,
                    -0.0,
                    -0.6620859964966466
                ],
                "pointsIdx": [
                    2,
                    3
                ],
                "width": 3.9129393064846347
            },
            {
                "id": 0,
                "normal": [
                    0.0,
                    0.0,
                    -1.0
                ],
                "planeEquation": [
                    0.0,
                    0.0,
                    -1.0,
                    -2.8015065936372747
                ],
                "pointsIdx": [
                    3,
                    0
                ],
                "width": 4.069601715744213
            }
        ]
    },
    "panoId": "nothing"
}