{
    "cameraHeight": 1.6,
    "layoutHeight": 3.2766361236572266,
    "layoutObj2ds": {
        "num": 0,
        "obj2ds": []
    },
    "layoutPoints": {
        "num": 6,
        "points": [
            {
                "coords": [
                    0.6231391613329353,
                    0.5
                ],
                "id": 0,
                "xyz": [
                    4.53125,
                    0.0,
                    -4.638467165326107
                ]
            },
            {
                "coords": [
                    0.7712328193141332,
                    0.5
                ],
                "id": 0,
                "xyz": [
                    4.53125,
                    0.0,
                    0.608125
                ]
            },
            {
                "coords": [
                    0.13771351075701965,
                    0.5
                ],
                "id": 0,
                "xyz": [
                    -0.7139601465855181,
                    0.0,
                    0.608125
                ]
            },
            {
                "coords": [
                    0.35339104932757903,
                    0.5
                ],
                "id": 0,
                "xyz": [
                    -0.7139601465855181,
                    0.0,
                    -0.5423334399999999
                ]
            },
            {
                "coords": [
                    0.430726829353829,
                    0.5
                ],
                "id": 0,
                "xyz": [
                    -0.252184056987648,
                    0.0,
                    -0.5423334399999999
                ]
            },
            {
                "coords": [
                    0.49135557894941245,
                    0.5
                ],
                "id": 0,
                "xyz": [
                    -0.252184056987648,
                    0.0,
                    -4.638467165326107
                ]
            }
        ]
    },
    "layoutWalls": {
        "num": 6,
        "walls": [
            {
                "id": 0,
                "normal": [
                    1.0,
                    0.0,
                    -0.0
                ],
                "planeEquation": [
                    1.0,
                    0.0,
                    -0.0,
                    -4.53125
                ],
                "pointsIdx": [
                    0,
                    1
                ],
                "width": 5.246592165326107
            },
            {
                "id": 0,
                "normal": [
                    0.0,
                    0.0,
                    1.0
                ],
                "planeEquation": [
                    0.0,
                    0.0,
                    1.0,
                    -0.608125
                ],
                "pointsIdx": [
                    1,
                    2
                ],
                "width": 5.245210146585518
            },
            {
                "id": 0,
                "normal": [
                    -1.0,
                    -0.0,
                    -0.0
                ],
                "planeEquation": [
                    -1.0,
                    -0.0,
                    -0.0,
                    -0.7139601465855181
                ],
                "pointsIdx": [
                    2,
                    3
                ],
                "width": 1.15045844
            },
            {
                "id": 0,
                "normal": [
                    0.0,
                    0.0,
                    -1.0
                ],
                "planeEquation": [
                    0.0,
                    0.0,
                    -1.0,
                    -0.5423334399999999
                ],
                "pointsIdx": [
                    3,
                    4
                ],
                "width": 0.4617760895978701
            },
            {
                "id": 0,
                "normal": [
                    -1.0,
                    -0.0,
                    -0.0
                ],
                "planeEquation": [
                    -1.0,
                    -0.0,
                    -0.0,
                    -0.252184056987648
                ],
                "pointsIdx": [
                    4,
                    5
                ],
                "width": 4.096133725326107
            },
            {
                "id": 0,
                "normal": [
                    0.0,
                    0.0,
                    -1.0
                ],
                "planeEquation": [
                    0.0,
                    0.0,
                    -1.0,
                    -4.638467165326107
                ],
                "pointsIdx": [
                    5,
                    0
                ],
                "width": 4.783434056987648
            }
        ]
    },
    "panoId": "nothing"
}