{
    "cameraHeight": 1.6,
    "layoutHeight": 2.3940985393524166,
    "layoutObj2ds": {
        "num": 0,
        "obj2ds": []
    },
    "layoutPoints": {
        "num": 4,
        "points": [
            {
                "coords": [
                    0.6852637829540402,
                    0.5
                ],
                "id": 0,
                "xyz": [
                    1.2280371584,
                    0.0,
                    -0.529004372606287
                ]
            },
            {
                "coords": [
                    0.8718254903078922,
                    0.5
                ],
                "id": 0,
                "xyz": [
                    1.2280371584,
                    0.0,
                    1.18
                ]
            },
            {
                "coords": [
                    0.051526675328653515,
                    0.5
                ],
                "id": 0,
                "xyz": [
                    -0.39595874590241964,
                    0.0,
                    1.18
                ]
            },
            {
                "coords": [
                    0.39773671446734354,
                    0.5
                ],
                "id": 0,
                "xyz": [
                    -0.39595874590241964,
                    0.0,
                    -0.529004372606287
                ]
            }
        ]
    },
    "layoutWalls": {
        "num": 4,
        "walls": [
            {
                "id": 0,
                "normal": [
                    1.0,
                    0.0,
                    -0.0
                ],
                "planeEquation": [
                    1.0,
                    0.0,
                    -0.0,
                    -1.2280371584
                ],
                "pointsIdx": [
                    0,
                    1
                ],
                "width": 1.709004372606287
            },
            {
                "id": 0,
                "normal": [
                    0.0,
                    0.0,
                    1.0
                ],
                "planeEquation": [
                    0.0,
                    0.0,
                    1.0,
                    -1.18
                ],
                "pointsIdx": [
                    1,
                    2
                ],
                "width": 1.6239959043024197
            },
            {
                "id": 0,
                "normal": [
                    -1.0,
                    -0.0,
                    -0.0
                ],
                "planeEquation": [
                    -1.0,
                    -0.0,
                    -0.0,
                    -0.39595874590241964
                ],
                "pointsIdx": [
                    2,
                    3
                ],
                "width": 1.709004372606287
            },
            {
                "id": 0,
                "normal": [
                    0.0,
                    0.0,
                    -1.0
                ],
                "planeEquation": [
                    0.0,
                    0.0,
                    -1.0,
                    -0.529004372606287
                ],
                "pointsIdx": [
                    3,
                    0
                ],
                "width": 1.6239959043024197
            }
        ]
    },
    "panoId": "nothing"
}