{
    "cameraHeight": 1.6,
    "layoutHeight": 2.7378348636627194,
    "layoutObj2ds": {
        "num": 0,
        "obj2ds": []
    },
    "layoutPoints": {
        "num": 4,
        "points": [
            {
                "coords": [
                    0.6596819344530307,
                    0.5
                ],
                "id": 0,
                "xyz": [
                    0.92563,
                    0.0,
                    -0.59002080512
                ]
            },
            {
                "coords": [
                    0.9055313237995108,
                    0.5
                ],
                "id": 0,
                "xyz": [
                    0.92563,
                    0.0,
                    1.3718523200000001
                ]
            },
            {
                "coords": [
                    0.10908694763754823,
                    0.5
                ],
                "id": 0,
                "xyz": [
                    -1.12170109952,
                    0.0,
                    1.3718523200000001
                ]
            },
            {
                "coords": [
                    0.32706836471674655,
                    0.5
                ],
                "id": 0,
                "xyz": [
                    -1.12170109952,
                    0.0,
                    -0.59002080512
                ]
            }
        ]
    },
    "layoutWalls": {
        "num": 4,
        "walls": [
            {
                "id": 0,
                "normal": [
                    1.0,
                    0.0,
                    -0.0
                ],
                "planeEquation": [
                    1.0,
                    0.0,
                    -0.0,
                    -0.92563
                ],
                "pointsIdx": [
                    0,
                    1
                ],
                "width": 1.9618731251200001
            },
            {
                "id": 0,
                "normal": [
                    0.0,
                    0.0,
                    1.0
                ],
                "planeEquation": [
                    0.0,
                    0.0,
                    1.0,
                    -1.3718523200000001
                ],
                "pointsIdx": [
                    1,
                    2
                ],
                "width": 2.04733109952
            },
            {
                "id": 0,
                "normal": [
                    -1.0,
                    -0.0,
                    -0.0
                ],
                "planeEquation": [
                    -1.0,
                    -0.0,
                    -0.0,
                    -1.12170109952
                ],
                "pointsIdx": [
                    2,
                    3
                ],
                "width": 1.9618731251200001
            },
            {
                "id": 0,
                "normal": [
                    0.0,
                    0.0,
                    -1.0
                ],
                "planeEquation": [
                    0.0,
                    0.0,
                    -1.0,
                    -0.59002080512
                ],
                "pointsIdx": [
                    3,
                    0
                ],
                "width": 2.04733109952
            }
        ]
    },
    "panoId": "nothing"
}