{
    "cameraHeight": 1.6,
    "layoutHeight": 4.404057173411046,
    "layoutObj2ds": {
        "num": 0,
        "obj2ds": []
    },
    "layoutPoints": {
        "num": 4,
        "points": [
            {
                "coords": [
                    0.6898214114986365,
                    0.5
                ],
                "id": 0,
                "xyz": [
                    3.066670966006219,
                    0.0,
                    -1.2181632532517097
                ]
            },
            {
                "coords": [
                    0.7979650857504219,
                    0.5
                ],
                "id": 0,
                "xyz": [
                    3.066670966006219,
                    0.0,
                    0.9532496553543607
                ]
            },
            {
                "coords": [
                    0.24004443059751268,
                    0.5
                ],
                "id": 0,
                "xyz": [
                    -15.219266613783672,
                    0.0,
                    0.9532496553543607
                ]
            },
            {
                "coords": [
                    0.2627117992025857,
                    0.5
                ],
                "id": 0,
                "xyz": [
                    -15.219266613783672,
                    0.0,
                    -1.2181632532517097
                ]
            }
        ]
    },
    "layoutWalls": {
        "num": 4,
        "walls": [
            {
                "id": 0,
                "normal": [
                    1.0,
                    0.0,
                    -0.0
                ],
                "planeEquation": [
                    1.0,
                    0.0,
                    -0.0,
                    -3.066670966006219
                ],
                "pointsIdx": [
                    0,
                    1
                ],
                "width": 2.1714129086060705
            },
            {
                "id": 0,
                "normal": [
                    0.0,
                    0.0,
                    1.0
                ],
                "planeEquation": [
                    0.0,
                    0.0,
                    1.0,
                    -0.9532496553543607
                ],
                "pointsIdx": [
                    1,
                    2
                ],
                "width": 18.28593757978989
            },
            {
                "id": 0,
                "normal": [
                    -1.0,
                    -0.0,
                    -0.0
                ],
                "planeEquation": [
                    -1.0,
                    -0.0,
                    -0.0,
                    -15.219266613783672
                ],
                "pointsIdx": [
                    2,
                    3
                ],
                "width": 2.1714129086060705
            },
            {
                "id": 0,
                "normal": [
                    0.0,
                    0.0,
                    -1.0
                ],
                "planeEquation": [
                    0.0,
                    0.0,
                    -1.0,
                    -1.2181632532517097
                ],
                "pointsIdx": [
                    3,
                    0
                ],
                "width": 18.28593757978989
            }
        ]
    },
    "panoId": "nothing"
}