{
    "cameraHeight": 1.6,
    "layoutHeight": 3.0380900287628174,
    "layoutObj2ds": {
        "num": 0,
        "obj2ds": []
    },
    "layoutPoints": {
        "num": 6,
        "points": [
            {
                "coords": [
                    0.5781277635965273,
                    0.5
                ],
                "id": 0,
                "xyz": [
                    2.31770368,
                    0.0,
                    -4.3359375
                ]
            },
            {
                "coords": [
                    0.828097615994512,
                    0.5
                ],
                "id": 0,
                "xyz": [
                    2.31770368,
                    0.0,
                    1.23832576
                ]
            },
            {
                "coords": [
                    0.19754239685103603,
                    0.5
                ],
                "id": 0,
                "xyz": [
                    -3.62,
                    0.0,
                    1.23832576
                ]
            },
            {
                "coords": [
                    0.3671940952551925,
                    0.5
                ],
                "id": 0,
                "xyz": [
                    -3.62,
                    0.0,
                    -3.28125
                ]
            },
            {
                "coords": [
                    0.5485291279236947,
                    0.5
                ],
                "id": 0,
                "xyz": [
                    1.0327161989947184,
                    0.0,
                    -3.28125
                ]
            },
            {
                "coords": [
                    0.5372135447387558,
                    0.5
                ],
                "id": 0,
                "xyz": [
                    1.0327161989947184,
                    0.0,
                    -4.3359375
                ]
            }
        ]
    },
    "layoutWalls": {
        "num": 6,
        "walls": [
            {
                "id": 0,
                "normal": [
                    1.0,
                    0.0,
                    -0.0
                ],
                "planeEquation": [
                    1.0,
                    0.0,
                    -0.0,
                    -2.31770368
                ],
                "pointsIdx": [
                    0,
                    1
                ],
                "width": 5.57426326
            },
            {
                "id": 0,
                "normal": [
                    0.0,
                    0.0,
                    1.0
                ],
                "planeEquation": [
                    0.0,
                    0.0,
                    1.0,
                    -1.23832576
                ],
                "pointsIdx": [
                    1,
                    2
                ],
                "width": 5.93770368
            },
            {
                "id": 0,
                "normal": [
                    -1.0,
                    -0.0,
                    -0.0
                ],
                "planeEquation": [
                    -1.0,
                    -0.0,
                    -0.0,
                    -3.62
                ],
                "pointsIdx": [
                    2,
                    3
                ],
                "width": 4.51957576
            },
            {
                "id": 0,
                "normal": [
                    0.0,
                    0.0,
                    -1.0
                ],
                "planeEquation": [
                    0.0,
                    0.0,
                    -1.0,
                    -3.28125
                ],
                "pointsIdx": [
                    3,
                    4
                ],
                "width": 4.652716198994718
            },
            {
                "id": 0,
                "normal": [
                    -1.0,
                    -0.0,
                    -0.0
                ],
                "planeEquation": [
                    -1.0,
                    -0.0,
                    -0.0,
                    1.0327161989947184
                ],
                "pointsIdx": [
                    4,
                    5
                ],
                "width": 1.0546875
            },
            {
                "id": 0,
                "normal": [
                    0.0,
                    0.0,
                    -1.0
                ],
                "planeEquation": [
                    0.0,
                    0.0,
                    -1.0,
                    -4.3359375
                ],
                "pointsIdx": [
                    5,
                    0
                ],
                "width": 1.2849874810052817
            }
        ]
    },
    "panoId": "nothing"
}