{
    "cameraHeight": 1.6,
    "layoutHeight": 2.8662066078186035,
    "layoutObj2ds": {
        "num": 0,
        "obj2ds": []
    },
    "layoutPoints": {
        "num": 6,
        "points": [
            {
                "coords": [
                    0.6891282991230958,
                    0.5
                ],
                "id": 0,
                "xyz": [
                    4.3359375,
                    0.0,
                    -1.74425
                ]
            },
            {
                "coords": [
                    0.7936927346115976,
                    0.5
                ],
                "id": 0,
                "xyz": [
                    4.3359375,
                    0.0,
                    1.2211768163947865
                ]
            },
            {
                "coords": [
                    0.8757778780659956,
                    0.5401825992168859
                ],
                "id": 0,
                "xyz": [
                    1.2092976513730973,
                    -0.21811459209331766,
                    1.2211768163947865
                ]
            },
            {
                "coords": [
                    0.8464583333333333,
                    0.5468453953451442
                ],
                "id": 0,
                "xyz": [
                    1.2092976513730973,
                    -0.21811459209331766,
                    0.8381382758400002
                ]
            },
            {
                "coords": [
                    0.1742547666131285,
                    0.5
                ],
                "id": 0,
                "xyz": [
                    -1.62607104,
                    0.0,
                    0.8381382758400002
                ]
            },
            {
                "coords": [
                    0.3805784189365864,
                    0.5
                ],
                "id": 0,
                "xyz": [
                    -1.62607104,
                    0.0,
                    -1.74425
                ]
            }
        ]
    },
    "layoutWalls": {
        "num": 6,
        "walls": [
            {
                "id": 0,
                "normal": [
                    1.0,
                    0.0,
                    -0.0
                ],
                "planeEquation": [
                    1.0,
                    0.0,
                    -0.0,
                    -4.3359375
                ],
                "pointsIdx": [
                    0,
                    1
                ],
                "width": 2.9654268163947863
            },
            {
                "id": 0,
                "normal": [
                    0.0,
                    0.0,
                    1.0
                ],
                "planeEquation": [
                    0.0,
                    0.0,
                    1.0,
                    -1.2211768163947865
                ],
                "pointsIdx": [
                    1,
                    2
                ],
                "width": 3.126639848626903
            },
            {
                "id": 0,
                "normal": [
                    -1.0,
                    -0.0,
                    -0.0
                ],
                "planeEquation": [
                    -1.0,
                    -0.0,
                    -0.0,
                    1.2092976513730973
                ],
                "pointsIdx": [
                    2,
                    3
                ],
                "width": 0.38303854055478626
            },
            {
                "id": 0,
                "normal": [
                    0.0,
                    0.0,
                    1.0
                ],
                "planeEquation": [
                    0.0,
                    0.0,
                    1.0,
                    -0.8381382758400002
                ],
                "pointsIdx": [
                    3,
                    4
                ],
                "width": 2.8353686913730973
            },
            {
                "id": 0,
                "normal": [
                    -1.0,
                    -0.0,
                    -0.0
                ],
                "planeEquation": [
                    -1.0,
                    -0.0,
                    -0.0,
                    -1.62607104
                ],
                "pointsIdx": [
                    4,
                    5
                ],
                "width": 2.5823882758400005
            },
            {
                "id": 0,
                "normal": [
                    0.0,
                    0.0,
                    -1.0
                ],
                "planeEquation": [
                    0.0,
                    0.0,
                    -1.0,
                    -1.74425
                ],
                "pointsIdx": [
                    5,
                    0
                ],
                "width": 5.96200854
            }
        ]
    },
    "panoId": "nothing"
}