{
    "cameraHeight": 1.6,
    "layoutHeight": 2.992283592224121,
    "layoutObj2ds": {
        "num": 0,
        "obj2ds": []
    },
    "layoutPoints": {
        "num": 12,
        "points": [
            {
                "coords": [
                    0.6711381544407119,
                    0.5
                ],
                "id": 0,
                "xyz": [
                    2.2475,
                    0.0,
                    -1.2147252232291172
                ]
            },
            {
                "coords": [
                    0.8257616869896702,
                    0.5
                ],
                "id": 0,
                "xyz": [
                    2.2475,
                    0.0,
                    1.1587402680749546
                ]
            },
            {
                "coords": [
                    0.9321876231359882,
                    0.5581683792820302
                ],
                "id": 0,
                "xyz": [
                    0.5259316627527154,
                    -0.23516386660173275,
                    1.1587402680749546
                ]
            },
            {
                "coords": [
                    0.9002777777777778,
                    0.5816202328015669
                ],
                "id": 0,
                "xyz": [
                    0.5259316627527154,
                    -0.23516386660173275,
                    0.7265460964602675
                ]
            },
            {
                "coords": [
                    0.10263888888888889,
                    0.6524217380410968
                ],
                "id": 0,
                "xyz": [
                    -0.5464983449527129,
                    -0.4719749320922804,
                    0.7265460964602675
                ]
            },
            {
                "coords": [
                    0.06351228311973273,
                    0.6030558136637576
                ],
                "id": 0,
                "xyz": [
                    -0.5464983449527129,
                    -0.4719749320922804,
                    1.2959872353369635
                ]
            },
            {
                "coords": [
                    0.17586657194234873,
                    0.5
                ],
                "id": 0,
                "xyz": [
                    -2.578125,
                    0.0,
                    1.2959872353369635
                ]
            },
            {
                "coords": [
                    0.32353559094677564,
                    0.5
                ],
                "id": 0,
                "xyz": [
                    -2.578125,
                    0.0,
                    -1.2838786285866162
                ]
            },
            {
                "coords": [
                    0.4362595671363747,
                    0.5554392511191971
                ],
                "id": 0,
                "xyz": [
                    -0.5435613545979376,
                    -0.24531046583108537,
                    -1.2838786285866162
                ]
            },
            {
                "coords": [
                    0.3967361111111112,
                    0.5847425993518837
                ],
                "id": 0,
                "xyz": [
                    -0.5435613545979376,
                    -0.24531046583108537,
                    -0.716764841822654
                ]
            },
            {
                "coords": [
                    0.5956944444444445,
                    0.7037900386019109
                ],
                "id": 0,
                "xyz": [
                    0.4916984281319351,
                    -0.6474664314581009,
                    -0.716764841822654
                ]
            },
            {
                "coords": [
                    0.5612144358016857,
                    0.6460707225667591
                ],
                "id": 0,
                "xyz": [
                    0.4916984281319351,
                    -0.6474664314581009,
                    -1.2147252232291172
                ]
            }
        ]
    },
    "layoutWalls": {
        "num": 12,
        "walls": [
            {
                "id": 0,
                "normal": [
                    1.0,
                    0.0,
                    -0.0
                ],
                "planeEquation": [
                    1.0,
                    0.0,
                    -0.0,
                    -2.2475
                ],
                "pointsIdx": [
                    0,
                    1
                ],
                "width": 2.3734654913040716
            },
            {
                "id": 0,
                "normal": [
                    0.0,
                    0.0,
                    1.0
                ],
                "planeEquation": [
                    0.0,
                    0.0,
                    1.0,
                    -1.1587402680749546
                ],
                "pointsIdx": [
                    1,
                    2
                ],
                "width": 1.7215683372472848
            },
            {
                "id": 0,
                "normal": [
                    -1.0,
                    -0.0,
                    -0.0
                ],
                "planeEquation": [
                    -1.0,
                    -0.0,
                    -0.0,
                    0.5259316627527154
                ],
                "pointsIdx": [
                    2,
                    3
                ],
                "width": 0.4321941716146871
            },
            {
                "id": 0,
                "normal": [
                    0.0,
                    0.0,
                    1.0
                ],
                "planeEquation": [
                    0.0,
                    0.0,
                    1.0,
                    -0.7265460964602675
                ],
                "pointsIdx": [
                    3,
                    4
                ],
                "width": 1.0724300077054283
            },
            {
                "id": 0,
                "normal": [
                    1.0,
                    0.0,
                    -0.0
                ],
                "planeEquation": [
                    1.0,
                    0.0,
                    -0.0,
                    0.5464983449527129
                ],
                "pointsIdx": [
                    4,
                    5
                ],
                "width": 0.569441138876696
            },
            {
                "id": 0,
                "normal": [
                    0.0,
                    0.0,
                    1.0
                ],
                "planeEquation": [
                    0.0,
                    0.0,
                    1.0,
                    -1.2959872353369635
                ],
                "pointsIdx": [
                    5,
                    6
                ],
                "width": 2.0316266550472872
            },
            {
                "id": 0,
                "normal": [
                    -1.0,
                    -0.0,
                    -0.0
                ],
                "planeEquation": [
                    -1.0,
                    -0.0,
                    -0.0,
                    -2.578125
                ],
                "pointsIdx": [
                    6,
                    7
                ],
                "width": 2.5798658639235796
            },
            {
                "id": 0,
                "normal": [
                    0.0,
                    0.0,
                    -1.0
                ],
                "planeEquation": [
                    0.0,
                    0.0,
                    -1.0,
                    -1.2838786285866162
                ],
                "pointsIdx": [
                    7,
                    8
                ],
                "width": 2.0345636454020624
            },
            {
                "id": 0,
                "normal": [
                    1.0,
                    0.0,
                    -0.0
                ],
                "planeEquation": [
                    1.0,
                    0.0,
                    -0.0,
                    0.5435613545979376
                ],
                "pointsIdx": [
                    8,
                    9
                ],
                "width": 0.5671137867639622
            },
            {
                "id": 0,
                "normal": [
                    0.0,
                    0.0,
                    -1.0
                ],
                "planeEquation": [
                    0.0,
                    0.0,
                    -1.0,
                    -0.716764841822654
                ],
                "pointsIdx": [
                    9,
                    10
                ],
                "width": 1.0352597827298728
            },
            {
                "id": 0,
                "normal": [
                    -1.0,
                    -0.0,
                    -0.0
                ],
                "planeEquation": [
                    -1.0,
                    -0.0,
                    -0.0,
                    0.4916984281319351
                ],
                "pointsIdx": [
                    10,
                    11
                ],
                "width": 0.49796038140646326
            },
            {
                "id": 0,
                "normal": [
                    0.0,
                    0.0,
                    -1.0
                ],
                "planeEquation": [
                    0.0,
                    0.0,
                    -1.0,
                    -1.2147252232291172
                ],
                "pointsIdx": [
                    11,
                    0
                ],
                "width": 1.7558015718680648
            }
        ]
    },
    "panoId": "nothing"
}