{
    "cameraHeight": 1.6,
    "layoutHeight": 2.6950021028209203,
    "layoutObj2ds": {
        "num": 0,
        "obj2ds": []
    },
    "layoutPoints": {
        "num": 4,
        "points": [
            {
                "coords": [
                    0.6789756565933046,
                    0.5
                ],
                "id": 0,
                "xyz": [
                    1.4605606312364035,
                    0.0,
                    -0.6988046062585945
                ]
            },
            {
                "coords": [
                    0.9392131074357872,
                    0.5
                ],
                "id": 0,
                "xyz": [
                    1.4605606312364035,
                    0.0,
                    3.6363243636139724
                ]
            },
            {
                "coords": [
                    0.09854499232274566,
                    0.5
                ],
                "id": 0,
                "xyz": [
                    -2.5914863687376055,
                    0.0,
                    3.6363243636139724
                ]
            },
            {
                "coords": [
                    0.29191970821134866,
                    0.5
                ],
                "id": 0,
                "xyz": [
                    -2.5914863687376055,
                    0.0,
                    -0.6988046062585945
                ]
            }
        ]
    },
    "layoutWalls": {
        "num": 4,
        "walls": [
            {
                "id": 0,
                "normal": [
                    1.0,
                    0.0,
                    -0.0
                ],
                "planeEquation": [
                    1.0,
                    0.0,
                    -0.0,
                    -1.4605606312364035
                ],
                "pointsIdx": [
                    0,
                    1
                ],
                "width": 4.335128969872567
            },
            {
                "id": 0,
                "normal": [
                    0.0,
                    0.0,
                    1.0
                ],
                "planeEquation": [
                    0.0,
                    0.0,
                    1.0,
                    -3.6363243636139724
                ],
                "pointsIdx": [
                    1,
                    2
                ],
                "width": 4.052046999974009
            },
            {
                "id": 0,
                "normal": [
                    -1.0,
                    -0.0,
                    -0.0
                ],
                "planeEquation": [
                    -1.0,
                    -0.0,
                    -0.0,
                    -2.5914863687376055
                ],
                "pointsIdx": [
                    2,
                    3
                ],
                "width": 4.335128969872567
            },
            {
                "id": 0,
                "normal": [
                    0.0,
                    0.0,
                    -1.0
                ],
                "planeEquation": [
                    0.0,
                    0.0,
                    -1.0,
                    -0.6988046062585945
                ],
                "pointsIdx": [
                    3,
                    0
                ],
                "width": 4.052046999974009
            }
        ]
    },
    "panoId": "nothing"
}