{
    "cameraHeight": 1.6,
    "layoutHeight": 3.0024405670166017,
    "layoutObj2ds": {
        "num": 0,
        "obj2ds": []
    },
    "layoutPoints": {
        "num": 4,
        "points": [
            {
                "coords": [
                    0.5585325337829149,
                    0.5
                ],
                "id": 0,
                "xyz": [
                    1.35072,
                    0.0,
                    -3.505625
                ]
            },
            {
                "coords": [
                    0.899049060436665,
                    0.5
                ],
                "id": 0,
                "xyz": [
                    1.35072,
                    0.0,
                    1.8359375
                ]
            },
            {
                "coords": [
                    0.1662872086915848,
                    0.5
                ],
                "id": 0,
                "xyz": [
                    -3.1625,
                    0.0,
                    1.8359375
                ]
            },
            {
                "coords": [
                    0.38318249749647687,
                    0.5
                ],
                "id": 0,
                "xyz": [
                    -3.1625,
                    0.0,
                    -3.505625
                ]
            }
        ]
    },
    "layoutWalls": {
        "num": 4,
        "walls": [
            {
                "id": 0,
                "normal": [
                    1.0,
                    0.0,
                    -0.0
                ],
                "planeEquation": [
                    1.0,
                    0.0,
                    -0.0,
                    -1.35072
                ],
                "pointsIdx": [
                    0,
                    1
                ],
                "width": 5.3415625
            },
            {
                "id": 0,
                "normal": [
                    0.0,
                    0.0,
                    1.0
                ],
                "planeEquation": [
                    0.0,
                    0.0,
                    1.0,
                    -1.8359375
                ],
                "pointsIdx": [
                    1,
                    2
                ],
                "width": 4.5132200000000005
            },
            {
                "id": 0,
                "normal": [
                    -1.0,
                    -0.0,
                    -0.0
                ],
                "planeEquation": [
                    -1.0,
                    -0.0,
                    -0.0,
                    -3.1625
                ],
                "pointsIdx": [
                    2,
                    3
                ],
                "width": 5.3415625
            },
            {
                "id": 0,
                "normal": [
                    0.0,
                    0.0,
                    -1.0
                ],
                "planeEquation": [
                    0.0,
                    0.0,
                    -1.0,
                    -3.505625
                ],
                "pointsIdx": [
                    3,
                    0
                ],
                "width": 4.5132200000000005
            }
        ]
    },
    "panoId": "nothing"
}