{
    "cameraHeight": 1.6,
    "layoutHeight": 2.616534948348999,
    "layoutObj2ds": {
        "num": 0,
        "obj2ds": []
    },
    "layoutPoints": {
        "num": 8,
        "points": [
            {
                "coords": [
                    0.562779077872527,
                    0.5
                ],
                "id": 0,
                "xyz": [
                    5.420557350573787,
                    0.0,
                    -13.021752839902286
                ]
            },
            {
                "coords": [
                    0.687080752262085,
                    0.5007272276956543
                ],
                "id": 0,
                "xyz": [
                    5.420557350573787,
                    -0.013419158199918662,
                    -2.2620154458967634
                ]
            },
            {
                "coords": [
                    0.6184722222222223,
                    0.5013888756678355
                ],
                "id": 0,
                "xyz": [
                    2.0836758697082876,
                    -0.013419158199918662,
                    -2.2620154458967634
                ]
            },
            {
                "coords": [
                    0.789061395262866,
                    0.5
                ],
                "id": 0,
                "xyz": [
                    2.0836758697082876,
                    0.0,
                    0.5219182638164988
                ]
            },
            {
                "coords": [
                    0.761645001013052,
                    0.5
                ],
                "id": 0,
                "xyz": [
                    7.1204448300551375,
                    0.0,
                    0.5219182638164988
                ]
            },
            {
                "coords": [
                    0.793274803847759,
                    0.5
                ],
                "id": 0,
                "xyz": [
                    7.1204448300551375,
                    0.0,
                    1.9852415222412396
                ]
            },
            {
                "coords": [
                    0.08769941396894104,
                    0.5
                ],
                "id": 0,
                "xyz": [
                    -1.2199817057048987,
                    0.0,
                    1.9852415222412396
                ]
            },
            {
                "coords": [
                    0.4851324932298232,
                    0.5
                ],
                "id": 0,
                "xyz": [
                    -1.2199817057048987,
                    0.0,
                    -13.021752839902286
                ]
            }
        ]
    },
    "layoutWalls": {
        "num": 8,
        "walls": [
            {
                "id": 0,
                "normal": [
                    1.0,
                    0.0,
                    -0.0
                ],
                "planeEquation": [
                    1.0,
                    0.0,
                    -0.0,
                    -5.420557350573787
                ],
                "pointsIdx": [
                    0,
                    1
                ],
                "width": 10.759737394005523
            },
            {
                "id": 0,
                "normal": [
                    0.0,
                    0.0,
                    1.0
                ],
                "planeEquation": [
                    0.0,
                    0.0,
                    1.0,
                    2.2620154458967634
                ],
                "pointsIdx": [
                    1,
                    2
                ],
                "width": 3.3368814808655
            },
            {
                "id": 0,
                "normal": [
                    1.0,
                    0.0,
                    -0.0
                ],
                "planeEquation": [
                    1.0,
                    0.0,
                    -0.0,
                    -2.0836758697082876
                ],
                "pointsIdx": [
                    2,
                    3
                ],
                "width": 2.783933709713262
            },
            {
                "id": 0,
                "normal": [
                    0.0,
                    0.0,
                    -1.0
                ],
                "planeEquation": [
                    0.0,
                    0.0,
                    -1.0,
                    0.5219182638164988
                ],
                "pointsIdx": [
                    3,
                    4
                ],
                "width": 5.0367689603468495
            },
            {
                "id": 0,
                "normal": [
                    1.0,
                    0.0,
                    -0.0
                ],
                "planeEquation": [
                    1.0,
                    0.0,
                    -0.0,
                    -7.1204448300551375
                ],
                "pointsIdx": [
                    4,
                    5
                ],
                "width": 1.4633232584247409
            },
            {
                "id": 0,
                "normal": [
                    0.0,
                    0.0,
                    1.0
                ],
                "planeEquation": [
                    0.0,
                    0.0,
                    1.0,
                    -1.9852415222412396
                ],
                "pointsIdx": [
                    5,
                    6
                ],
                "width": 8.340426535760036
            },
            {
                "id": 0,
                "normal": [
                    -1.0,
                    -0.0,
                    -0.0
                ],
                "planeEquation": [
                    -1.0,
                    -0.0,
                    -0.0,
                    -1.2199817057048987
                ],
                "pointsIdx": [
                    6,
                    7
                ],
                "width": 15.006994362143525
            },
            {
                "id": 0,
                "normal": [
                    0.0,
                    0.0,
                    -1.0
                ],
                "planeEquation": [
                    0.0,
                    0.0,
                    -1.0,
                    -13.021752839902286
                ],
                "pointsIdx": [
                    7,
                    0
                ],
                "width": 6.640539056278686
            }
        ]
    },
    "panoId": "nothing"
}