{
    "cameraHeight": 1.6,
    "layoutHeight": 2.4458026218414304,
    "layoutObj2ds": {
        "num": 0,
        "obj2ds": []
    },
    "layoutPoints": {
        "num": 4,
        "points": [
            {
                "coords": [
                    0.59582033211245,
                    0.5
                ],
                "id": 0,
                "xyz": [
                    3.1470847817393692,
                    0.0,
                    -4.5798382058985885
                ]
            },
            {
                "coords": [
                    0.7818489709069715,
                    0.5
                ],
                "id": 0,
                "xyz": [
                    3.1470847817393692,
                    0.0,
                    0.6383158641476239
                ]
            },
            {
                "coords": [
                    0.1358427072537729,
                    0.5
                ],
                "id": 0,
                "xyz": [
                    -0.73180221696,
                    0.0,
                    0.6383158641476239
                ]
            },
            {
                "coords": [
                    0.4747821633848893,
                    0.5
                ],
                "id": 0,
                "xyz": [
                    -0.73180221696,
                    0.0,
                    -4.5798382058985885
                ]
            }
        ]
    },
    "layoutWalls": {
        "num": 4,
        "walls": [
            {
                "id": 0,
                "normal": [
                    1.0,
                    0.0,
                    -0.0
                ],
                "planeEquation": [
                    1.0,
                    0.0,
                    -0.0,
                    -3.1470847817393692
                ],
                "pointsIdx": [
                    0,
                    1
                ],
                "width": 5.218154070046213
            },
            {
                "id": 0,
                "normal": [
                    0.0,
                    0.0,
                    1.0
                ],
                "planeEquation": [
                    0.0,
                    0.0,
                    1.0,
                    -0.6383158641476239
                ],
                "pointsIdx": [
                    1,
                    2
                ],
                "width": 3.878886998699369
            },
            {
                "id": 0,
                "normal": [
                    -1.0,
                    -0.0,
                    -0.0
                ],
                "planeEquation": [
                    -1.0,
                    -0.0,
                    -0.0,
                    -0.73180221696
                ],
                "pointsIdx": [
                    2,
                    3
                ],
                "width": 5.218154070046213
            },
            {
                "id": 0,
                "normal": [
                    0.0,
                    0.0,
                    -1.0
                ],
                "planeEquation": [
                    0.0,
                    0.0,
                    -1.0,
                    -4.5798382058985885
                ],
                "pointsIdx": [
                    3,
                    0
                ],
                "width": 3.878886998699369
            }
        ]
    },
    "panoId": "nothing"
}