{
    "cameraHeight": 1.6,
    "layoutHeight": 2.882363166809082,
    "layoutObj2ds": {
        "num": 0,
        "obj2ds": []
    },
    "layoutPoints": {
        "num": 6,
        "points": [
            {
                "coords": [
                    0.5809539934665116,
                    0.5
                ],
                "id": 0,
                "xyz": [
                    0.6441232680664694,
                    0.0,
                    -1.1551992894024203
                ]
            },
            {
                "coords": [
                    0.9600866228831901,
                    0.5
                ],
                "id": 0,
                "xyz": [
                    0.6441232680664694,
                    0.0,
                    2.514375
                ]
            },
            {
                "coords": [
                    0.13097530714353495,
                    0.5
                ],
                "id": 0,
                "xyz": [
                    -2.7106347905575245,
                    0.0,
                    2.514375
                ]
            },
            {
                "coords": [
                    0.260306566042,
                    0.5
                ],
                "id": 0,
                "xyz": [
                    -2.7106347905575245,
                    0.0,
                    -0.17578125
                ]
            },
            {
                "coords": [
                    0.2565072555736067,
                    0.5
                ],
                "id": 0,
                "xyz": [
                    -4.296875,
                    0.0,
                    -0.17578125
                ]
            },
            {
                "coords": [
                    0.2917998633688514,
                    0.5
                ],
                "id": 0,
                "xyz": [
                    -4.296875,
                    0.0,
                    -1.1551992894024203
                ]
            }
        ]
    },
    "layoutWalls": {
        "num": 6,
        "walls": [
            {
                "id": 0,
                "normal": [
                    1.0,
                    0.0,
                    -0.0
                ],
                "planeEquation": [
                    1.0,
                    0.0,
                    -0.0,
                    -0.6441232680664694
                ],
                "pointsIdx": [
                    0,
                    1
                ],
                "width": 3.66957428940242
            },
            {
                "id": 0,
                "normal": [
                    0.0,
                    0.0,
                    1.0
                ],
                "planeEquation": [
                    0.0,
                    0.0,
                    1.0,
                    -2.514375
                ],
                "pointsIdx": [
                    1,
                    2
                ],
                "width": 3.354758058623994
            },
            {
                "id": 0,
                "normal": [
                    -1.0,
                    -0.0,
                    -0.0
                ],
                "planeEquation": [
                    -1.0,
                    -0.0,
                    -0.0,
                    -2.7106347905575245
                ],
                "pointsIdx": [
                    2,
                    3
                ],
                "width": 2.69015625
            },
            {
                "id": 0,
                "normal": [
                    0.0,
                    0.0,
                    1.0
                ],
                "planeEquation": [
                    0.0,
                    0.0,
                    1.0,
                    0.17578125
                ],
                "pointsIdx": [
                    3,
                    4
                ],
                "width": 1.5862402094424755
            },
            {
                "id": 0,
                "normal": [
                    -1.0,
                    -0.0,
                    -0.0
                ],
                "planeEquation": [
                    -1.0,
                    -0.0,
                    -0.0,
                    -4.296875
                ],
                "pointsIdx": [
                    4,
                    5
                ],
                "width": 0.9794180394024203
            },
            {
                "id": 0,
                "normal": [
                    0.0,
                    0.0,
                    -1.0
                ],
                "planeEquation": [
                    0.0,
                    0.0,
                    -1.0,
                    -1.1551992894024203
                ],
                "pointsIdx": [
                    5,
                    0
                ],
                "width": 4.940998268066469
            }
        ]
    },
    "panoId": "nothing"
}