{
    "cameraHeight": 1.6,
    "layoutHeight": 3.0859750175476073,
    "layoutObj2ds": {
        "num": 0,
        "obj2ds": []
    },
    "layoutPoints": {
        "num": 4,
        "points": [
            {
                "coords": [
                    0.61457702676474,
                    0.5
                ],
                "id": 0,
                "xyz": [
                    3.3547583359999997,
                    0.0,
                    -3.8256745200392603
                ]
            },
            {
                "coords": [
                    0.7759667674788726,
                    0.5
                ],
                "id": 0,
                "xyz": [
                    3.3547583359999997,
                    0.0,
                    0.5522511667200001
                ]
            },
            {
                "coords": [
                    0.13471456589358927,
                    0.5
                ],
                "id": 0,
                "xyz": [
                    -0.6241458895729459,
                    0.0,
                    0.5522511667200001
                ]
            },
            {
                "coords": [
                    0.4742611713264231,
                    0.5
                ],
                "id": 0,
                "xyz": [
                    -0.6241458895729459,
                    0.0,
                    -3.8256745200392603
                ]
            }
        ]
    },
    "layoutWalls": {
        "num": 4,
        "walls": [
            {
                "id": 0,
                "normal": [
                    1.0,
                    0.0,
                    -0.0
                ],
                "planeEquation": [
                    1.0,
                    0.0,
                    -0.0,
                    -3.3547583359999997
                ],
                "pointsIdx": [
                    0,
                    1
                ],
                "width": 4.37792568675926
            },
            {
                "id": 0,
                "normal": [
                    0.0,
                    0.0,
                    1.0
                ],
                "planeEquation": [
                    0.0,
                    0.0,
                    1.0,
                    -0.5522511667200001
                ],
                "pointsIdx": [
                    1,
                    2
                ],
                "width": 3.9789042255729457
            },
            {
                "id": 0,
                "normal": [
                    -1.0,
                    -0.0,
                    -0.0
                ],
                "planeEquation": [
                    -1.0,
                    -0.0,
                    -0.0,
                    -0.6241458895729459
                ],
                "pointsIdx": [
                    2,
                    3
                ],
                "width": 4.37792568675926
            },
            {
                "id": 0,
                "normal": [
                    0.0,
                    0.0,
                    -1.0
                ],
                "planeEquation": [
                    0.0,
                    0.0,
                    -1.0,
                    -3.8256745200392603
                ],
                "pointsIdx": [
                    3,
                    0
                ],
                "width": 3.9789042255729457
            }
        ]
    },
    "panoId": "nothing"
}