{
    "cameraHeight": 1.6,
    "layoutHeight": 3.0721474838256837,
    "layoutObj2ds": {
        "num": 0,
        "obj2ds": []
    },
    "layoutPoints": {
        "num": 4,
        "points": [
            {
                "coords": [
                    0.6337716818274589,
                    0.5
                ],
                "id": 0,
                "xyz": [
                    4.7398210845081605,
                    0.0,
                    -4.24417428907191
                ]
            },
            {
                "coords": [
                    0.9007159484810803,
                    0.5
                ],
                "id": 0,
                "xyz": [
                    4.7398210845081605,
                    0.0,
                    6.585903316076679
                ]
            },
            {
                "coords": [
                    0.0846788280420584,
                    0.5
                ],
                "id": 0,
                "xyz": [
                    -3.8769751934390007,
                    0.0,
                    6.585903316076679
                ]
            },
            {
                "coords": [
                    0.38219131865431055,
                    0.5
                ],
                "id": 0,
                "xyz": [
                    -3.8769751934390007,
                    0.0,
                    -4.24417428907191
                ]
            }
        ]
    },
    "layoutWalls": {
        "num": 4,
        "walls": [
            {
                "id": 0,
                "normal": [
                    1.0,
                    0.0,
                    -0.0
                ],
                "planeEquation": [
                    1.0,
                    0.0,
                    -0.0,
                    -4.7398210845081605
                ],
                "pointsIdx": [
                    0,
                    1
                ],
                "width": 10.830077605148588
            },
            {
                "id": 0,
                "normal": [
                    0.0,
                    0.0,
                    1.0
                ],
                "planeEquation": [
                    0.0,
                    0.0,
                    1.0,
                    -6.585903316076679
                ],
                "pointsIdx": [
                    1,
                    2
                ],
                "width": 8.616796277947161
            },
            {
                "id": 0,
                "normal": [
                    -1.0,
                    -0.0,
                    -0.0
                ],
                "planeEquation": [
                    -1.0,
                    -0.0,
                    -0.0,
                    -3.8769751934390007
                ],
                "pointsIdx": [
                    2,
                    3
                ],
                "width": 10.830077605148588
            },
            {
                "id": 0,
                "normal": [
                    0.0,
                    0.0,
                    -1.0
                ],
                "planeEquation": [
                    0.0,
                    0.0,
                    -1.0,
                    -4.24417428907191
                ],
                "pointsIdx": [
                    3,
                    0
                ],
                "width": 8.616796277947161
            }
        ]
    },
    "panoId": "nothing"
}