{
    "cameraHeight": 1.6,
    "layoutHeight": 3.0441982841491697,
    "layoutObj2ds": {
        "num": 0,
        "obj2ds": []
    },
    "layoutPoints": {
        "num": 4,
        "points": [
            {
                "coords": [
                    0.6733908019187104,
                    0.5
                ],
                "id": 0,
                "xyz": [
                    2.89396874752,
                    0.0,
                    -1.5115999820800001
                ]
            },
            {
                "coords": [
                    0.8758967784632852,
                    0.5
                ],
                "id": 0,
                "xyz": [
                    2.89396874752,
                    0.0,
                    2.9267667579581236
                ]
            },
            {
                "coords": [
                    0.05274739644555804,
                    0.5
                ],
                "id": 0,
                "xyz": [
                    -1.00714171875328,
                    0.0,
                    2.9267667579581236
                ]
            },
            {
                "coords": [
                    0.4064596102362013,
                    0.5
                ],
                "id": 0,
                "xyz": [
                    -1.00714171875328,
                    0.0,
                    -1.5115999820800001
                ]
            }
        ]
    },
    "layoutWalls": {
        "num": 4,
        "walls": [
            {
                "id": 0,
                "normal": [
                    1.0,
                    0.0,
                    -0.0
                ],
                "planeEquation": [
                    1.0,
                    0.0,
                    -0.0,
                    -2.89396874752
                ],
                "pointsIdx": [
                    0,
                    1
                ],
                "width": 4.4383667400381235
            },
            {
                "id": 0,
                "normal": [
                    0.0,
                    0.0,
                    1.0
                ],
                "planeEquation": [
                    0.0,
                    0.0,
                    1.0,
                    -2.9267667579581236
                ],
                "pointsIdx": [
                    1,
                    2
                ],
                "width": 3.9011104662732805
            },
            {
                "id": 0,
                "normal": [
                    -1.0,
                    -0.0,
                    -0.0
                ],
                "planeEquation": [
                    -1.0,
                    -0.0,
                    -0.0,
                    -1.00714171875328
                ],
                "pointsIdx": [
                    2,
                    3
                ],
                "width": 4.4383667400381235
            },
            {
                "id": 0,
                "normal": [
                    0.0,
                    0.0,
                    -1.0
                ],
                "planeEquation": [
                    0.0,
                    0.0,
                    -1.0,
                    -1.5115999820800001
                ],
                "pointsIdx": [
                    3,
                    0
                ],
                "width": 3.9011104662732805
            }
        ]
    },
    "panoId": "nothing"
}