{
    "cameraHeight": 1.6,
    "layoutHeight": 2.92380615234375,
    "layoutObj2ds": {
        "num": 0,
        "obj2ds": []
    },
    "layoutPoints": {
        "num": 14,
        "points": [
            {
                "coords": [
                    0.5420047595431229,
                    0.5
                ],
                "id": 0,
                "xyz": [
                    0.7179760604125658,
                    0.0,
                    -2.6569337446399994
                ]
            },
            {
                "coords": [
                    0.5502777777777778,
                    0.5866034973836569
                ],
                "id": 0,
                "xyz": [
                    0.7179760604125658,
                    -0.6447509888094061,
                    -2.1966505188869236
                ]
            },
            {
                "coords": [
                    0.5841698394263029,
                    0.579001997997678
                ],
                "id": 0,
                "xyz": [
                    1.2836776668217194,
                    -0.6447509888094061,
                    -2.1966505188869236
                ]
            },
            {
                "coords": [
                    0.6537926432227199,
                    0.5
                ],
                "id": 0,
                "xyz": [
                    1.2836776668217194,
                    0.0,
                    -0.8866960909925795
                ]
            },
            {
                "coords": [
                    0.6987351270404606,
                    0.5
                ],
                "id": 0,
                "xyz": [
                    2.6569337446399994,
                    0.0,
                    -0.8866960909925795
                ]
            },
            {
                "coords": [
                    0.8438950485851223,
                    0.5
                ],
                "id": 0,
                "xyz": [
                    2.6569337446399994,
                    0.0,
                    1.778811031356268
                ]
            },
            {
                "coords": [
                    0.9109151659056899,
                    0.5
                ],
                "id": 0,
                "xyz": [
                    1.1145719549278208,
                    0.0,
                    1.778811031356268
                ]
            },
            {
                "coords": [
                    0.9445453231633554,
                    0.5
                ],
                "id": 0,
                "xyz": [
                    1.1145719549278208,
                    0.0,
                    3.06831108096
                ]
            },
            {
                "coords": [
                    0.06682802276971289,
                    0.5
                ],
                "id": 0,
                "xyz": [
                    -1.369829178867602,
                    0.0,
                    3.06831108096
                ]
            },
            {
                "coords": [
                    0.18690397532690772,
                    0.5137648002723916
                ],
                "id": 0,
                "xyz": [
                    -1.369829178867602,
                    -0.06425677593347616,
                    0.5734212636442138
                ]
            },
            {
                "coords": [
                    0.11673611111111104,
                    0.5264361306979807
                ],
                "id": 0,
                "xyz": [
                    -0.516764050999214,
                    -0.06425677593347616,
                    0.5734212636442138
                ]
            },
            {
                "coords": [
                    0.40041666666666664,
                    0.5610663415528239
                ],
                "id": 0,
                "xyz": [
                    -0.516764050999214,
                    -0.1713834517034638,
                    -0.7151946946005918
                ]
            },
            {
                "coords": [
                    0.3301096314397616,
                    0.5366302973381268
                ],
                "id": 0,
                "xyz": [
                    -1.298814273191298,
                    -0.1713834517034638,
                    -0.7151946946005918
                ]
            },
            {
                "coords": [
                    0.427635518656413,
                    0.5
                ],
                "id": 0,
                "xyz": [
                    -1.298814273191298,
                    0.0,
                    -2.6569337446399994
                ]
            }
        ]
    },
    "layoutWalls": {
        "num": 14,
        "walls": [
            {
                "id": 0,
                "normal": [
                    1.0,
                    0.0,
                    -0.0
                ],
                "planeEquation": [
                    1.0,
                    0.0,
                    -0.0,
                    -0.7179760604125658
                ],
                "pointsIdx": [
                    0,
                    1
                ],
                "width": 0.4602832257530758
            },
            {
                "id": 0,
                "normal": [
                    0.0,
                    0.0,
                    -1.0
                ],
                "planeEquation": [
                    0.0,
                    0.0,
                    -1.0,
                    -2.1966505188869236
                ],
                "pointsIdx": [
                    1,
                    2
                ],
                "width": 0.5657016064091536
            },
            {
                "id": 0,
                "normal": [
                    1.0,
                    0.0,
                    -0.0
                ],
                "planeEquation": [
                    1.0,
                    0.0,
                    -0.0,
                    -1.2836776668217194
                ],
                "pointsIdx": [
                    2,
                    3
                ],
                "width": 1.3099544278943442
            },
            {
                "id": 0,
                "normal": [
                    0.0,
                    0.0,
                    -1.0
                ],
                "planeEquation": [
                    0.0,
                    0.0,
                    -1.0,
                    -0.8866960909925795
                ],
                "pointsIdx": [
                    3,
                    4
                ],
                "width": 1.37325607781828
            },
            {
                "id": 0,
                "normal": [
                    1.0,
                    0.0,
                    -0.0
                ],
                "planeEquation": [
                    1.0,
                    0.0,
                    -0.0,
                    -2.6569337446399994
                ],
                "pointsIdx": [
                    4,
                    5
                ],
                "width": 2.6655071223488473
            },
            {
                "id": 0,
                "normal": [
                    0.0,
                    0.0,
                    1.0
                ],
                "planeEquation": [
                    0.0,
                    0.0,
                    1.0,
                    -1.778811031356268
                ],
                "pointsIdx": [
                    5,
                    6
                ],
                "width": 1.5423617897121786
            },
            {
                "id": 0,
                "normal": [
                    1.0,
                    0.0,
                    -0.0
                ],
                "planeEquation": [
                    1.0,
                    0.0,
                    -0.0,
                    -1.1145719549278208
                ],
                "pointsIdx": [
                    6,
                    7
                ],
                "width": 1.289500049603732
            },
            {
                "id": 0,
                "normal": [
                    0.0,
                    0.0,
                    1.0
                ],
                "planeEquation": [
                    0.0,
                    0.0,
                    1.0,
                    -3.06831108096
                ],
                "pointsIdx": [
                    7,
                    8
                ],
                "width": 2.484401133795423
            },
            {
                "id": 0,
                "normal": [
                    -1.0,
                    -0.0,
                    -0.0
                ],
                "planeEquation": [
                    -1.0,
                    -0.0,
                    -0.0,
                    -1.369829178867602
                ],
                "pointsIdx": [
                    8,
                    9
                ],
                "width": 2.4948898173157863
            },
            {
                "id": 0,
                "normal": [
                    0.0,
                    0.0,
                    -1.0
                ],
                "planeEquation": [
                    0.0,
                    0.0,
                    -1.0,
                    0.5734212636442138
                ],
                "pointsIdx": [
                    9,
                    10
                ],
                "width": 0.8530651278683881
            },
            {
                "id": 0,
                "normal": [
                    -1.0,
                    -0.0,
                    -0.0
                ],
                "planeEquation": [
                    -1.0,
                    -0.0,
                    -0.0,
                    -0.516764050999214
                ],
                "pointsIdx": [
                    10,
                    11
                ],
                "width": 1.2886159582448056
            },
            {
                "id": 0,
                "normal": [
                    0.0,
                    0.0,
                    1.0
                ],
                "planeEquation": [
                    0.0,
                    0.0,
                    1.0,
                    0.7151946946005918
                ],
                "pointsIdx": [
                    11,
                    12
                ],
                "width": 0.782050222192084
            },
            {
                "id": 0,
                "normal": [
                    -1.0,
                    -0.0,
                    -0.0
                ],
                "planeEquation": [
                    -1.0,
                    -0.0,
                    -0.0,
                    -1.298814273191298
                ],
                "pointsIdx": [
                    12,
                    13
                ],
                "width": 1.9417390500394076
            },
            {
                "id": 0,
                "normal": [
                    0.0,
                    0.0,
                    -1.0
                ],
                "planeEquation": [
                    0.0,
                    0.0,
                    -1.0,
                    -2.6569337446399994
                ],
                "pointsIdx": [
                    13,
                    0
                ],
                "width": 2.016790333603864
            }
        ]
    },
    "panoId": "nothing"
}