{
    "cameraHeight": 1.6,
    "layoutHeight": 4.133141765594483,
    "layoutObj2ds": {
        "num": 0,
        "obj2ds": []
    },
    "layoutPoints": {
        "num": 4,
        "points": [
            {
                "coords": [
                    0.6774795943110917,
                    0.5
                ],
                "id": 0,
                "xyz": [
                    15.753393797436885,
                    0.0,
                    -7.720012673776547
                ]
            },
            {
                "coords": [
                    0.7688658436974585,
                    0.5
                ],
                "id": 0,
                "xyz": [
                    15.753393797436885,
                    0.0,
                    1.8761650401981236
                ]
            },
            {
                "coords": [
                    0.19859617504428073,
                    0.5
                ],
                "id": 0,
                "xyz": [
                    -5.605517957287367,
                    0.0,
                    1.8761650401981236
                ]
            },
            {
                "coords": [
                    0.40004588090185833,
                    0.5
                ],
                "id": 0,
                "xyz": [
                    -5.605517957287367,
                    0.0,
                    -7.720012673776547
                ]
            }
        ]
    },
    "layoutWalls": {
        "num": 4,
        "walls": [
            {
                "id": 0,
                "normal": [
                    1.0,
                    0.0,
                    -0.0
                ],
                "planeEquation": [
                    1.0,
                    0.0,
                    -0.0,
                    -15.753393797436885
                ],
                "pointsIdx": [
                    0,
                    1
                ],
                "width": 9.59617771397467
            },
            {
                "id": 0,
                "normal": [
                    0.0,
                    0.0,
                    1.0
                ],
                "planeEquation": [
                    0.0,
                    0.0,
                    1.0,
                    -1.8761650401981236
                ],
                "pointsIdx": [
                    1,
                    2
                ],
                "width": 21.358911754724254
            },
            {
                "id": 0,
                "normal": [
                    -1.0,
                    -0.0,
                    -0.0
                ],
                "planeEquation": [
                    -1.0,
                    -0.0,
                    -0.0,
                    -5.605517957287367
                ],
                "pointsIdx": [
                    2,
                    3
                ],
                "width": 9.59617771397467
            },
            {
                "id": 0,
                "normal": [
                    0.0,
                    0.0,
                    -1.0
                ],
                "planeEquation": [
                    0.0,
                    0.0,
                    -1.0,
                    -7.720012673776547
                ],
                "pointsIdx": [
                    3,
                    0
                ],
                "width": 21.358911754724254
            }
        ]
    },
    "panoId": "nothing"
}