{
    "cameraHeight": 1.6,
    "layoutHeight": 2.348654317855835,
    "layoutObj2ds": {
        "num": 0,
        "obj2ds": []
    },
    "layoutPoints": {
        "num": 4,
        "points": [
            {
                "coords": [
                    0.45927571005031254,
                    0.5
                ],
                "id": 0,
                "xyz": [
                    -0.6855860137053389,
                    0.0,
                    -2.620612155867741
                ]
            },
            {
                "coords": [
                    0.650163896801179,
                    0.5
                ],
                "id": 0,
                "xyz": [
                    3.6147854453145594,
                    0.0,
                    -2.620612155867741
                ]
            },
            {
                "coords": [
                    0.8237305760455624,
                    0.5
                ],
                "id": 0,
                "xyz": [
                    3.6147854453145594,
                    0.0,
                    1.8056546302361602
                ]
            },
            {
                "coords": [
                    0.0577532941294282,
                    0.5
                ],
                "id": 0,
                "xyz": [
                    -0.6855860137053389,
                    0.0,
                    1.8056546302361602
                ]
            }
        ]
    },
    "layoutWalls": {
        "num": 4,
        "walls": [
            {
                "id": 0,
                "normal": [
                    0.0,
                    0.0,
                    -1.0
                ],
                "planeEquation": [
                    0.0,
                    0.0,
                    -1.0,
                    -2.620612155867741
                ],
                "pointsIdx": [
                    0,
                    1
                ],
                "width": 4.300371459019898
            },
            {
                "id": 0,
                "normal": [
                    1.0,
                    0.0,
                    -0.0
                ],
                "planeEquation": [
                    1.0,
                    0.0,
                    -0.0,
                    -3.6147854453145594
                ],
                "pointsIdx": [
                    1,
                    2
                ],
                "width": 4.426266786103901
            },
            {
                "id": 0,
                "normal": [
                    0.0,
                    0.0,
                    1.0
                ],
                "planeEquation": [
                    0.0,
                    0.0,
                    1.0,
                    -1.8056546302361602
                ],
                "pointsIdx": [
                    2,
                    3
                ],
                "width": 4.300371459019898
            },
            {
                "id": 0,
                "normal": [
                    -1.0,
                    -0.0,
                    -0.0
                ],
                "planeEquation": [
                    -1.0,
                    -0.0,
                    -0.0,
                    -0.6855860137053389
                ],
                "pointsIdx": [
                    3,
                    0
                ],
                "width": 4.426266786103901
            }
        ]
    },
    "panoId": "nothing"
}