{
    "cameraHeight": 1.6,
    "layoutHeight": 2.424449653625488,
    "layoutObj2ds": {
        "num": 0,
        "obj2ds": []
    },
    "layoutPoints": {
        "num": 4,
        "points": [
            {
                "coords": [
                    0.6754042018231435,
                    0.5
                ],
                "id": 0,
                "xyz": [
                    4.4543472607012395,
                    0.0,
                    -2.2553721484123836
                ]
            },
            {
                "coords": [
                    0.8379746394381837,
                    0.5
                ],
                "id": 0,
                "xyz": [
                    4.4543472607012395,
                    0.0,
                    2.747933445804248
                ]
            },
            {
                "coords": [
                    0.035932097535611496,
                    0.5
                ],
                "id": 0,
                "xyz": [
                    -0.6311557191838315,
                    0.0,
                    2.747933445804248
                ]
            },
            {
                "coords": [
                    0.45657211988189,
                    0.5
                ],
                "id": 0,
                "xyz": [
                    -0.6311557191838315,
                    0.0,
                    -2.2553721484123836
                ]
            }
        ]
    },
    "layoutWalls": {
        "num": 4,
        "walls": [
            {
                "id": 0,
                "normal": [
                    1.0,
                    0.0,
                    -0.0
                ],
                "planeEquation": [
                    1.0,
                    0.0,
                    -0.0,
                    -4.4543472607012395
                ],
                "pointsIdx": [
                    0,
                    1
                ],
                "width": 5.003305594216632
            },
            {
                "id": 0,
                "normal": [
                    0.0,
                    0.0,
                    1.0
                ],
                "planeEquation": [
                    0.0,
                    0.0,
                    1.0,
                    -2.747933445804248
                ],
                "pointsIdx": [
                    1,
                    2
                ],
                "width": 5.085502979885071
            },
            {
                "id": 0,
                "normal": [
                    -1.0,
                    -0.0,
                    -0.0
                ],
                "planeEquation": [
                    -1.0,
                    -0.0,
                    -0.0,
                    -0.6311557191838315
                ],
                "pointsIdx": [
                    2,
                    3
                ],
                "width": 5.003305594216632
            },
            {
                "id": 0,
                "normal": [
                    0.0,
                    0.0,
                    -1.0
                ],
                "planeEquation": [
                    0.0,
                    0.0,
                    -1.0,
                    -2.2553721484123836
                ],
                "pointsIdx": [
                    3,
                    0
                ],
                "width": 5.085502979885071
            }
        ]
    },
    "panoId": "nothing"
}