{
    "cameraHeight": 1.6,
    "layoutHeight": 2.453676824569702,
    "layoutObj2ds": {
        "num": 0,
        "obj2ds": []
    },
    "layoutPoints": {
        "num": 4,
        "points": [
            {
                "coords": [
                    0.5938449788659,
                    0.5
                ],
                "id": 0,
                "xyz": [
                    0.8297028005208302,
                    0.0,
                    -1.2401352498486151
                ]
            },
            {
                "coords": [
                    0.9158412870720878,
                    0.5
                ],
                "id": 0,
                "xyz": [
                    0.8297028005208302,
                    0.0,
                    1.4200290802620643
                ]
            },
            {
                "coords": [
                    0.06919300429901876,
                    0.5
                ],
                "id": 0,
                "xyz": [
                    -0.6594412005102431,
                    0.0,
                    1.4200290802620643
                ]
            },
            {
                "coords": [
                    0.4222172606180252,
                    0.5
                ],
                "id": 0,
                "xyz": [
                    -0.6594412005102431,
                    0.0,
                    -1.2401352498486151
                ]
            }
        ]
    },
    "layoutWalls": {
        "num": 4,
        "walls": [
            {
                "id": 0,
                "normal": [
                    1.0,
                    0.0,
                    -0.0
                ],
                "planeEquation": [
                    1.0,
                    0.0,
                    -0.0,
                    -0.8297028005208302
                ],
                "pointsIdx": [
                    0,
                    1
                ],
                "width": 2.660164330110679
            },
            {
                "id": 0,
                "normal": [
                    0.0,
                    0.0,
                    1.0
                ],
                "planeEquation": [
                    0.0,
                    0.0,
                    1.0,
                    -1.4200290802620643
                ],
                "pointsIdx": [
                    1,
                    2
                ],
                "width": 1.4891440010310735
            },
            {
                "id": 0,
                "normal": [
                    -1.0,
                    -0.0,
                    -0.0
                ],
                "planeEquation": [
                    -1.0,
                    -0.0,
                    -0.0,
                    -0.6594412005102431
                ],
                "pointsIdx": [
                    2,
                    3
                ],
                "width": 2.660164330110679
            },
            {
                "id": 0,
                "normal": [
                    0.0,
                    0.0,
                    -1.0
                ],
                "planeEquation": [
                    0.0,
                    0.0,
                    -1.0,
                    -1.2401352498486151
                ],
                "pointsIdx": [
                    3,
                    0
                ],
                "width": 1.4891440010310735
            }
        ]
    },
    "panoId": "nothing"
}