{
    "cameraHeight": 1.6,
    "layoutHeight": 2.6057866859436034,
    "layoutObj2ds": {
        "num": 0,
        "obj2ds": []
    },
    "layoutPoints": {
        "num": 4,
        "points": [
            {
                "coords": [
                    0.6202873396424368,
                    0.5
                ],
                "id": 0,
                "xyz": [
                    3.6598208,
                    0.0,
                    -3.88324004174889
                ]
            },
            {
                "coords": [
                    0.7839977589586586,
                    0.5
                ],
                "id": 0,
                "xyz": [
                    3.6598208,
                    0.0,
                    0.7939021849775887
                ]
            },
            {
                "coords": [
                    0.14702342981061045,
                    0.5
                ],
                "id": 0,
                "xyz": [
                    -1.0508103936000002,
                    0.0,
                    0.7939021849775887
                ]
            },
            {
                "coords": [
                    0.45793975158491673,
                    0.5
                ],
                "id": 0,
                "xyz": [
                    -1.0508103936000002,
                    0.0,
                    -3.88324004174889
                ]
            }
        ]
    },
    "layoutWalls": {
        "num": 4,
        "walls": [
            {
                "id": 0,
                "normal": [
                    1.0,
                    0.0,
                    -0.0
                ],
                "planeEquation": [
                    1.0,
                    0.0,
                    -0.0,
                    -3.6598208
                ],
                "pointsIdx": [
                    0,
                    1
                ],
                "width": 4.677142226726478
            },
            {
                "id": 0,
                "normal": [
                    0.0,
                    0.0,
                    1.0
                ],
                "planeEquation": [
                    0.0,
                    0.0,
                    1.0,
                    -0.7939021849775887
                ],
                "pointsIdx": [
                    1,
                    2
                ],
                "width": 4.7106311936
            },
            {
                "id": 0,
                "normal": [
                    -1.0,
                    -0.0,
                    -0.0
                ],
                "planeEquation": [
                    -1.0,
                    -0.0,
                    -0.0,
                    -1.0508103936000002
                ],
                "pointsIdx": [
                    2,
                    3
                ],
                "width": 4.677142226726478
            },
            {
                "id": 0,
                "normal": [
                    0.0,
                    0.0,
                    -1.0
                ],
                "planeEquation": [
                    0.0,
                    0.0,
                    -1.0,
                    -3.88324004174889
                ],
                "pointsIdx": [
                    3,
                    0
                ],
                "width": 4.7106311936
            }
        ]
    },
    "panoId": "nothing"
}