{
    "cameraHeight": 1.6,
    "layoutHeight": 2.425992136001587,
    "layoutObj2ds": {
        "num": 0,
        "obj2ds": []
    },
    "layoutPoints": {
        "num": 4,
        "points": [
            {
                "coords": [
                    0.6758433511785649,
                    0.5
                ],
                "id": 0,
                "xyz": [
                    1.5292594316329498,
                    0.0,
                    -0.7690167631251663
                ]
            },
            {
                "coords": [
                    0.8255158673679386,
                    0.5
                ],
                "id": 0,
                "xyz": [
                    1.5292594316329498,
                    0.0,
                    0.7854505821600019
                ]
            },
            {
                "coords": [
                    0.1546755279997271,
                    0.5
                ],
                "id": 0,
                "xyz": [
                    -1.150702144767981,
                    0.0,
                    0.7854505821600019
                ]
            },
            {
                "coords": [
                    0.34376359369039583,
                    0.5
                ],
                "id": 0,
                "xyz": [
                    -1.150702144767981,
                    0.0,
                    -0.7690167631251663
                ]
            }
        ]
    },
    "layoutWalls": {
        "num": 4,
        "walls": [
            {
                "id": 0,
                "normal": [
                    1.0,
                    0.0,
                    -0.0
                ],
                "planeEquation": [
                    1.0,
                    0.0,
                    -0.0,
                    -1.5292594316329498
                ],
                "pointsIdx": [
                    0,
                    1
                ],
                "width": 1.5544673452851683
            },
            {
                "id": 0,
                "normal": [
                    0.0,
                    0.0,
                    1.0
                ],
                "planeEquation": [
                    0.0,
                    0.0,
                    1.0,
                    -0.7854505821600019
                ],
                "pointsIdx": [
                    1,
                    2
                ],
                "width": 2.679961576400931
            },
            {
                "id": 0,
                "normal": [
                    -1.0,
                    -0.0,
                    -0.0
                ],
                "planeEquation": [
                    -1.0,
                    -0.0,
                    -0.0,
                    -1.150702144767981
                ],
                "pointsIdx": [
                    2,
                    3
                ],
                "width": 1.5544673452851683
            },
            {
                "id": 0,
                "normal": [
                    0.0,
                    0.0,
                    -1.0
                ],
                "planeEquation": [
                    0.0,
                    0.0,
                    -1.0,
                    -0.7690167631251663
                ],
                "pointsIdx": [
                    3,
                    0
                ],
                "width": 2.679961576400931
            }
        ]
    },
    "panoId": "nothing"
}