{
    "cameraHeight": 1.6,
    "layoutHeight": 2.3678538131713864,
    "layoutObj2ds": {
        "num": 0,
        "obj2ds": []
    },
    "layoutPoints": {
        "num": 4,
        "points": [
            {
                "coords": [
                    0.7140698951569104,
                    0.5
                ],
                "id": 0,
                "xyz": [
                    2.6287263129075353,
                    0.0,
                    -0.6037411261854098
                ]
            },
            {
                "coords": [
                    0.8913944996118599,
                    0.5
                ],
                "id": 0,
                "xyz": [
                    2.6287263129075353,
                    0.0,
                    3.23488
                ]
            },
            {
                "coords": [
                    0.021927268973266578,
                    0.5
                ],
                "id": 0,
                "xyz": [
                    -0.44852087992176154,
                    0.0,
                    3.23488
                ]
            },
            {
                "coords": [
                    0.39830901445484973,
                    0.5
                ],
                "id": 0,
                "xyz": [
                    -0.44852087992176154,
                    0.0,
                    -0.6037411261854098
                ]
            }
        ]
    },
    "layoutWalls": {
        "num": 4,
        "walls": [
            {
                "id": 0,
                "normal": [
                    1.0,
                    0.0,
                    -0.0
                ],
                "planeEquation": [
                    1.0,
                    0.0,
                    -0.0,
                    -2.6287263129075353
                ],
                "pointsIdx": [
                    0,
                    1
                ],
                "width": 3.8386211261854095
            },
            {
                "id": 0,
                "normal": [
                    0.0,
                    0.0,
                    1.0
                ],
                "planeEquation": [
                    0.0,
                    0.0,
                    1.0,
                    -3.23488
                ],
                "pointsIdx": [
                    1,
                    2
                ],
                "width": 3.077247192829297
            },
            {
                "id": 0,
                "normal": [
                    -1.0,
                    -0.0,
                    -0.0
                ],
                "planeEquation": [
                    -1.0,
                    -0.0,
                    -0.0,
                    -0.44852087992176154
                ],
                "pointsIdx": [
                    2,
                    3
                ],
                "width": 3.8386211261854095
            },
            {
                "id": 0,
                "normal": [
                    0.0,
                    0.0,
                    -1.0
                ],
                "planeEquation": [
                    0.0,
                    0.0,
                    -1.0,
                    -0.6037411261854098
                ],
                "pointsIdx": [
                    3,
                    0
                ],
                "width": 3.077247192829297
            }
        ]
    },
    "panoId": "nothing"
}