{
    "cameraHeight": 1.6,
    "layoutHeight": 2.5303403282165524,
    "layoutObj2ds": {
        "num": 0,
        "obj2ds": []
    },
    "layoutPoints": {
        "num": 6,
        "points": [
            {
                "coords": [
                    0.6927329277305425,
                    0.5
                ],
                "id": 0,
                "xyz": [
                    2.635923816901906,
                    0.0,
                    -0.991626467699002
                ]
            },
            {
                "coords": [
                    0.7674204700227788,
                    0.5
                ],
                "id": 0,
                "xyz": [
                    2.635923816901906,
                    0.0,
                    0.28967554251631406
                ]
            },
            {
                "coords": [
                    0.8040202953851562,
                    0.5
                ],
                "id": 0,
                "xyz": [
                    0.8204155993600002,
                    0.0,
                    0.28967554251631406
                ]
            },
            {
                "coords": [
                    0.967416234737517,
                    0.5
                ],
                "id": 0,
                "xyz": [
                    0.8204155993600002,
                    0.0,
                    3.9511635314731177
                ]
            },
            {
                "coords": [
                    0.1629015045599217,
                    0.5
                ],
                "id": 0,
                "xyz": [
                    -6.484375,
                    0.0,
                    3.9511635314731177
                ]
            },
            {
                "coords": [
                    0.27415174097670886,
                    0.5
                ],
                "id": 0,
                "xyz": [
                    -6.484375,
                    0.0,
                    -0.991626467699002
                ]
            }
        ]
    },
    "layoutWalls": {
        "num": 6,
        "walls": [
            {
                "id": 0,
                "normal": [
                    1.0,
                    0.0,
                    -0.0
                ],
                "planeEquation": [
                    1.0,
                    0.0,
                    -0.0,
                    -2.635923816901906
                ],
                "pointsIdx": [
                    0,
                    1
                ],
                "width": 1.281302010215316
            },
            {
                "id": 0,
                "normal": [
                    0.0,
                    0.0,
                    1.0
                ],
                "planeEquation": [
                    0.0,
                    0.0,
                    1.0,
                    -0.28967554251631406
                ],
                "pointsIdx": [
                    1,
                    2
                ],
                "width": 1.815508217541906
            },
            {
                "id": 0,
                "normal": [
                    1.0,
                    0.0,
                    -0.0
                ],
                "planeEquation": [
                    1.0,
                    0.0,
                    -0.0,
                    -0.8204155993600002
                ],
                "pointsIdx": [
                    2,
                    3
                ],
                "width": 3.6614879889568037
            },
            {
                "id": 0,
                "normal": [
                    0.0,
                    0.0,
                    1.0
                ],
                "planeEquation": [
                    0.0,
                    0.0,
                    1.0,
                    -3.9511635314731177
                ],
                "pointsIdx": [
                    3,
                    4
                ],
                "width": 7.30479059936
            },
            {
                "id": 0,
                "normal": [
                    -1.0,
                    -0.0,
                    -0.0
                ],
                "planeEquation": [
                    -1.0,
                    -0.0,
                    -0.0,
                    -6.484375
                ],
                "pointsIdx": [
                    4,
                    5
                ],
                "width": 4.94278999917212
            },
            {
                "id": 0,
                "normal": [
                    0.0,
                    0.0,
                    -1.0
                ],
                "planeEquation": [
                    0.0,
                    0.0,
                    -1.0,
                    -0.991626467699002
                ],
                "pointsIdx": [
                    5,
                    0
                ],
                "width": 9.120298816901906
            }
        ]
    },
    "panoId": "nothing"
}