{
    "cameraHeight": 1.6,
    "layoutHeight": 2.552242212295532,
    "layoutObj2ds": {
        "num": 0,
        "obj2ds": []
    },
    "layoutPoints": {
        "num": 4,
        "points": [
            {
                "coords": [
                    0.6978457651298133,
                    0.5
                ],
                "id": 0,
                "xyz": [
                    3.4072174583808,
                    0.0,
                    -1.1582875092824885
                ]
            },
            {
                "coords": [
                    0.8481048770416073,
                    0.5
                ],
                "id": 0,
                "xyz": [
                    3.4072174583808,
                    0.0,
                    2.41403
                ]
            },
            {
                "coords": [
                    0.02695445881007441,
                    0.5
                ],
                "id": 0,
                "xyz": [
                    -0.41279404032,
                    0.0,
                    2.41403
                ]
            },
            {
                "coords": [
                    0.44551331700649716,
                    0.5
                ],
                "id": 0,
                "xyz": [
                    -0.41279404032,
                    0.0,
                    -1.1582875092824885
                ]
            }
        ]
    },
    "layoutWalls": {
        "num": 4,
        "walls": [
            {
                "id": 0,
                "normal": [
                    1.0,
                    0.0,
                    -0.0
                ],
                "planeEquation": [
                    1.0,
                    0.0,
                    -0.0,
                    -3.4072174583808
                ],
                "pointsIdx": [
                    0,
                    1
                ],
                "width": 3.572317509282488
            },
            {
                "id": 0,
                "normal": [
                    0.0,
                    0.0,
                    1.0
                ],
                "planeEquation": [
                    0.0,
                    0.0,
                    1.0,
                    -2.41403
                ],
                "pointsIdx": [
                    1,
                    2
                ],
                "width": 3.8200114987008003
            },
            {
                "id": 0,
                "normal": [
                    -1.0,
                    -0.0,
                    -0.0
                ],
                "planeEquation": [
                    -1.0,
                    -0.0,
                    -0.0,
                    -0.41279404032
                ],
                "pointsIdx": [
                    2,
                    3
                ],
                "width": 3.572317509282488
            },
            {
                "id": 0,
                "normal": [
                    0.0,
                    0.0,
                    -1.0
                ],
                "planeEquation": [
                    0.0,
                    0.0,
                    -1.0,
                    -1.1582875092824885
                ],
                "pointsIdx": [
                    3,
                    0
                ],
                "width": 3.8200114987008003
            }
        ]
    },
    "panoId": "nothing"
}