{
    "cameraHeight": 1.6,
    "layoutHeight": 2.661741313934326,
    "layoutObj2ds": {
        "num": 0,
        "obj2ds": []
    },
    "layoutPoints": {
        "num": 8,
        "points": [
            {
                "coords": [
                    0.7286318128597932,
                    0.5
                ],
                "id": 0,
                "xyz": [
                    13.951393247410708,
                    0.0,
                    -1.8844545347128074
                ]
            },
            {
                "coords": [
                    0.7463739992133521,
                    0.49683925729521555
                ],
                "id": 0,
                "xyz": [
                    13.951393247410708,
                    0.13857458705782397,
                    -0.31790729447859495
                ]
            },
            {
                "coords": [
                    0.7354861111111111,
                    0.4873710624920901
                ],
                "id": 0,
                "xyz": [
                    3.47640678735872,
                    0.13857458705782397,
                    -0.31790729447859495
                ]
            },
            {
                "coords": [
                    0.7766991902196407,
                    0.5
                ],
                "id": 0,
                "xyz": [
                    3.47640678735872,
                    0.0,
                    0.5887209531362508
                ]
            },
            {
                "coords": [
                    0.23211431987987474,
                    0.5
                ],
                "id": 0,
                "xyz": [
                    -5.216635790369285,
                    0.0,
                    0.5887209531362508
                ]
            },
            {
                "coords": [
                    0.27145325771108914,
                    0.5
                ],
                "id": 0,
                "xyz": [
                    -5.216635790369285,
                    0.0,
                    -0.7074653400720525
                ]
            },
            {
                "coords": [
                    0.6979861111111112,
                    0.4774181527509935
                ],
                "id": 0,
                "xyz": [
                    2.087117142941158,
                    0.15660419560262803,
                    -0.7074653400720525
                ]
            },
            {
                "coords": [
                    0.6331143703852231,
                    0.4822910413479949
                ],
                "id": 0,
                "xyz": [
                    2.087117142941158,
                    0.15660419560262803,
                    -1.8844545347128074
                ]
            }
        ]
    },
    "layoutWalls": {
        "num": 8,
        "walls": [
            {
                "id": 0,
                "normal": [
                    1.0,
                    0.0,
                    -0.0
                ],
                "planeEquation": [
                    1.0,
                    0.0,
                    -0.0,
                    -13.951393247410708
                ],
                "pointsIdx": [
                    0,
                    1
                ],
                "width": 1.5665472402342124
            },
            {
                "id": 0,
                "normal": [
                    0.0,
                    0.0,
                    1.0
                ],
                "planeEquation": [
                    0.0,
                    0.0,
                    1.0,
                    0.31790729447859495
                ],
                "pointsIdx": [
                    1,
                    2
                ],
                "width": 10.474986460051989
            },
            {
                "id": 0,
                "normal": [
                    1.0,
                    0.0,
                    -0.0
                ],
                "planeEquation": [
                    1.0,
                    0.0,
                    -0.0,
                    -3.47640678735872
                ],
                "pointsIdx": [
                    2,
                    3
                ],
                "width": 0.9066282476148457
            },
            {
                "id": 0,
                "normal": [
                    0.0,
                    0.0,
                    1.0
                ],
                "planeEquation": [
                    0.0,
                    0.0,
                    1.0,
                    -0.5887209531362508
                ],
                "pointsIdx": [
                    3,
                    4
                ],
                "width": 8.693042577728004
            },
            {
                "id": 0,
                "normal": [
                    -1.0,
                    -0.0,
                    -0.0
                ],
                "planeEquation": [
                    -1.0,
                    -0.0,
                    -0.0,
                    -5.216635790369285
                ],
                "pointsIdx": [
                    4,
                    5
                ],
                "width": 1.2961862932083035
            },
            {
                "id": 0,
                "normal": [
                    0.0,
                    0.0,
                    -1.0
                ],
                "planeEquation": [
                    0.0,
                    0.0,
                    -1.0,
                    -0.7074653400720525
                ],
                "pointsIdx": [
                    5,
                    6
                ],
                "width": 7.303752933310443
            },
            {
                "id": 0,
                "normal": [
                    -1.0,
                    -0.0,
                    -0.0
                ],
                "planeEquation": [
                    -1.0,
                    -0.0,
                    -0.0,
                    2.087117142941158
                ],
                "pointsIdx": [
                    6,
                    7
                ],
                "width": 1.176989194640755
            },
            {
                "id": 0,
                "normal": [
                    0.0,
                    0.0,
                    -1.0
                ],
                "planeEquation": [
                    0.0,
                    0.0,
                    -1.0,
                    -1.8844545347128074
                ],
                "pointsIdx": [
                    7,
                    0
                ],
                "width": 11.86427610446955
            }
        ]
    },
    "panoId": "nothing"
}