{
    "cameraHeight": 1.6,
    "layoutHeight": 2.5984542846679686,
    "layoutObj2ds": {
        "num": 0,
        "obj2ds": []
    },
    "layoutPoints": {
        "num": 6,
        "points": [
            {
                "coords": [
                    0.6326555041064756,
                    0.5
                ],
                "id": 0,
                "xyz": [
                    2.863319960268029,
                    0.0,
                    -2.600311231920421
                ]
            },
            {
                "coords": [
                    0.68637569455285,
                    0.5331309271001883
                ],
                "id": 0,
                "xyz": [
                    2.863319960268029,
                    -0.3247085942775651,
                    -1.209793448094534
                ]
            },
            {
                "coords": [
                    0.6343055555555555,
                    0.5561869321432447
                ],
                "id": 0,
                "xyz": [
                    1.3602304317484928,
                    -0.3247085942775651,
                    -1.209793448094534
                ]
            },
            {
                "coords": [
                    0.9206316060378379,
                    0.5
                ],
                "id": 0,
                "xyz": [
                    1.3602304317484928,
                    0.0,
                    2.49767808
                ]
            },
            {
                "coords": [
                    0.18938889308265994,
                    0.5
                ],
                "id": 0,
                "xyz": [
                    -6.23832496,
                    0.0,
                    2.49767808
                ]
            },
            {
                "coords": [
                    0.3128548945846057,
                    0.5
                ],
                "id": 0,
                "xyz": [
                    -6.23832496,
                    0.0,
                    -2.600311231920421
                ]
            }
        ]
    },
    "layoutWalls": {
        "num": 6,
        "walls": [
            {
                "id": 0,
                "normal": [
                    1.0,
                    0.0,
                    -0.0
                ],
                "planeEquation": [
                    1.0,
                    0.0,
                    -0.0,
                    -2.863319960268029
                ],
                "pointsIdx": [
                    0,
                    1
                ],
                "width": 1.390517783825887
            },
            {
                "id": 0,
                "normal": [
                    0.0,
                    0.0,
                    1.0
                ],
                "planeEquation": [
                    0.0,
                    0.0,
                    1.0,
                    1.209793448094534
                ],
                "pointsIdx": [
                    1,
                    2
                ],
                "width": 1.503089528519536
            },
            {
                "id": 0,
                "normal": [
                    1.0,
                    0.0,
                    -0.0
                ],
                "planeEquation": [
                    1.0,
                    0.0,
                    -0.0,
                    -1.3602304317484928
                ],
                "pointsIdx": [
                    2,
                    3
                ],
                "width": 3.7074715280945343
            },
            {
                "id": 0,
                "normal": [
                    0.0,
                    0.0,
                    1.0
                ],
                "planeEquation": [
                    0.0,
                    0.0,
                    1.0,
                    -2.49767808
                ],
                "pointsIdx": [
                    3,
                    4
                ],
                "width": 7.5985553917484925
            },
            {
                "id": 0,
                "normal": [
                    -1.0,
                    -0.0,
                    -0.0
                ],
                "planeEquation": [
                    -1.0,
                    -0.0,
                    -0.0,
                    -6.23832496
                ],
                "pointsIdx": [
                    4,
                    5
                ],
                "width": 5.097989311920421
            },
            {
                "id": 0,
                "normal": [
                    0.0,
                    0.0,
                    -1.0
                ],
                "planeEquation": [
                    0.0,
                    0.0,
                    -1.0,
                    -2.600311231920421
                ],
                "pointsIdx": [
                    5,
                    0
                ],
                "width": 9.10164492026803
            }
        ]
    },
    "panoId": "nothing"
}