{
    "cameraHeight": 1.6,
    "layoutHeight": 2.6046659278869626,
    "layoutObj2ds": {
        "num": 0,
        "obj2ds": []
    },
    "layoutPoints": {
        "num": 12,
        "points": [
            {
                "coords": [
                    0.7239809488146566,
                    0.5
                ],
                "id": 0,
                "xyz": [
                    6.469072208915317,
                    0.0,
                    -1.067103872200661
                ]
            },
            {
                "coords": [
                    0.7646059049170093,
                    0.5
                ],
                "id": 0,
                "xyz": [
                    6.469072208915317,
                    0.0,
                    0.5953494425599999
                ]
            },
            {
                "coords": [
                    0.886169633412218,
                    0.5
                ],
                "id": 0,
                "xyz": [
                    0.5171451594342401,
                    0.0,
                    0.5953494425599999
                ]
            },
            {
                "coords": [
                    0.9740590809796248,
                    0.5
                ],
                "id": 0,
                "xyz": [
                    0.5171451594342401,
                    0.0,
                    3.1446865130177555
                ]
            },
            {
                "coords": [
                    0.029857246422548334,
                    0.5
                ],
                "id": 0,
                "xyz": [
                    -0.5969582760016214,
                    0.0,
                    3.1446865130177555
                ]
            },
            {
                "coords": [
                    0.058922722585034226,
                    0.5
                ],
                "id": 0,
                "xyz": [
                    -0.5969582760016214,
                    0.0,
                    1.538080433238154
                ]
            },
            {
                "coords": [
                    0.21951872877454026,
                    0.5
                ],
                "id": 0,
                "xyz": [
                    -7.932503130174943,
                    0.0,
                    1.538080433238154
                ]
            },
            {
                "coords": [
                    0.24586181389291184,
                    0.5
                ],
                "id": 0,
                "xyz": [
                    -7.932503130174943,
                    0.0,
                    0.20629942749799385
                ]
            },
            {
                "coords": [
                    0.21815076861682503,
                    0.5
                ],
                "id": 0,
                "xyz": [
                    -1.01710825472,
                    0.0,
                    0.20629942749799385
                ]
            },
            {
                "coords": [
                    0.3342022680165073,
                    0.5
                ],
                "id": 0,
                "xyz": [
                    -1.01710825472,
                    0.0,
                    -0.59465532225303
                ]
            },
            {
                "coords": [
                    0.5750000000000001,
                    0.6707238732106889
                ],
                "id": 0,
                "xyz": [
                    0.3029920203652296,
                    -0.3967489777939369,
                    -0.59465532225303
                ]
            },
            {
                "coords": [
                    0.5440313694865259,
                    0.6093343466754245
                ],
                "id": 0,
                "xyz": [
                    0.3029920203652296,
                    -0.3967489777939369,
                    -1.067103872200661
                ]
            }
        ]
    },
    "layoutWalls": {
        "num": 12,
        "walls": [
            {
                "id": 0,
                "normal": [
                    1.0,
                    0.0,
                    -0.0
                ],
                "planeEquation": [
                    1.0,
                    0.0,
                    -0.0,
                    -6.469072208915317
                ],
                "pointsIdx": [
                    0,
                    1
                ],
                "width": 1.6624533147606608
            },
            {
                "id": 0,
                "normal": [
                    0.0,
                    0.0,
                    1.0
                ],
                "planeEquation": [
                    0.0,
                    0.0,
                    1.0,
                    -0.5953494425599999
                ],
                "pointsIdx": [
                    1,
                    2
                ],
                "width": 5.9519270494810765
            },
            {
                "id": 0,
                "normal": [
                    1.0,
                    0.0,
                    -0.0
                ],
                "planeEquation": [
                    1.0,
                    0.0,
                    -0.0,
                    -0.5171451594342401
                ],
                "pointsIdx": [
                    2,
                    3
                ],
                "width": 2.5493370704577556
            },
            {
                "id": 0,
                "normal": [
                    0.0,
                    0.0,
                    1.0
                ],
                "planeEquation": [
                    0.0,
                    0.0,
                    1.0,
                    -3.1446865130177555
                ],
                "pointsIdx": [
                    3,
                    4
                ],
                "width": 1.1141034354358617
            },
            {
                "id": 0,
                "normal": [
                    -1.0,
                    -0.0,
                    -0.0
                ],
                "planeEquation": [
                    -1.0,
                    -0.0,
                    -0.0,
                    -0.5969582760016214
                ],
                "pointsIdx": [
                    4,
                    5
                ],
                "width": 1.6066060797796016
            },
            {
                "id": 0,
                "normal": [
                    0.0,
                    0.0,
                    1.0
                ],
                "planeEquation": [
                    0.0,
                    0.0,
                    1.0,
                    -1.538080433238154
                ],
                "pointsIdx": [
                    5,
                    6
                ],
                "width": 7.335544854173322
            },
            {
                "id": 0,
                "normal": [
                    -1.0,
                    -0.0,
                    -0.0
                ],
                "planeEquation": [
                    -1.0,
                    -0.0,
                    -0.0,
                    -7.932503130174943
                ],
                "pointsIdx": [
                    6,
                    7
                ],
                "width": 1.33178100574016
            },
            {
                "id": 0,
                "normal": [
                    0.0,
                    0.0,
                    -1.0
                ],
                "planeEquation": [
                    0.0,
                    0.0,
                    -1.0,
                    0.20629942749799385
                ],
                "pointsIdx": [
                    7,
                    8
                ],
                "width": 6.915394875454943
            },
            {
                "id": 0,
                "normal": [
                    -1.0,
                    -0.0,
                    -0.0
                ],
                "planeEquation": [
                    -1.0,
                    -0.0,
                    -0.0,
                    -1.01710825472
                ],
                "pointsIdx": [
                    8,
                    9
                ],
                "width": 0.8009547497510239
            },
            {
                "id": 0,
                "normal": [
                    0.0,
                    0.0,
                    -1.0
                ],
                "planeEquation": [
                    0.0,
                    0.0,
                    -1.0,
                    -0.59465532225303
                ],
                "pointsIdx": [
                    9,
                    10
                ],
                "width": 1.3201002750852298
            },
            {
                "id": 0,
                "normal": [
                    -1.0,
                    -0.0,
                    -0.0
                ],
                "planeEquation": [
                    -1.0,
                    -0.0,
                    -0.0,
                    0.3029920203652296
                ],
                "pointsIdx": [
                    10,
                    11
                ],
                "width": 0.47244854994763097
            },
            {
                "id": 0,
                "normal": [
                    0.0,
                    0.0,
                    -1.0
                ],
                "planeEquation": [
                    0.0,
                    0.0,
                    -1.0,
                    -1.067103872200661
                ],
                "pointsIdx": [
                    11,
                    0
                ],
                "width": 6.1660801885500875
            }
        ]
    },
    "panoId": "nothing"
}