{
    "cameraHeight": 1.6,
    "layoutHeight": 2.6134264659881588,
    "layoutObj2ds": {
        "num": 0,
        "obj2ds": []
    },
    "layoutPoints": {
        "num": 12,
        "points": [
            {
                "coords": [
                    0.6197337851899006,
                    0.5
                ],
                "id": 0,
                "xyz": [
                    3.1130850897828357,
                    0.0,
                    -3.3262308556664903
                ]
            },
            {
                "coords": [
                    0.7813381666522587,
                    0.5
                ],
                "id": 0,
                "xyz": [
                    3.1130850897828357,
                    0.0,
                    0.6210241041916476
                ]
            },
            {
                "coords": [
                    0.05588785036586391,
                    0.6017663097533955
                ],
                "id": 0,
                "xyz": [
                    -0.22750379358674272,
                    -0.2189615816265183,
                    0.6210241041916476
                ]
            },
            {
                "coords": [
                    0.009811853339143861,
                    0.5188528468950387
                ],
                "id": 0,
                "xyz": [
                    -0.22750379358674272,
                    -0.2189615816265183,
                    3.6855900987469066
                ]
            },
            {
                "coords": [
                    0.13518024387572747,
                    0.5
                ],
                "id": 0,
                "xyz": [
                    -4.190037743384831,
                    0.0,
                    3.6855900987469066
                ]
            },
            {
                "coords": [
                    0.2993497548634102,
                    0.5
                ],
                "id": 0,
                "xyz": [
                    -4.190037743384831,
                    0.0,
                    -1.342524627383335
                ]
            },
            {
                "coords": [
                    0.47545472436347197,
                    0.5965140199436092
                ],
                "id": 0,
                "xyz": [
                    -0.20870480679592998,
                    -0.4250597046973491,
                    -1.342524627383335
                ]
            },
            {
                "coords": [
                    0.4299113367866507,
                    0.7275791948716557
                ],
                "id": 0,
                "xyz": [
                    -0.20870480679592998,
                    -0.4250597046973491,
                    -0.44287971137447496
                ]
            },
            {
                "coords": [
                    0.5093526517734411,
                    0.5
                ],
                "id": 0,
                "xyz": [
                    0.026055579225054745,
                    0.0,
                    -0.44287971137447496
                ]
            },
            {
                "coords": [
                    0.5008625998659776,
                    0.5
                ],
                "id": 0,
                "xyz": [
                    0.026055579225054745,
                    0.0,
                    -4.807366413326674
                ]
            },
            {
                "coords": [
                    0.5535133112714585,
                    0.5055887261980629
                ],
                "id": 0,
                "xyz": [
                    1.6802001073341568,
                    -0.08942125982742419,
                    -4.807366413326674
                ]
            },
            {
                "coords": [
                    0.5744444444444444,
                    0.5076366901543442
                ],
                "id": 0,
                "xyz": [
                    1.6802001073341568,
                    -0.08942125982742419,
                    -3.3262308556664903
                ]
            }
        ]
    },
    "layoutWalls": {
        "num": 12,
        "walls": [
            {
                "id": 0,
                "normal": [
                    1.0,
                    0.0,
                    -0.0
                ],
                "planeEquation": [
                    1.0,
                    0.0,
                    -0.0,
                    -3.1130850897828357
                ],
                "pointsIdx": [
                    0,
                    1
                ],
                "width": 3.947254959858138
            },
            {
                "id": 0,
                "normal": [
                    0.0,
                    0.0,
                    1.0
                ],
                "planeEquation": [
                    0.0,
                    0.0,
                    1.0,
                    -0.6210241041916476
                ],
                "pointsIdx": [
                    1,
                    2
                ],
                "width": 3.3405888833695783
            },
            {
                "id": 0,
                "normal": [
                    1.0,
                    0.0,
                    -0.0
                ],
                "planeEquation": [
                    1.0,
                    0.0,
                    -0.0,
                    0.22750379358674272
                ],
                "pointsIdx": [
                    2,
                    3
                ],
                "width": 3.064565994555259
            },
            {
                "id": 0,
                "normal": [
                    0.0,
                    0.0,
                    1.0
                ],
                "planeEquation": [
                    0.0,
                    0.0,
                    1.0,
                    -3.6855900987469066
                ],
                "pointsIdx": [
                    3,
                    4
                ],
                "width": 3.9625339497980887
            },
            {
                "id": 0,
                "normal": [
                    -1.0,
                    -0.0,
                    -0.0
                ],
                "planeEquation": [
                    -1.0,
                    -0.0,
                    -0.0,
                    -4.190037743384831
                ],
                "pointsIdx": [
                    4,
                    5
                ],
                "width": 5.028114726130242
            },
            {
                "id": 0,
                "normal": [
                    0.0,
                    0.0,
                    -1.0
                ],
                "planeEquation": [
                    0.0,
                    0.0,
                    -1.0,
                    -1.342524627383335
                ],
                "pointsIdx": [
                    5,
                    6
                ],
                "width": 3.981332936588901
            },
            {
                "id": 0,
                "normal": [
                    1.0,
                    0.0,
                    -0.0
                ],
                "planeEquation": [
                    1.0,
                    0.0,
                    -0.0,
                    0.20870480679592998
                ],
                "pointsIdx": [
                    6,
                    7
                ],
                "width": 0.89964491600886
            },
            {
                "id": 0,
                "normal": [
                    0.0,
                    0.0,
                    -1.0
                ],
                "planeEquation": [
                    0.0,
                    0.0,
                    -1.0,
                    -0.44287971137447496
                ],
                "pointsIdx": [
                    7,
                    8
                ],
                "width": 0.23476038602098473
            },
            {
                "id": 0,
                "normal": [
                    -1.0,
                    -0.0,
                    -0.0
                ],
                "planeEquation": [
                    -1.0,
                    -0.0,
                    -0.0,
                    0.026055579225054745
                ],
                "pointsIdx": [
                    8,
                    9
                ],
                "width": 4.364486701952199
            },
            {
                "id": 0,
                "normal": [
                    0.0,
                    0.0,
                    -1.0
                ],
                "planeEquation": [
                    0.0,
                    0.0,
                    -1.0,
                    -4.807366413326674
                ],
                "pointsIdx": [
                    9,
                    10
                ],
                "width": 1.654144528109102
            },
            {
                "id": 0,
                "normal": [
                    1.0,
                    0.0,
                    -0.0
                ],
                "planeEquation": [
                    1.0,
                    0.0,
                    -0.0,
                    -1.6802001073341568
                ],
                "pointsIdx": [
                    10,
                    11
                ],
                "width": 1.481135557660184
            },
            {
                "id": 0,
                "normal": [
                    0.0,
                    0.0,
                    -1.0
                ],
                "planeEquation": [
                    0.0,
                    0.0,
                    -1.0,
                    -3.3262308556664903
                ],
                "pointsIdx": [
                    11,
                    0
                ],
                "width": 1.432884982448679
            }
        ]
    },
    "panoId": "nothing"
}