{
    "cameraHeight": 1.6,
    "layoutHeight": 2.754901304244995,
    "layoutObj2ds": {
        "num": 0,
        "obj2ds": []
    },
    "layoutPoints": {
        "num": 16,
        "points": [
            {
                "coords": [
                    0.5657134349805054,
                    0.5
                ],
                "id": 0,
                "xyz": [
                    2.0419300000000002,
                    0.0,
                    -4.6611840128896205
                ]
            },
            {
                "coords": [
                    0.7053943967649895,
                    0.5
                ],
                "id": 0,
                "xyz": [
                    2.0419300000000002,
                    0.0,
                    -0.5877523025305601
                ]
            },
            {
                "coords": [
                    0.7144407601494861,
                    0.5
                ],
                "id": 0,
                "xyz": [
                    2.5867242513165736,
                    0.0,
                    -0.5877523025305601
                ]
            },
            {
                "coords": [
                    0.7788066621648562,
                    0.5473815722761658
                ],
                "id": 0,
                "xyz": [
                    2.5867242513165736,
                    -0.394354435732991,
                    0.47337143375581126
                ]
            },
            {
                "coords": [
                    0.788125,
                    0.5621156249693365
                ],
                "id": 0,
                "xyz": [
                    1.9381719654694611,
                    -0.394354435732991,
                    0.47337143375581126
                ]
            },
            {
                "coords": [
                    0.86375,
                    0.5038885986886668
                ],
                "id": 0,
                "xyz": [
                    1.9381719654694611,
                    -0.031350746351683875,
                    1.6818599584462028
                ]
            },
            {
                "coords": [
                    0.8118147380160933,
                    0.5022469767758311
                ],
                "id": 0,
                "xyz": [
                    4.11033663298618,
                    -0.031350746351683875,
                    1.6818599584462028
                ]
            },
            {
                "coords": [
                    0.9287517650208701,
                    0.5
                ],
                "id": 0,
                "xyz": [
                    4.11033663298618,
                    0.0,
                    8.56
                ]
            },
            {
                "coords": [
                    0.005534614218841494,
                    0.5
                ],
                "id": 0,
                "xyz": [
                    -0.29779410829312,
                    0.0,
                    8.56
                ]
            },
            {
                "coords": [
                    0.01223959151286097,
                    0.5
                ],
                "id": 0,
                "xyz": [
                    -0.29779410829312,
                    0.0,
                    3.8646659628978774
                ]
            },
            {
                "coords": [
                    0.12350459810244874,
                    0.5
                ],
                "id": 0,
                "xyz": [
                    -3.792715948645916,
                    0.0,
                    3.8646659628978774
                ]
            },
            {
                "coords": [
                    0.30262390559016344,
                    0.5
                ],
                "id": 0,
                "xyz": [
                    -3.792715948645916,
                    0.0,
                    -1.3018366236309034
                ]
            },
            {
                "coords": [
                    0.35569890534600956,
                    0.5067011806217311
                ],
                "id": 0,
                "xyz": [
                    -1.6631849589615573,
                    -0.04447128354545861,
                    -1.3018366236309034
                ]
            },
            {
                "coords": [
                    0.3023611111111111,
                    0.5080529771709257
                ],
                "id": 0,
                "xyz": [
                    -1.6631849589615573,
                    -0.04447128354545861,
                    -0.567814433271972
                ]
            },
            {
                "coords": [
                    0.5573796407670631,
                    0.5
                ],
                "id": 0,
                "xyz": [
                    0.21406861910218658,
                    0.0,
                    -0.567814433271972
                ]
            },
            {
                "coords": [
                    0.5073041861813634,
                    0.5
                ],
                "id": 0,
                "xyz": [
                    0.21406861910218658,
                    0.0,
                    -4.6611840128896205
                ]
            }
        ]
    },
    "layoutWalls": {
        "num": 16,
        "walls": [
            {
                "id": 0,
                "normal": [
                    1.0,
                    0.0,
                    -0.0
                ],
                "planeEquation": [
                    1.0,
                    0.0,
                    -0.0,
                    -2.0419300000000002
                ],
                "pointsIdx": [
                    0,
                    1
                ],
                "width": 4.073431710359061
            },
            {
                "id": 0,
                "normal": [
                    0.0,
                    0.0,
                    -1.0
                ],
                "planeEquation": [
                    0.0,
                    0.0,
                    -1.0,
                    -0.5877523025305601
                ],
                "pointsIdx": [
                    1,
                    2
                ],
                "width": 0.5447942513165733
            },
            {
                "id": 0,
                "normal": [
                    1.0,
                    0.0,
                    -0.0
                ],
                "planeEquation": [
                    1.0,
                    0.0,
                    -0.0,
                    -2.5867242513165736
                ],
                "pointsIdx": [
                    2,
                    3
                ],
                "width": 1.0611237362863712
            },
            {
                "id": 0,
                "normal": [
                    0.0,
                    0.0,
                    1.0
                ],
                "planeEquation": [
                    0.0,
                    0.0,
                    1.0,
                    -0.47337143375581126
                ],
                "pointsIdx": [
                    3,
                    4
                ],
                "width": 0.6485522858471124
            },
            {
                "id": 0,
                "normal": [
                    1.0,
                    0.0,
                    -0.0
                ],
                "planeEquation": [
                    1.0,
                    0.0,
                    -0.0,
                    -1.9381719654694611
                ],
                "pointsIdx": [
                    4,
                    5
                ],
                "width": 1.2084885246903916
            },
            {
                "id": 0,
                "normal": [
                    0.0,
                    0.0,
                    -1.0
                ],
                "planeEquation": [
                    0.0,
                    0.0,
                    -1.0,
                    1.6818599584462028
                ],
                "pointsIdx": [
                    5,
                    6
                ],
                "width": 2.1721646675167188
            },
            {
                "id": 0,
                "normal": [
                    1.0,
                    0.0,
                    -0.0
                ],
                "planeEquation": [
                    1.0,
                    0.0,
                    -0.0,
                    -4.11033663298618
                ],
                "pointsIdx": [
                    6,
                    7
                ],
                "width": 6.878140041553798
            },
            {
                "id": 0,
                "normal": [
                    0.0,
                    0.0,
                    1.0
                ],
                "planeEquation": [
                    0.0,
                    0.0,
                    1.0,
                    -8.56
                ],
                "pointsIdx": [
                    7,
                    8
                ],
                "width": 4.4081307412793
            },
            {
                "id": 0,
                "normal": [
                    -1.0,
                    -0.0,
                    -0.0
                ],
                "planeEquation": [
                    -1.0,
                    -0.0,
                    -0.0,
                    -0.29779410829312
                ],
                "pointsIdx": [
                    8,
                    9
                ],
                "width": 4.695334037102123
            },
            {
                "id": 0,
                "normal": [
                    0.0,
                    0.0,
                    1.0
                ],
                "planeEquation": [
                    0.0,
                    0.0,
                    1.0,
                    -3.8646659628978774
                ],
                "pointsIdx": [
                    9,
                    10
                ],
                "width": 3.494921840352796
            },
            {
                "id": 0,
                "normal": [
                    -1.0,
                    -0.0,
                    -0.0
                ],
                "planeEquation": [
                    -1.0,
                    -0.0,
                    -0.0,
                    -3.792715948645916
                ],
                "pointsIdx": [
                    10,
                    11
                ],
                "width": 5.166502586528781
            },
            {
                "id": 0,
                "normal": [
                    0.0,
                    0.0,
                    -1.0
                ],
                "planeEquation": [
                    0.0,
                    0.0,
                    -1.0,
                    -1.3018366236309034
                ],
                "pointsIdx": [
                    11,
                    12
                ],
                "width": 2.1295309896843584
            },
            {
                "id": 0,
                "normal": [
                    1.0,
                    0.0,
                    -0.0
                ],
                "planeEquation": [
                    1.0,
                    0.0,
                    -0.0,
                    1.6631849589615573
                ],
                "pointsIdx": [
                    12,
                    13
                ],
                "width": 0.7340221903589313
            },
            {
                "id": 0,
                "normal": [
                    0.0,
                    0.0,
                    -1.0
                ],
                "planeEquation": [
                    0.0,
                    0.0,
                    -1.0,
                    -0.567814433271972
                ],
                "pointsIdx": [
                    13,
                    14
                ],
                "width": 1.8772535780637438
            },
            {
                "id": 0,
                "normal": [
                    -1.0,
                    -0.0,
                    -0.0
                ],
                "planeEquation": [
                    -1.0,
                    -0.0,
                    -0.0,
                    0.21406861910218658
                ],
                "pointsIdx": [
                    14,
                    15
                ],
                "width": 4.093369579617648
            },
            {
                "id": 0,
                "normal": [
                    0.0,
                    0.0,
                    -1.0
                ],
                "planeEquation": [
                    0.0,
                    0.0,
                    -1.0,
                    -4.6611840128896205
                ],
                "pointsIdx": [
                    15,
                    0
                ],
                "width": 1.8278613808978137
            }
        ]
    },
    "panoId": "nothing"
}