{
    "cameraHeight": 1.6,
    "layoutHeight": 2.6026614665985104,
    "layoutObj2ds": {
        "num": 0,
        "obj2ds": []
    },
    "layoutPoints": {
        "num": 6,
        "points": [
            {
                "coords": [
                    0.6900003309206959,
                    0.5
                ],
                "id": 0,
                "xyz": [
                    3.1813569907444146,
                    0.0,
                    -1.2595806869061632
                ]
            },
            {
                "coords": [
                    0.8848587637850556,
                    0.5
                ],
                "id": 0,
                "xyz": [
                    3.1813569907444146,
                    0.0,
                    3.6020922261431885
                ]
            },
            {
                "coords": [
                    0.9141124153822091,
                    0.4734361150956108
                ],
                "id": 0,
                "xyz": [
                    2.157475713010183,
                    0.3512162681268949,
                    3.6020922261431885
                ]
            },
            {
                "coords": [
                    0.8895833333333333,
                    0.4669845933192343
                ],
                "id": 0,
                "xyz": [
                    2.157475713010183,
                    0.3512162681268949,
                    2.5940825859963836
                ]
            },
            {
                "coords": [
                    0.0449696805945583,
                    0.5
                ],
                "id": 0,
                "xyz": [
                    -0.7531147987877889,
                    0.0,
                    2.5940825859963836
                ]
            },
            {
                "coords": [
                    0.41423447585460366,
                    0.5
                ],
                "id": 0,
                "xyz": [
                    -0.7531147987877889,
                    0.0,
                    -1.2595806869061632
                ]
            }
        ]
    },
    "layoutWalls": {
        "num": 6,
        "walls": [
            {
                "id": 0,
                "normal": [
                    1.0,
                    0.0,
                    -0.0
                ],
                "planeEquation": [
                    1.0,
                    0.0,
                    -0.0,
                    -3.1813569907444146
                ],
                "pointsIdx": [
                    0,
                    1
                ],
                "width": 4.861672913049352
            },
            {
                "id": 0,
                "normal": [
                    0.0,
                    0.0,
                    1.0
                ],
                "planeEquation": [
                    0.0,
                    0.0,
                    1.0,
                    -3.6020922261431885
                ],
                "pointsIdx": [
                    1,
                    2
                ],
                "width": 1.0238812777342314
            },
            {
                "id": 0,
                "normal": [
                    -1.0,
                    -0.0,
                    -0.0
                ],
                "planeEquation": [
                    -1.0,
                    -0.0,
                    -0.0,
                    2.157475713010183
                ],
                "pointsIdx": [
                    2,
                    3
                ],
                "width": 1.0080096401468048
            },
            {
                "id": 0,
                "normal": [
                    0.0,
                    0.0,
                    1.0
                ],
                "planeEquation": [
                    0.0,
                    0.0,
                    1.0,
                    -2.5940825859963836
                ],
                "pointsIdx": [
                    3,
                    4
                ],
                "width": 2.910590511797972
            },
            {
                "id": 0,
                "normal": [
                    -1.0,
                    -0.0,
                    -0.0
                ],
                "planeEquation": [
                    -1.0,
                    -0.0,
                    -0.0,
                    -0.7531147987877889
                ],
                "pointsIdx": [
                    4,
                    5
                ],
                "width": 3.853663272902547
            },
            {
                "id": 0,
                "normal": [
                    0.0,
                    0.0,
                    -1.0
                ],
                "planeEquation": [
                    0.0,
                    0.0,
                    -1.0,
                    -1.2595806869061632
                ],
                "pointsIdx": [
                    5,
                    0
                ],
                "width": 3.9344717895322034
            }
        ]
    },
    "panoId": "nothing"
}