{
    "cameraHeight": 1.6,
    "layoutHeight": 2.9799548053741454,
    "layoutObj2ds": {
        "num": 0,
        "obj2ds": []
    },
    "layoutPoints": {
        "num": 10,
        "points": [
            {
                "coords": [
                    0.5823222811111203,
                    0.5
                ],
                "id": 0,
                "xyz": [
                    3.8223703595952347,
                    0.0,
                    -6.71875
                ]
            },
            {
                "coords": [
                    0.7117511180983364,
                    0.5130901601694524
                ],
                "id": 0,
                "xyz": [
                    3.8223703595952347,
                    -0.16193349711479413,
                    -0.9367138824267436
                ]
            },
            {
                "coords": [
                    0.5789720767840331,
                    0.5480234692252387
                ],
                "id": 0,
                "xyz": [
                    0.5071122305360629,
                    -0.16193349711479413,
                    -0.9367138824267436
                ]
            },
            {
                "coords": [
                    0.7922882124920261,
                    0.5
                ],
                "id": 0,
                "xyz": [
                    0.5071122305360629,
                    0.0,
                    0.13800515371854347
                ]
            },
            {
                "coords": [
                    0.7561799011097403,
                    0.5
                ],
                "id": 0,
                "xyz": [
                    3.55234852651008,
                    0.0,
                    0.13800515371854347
                ]
            },
            {
                "coords": [
                    0.8097184701983964,
                    0.5
                ],
                "id": 0,
                "xyz": [
                    3.55234852651008,
                    0.0,
                    1.399210558718138
                ]
            },
            {
                "coords": [
                    0.20818317343264564,
                    0.5
                ],
                "id": 0,
                "xyz": [
                    -5.20228685912882,
                    0.0,
                    1.399210558718138
                ]
            },
            {
                "coords": [
                    0.24620632926996444,
                    0.5
                ],
                "id": 0,
                "xyz": [
                    -5.20228685912882,
                    0.0,
                    0.12402694892924924
                ]
            },
            {
                "coords": [
                    0.21489545471755167,
                    0.5
                ],
                "id": 0,
                "xyz": [
                    -0.5531576380415999,
                    0.0,
                    0.12402694892924924
                ]
            },
            {
                "coords": [
                    0.4869261898449053,
                    0.5
                ],
                "id": 0,
                "xyz": [
                    -0.5531576380415999,
                    0.0,
                    -6.71875
                ]
            }
        ]
    },
    "layoutWalls": {
        "num": 10,
        "walls": [
            {
                "id": 0,
                "normal": [
                    1.0,
                    0.0,
                    -0.0
                ],
                "planeEquation": [
                    1.0,
                    0.0,
                    -0.0,
                    -3.8223703595952347
                ],
                "pointsIdx": [
                    0,
                    1
                ],
                "width": 5.782036117573257
            },
            {
                "id": 0,
                "normal": [
                    0.0,
                    0.0,
                    1.0
                ],
                "planeEquation": [
                    0.0,
                    0.0,
                    1.0,
                    0.9367138824267436
                ],
                "pointsIdx": [
                    1,
                    2
                ],
                "width": 3.315258129059172
            },
            {
                "id": 0,
                "normal": [
                    1.0,
                    0.0,
                    -0.0
                ],
                "planeEquation": [
                    1.0,
                    0.0,
                    -0.0,
                    -0.5071122305360629
                ],
                "pointsIdx": [
                    2,
                    3
                ],
                "width": 1.074719036145287
            },
            {
                "id": 0,
                "normal": [
                    0.0,
                    0.0,
                    -1.0
                ],
                "planeEquation": [
                    0.0,
                    0.0,
                    -1.0,
                    0.13800515371854347
                ],
                "pointsIdx": [
                    3,
                    4
                ],
                "width": 3.045236295974017
            },
            {
                "id": 0,
                "normal": [
                    1.0,
                    0.0,
                    -0.0
                ],
                "planeEquation": [
                    1.0,
                    0.0,
                    -0.0,
                    -3.55234852651008
                ],
                "pointsIdx": [
                    4,
                    5
                ],
                "width": 1.2612054049995947
            },
            {
                "id": 0,
                "normal": [
                    0.0,
                    0.0,
                    1.0
                ],
                "planeEquation": [
                    0.0,
                    0.0,
                    1.0,
                    -1.399210558718138
                ],
                "pointsIdx": [
                    5,
                    6
                ],
                "width": 8.754635385638899
            },
            {
                "id": 0,
                "normal": [
                    -1.0,
                    -0.0,
                    -0.0
                ],
                "planeEquation": [
                    -1.0,
                    -0.0,
                    -0.0,
                    -5.20228685912882
                ],
                "pointsIdx": [
                    6,
                    7
                ],
                "width": 1.275183609788889
            },
            {
                "id": 0,
                "normal": [
                    0.0,
                    0.0,
                    -1.0
                ],
                "planeEquation": [
                    0.0,
                    0.0,
                    -1.0,
                    0.12402694892924924
                ],
                "pointsIdx": [
                    7,
                    8
                ],
                "width": 4.64912922108722
            },
            {
                "id": 0,
                "normal": [
                    -1.0,
                    -0.0,
                    -0.0
                ],
                "planeEquation": [
                    -1.0,
                    -0.0,
                    -0.0,
                    -0.5531576380415999
                ],
                "pointsIdx": [
                    8,
                    9
                ],
                "width": 6.84277694892925
            },
            {
                "id": 0,
                "normal": [
                    0.0,
                    0.0,
                    -1.0
                ],
                "planeEquation": [
                    0.0,
                    0.0,
                    -1.0,
                    -6.71875
                ],
                "pointsIdx": [
                    9,
                    0
                ],
                "width": 4.375527997636834
            }
        ]
    },
    "panoId": "nothing"
}