{
    "cameraHeight": 1.6,
    "layoutHeight": 2.6723363494873045,
    "layoutObj2ds": {
        "num": 0,
        "obj2ds": []
    },
    "layoutPoints": {
        "num": 6,
        "points": [
            {
                "coords": [
                    0.7005155555293001,
                    0.5
                ],
                "id": 0,
                "xyz": [
                    2.4765386437784986,
                    0.0,
                    -0.7958162102314488
                ]
            },
            {
                "coords": [
                    0.7993758885300761,
                    0.5
                ],
                "id": 0,
                "xyz": [
                    2.4765386437784986,
                    0.0,
                    0.7939530009643133
                ]
            },
            {
                "coords": [
                    0.16558396624736937,
                    0.5
                ],
                "id": 0,
                "xyz": [
                    -1.353813770060977,
                    0.0,
                    0.7939530009643133
                ]
            },
            {
                "coords": [
                    0.32706460554525874,
                    0.5
                ],
                "id": 0,
                "xyz": [
                    -1.353813770060977,
                    0.0,
                    -0.7120724936351774
                ]
            },
            {
                "coords": [
                    0.5933026397024083,
                    0.5
                ],
                "id": 0,
                "xyz": [
                    0.47290191404081466,
                    0.0,
                    -0.7120724936351774
                ]
            },
            {
                "coords": [
                    0.5853340755869414,
                    0.5
                ],
                "id": 0,
                "xyz": [
                    0.47290191404081466,
                    0.0,
                    -0.7958162102314488
                ]
            }
        ]
    },
    "layoutWalls": {
        "num": 6,
        "walls": [
            {
                "id": 0,
                "normal": [
                    1.0,
                    0.0,
                    -0.0
                ],
                "planeEquation": [
                    1.0,
                    0.0,
                    -0.0,
                    -2.4765386437784986
                ],
                "pointsIdx": [
                    0,
                    1
                ],
                "width": 1.5897692111957622
            },
            {
                "id": 0,
                "normal": [
                    0.0,
                    0.0,
                    1.0
                ],
                "planeEquation": [
                    0.0,
                    0.0,
                    1.0,
                    -0.7939530009643133
                ],
                "pointsIdx": [
                    1,
                    2
                ],
                "width": 3.8303524138394756
            },
            {
                "id": 0,
                "normal": [
                    -1.0,
                    -0.0,
                    -0.0
                ],
                "planeEquation": [
                    -1.0,
                    -0.0,
                    -0.0,
                    -1.353813770060977
                ],
                "pointsIdx": [
                    2,
                    3
                ],
                "width": 1.5060254945994909
            },
            {
                "id": 0,
                "normal": [
                    0.0,
                    0.0,
                    -1.0
                ],
                "planeEquation": [
                    0.0,
                    0.0,
                    -1.0,
                    -0.7120724936351774
                ],
                "pointsIdx": [
                    3,
                    4
                ],
                "width": 1.8267156841017915
            },
            {
                "id": 0,
                "normal": [
                    -1.0,
                    -0.0,
                    -0.0
                ],
                "planeEquation": [
                    -1.0,
                    -0.0,
                    -0.0,
                    0.47290191404081466
                ],
                "pointsIdx": [
                    4,
                    5
                ],
                "width": 0.08374371659627133
            },
            {
                "id": 0,
                "normal": [
                    0.0,
                    0.0,
                    -1.0
                ],
                "planeEquation": [
                    0.0,
                    0.0,
                    -1.0,
                    -0.7958162102314488
                ],
                "pointsIdx": [
                    5,
                    0
                ],
                "width": 2.003636729737684
            }
        ]
    },
    "panoId": "nothing"
}