{
    "cameraHeight": 1.6,
    "layoutHeight": 2.9177159118652343,
    "layoutObj2ds": {
        "num": 0,
        "obj2ds": []
    },
    "layoutPoints": {
        "num": 4,
        "points": [
            {
                "coords": [
                    0.6542247851101197,
                    0.5
                ],
                "id": 0,
                "xyz": [
                    5.039865280000001,
                    0.0,
                    -3.46109439488
                ]
            },
            {
                "coords": [
                    0.7854608217618326,
                    0.5
                ],
                "id": 0,
                "xyz": [
                    5.039865280000001,
                    0.0,
                    1.141875
                ]
            },
            {
                "coords": [
                    0.16579211733728183,
                    0.5
                ],
                "id": 0,
                "xyz": [
                    -1.9529236800000003,
                    0.0,
                    1.141875
                ]
            },
            {
                "coords": [
                    0.4182392251955891,
                    0.5
                ],
                "id": 0,
                "xyz": [
                    -1.9529236800000003,
                    0.0,
                    -3.46109439488
                ]
            }
        ]
    },
    "layoutWalls": {
        "num": 4,
        "walls": [
            {
                "id": 0,
                "normal": [
                    1.0,
                    0.0,
                    -0.0
                ],
                "planeEquation": [
                    1.0,
                    0.0,
                    -0.0,
                    -5.039865280000001
                ],
                "pointsIdx": [
                    0,
                    1
                ],
                "width": 4.60296939488
            },
            {
                "id": 0,
                "normal": [
                    0.0,
                    0.0,
                    1.0
                ],
                "planeEquation": [
                    0.0,
                    0.0,
                    1.0,
                    -1.141875
                ],
                "pointsIdx": [
                    1,
                    2
                ],
                "width": 6.992788960000001
            },
            {
                "id": 0,
                "normal": [
                    -1.0,
                    -0.0,
                    -0.0
                ],
                "planeEquation": [
                    -1.0,
                    -0.0,
                    -0.0,
                    -1.9529236800000003
                ],
                "pointsIdx": [
                    2,
                    3
                ],
                "width": 4.60296939488
            },
            {
                "id": 0,
                "normal": [
                    0.0,
                    0.0,
                    -1.0
                ],
                "planeEquation": [
                    0.0,
                    0.0,
                    -1.0,
                    -3.46109439488
                ],
                "pointsIdx": [
                    3,
                    0
                ],
                "width": 6.992788960000001
            }
        ]
    },
    "panoId": "nothing"
}