{
    "cameraHeight": 1.6,
    "layoutHeight": 3.135489625930786,
    "layoutObj2ds": {
        "num": 0,
        "obj2ds": []
    },
    "layoutPoints": {
        "num": 4,
        "points": [
            {
                "coords": [
                    0.40683002885531927,
                    0.5
                ],
                "id": 0,
                "xyz": [
                    -3.39260418048,
                    0.0,
                    -5.11766841081856
                ]
            },
            {
                "coords": [
                    0.5949938579180034,
                    0.5
                ],
                "id": 0,
                "xyz": [
                    3.47767515136,
                    0.0,
                    -5.11766841081856
                ]
            },
            {
                "coords": [
                    0.8048492343580205,
                    0.5
                ],
                "id": 0,
                "xyz": [
                    3.47767515136,
                    0.0,
                    1.24832
                ]
            },
            {
                "coords": [
                    0.19388538892330642,
                    0.5
                ],
                "id": 0,
                "xyz": [
                    -3.39260418048,
                    0.0,
                    1.24832
                ]
            }
        ]
    },
    "layoutWalls": {
        "num": 4,
        "walls": [
            {
                "id": 0,
                "normal": [
                    0.0,
                    0.0,
                    -1.0
                ],
                "planeEquation": [
                    0.0,
                    0.0,
                    -1.0,
                    -5.11766841081856
                ],
                "pointsIdx": [
                    0,
                    1
                ],
                "width": 6.87027933184
            },
            {
                "id": 0,
                "normal": [
                    1.0,
                    0.0,
                    -0.0
                ],
                "planeEquation": [
                    1.0,
                    0.0,
                    -0.0,
                    -3.47767515136
                ],
                "pointsIdx": [
                    1,
                    2
                ],
                "width": 6.365988410818559
            },
            {
                "id": 0,
                "normal": [
                    0.0,
                    0.0,
                    1.0
                ],
                "planeEquation": [
                    0.0,
                    0.0,
                    1.0,
                    -1.24832
                ],
                "pointsIdx": [
                    2,
                    3
                ],
                "width": 6.87027933184
            },
            {
                "id": 0,
                "normal": [
                    -1.0,
                    -0.0,
                    -0.0
                ],
                "planeEquation": [
                    -1.0,
                    -0.0,
                    -0.0,
                    -3.39260418048
                ],
                "pointsIdx": [
                    3,
                    0
                ],
                "width": 6.365988410818559
            }
        ]
    },
    "panoId": "nothing"
}