{
    "cameraHeight": 1.6,
    "layoutHeight": 2.577104988098144,
    "layoutObj2ds": {
        "num": 0,
        "obj2ds": []
    },
    "layoutPoints": {
        "num": 6,
        "points": [
            {
                "coords": [
                    0.6123250665145794,
                    0.5
                ],
                "id": 0,
                "xyz": [
                    5.4422682555695365,
                    0.0,
                    -6.3862779170218715
                ]
            },
            {
                "coords": [
                    0.7511423331069503,
                    0.5
                ],
                "id": 0,
                "xyz": [
                    5.4422682555695365,
                    0.0,
                    0.0390625
                ]
            },
            {
                "coords": [
                    0.7590846886755099,
                    0.5
                ],
                "id": 0,
                "xyz": [
                    0.68359375,
                    0.0,
                    0.0390625
                ]
            },
            {
                "coords": [
                    0.916787626089443,
                    0.5
                ],
                "id": 0,
                "xyz": [
                    0.68359375,
                    0.0,
                    1.1861000000000002
                ]
            },
            {
                "coords": [
                    0.10929146762082581,
                    0.5
                ],
                "id": 0,
                "xyz": [
                    -0.9723657600000001,
                    0.0,
                    1.1861000000000002
                ]
            },
            {
                "coords": [
                    0.4759519879498186,
                    0.5
                ],
                "id": 0,
                "xyz": [
                    -0.9723657600000001,
                    0.0,
                    -6.3862779170218715
                ]
            }
        ]
    },
    "layoutWalls": {
        "num": 6,
        "walls": [
            {
                "id": 0,
                "normal": [
                    1.0,
                    0.0,
                    -0.0
                ],
                "planeEquation": [
                    1.0,
                    0.0,
                    -0.0,
                    -5.4422682555695365
                ],
                "pointsIdx": [
                    0,
                    1
                ],
                "width": 6.4253404170218715
            },
            {
                "id": 0,
                "normal": [
                    0.0,
                    0.0,
                    1.0
                ],
                "planeEquation": [
                    0.0,
                    0.0,
                    1.0,
                    -0.0390625
                ],
                "pointsIdx": [
                    1,
                    2
                ],
                "width": 4.7586745055695365
            },
            {
                "id": 0,
                "normal": [
                    1.0,
                    0.0,
                    -0.0
                ],
                "planeEquation": [
                    1.0,
                    0.0,
                    -0.0,
                    -0.68359375
                ],
                "pointsIdx": [
                    2,
                    3
                ],
                "width": 1.1470375000000002
            },
            {
                "id": 0,
                "normal": [
                    0.0,
                    0.0,
                    1.0
                ],
                "planeEquation": [
                    0.0,
                    0.0,
                    1.0,
                    -1.1861000000000002
                ],
                "pointsIdx": [
                    3,
                    4
                ],
                "width": 1.6559595100000002
            },
            {
                "id": 0,
                "normal": [
                    -1.0,
                    -0.0,
                    -0.0
                ],
                "planeEquation": [
                    -1.0,
                    -0.0,
                    -0.0,
                    -0.9723657600000001
                ],
                "pointsIdx": [
                    4,
                    5
                ],
                "width": 7.572377917021871
            },
            {
                "id": 0,
                "normal": [
                    0.0,
                    0.0,
                    -1.0
                ],
                "planeEquation": [
                    0.0,
                    0.0,
                    -1.0,
                    -6.3862779170218715
                ],
                "pointsIdx": [
                    5,
                    0
                ],
                "width": 6.414634015569536
            }
        ]
    },
    "panoId": "nothing"
}