{
    "cameraHeight": 1.6,
    "layoutHeight": 3.3218999671936036,
    "layoutObj2ds": {
        "num": 0,
        "obj2ds": []
    },
    "layoutPoints": {
        "num": 4,
        "points": [
            {
                "coords": [
                    0.6421772505676411,
                    0.5
                ],
                "id": 0,
                "xyz": [
                    6.326875,
                    0.0,
                    -5.089882219771613
                ]
            },
            {
                "coords": [
                    0.7874986424441558,
                    0.5
                ],
                "id": 0,
                "xyz": [
                    6.326875,
                    0.0,
                    1.518891221622771
                ]
            },
            {
                "coords": [
                    0.1295488700696812,
                    0.5
                ],
                "id": 0,
                "xyz": [
                    -1.60829490495488,
                    0.0,
                    1.518891221622771
                ]
            },
            {
                "coords": [
                    0.45129046646722326,
                    0.5
                ],
                "id": 0,
                "xyz": [
                    -1.60829490495488,
                    0.0,
                    -5.089882219771613
                ]
            }
        ]
    },
    "layoutWalls": {
        "num": 4,
        "walls": [
            {
                "id": 0,
                "normal": [
                    1.0,
                    0.0,
                    -0.0
                ],
                "planeEquation": [
                    1.0,
                    0.0,
                    -0.0,
                    -6.326875
                ],
                "pointsIdx": [
                    0,
                    1
                ],
                "width": 6.6087734413943835
            },
            {
                "id": 0,
                "normal": [
                    0.0,
                    0.0,
                    1.0
                ],
                "planeEquation": [
                    0.0,
                    0.0,
                    1.0,
                    -1.518891221622771
                ],
                "pointsIdx": [
                    1,
                    2
                ],
                "width": 7.93516990495488
            },
            {
                "id": 0,
                "normal": [
                    -1.0,
                    -0.0,
                    -0.0
                ],
                "planeEquation": [
                    -1.0,
                    -0.0,
                    -0.0,
                    -1.60829490495488
                ],
                "pointsIdx": [
                    2,
                    3
                ],
                "width": 6.6087734413943835
            },
            {
                "id": 0,
                "normal": [
                    0.0,
                    0.0,
                    -1.0
                ],
                "planeEquation": [
                    0.0,
                    0.0,
                    -1.0,
                    -5.089882219771613
                ],
                "pointsIdx": [
                    3,
                    0
                ],
                "width": 7.93516990495488
            }
        ]
    },
    "panoId": "nothing"
}