{
    "cameraHeight": 1.6,
    "layoutHeight": 3.295131206512451,
    "layoutObj2ds": {
        "num": 0,
        "obj2ds": []
    },
    "layoutPoints": {
        "num": 8,
        "points": [
            {
                "coords": [
                    0.7084770789635336,
                    0.5
                ],
                "id": 0,
                "xyz": [
                    5.7295969843200005,
                    0.0,
                    -1.5296958272359629
                ]
            },
            {
                "coords": [
                    0.8110454921849612,
                    0.5
                ],
                "id": 0,
                "xyz": [
                    5.7295969843200005,
                    0.0,
                    2.31216
                ]
            },
            {
                "coords": [
                    0.9722222222222223,
                    0.5539310216592749
                ],
                "id": 0,
                "xyz": [
                    0.4076961917148833,
                    -0.401641580752608,
                    2.31216
                ]
            },
            {
                "coords": [
                    0.9853638511492693,
                    0.5287187723749173
                ],
                "id": 0,
                "xyz": [
                    0.4076961917148833,
                    -0.401641580752608,
                    4.420824550036329
                ]
            },
            {
                "coords": [
                    0.031556050863068896,
                    0.5
                ],
                "id": 0,
                "xyz": [
                    -0.8881975584054417,
                    0.0,
                    4.420824550036329
                ]
            },
            {
                "coords": [
                    0.43644582959323824,
                    0.5
                ],
                "id": 0,
                "xyz": [
                    -0.8881975584054417,
                    0.0,
                    -2.1047585175145893
                ]
            },
            {
                "coords": [
                    0.5085874660822065,
                    0.5695853702429091
                ],
                "id": 0,
                "xyz": [
                    0.11367603627303507,
                    -0.46827294763464317,
                    -2.1047585175145893
                ]
            },
            {
                "coords": [
                    0.5118055555555556,
                    0.5943131851864789
                ],
                "id": 0,
                "xyz": [
                    0.11367603627303507,
                    -0.46827294763464317,
                    -1.5296958272359629
                ]
            }
        ]
    },
    "layoutWalls": {
        "num": 8,
        "walls": [
            {
                "id": 0,
                "normal": [
                    1.0,
                    0.0,
                    -0.0
                ],
                "planeEquation": [
                    1.0,
                    0.0,
                    -0.0,
                    -5.7295969843200005
                ],
                "pointsIdx": [
                    0,
                    1
                ],
                "width": 3.841855827235963
            },
            {
                "id": 0,
                "normal": [
                    0.0,
                    0.0,
                    1.0
                ],
                "planeEquation": [
                    0.0,
                    0.0,
                    1.0,
                    -2.31216
                ],
                "pointsIdx": [
                    1,
                    2
                ],
                "width": 5.321900792605117
            },
            {
                "id": 0,
                "normal": [
                    1.0,
                    0.0,
                    -0.0
                ],
                "planeEquation": [
                    1.0,
                    0.0,
                    -0.0,
                    -0.4076961917148833
                ],
                "pointsIdx": [
                    2,
                    3
                ],
                "width": 2.108664550036329
            },
            {
                "id": 0,
                "normal": [
                    0.0,
                    0.0,
                    1.0
                ],
                "planeEquation": [
                    0.0,
                    0.0,
                    1.0,
                    -4.420824550036329
                ],
                "pointsIdx": [
                    3,
                    4
                ],
                "width": 1.295893750120325
            },
            {
                "id": 0,
                "normal": [
                    -1.0,
                    -0.0,
                    -0.0
                ],
                "planeEquation": [
                    -1.0,
                    -0.0,
                    -0.0,
                    -0.8881975584054417
                ],
                "pointsIdx": [
                    4,
                    5
                ],
                "width": 6.525583067550919
            },
            {
                "id": 0,
                "normal": [
                    0.0,
                    0.0,
                    -1.0
                ],
                "planeEquation": [
                    0.0,
                    0.0,
                    -1.0,
                    -2.1047585175145893
                ],
                "pointsIdx": [
                    5,
                    6
                ],
                "width": 1.0018735946784767
            },
            {
                "id": 0,
                "normal": [
                    1.0,
                    0.0,
                    -0.0
                ],
                "planeEquation": [
                    1.0,
                    0.0,
                    -0.0,
                    -0.11367603627303507
                ],
                "pointsIdx": [
                    6,
                    7
                ],
                "width": 0.5750626902786264
            },
            {
                "id": 0,
                "normal": [
                    0.0,
                    0.0,
                    -1.0
                ],
                "planeEquation": [
                    0.0,
                    0.0,
                    -1.0,
                    -1.5296958272359629
                ],
                "pointsIdx": [
                    7,
                    0
                ],
                "width": 5.615920948046965
            }
        ]
    },
    "panoId": "nothing"
}