{
    "cameraHeight": 1.6,
    "layoutHeight": 2.9693257808685303,
    "layoutObj2ds": {
        "num": 0,
        "obj2ds": []
    },
    "layoutPoints": {
        "num": 4,
        "points": [
            {
                "coords": [
                    0.6320560000387011,
                    0.5
                ],
                "id": 0,
                "xyz": [
                    4.71851804672,
                    0.0,
                    -4.317644723322879
                ]
            },
            {
                "coords": [
                    0.8896861121762564,
                    0.5
                ],
                "id": 0,
                "xyz": [
                    4.71851804672,
                    0.0,
                    5.680859394515954
                ]
            },
            {
                "coords": [
                    0.04753095255209777,
                    0.5
                ],
                "id": 0,
                "xyz": [
                    -1.7488700000000001,
                    0.0,
                    5.680859394515954
                ]
            },
            {
                "coords": [
                    0.4387486117214098,
                    0.5
                ],
                "id": 0,
                "xyz": [
                    -1.7488700000000001,
                    0.0,
                    -4.317644723322879
                ]
            }
        ]
    },
    "layoutWalls": {
        "num": 4,
        "walls": [
            {
                "id": 0,
                "normal": [
                    1.0,
                    0.0,
                    -0.0
                ],
                "planeEquation": [
                    1.0,
                    0.0,
                    -0.0,
                    -4.71851804672
                ],
                "pointsIdx": [
                    0,
                    1
                ],
                "width": 9.998504117838834
            },
            {
                "id": 0,
                "normal": [
                    0.0,
                    0.0,
                    1.0
                ],
                "planeEquation": [
                    0.0,
                    0.0,
                    1.0,
                    -5.680859394515954
                ],
                "pointsIdx": [
                    1,
                    2
                ],
                "width": 6.46738804672
            },
            {
                "id": 0,
                "normal": [
                    -1.0,
                    -0.0,
                    -0.0
                ],
                "planeEquation": [
                    -1.0,
                    -0.0,
                    -0.0,
                    -1.7488700000000001
                ],
                "pointsIdx": [
                    2,
                    3
                ],
                "width": 9.998504117838834
            },
            {
                "id": 0,
                "normal": [
                    0.0,
                    0.0,
                    -1.0
                ],
                "planeEquation": [
                    0.0,
                    0.0,
                    -1.0,
                    -4.317644723322879
                ],
                "pointsIdx": [
                    3,
                    0
                ],
                "width": 6.46738804672
            }
        ]
    },
    "panoId": "nothing"
}