{
    "cameraHeight": 1.6,
    "layoutHeight": 2.8523333072662354,
    "layoutObj2ds": {
        "num": 0,
        "obj2ds": []
    },
    "layoutPoints": {
        "num": 4,
        "points": [
            {
                "coords": [
                    0.5572202438491164,
                    0.5
                ],
                "id": 0,
                "xyz": [
                    0.9662260870239472,
                    0.0,
                    -2.5706998708504396
                ]
            },
            {
                "coords": [
                    0.8466300898471033,
                    0.5
                ],
                "id": 0,
                "xyz": [
                    0.9662260870239472,
                    0.0,
                    0.6712153553529274
                ]
            },
            {
                "coords": [
                    0.21352110334128704,
                    0.5
                ],
                "id": 0,
                "xyz": [
                    -2.8770047271475425,
                    0.0,
                    0.6712153553529274
                ]
            },
            {
                "coords": [
                    0.36606070171365884,
                    0.5
                ],
                "id": 0,
                "xyz": [
                    -2.8770047271475425,
                    0.0,
                    -2.5706998708504396
                ]
            }
        ]
    },
    "layoutWalls": {
        "num": 4,
        "walls": [
            {
                "id": 0,
                "normal": [
                    1.0,
                    0.0,
                    -0.0
                ],
                "planeEquation": [
                    1.0,
                    0.0,
                    -0.0,
                    -0.9662260870239472
                ],
                "pointsIdx": [
                    0,
                    1
                ],
                "width": 3.241915226203367
            },
            {
                "id": 0,
                "normal": [
                    0.0,
                    0.0,
                    1.0
                ],
                "planeEquation": [
                    0.0,
                    0.0,
                    1.0,
                    -0.6712153553529274
                ],
                "pointsIdx": [
                    1,
                    2
                ],
                "width": 3.8432308141714895
            },
            {
                "id": 0,
                "normal": [
                    -1.0,
                    -0.0,
                    -0.0
                ],
                "planeEquation": [
                    -1.0,
                    -0.0,
                    -0.0,
                    -2.8770047271475425
                ],
                "pointsIdx": [
                    2,
                    3
                ],
                "width": 3.241915226203367
            },
            {
                "id": 0,
                "normal": [
                    0.0,
                    0.0,
                    -1.0
                ],
                "planeEquation": [
                    0.0,
                    0.0,
                    -1.0,
                    -2.5706998708504396
                ],
                "pointsIdx": [
                    3,
                    0
                ],
                "width": 3.8432308141714895
            }
        ]
    },
    "panoId": "nothing"
}