{
    "cameraHeight": 1.6,
    "layoutHeight": 2.8208039665222167,
    "layoutObj2ds": {
        "num": 0,
        "obj2ds": []
    },
    "layoutPoints": {
        "num": 4,
        "points": [
            {
                "coords": [
                    0.6694704853916458,
                    0.5
                ],
                "id": 0,
                "xyz": [
                    2.010381074824833,
                    0.0,
                    -1.1139424576574757
                ]
            },
            {
                "coords": [
                    0.9491851975036474,
                    0.5
                ],
                "id": 0,
                "xyz": [
                    2.010381074824833,
                    0.0,
                    6.081205822537264
                ]
            },
            {
                "coords": [
                    0.10700781218019773,
                    0.5
                ],
                "id": 0,
                "xyz": [
                    -4.841163982619913,
                    0.0,
                    6.081205822537264
                ]
            },
            {
                "coords": [
                    0.28599472426012507,
                    0.5
                ],
                "id": 0,
                "xyz": [
                    -4.841163982619913,
                    0.0,
                    -1.1139424576574757
                ]
            }
        ]
    },
    "layoutWalls": {
        "num": 4,
        "walls": [
            {
                "id": 0,
                "normal": [
                    1.0,
                    0.0,
                    -0.0
                ],
                "planeEquation": [
                    1.0,
                    0.0,
                    -0.0,
                    -2.010381074824833
                ],
                "pointsIdx": [
                    0,
                    1
                ],
                "width": 7.19514828019474
            },
            {
                "id": 0,
                "normal": [
                    0.0,
                    0.0,
                    1.0
                ],
                "planeEquation": [
                    0.0,
                    0.0,
                    1.0,
                    -6.081205822537264
                ],
                "pointsIdx": [
                    1,
                    2
                ],
                "width": 6.8515450574447465
            },
            {
                "id": 0,
                "normal": [
                    -1.0,
                    -0.0,
                    -0.0
                ],
                "planeEquation": [
                    -1.0,
                    -0.0,
                    -0.0,
                    -4.841163982619913
                ],
                "pointsIdx": [
                    2,
                    3
                ],
                "width": 7.19514828019474
            },
            {
                "id": 0,
                "normal": [
                    0.0,
                    0.0,
                    -1.0
                ],
                "planeEquation": [
                    0.0,
                    0.0,
                    -1.0,
                    -1.1139424576574757
                ],
                "pointsIdx": [
                    3,
                    0
                ],
                "width": 6.8515450574447465
            }
        ]
    },
    "panoId": "nothing"
}