{
    "cameraHeight": 1.6,
    "layoutHeight": 2.643990488052368,
    "layoutObj2ds": {
        "num": 0,
        "obj2ds": []
    },
    "layoutPoints": {
        "num": 4,
        "points": [
            {
                "coords": [
                    0.5555848643912313,
                    0.5
                ],
                "id": 0,
                "xyz": [
                    0.608125,
                    0.0,
                    -1.6698528460377582
                ]
            },
            {
                "coords": [
                    0.9246406493245198,
                    0.5
                ],
                "id": 0,
                "xyz": [
                    0.608125,
                    0.0,
                    1.1868800000000002
                ]
            },
            {
                "coords": [
                    0.10984440664069628,
                    0.5
                ],
                "id": 0,
                "xyz": [
                    -0.97991968768,
                    0.0,
                    1.1868800000000002
                ]
            },
            {
                "coords": [
                    0.41553975598220744,
                    0.5
                ],
                "id": 0,
                "xyz": [
                    -0.97991968768,
                    0.0,
                    -1.6698528460377582
                ]
            }
        ]
    },
    "layoutWalls": {
        "num": 4,
        "walls": [
            {
                "id": 0,
                "normal": [
                    1.0,
                    0.0,
                    -0.0
                ],
                "planeEquation": [
                    1.0,
                    0.0,
                    -0.0,
                    -0.608125
                ],
                "pointsIdx": [
                    0,
                    1
                ],
                "width": 2.856732846037758
            },
            {
                "id": 0,
                "normal": [
                    0.0,
                    0.0,
                    1.0
                ],
                "planeEquation": [
                    0.0,
                    0.0,
                    1.0,
                    -1.1868800000000002
                ],
                "pointsIdx": [
                    1,
                    2
                ],
                "width": 1.58804468768
            },
            {
                "id": 0,
                "normal": [
                    -1.0,
                    -0.0,
                    -0.0
                ],
                "planeEquation": [
                    -1.0,
                    -0.0,
                    -0.0,
                    -0.97991968768
                ],
                "pointsIdx": [
                    2,
                    3
                ],
                "width": 2.856732846037758
            },
            {
                "id": 0,
                "normal": [
                    0.0,
                    0.0,
                    -1.0
                ],
                "planeEquation": [
                    0.0,
                    0.0,
                    -1.0,
                    -1.6698528460377582
                ],
                "pointsIdx": [
                    3,
                    0
                ],
                "width": 1.58804468768
            }
        ]
    },
    "panoId": "nothing"
}