{
    "cameraHeight": 1.6,
    "layoutHeight": 3.50207368850708,
    "layoutObj2ds": {
        "num": 0,
        "obj2ds": []
    },
    "layoutPoints": {
        "num": 4,
        "points": [
            {
                "coords": [
                    0.6115691729038608,
                    0.5
                ],
                "id": 0,
                "xyz": [
                    6.063787260375885,
                    0.0,
                    -7.184445590331528
                ]
            },
            {
                "coords": [
                    0.8658501520228132,
                    0.5
                ],
                "id": 0,
                "xyz": [
                    6.063787260375885,
                    0.0,
                    5.403786948538853
                ]
            },
            {
                "coords": [
                    0.03894959402894188,
                    0.5
                ],
                "id": 0,
                "xyz": [
                    -1.349504865771226,
                    0.0,
                    5.403786948538853
                ]
            },
            {
                "coords": [
                    0.4704491436769711,
                    0.5
                ],
                "id": 0,
                "xyz": [
                    -1.349504865771226,
                    0.0,
                    -7.184445590331528
                ]
            }
        ]
    },
    "layoutWalls": {
        "num": 4,
        "walls": [
            {
                "id": 0,
                "normal": [
                    1.0,
                    0.0,
                    -0.0
                ],
                "planeEquation": [
                    1.0,
                    0.0,
                    -0.0,
                    -6.063787260375885
                ],
                "pointsIdx": [
                    0,
                    1
                ],
                "width": 12.58823253887038
            },
            {
                "id": 0,
                "normal": [
                    0.0,
                    0.0,
                    1.0
                ],
                "planeEquation": [
                    0.0,
                    0.0,
                    1.0,
                    -5.403786948538853
                ],
                "pointsIdx": [
                    1,
                    2
                ],
                "width": 7.413292126147111
            },
            {
                "id": 0,
                "normal": [
                    -1.0,
                    -0.0,
                    -0.0
                ],
                "planeEquation": [
                    -1.0,
                    -0.0,
                    -0.0,
                    -1.349504865771226
                ],
                "pointsIdx": [
                    2,
                    3
                ],
                "width": 12.58823253887038
            },
            {
                "id": 0,
                "normal": [
                    0.0,
                    0.0,
                    -1.0
                ],
                "planeEquation": [
                    0.0,
                    0.0,
                    -1.0,
                    -7.184445590331528
                ],
                "pointsIdx": [
                    3,
                    0
                ],
                "width": 7.413292126147111
            }
        ]
    },
    "panoId": "nothing"
}