{
    "cameraHeight": 1.6,
    "layoutHeight": 2.5485223036545976,
    "layoutObj2ds": {
        "num": 0,
        "obj2ds": []
    },
    "layoutPoints": {
        "num": 4,
        "points": [
            {
                "coords": [
                    0.61738058977921,
                    0.5
                ],
                "id": 0,
                "xyz": [
                    0.7933665807717286,
                    0.0,
                    -0.8732137348763449
                ]
            },
            {
                "coords": [
                    0.856796943278715,
                    0.5
                ],
                "id": 0,
                "xyz": [
                    0.7933665807717286,
                    0.0,
                    0.6298726620766468
                ]
            },
            {
                "coords": [
                    0.18565001295208455,
                    0.5
                ],
                "id": 0,
                "xyz": [
                    -1.472015187163622,
                    0.0,
                    0.6298726620766468
                ]
            },
            {
                "coords": [
                    0.3352134180200845,
                    0.5
                ],
                "id": 0,
                "xyz": [
                    -1.472015187163622,
                    0.0,
                    -0.8732137348763449
                ]
            }
        ]
    },
    "layoutWalls": {
        "num": 4,
        "walls": [
            {
                "id": 0,
                "normal": [
                    1.0,
                    0.0,
                    -0.0
                ],
                "planeEquation": [
                    1.0,
                    0.0,
                    -0.0,
                    -0.7933665807717286
                ],
                "pointsIdx": [
                    0,
                    1
                ],
                "width": 1.5030863969529917
            },
            {
                "id": 0,
                "normal": [
                    0.0,
                    0.0,
                    1.0
                ],
                "planeEquation": [
                    0.0,
                    0.0,
                    1.0,
                    -0.6298726620766468
                ],
                "pointsIdx": [
                    1,
                    2
                ],
                "width": 2.2653817679353505
            },
            {
                "id": 0,
                "normal": [
                    -1.0,
                    -0.0,
                    -0.0
                ],
                "planeEquation": [
                    -1.0,
                    -0.0,
                    -0.0,
                    -1.472015187163622
                ],
                "pointsIdx": [
                    2,
                    3
                ],
                "width": 1.5030863969529917
            },
            {
                "id": 0,
                "normal": [
                    0.0,
                    0.0,
                    -1.0
                ],
                "planeEquation": [
                    0.0,
                    0.0,
                    -1.0,
                    -0.8732137348763449
                ],
                "pointsIdx": [
                    3,
                    0
                ],
                "width": 2.2653817679353505
            }
        ]
    },
    "panoId": "nothing"
}