{
    "cameraHeight": 1.6,
    "layoutHeight": 2.935923385620117,
    "layoutObj2ds": {
        "num": 0,
        "obj2ds": []
    },
    "layoutPoints": {
        "num": 8,
        "points": [
            {
                "coords": [
                    0.49689060182693334,
                    0.5
                ],
                "id": 0,
                "xyz": [
                    -0.11406570712944603,
                    0.0,
                    -5.837724955221651
                ]
            },
            {
                "coords": [
                    0.4790514445295267,
                    0.5
                ],
                "id": 0,
                "xyz": [
                    -0.11406570712944603,
                    0.0,
                    -0.8615945431453379
                ]
            },
            {
                "coords": [
                    0.71726337216412,
                    0.5
                ],
                "id": 0,
                "xyz": [
                    4.129554052910285,
                    0.0,
                    -0.8615945431453379
                ]
            },
            {
                "coords": [
                    0.7754172646521955,
                    0.5
                ],
                "id": 0,
                "xyz": [
                    4.129554052910285,
                    0.0,
                    0.66516
                ]
            },
            {
                "coords": [
                    0.022057423833558076,
                    0.5
                ],
                "id": 0,
                "xyz": [
                    -0.09277989385064217,
                    0.0,
                    0.66516
                ]
            },
            {
                "coords": [
                    0.0029552059307276224,
                    0.5
                ],
                "id": 0,
                "xyz": [
                    -0.09277989385064217,
                    0.0,
                    4.99616
                ]
            },
            {
                "coords": [
                    0.1381510089368515,
                    0.5
                ],
                "id": 0,
                "xyz": [
                    -5.8984375,
                    0.0,
                    4.99616
                ]
            },
            {
                "coords": [
                    0.37417668015823435,
                    0.5
                ],
                "id": 0,
                "xyz": [
                    -5.8984375,
                    0.0,
                    -5.837724955221651
                ]
            }
        ]
    },
    "layoutWalls": {
        "num": 8,
        "walls": [
            {
                "id": 0,
                "normal": [
                    1.0,
                    0.0,
                    -0.0
                ],
                "planeEquation": [
                    1.0,
                    0.0,
                    -0.0,
                    0.11406570712944603
                ],
                "pointsIdx": [
                    0,
                    1
                ],
                "width": 4.976130412076313
            },
            {
                "id": 0,
                "normal": [
                    0.0,
                    0.0,
                    -1.0
                ],
                "planeEquation": [
                    0.0,
                    0.0,
                    -1.0,
                    -0.8615945431453379
                ],
                "pointsIdx": [
                    1,
                    2
                ],
                "width": 4.2436197600397305
            },
            {
                "id": 0,
                "normal": [
                    1.0,
                    0.0,
                    -0.0
                ],
                "planeEquation": [
                    1.0,
                    0.0,
                    -0.0,
                    -4.129554052910285
                ],
                "pointsIdx": [
                    2,
                    3
                ],
                "width": 1.526754543145338
            },
            {
                "id": 0,
                "normal": [
                    0.0,
                    0.0,
                    1.0
                ],
                "planeEquation": [
                    0.0,
                    0.0,
                    1.0,
                    -0.66516
                ],
                "pointsIdx": [
                    3,
                    4
                ],
                "width": 4.222333946760927
            },
            {
                "id": 0,
                "normal": [
                    1.0,
                    0.0,
                    -0.0
                ],
                "planeEquation": [
                    1.0,
                    0.0,
                    -0.0,
                    0.09277989385064217
                ],
                "pointsIdx": [
                    4,
                    5
                ],
                "width": 4.3309999999999995
            },
            {
                "id": 0,
                "normal": [
                    0.0,
                    0.0,
                    1.0
                ],
                "planeEquation": [
                    0.0,
                    0.0,
                    1.0,
                    -4.99616
                ],
                "pointsIdx": [
                    5,
                    6
                ],
                "width": 5.805657606149357
            },
            {
                "id": 0,
                "normal": [
                    -1.0,
                    -0.0,
                    -0.0
                ],
                "planeEquation": [
                    -1.0,
                    -0.0,
                    -0.0,
                    -5.8984375
                ],
                "pointsIdx": [
                    6,
                    7
                ],
                "width": 10.83388495522165
            },
            {
                "id": 0,
                "normal": [
                    0.0,
                    0.0,
                    -1.0
                ],
                "planeEquation": [
                    0.0,
                    0.0,
                    -1.0,
                    -5.837724955221651
                ],
                "pointsIdx": [
                    7,
                    0
                ],
                "width": 5.784371792870554
            }
        ]
    },
    "panoId": "nothing"
}