{
    "cameraHeight": 1.6,
    "layoutHeight": 2.969489974975586,
    "layoutObj2ds": {
        "num": 0,
        "obj2ds": []
    },
    "layoutPoints": {
        "num": 16,
        "points": [
            {
                "coords": [
                    0.5207276588177031,
                    0.5
                ],
                "id": 0,
                "xyz": [
                    0.34190333440000004,
                    0.0,
                    -2.61040592384
                ]
            },
            {
                "coords": [
                    0.6283973041355428,
                    0.5
                ],
                "id": 0,
                "xyz": [
                    0.34190333440000004,
                    0.0,
                    -0.3276098085404708
                ]
            },
            {
                "coords": [
                    0.6711852549272791,
                    0.6864060804734046
                ],
                "id": 0,
                "xyz": [
                    0.6065769057517915,
                    -0.4572190421021626,
                    -0.3276098085404708
                ]
            },
            {
                "coords": [
                    0.6027696256566064,
                    0.6355499399296315
                ],
                "id": 0,
                "xyz": [
                    0.6065769057517915,
                    -0.4572190421021626,
                    -0.8050405323186716
                ]
            },
            {
                "coords": [
                    0.7225766794186267,
                    0.5
                ],
                "id": 0,
                "xyz": [
                    4.625831912111782,
                    0.0,
                    -0.8050405323186716
                ]
            },
            {
                "coords": [
                    0.76740195885686,
                    0.5
                ],
                "id": 0,
                "xyz": [
                    4.625831912111782,
                    0.0,
                    0.5078125
                ]
            },
            {
                "coords": [
                    0.8086260938490077,
                    0.5
                ],
                "id": 0,
                "xyz": [
                    1.31565807091712,
                    0.0,
                    0.5078125
                ]
            },
            {
                "coords": [
                    0.9130889543583376,
                    0.5454850562361525
                ],
                "id": 0,
                "xyz": [
                    1.31565807091712,
                    -0.36448543666616307,
                    2.1649006773766764
                ]
            },
            {
                "coords": [
                    0.883762404452913,
                    0.5397150717050363
                ],
                "id": 0,
                "xyz": [
                    1.9387427110737963,
                    -0.36448543666616307,
                    2.1649006773766764
                ]
            },
            {
                "coords": [
                    0.9214647296595608,
                    0.5
                ],
                "id": 0,
                "xyz": [
                    1.9387427110737963,
                    0.0,
                    3.60475
                ]
            },
            {
                "coords": [
                    0.006564925623661844,
                    0.5
                ],
                "id": 0,
                "xyz": [
                    -0.14877543785117048,
                    0.0,
                    3.60475
                ]
            },
            {
                "coords": [
                    0.05016633921430047,
                    0.5
                ],
                "id": 0,
                "xyz": [
                    -0.14877543785117048,
                    0.0,
                    0.4562606113682221
                ]
            },
            {
                "coords": [
                    0.08895833333333353,
                    0.6774729397204268
                ],
                "id": 0,
                "xyz": [
                    -0.2853801628910978,
                    -0.33556314864846976,
                    0.4562606113682221
                ]
            },
            {
                "coords": [
                    0.022688874651205226,
                    0.5526901250133277
                ],
                "id": 0,
                "xyz": [
                    -0.2853801628910978,
                    -0.33556314864846976,
                    1.9882678269899372
                ]
            },
            {
                "coords": [
                    0.15404711863120463,
                    0.5
                ],
                "id": 0,
                "xyz": [
                    -2.8882974910464,
                    0.0,
                    1.9882678269899372
                ]
            },
            {
                "coords": [
                    0.3669635198682557,
                    0.5
                ],
                "id": 0,
                "xyz": [
                    -2.8882974910464,
                    0.0,
                    -2.61040592384
                ]
            }
        ]
    },
    "layoutWalls": {
        "num": 16,
        "walls": [
            {
                "id": 0,
                "normal": [
                    1.0,
                    0.0,
                    -0.0
                ],
                "planeEquation": [
                    1.0,
                    0.0,
                    -0.0,
                    -0.34190333440000004
                ],
                "pointsIdx": [
                    0,
                    1
                ],
                "width": 2.2827961152995293
            },
            {
                "id": 0,
                "normal": [
                    0.0,
                    0.0,
                    -1.0
                ],
                "planeEquation": [
                    0.0,
                    0.0,
                    -1.0,
                    -0.3276098085404708
                ],
                "pointsIdx": [
                    1,
                    2
                ],
                "width": 0.2646735713517914
            },
            {
                "id": 0,
                "normal": [
                    -1.0,
                    -0.0,
                    -0.0
                ],
                "planeEquation": [
                    -1.0,
                    -0.0,
                    -0.0,
                    0.6065769057517915
                ],
                "pointsIdx": [
                    2,
                    3
                ],
                "width": 0.4774307237782008
            },
            {
                "id": 0,
                "normal": [
                    0.0,
                    0.0,
                    -1.0
                ],
                "planeEquation": [
                    0.0,
                    0.0,
                    -1.0,
                    -0.8050405323186716
                ],
                "pointsIdx": [
                    3,
                    4
                ],
                "width": 4.019255006359991
            },
            {
                "id": 0,
                "normal": [
                    1.0,
                    0.0,
                    -0.0
                ],
                "planeEquation": [
                    1.0,
                    0.0,
                    -0.0,
                    -4.625831912111782
                ],
                "pointsIdx": [
                    4,
                    5
                ],
                "width": 1.3128530323186716
            },
            {
                "id": 0,
                "normal": [
                    0.0,
                    0.0,
                    1.0
                ],
                "planeEquation": [
                    0.0,
                    0.0,
                    1.0,
                    -0.5078125
                ],
                "pointsIdx": [
                    5,
                    6
                ],
                "width": 3.310173841194662
            },
            {
                "id": 0,
                "normal": [
                    1.0,
                    0.0,
                    -0.0
                ],
                "planeEquation": [
                    1.0,
                    0.0,
                    -0.0,
                    -1.31565807091712
                ],
                "pointsIdx": [
                    6,
                    7
                ],
                "width": 1.6570881773766764
            },
            {
                "id": 0,
                "normal": [
                    0.0,
                    0.0,
                    -1.0
                ],
                "planeEquation": [
                    0.0,
                    0.0,
                    -1.0,
                    2.1649006773766764
                ],
                "pointsIdx": [
                    7,
                    8
                ],
                "width": 0.6230846401566763
            },
            {
                "id": 0,
                "normal": [
                    1.0,
                    0.0,
                    -0.0
                ],
                "planeEquation": [
                    1.0,
                    0.0,
                    -0.0,
                    -1.9387427110737963
                ],
                "pointsIdx": [
                    8,
                    9
                ],
                "width": 1.4398493226233238
            },
            {
                "id": 0,
                "normal": [
                    0.0,
                    0.0,
                    1.0
                ],
                "planeEquation": [
                    0.0,
                    0.0,
                    1.0,
                    -3.60475
                ],
                "pointsIdx": [
                    9,
                    10
                ],
                "width": 2.087518148924967
            },
            {
                "id": 0,
                "normal": [
                    -1.0,
                    -0.0,
                    -0.0
                ],
                "planeEquation": [
                    -1.0,
                    -0.0,
                    -0.0,
                    -0.14877543785117048
                ],
                "pointsIdx": [
                    10,
                    11
                ],
                "width": 3.148489388631778
            },
            {
                "id": 0,
                "normal": [
                    0.0,
                    0.0,
                    1.0
                ],
                "planeEquation": [
                    0.0,
                    0.0,
                    1.0,
                    -0.4562606113682221
                ],
                "pointsIdx": [
                    11,
                    12
                ],
                "width": 0.13660472503992732
            },
            {
                "id": 0,
                "normal": [
                    1.0,
                    0.0,
                    -0.0
                ],
                "planeEquation": [
                    1.0,
                    0.0,
                    -0.0,
                    0.2853801628910978
                ],
                "pointsIdx": [
                    12,
                    13
                ],
                "width": 1.532007215621715
            },
            {
                "id": 0,
                "normal": [
                    0.0,
                    0.0,
                    1.0
                ],
                "planeEquation": [
                    0.0,
                    0.0,
                    1.0,
                    -1.9882678269899372
                ],
                "pointsIdx": [
                    13,
                    14
                ],
                "width": 2.602917328155302
            },
            {
                "id": 0,
                "normal": [
                    -1.0,
                    -0.0,
                    -0.0
                ],
                "planeEquation": [
                    -1.0,
                    -0.0,
                    -0.0,
                    -2.8882974910464
                ],
                "pointsIdx": [
                    14,
                    15
                ],
                "width": 4.598673750829938
            },
            {
                "id": 0,
                "normal": [
                    0.0,
                    0.0,
                    -1.0
                ],
                "planeEquation": [
                    0.0,
                    0.0,
                    -1.0,
                    -2.61040592384
                ],
                "pointsIdx": [
                    15,
                    0
                ],
                "width": 3.2302008254464
            }
        ]
    },
    "panoId": "nothing"
}