{
    "cameraHeight": 1.6,
    "layoutHeight": 2.892063465118408,
    "layoutObj2ds": {
        "num": 0,
        "obj2ds": []
    },
    "layoutPoints": {
        "num": 4,
        "points": [
            {
                "coords": [
                    0.5414572874661712,
                    0.5
                ],
                "id": 0,
                "xyz": [
                    0.760625,
                    0.0,
                    -2.8537028265574405
                ]
            },
            {
                "coords": [
                    0.9691727499517995,
                    0.5
                ],
                "id": 0,
                "xyz": [
                    0.760625,
                    0.0,
                    3.8777225599999996
                ]
            },
            {
                "coords": [
                    0.10188987189381554,
                    0.5
                ],
                "id": 0,
                "xyz": [
                    -2.8882974910464,
                    0.0,
                    3.8777225599999996
                ]
            },
            {
                "coords": [
                    0.3740411276670724,
                    0.5
                ],
                "id": 0,
                "xyz": [
                    -2.8882974910464,
                    0.0,
                    -2.8537028265574405
                ]
            }
        ]
    },
    "layoutWalls": {
        "num": 4,
        "walls": [
            {
                "id": 0,
                "normal": [
                    1.0,
                    0.0,
                    -0.0
                ],
                "planeEquation": [
                    1.0,
                    0.0,
                    -0.0,
                    -0.760625
                ],
                "pointsIdx": [
                    0,
                    1
                ],
                "width": 6.73142538655744
            },
            {
                "id": 0,
                "normal": [
                    0.0,
                    0.0,
                    1.0
                ],
                "planeEquation": [
                    0.0,
                    0.0,
                    1.0,
                    -3.8777225599999996
                ],
                "pointsIdx": [
                    1,
                    2
                ],
                "width": 3.6489224910464
            },
            {
                "id": 0,
                "normal": [
                    -1.0,
                    -0.0,
                    -0.0
                ],
                "planeEquation": [
                    -1.0,
                    -0.0,
                    -0.0,
                    -2.8882974910464
                ],
                "pointsIdx": [
                    2,
                    3
                ],
                "width": 6.73142538655744
            },
            {
                "id": 0,
                "normal": [
                    0.0,
                    0.0,
                    -1.0
                ],
                "planeEquation": [
                    0.0,
                    0.0,
                    -1.0,
                    -2.8537028265574405
                ],
                "pointsIdx": [
                    3,
                    0
                ],
                "width": 3.6489224910464
            }
        ]
    },
    "panoId": "nothing"
}