{
    "cameraHeight": 1.6,
    "layoutHeight": 2.881540184020996,
    "layoutObj2ds": {
        "num": 0,
        "obj2ds": []
    },
    "layoutPoints": {
        "num": 6,
        "points": [
            {
                "coords": [
                    0.7126177410146591,
                    0.5
                ],
                "id": 0,
                "xyz": [
                    6.890526330662754,
                    0.0,
                    -1.6488786237081652
                ]
            },
            {
                "coords": [
                    0.792673051967686,
                    0.5
                ],
                "id": 0,
                "xyz": [
                    6.890526330662754,
                    0.0,
                    1.8930900000000002
                ]
            },
            {
                "coords": [
                    0.015760033583302857,
                    0.5
                ],
                "id": 0,
                "xyz": [
                    -0.188074982719178,
                    0.0,
                    1.8930900000000002
                ]
            },
            {
                "coords": [
                    0.4553607915914501,
                    0.5
                ],
                "id": 0,
                "xyz": [
                    -0.188074982719178,
                    0.0,
                    -0.6528789754842081
                ]
            },
            {
                "coords": [
                    0.47655467328306045,
                    0.5
                ],
                "id": 0,
                "xyz": [
                    -0.09687826070897179,
                    0.0,
                    -0.6528789754842081
                ]
            },
            {
                "coords": [
                    0.49065974378566224,
                    0.5
                ],
                "id": 0,
                "xyz": [
                    -0.09687826070897179,
                    0.0,
                    -1.6488786237081652
                ]
            }
        ]
    },
    "layoutWalls": {
        "num": 6,
        "walls": [
            {
                "id": 0,
                "normal": [
                    1.0,
                    0.0,
                    -0.0
                ],
                "planeEquation": [
                    1.0,
                    0.0,
                    -0.0,
                    -6.890526330662754
                ],
                "pointsIdx": [
                    0,
                    1
                ],
                "width": 3.5419686237081653
            },
            {
                "id": 0,
                "normal": [
                    0.0,
                    0.0,
                    1.0
                ],
                "planeEquation": [
                    0.0,
                    0.0,
                    1.0,
                    -1.8930900000000002
                ],
                "pointsIdx": [
                    1,
                    2
                ],
                "width": 7.078601313381933
            },
            {
                "id": 0,
                "normal": [
                    -1.0,
                    -0.0,
                    -0.0
                ],
                "planeEquation": [
                    -1.0,
                    -0.0,
                    -0.0,
                    -0.188074982719178
                ],
                "pointsIdx": [
                    2,
                    3
                ],
                "width": 2.5459689754842083
            },
            {
                "id": 0,
                "normal": [
                    0.0,
                    0.0,
                    -1.0
                ],
                "planeEquation": [
                    0.0,
                    0.0,
                    -1.0,
                    -0.6528789754842081
                ],
                "pointsIdx": [
                    3,
                    4
                ],
                "width": 0.0911967220102062
            },
            {
                "id": 0,
                "normal": [
                    -1.0,
                    -0.0,
                    -0.0
                ],
                "planeEquation": [
                    -1.0,
                    -0.0,
                    -0.0,
                    -0.09687826070897179
                ],
                "pointsIdx": [
                    4,
                    5
                ],
                "width": 0.995999648223957
            },
            {
                "id": 0,
                "normal": [
                    0.0,
                    0.0,
                    -1.0
                ],
                "planeEquation": [
                    0.0,
                    0.0,
                    -1.0,
                    -1.6488786237081652
                ],
                "pointsIdx": [
                    5,
                    0
                ],
                "width": 6.987404591371726
            }
        ]
    },
    "panoId": "nothing"
}