{
    "cameraHeight": 1.6,
    "layoutHeight": 3.5232004261016847,
    "layoutObj2ds": {
        "num": 0,
        "obj2ds": []
    },
    "layoutPoints": {
        "num": 4,
        "points": [
            {
                "coords": [
                    0.6342533058889833,
                    0.5
                ],
                "id": 0,
                "xyz": [
                    5.4559586131092885,
                    0.0,
                    -4.855756622384825
                ]
            },
            {
                "coords": [
                    0.7961920826692293,
                    0.5
                ],
                "id": 0,
                "xyz": [
                    5.4559586131092885,
                    0.0,
                    1.6295148188131567
                ]
            },
            {
                "coords": [
                    0.1643214915859469,
                    0.5
                ],
                "id": 0,
                "xyz": [
                    -2.7287413936258753,
                    0.0,
                    1.6295148188131567
                ]
            },
            {
                "coords": [
                    0.41851597623650416,
                    0.5
                ],
                "id": 0,
                "xyz": [
                    -2.7287413936258753,
                    0.0,
                    -4.855756622384825
                ]
            }
        ]
    },
    "layoutWalls": {
        "num": 4,
        "walls": [
            {
                "id": 0,
                "normal": [
                    1.0,
                    0.0,
                    -0.0
                ],
                "planeEquation": [
                    1.0,
                    0.0,
                    -0.0,
                    -5.4559586131092885
                ],
                "pointsIdx": [
                    0,
                    1
                ],
                "width": 6.485271441197982
            },
            {
                "id": 0,
                "normal": [
                    0.0,
                    0.0,
                    1.0
                ],
                "planeEquation": [
                    0.0,
                    0.0,
                    1.0,
                    -1.6295148188131567
                ],
                "pointsIdx": [
                    1,
                    2
                ],
                "width": 8.184700006735163
            },
            {
                "id": 0,
                "normal": [
                    -1.0,
                    -0.0,
                    -0.0
                ],
                "planeEquation": [
                    -1.0,
                    -0.0,
                    -0.0,
                    -2.7287413936258753
                ],
                "pointsIdx": [
                    2,
                    3
                ],
                "width": 6.485271441197982
            },
            {
                "id": 0,
                "normal": [
                    0.0,
                    0.0,
                    -1.0
                ],
                "planeEquation": [
                    0.0,
                    0.0,
                    -1.0,
                    -4.855756622384825
                ],
                "pointsIdx": [
                    3,
                    0
                ],
                "width": 8.184700006735163
            }
        ]
    },
    "panoId": "nothing"
}