{
    "cameraHeight": 1.6,
    "layoutHeight": 3.1546153163909914,
    "layoutObj2ds": {
        "num": 0,
        "obj2ds": []
    },
    "layoutPoints": {
        "num": 6,
        "points": [
            {
                "coords": [
                    0.6263543493194591,
                    0.5
                ],
                "id": 0,
                "xyz": [
                    5.959955530826925,
                    0.0,
                    -5.859375
                ]
            },
            {
                "coords": [
                    0.6584225231570944,
                    0.49240478638243484
                ],
                "id": 0,
                "xyz": [
                    5.959955530826925,
                    0.16953757298971436,
                    -3.865693615327587
                ]
            },
            {
                "coords": [
                    0.6183333333333334,
                    0.4897275756017269
                ],
                "id": 0,
                "xyz": [
                    3.5546875000000004,
                    0.16953757298971436,
                    -3.865693615327587
                ]
            },
            {
                "coords": [
                    0.7810799998006994,
                    0.5
                ],
                "id": 0,
                "xyz": [
                    3.5546875,
                    0.0,
                    0.703125
                ]
            },
            {
                "coords": [
                    0.20822828915671598,
                    0.5
                ],
                "id": 0,
                "xyz": [
                    -2.6171875,
                    0.0,
                    0.703125
                ]
            },
            {
                "coords": [
                    0.43314243527256985,
                    0.5
                ],
                "id": 0,
                "xyz": [
                    -2.6171875,
                    0.0,
                    -5.859375
                ]
            }
        ]
    },
    "layoutWalls": {
        "num": 6,
        "walls": [
            {
                "id": 0,
                "normal": [
                    1.0,
                    0.0,
                    -0.0
                ],
                "planeEquation": [
                    1.0,
                    0.0,
                    -0.0,
                    -5.959955530826925
                ],
                "pointsIdx": [
                    0,
                    1
                ],
                "width": 1.993681384672413
            },
            {
                "id": 0,
                "normal": [
                    0.0,
                    0.0,
                    1.0
                ],
                "planeEquation": [
                    0.0,
                    0.0,
                    1.0,
                    3.865693615327587
                ],
                "pointsIdx": [
                    1,
                    2
                ],
                "width": 2.405268030826925
            },
            {
                "id": 0,
                "normal": [
                    1.0,
                    0.0,
                    9.720000885135187e-17
                ],
                "planeEquation": [
                    1.0,
                    0.0,
                    9.720000885135187e-17,
                    -3.5546875
                ],
                "pointsIdx": [
                    2,
                    3
                ],
                "width": 4.5688186153275865
            },
            {
                "id": 0,
                "normal": [
                    0.0,
                    0.0,
                    1.0
                ],
                "planeEquation": [
                    0.0,
                    0.0,
                    1.0,
                    -0.703125
                ],
                "pointsIdx": [
                    3,
                    4
                ],
                "width": 6.171875
            },
            {
                "id": 0,
                "normal": [
                    -1.0,
                    -0.0,
                    -0.0
                ],
                "planeEquation": [
                    -1.0,
                    -0.0,
                    -0.0,
                    -2.6171875
                ],
                "pointsIdx": [
                    4,
                    5
                ],
                "width": 6.5625
            },
            {
                "id": 0,
                "normal": [
                    0.0,
                    0.0,
                    -1.0
                ],
                "planeEquation": [
                    0.0,
                    0.0,
                    -1.0,
                    -5.859375
                ],
                "pointsIdx": [
                    5,
                    0
                ],
                "width": 8.577143030826925
            }
        ]
    },
    "panoId": "nothing"
}