{
    "cameraHeight": 1.6,
    "layoutHeight": 2.859401626586914,
    "layoutObj2ds": {
        "num": 0,
        "obj2ds": []
    },
    "layoutPoints": {
        "num": 4,
        "points": [
            {
                "coords": [
                    0.6336689175648711,
                    0.5
                ],
                "id": 0,
                "xyz": [
                    1.3725654719335252,
                    0.0,
                    -1.230632986798064
                ]
            },
            {
                "coords": [
                    0.8743086356520942,
                    0.5
                ],
                "id": 0,
                "xyz": [
                    1.3725654719335252,
                    0.0,
                    1.3606922070359673
                ]
            },
            {
                "coords": [
                    0.23126865590372897,
                    0.5
                ],
                "id": 0,
                "xyz": [
                    -11.507987120702781,
                    0.0,
                    1.3606922070359673
                ]
            },
            {
                "coords": [
                    0.2669551639116232,
                    0.5
                ],
                "id": 0,
                "xyz": [
                    -11.507987120702781,
                    0.0,
                    -1.230632986798064
                ]
            }
        ]
    },
    "layoutWalls": {
        "num": 4,
        "walls": [
            {
                "id": 0,
                "normal": [
                    1.0,
                    0.0,
                    -0.0
                ],
                "planeEquation": [
                    1.0,
                    0.0,
                    -0.0,
                    -1.3725654719335252
                ],
                "pointsIdx": [
                    0,
                    1
                ],
                "width": 2.5913251938340314
            },
            {
                "id": 0,
                "normal": [
                    0.0,
                    0.0,
                    1.0
                ],
                "planeEquation": [
                    0.0,
                    0.0,
                    1.0,
                    -1.3606922070359673
                ],
                "pointsIdx": [
                    1,
                    2
                ],
                "width": 12.880552592636306
            },
            {
                "id": 0,
                "normal": [
                    -1.0,
                    -0.0,
                    -0.0
                ],
                "planeEquation": [
                    -1.0,
                    -0.0,
                    -0.0,
                    -11.507987120702781
                ],
                "pointsIdx": [
                    2,
                    3
                ],
                "width": 2.5913251938340314
            },
            {
                "id": 0,
                "normal": [
                    0.0,
                    0.0,
                    -1.0
                ],
                "planeEquation": [
                    0.0,
                    0.0,
                    -1.0,
                    -1.230632986798064
                ],
                "pointsIdx": [
                    3,
                    0
                ],
                "width": 12.880552592636306
            }
        ]
    },
    "panoId": "nothing"
}