{
    "cameraHeight": 1.6,
    "layoutHeight": 3.6164989757537844,
    "layoutObj2ds": {
        "num": 0,
        "obj2ds": []
    },
    "layoutPoints": {
        "num": 4,
        "points": [
            {
                "coords": [
                    0.6670579433782785,
                    0.5
                ],
                "id": 0,
                "xyz": [
                    6.733492738893059,
                    0.0,
                    -3.8655430188602935
                ]
            },
            {
                "coords": [
                    0.81238802909432,
                    0.5
                ],
                "id": 0,
                "xyz": [
                    6.733492738893059,
                    0.0,
                    2.7835556078000465
                ]
            },
            {
                "coords": [
                    0.06462425948349487,
                    0.5
                ],
                "id": 0,
                "xyz": [
                    -1.19675786657641,
                    0.0,
                    2.7835556078000465
                ]
            },
            {
                "coords": [
                    0.4522157441772011,
                    0.5
                ],
                "id": 0,
                "xyz": [
                    -1.19675786657641,
                    0.0,
                    -3.8655430188602935
                ]
            }
        ]
    },
    "layoutWalls": {
        "num": 4,
        "walls": [
            {
                "id": 0,
                "normal": [
                    1.0,
                    0.0,
                    -0.0
                ],
                "planeEquation": [
                    1.0,
                    0.0,
                    -0.0,
                    -6.733492738893059
                ],
                "pointsIdx": [
                    0,
                    1
                ],
                "width": 6.64909862666034
            },
            {
                "id": 0,
                "normal": [
                    0.0,
                    0.0,
                    1.0
                ],
                "planeEquation": [
                    0.0,
                    0.0,
                    1.0,
                    -2.7835556078000465
                ],
                "pointsIdx": [
                    1,
                    2
                ],
                "width": 7.930250605469469
            },
            {
                "id": 0,
                "normal": [
                    -1.0,
                    -0.0,
                    -0.0
                ],
                "planeEquation": [
                    -1.0,
                    -0.0,
                    -0.0,
                    -1.19675786657641
                ],
                "pointsIdx": [
                    2,
                    3
                ],
                "width": 6.64909862666034
            },
            {
                "id": 0,
                "normal": [
                    0.0,
                    0.0,
                    -1.0
                ],
                "planeEquation": [
                    0.0,
                    0.0,
                    -1.0,
                    -3.8655430188602935
                ],
                "pointsIdx": [
                    3,
                    0
                ],
                "width": 7.930250605469469
            }
        ]
    },
    "panoId": "nothing"
}