{
    "cameraHeight": 1.6,
    "layoutHeight": 2.7372398853302,
    "layoutObj2ds": {
        "num": 0,
        "obj2ds": []
    },
    "layoutPoints": {
        "num": 4,
        "points": [
            {
                "coords": [
                    0.6514089716133108,
                    0.5
                ],
                "id": 0,
                "xyz": [
                    3.113867102242172,
                    0.0,
                    -2.22050704128
                ]
            },
            {
                "coords": [
                    0.8566856209223919,
                    0.5
                ],
                "id": 0,
                "xyz": [
                    3.113867102242172,
                    0.0,
                    2.468624512
                ]
            },
            {
                "coords": [
                    0.06525080768519281,
                    0.5
                ],
                "id": 0,
                "xyz": [
                    -1.0728911052799999,
                    0.0,
                    2.468624512
                ]
            },
            {
                "coords": [
                    0.4283649381231953,
                    0.5
                ],
                "id": 0,
                "xyz": [
                    -1.0728911052799999,
                    0.0,
                    -2.22050704128
                ]
            }
        ]
    },
    "layoutWalls": {
        "num": 4,
        "walls": [
            {
                "id": 0,
                "normal": [
                    1.0,
                    0.0,
                    -0.0
                ],
                "planeEquation": [
                    1.0,
                    0.0,
                    -0.0,
                    -3.113867102242172
                ],
                "pointsIdx": [
                    0,
                    1
                ],
                "width": 4.689131553279999
            },
            {
                "id": 0,
                "normal": [
                    0.0,
                    0.0,
                    1.0
                ],
                "planeEquation": [
                    0.0,
                    0.0,
                    1.0,
                    -2.468624512
                ],
                "pointsIdx": [
                    1,
                    2
                ],
                "width": 4.186758207522172
            },
            {
                "id": 0,
                "normal": [
                    -1.0,
                    -0.0,
                    -0.0
                ],
                "planeEquation": [
                    -1.0,
                    -0.0,
                    -0.0,
                    -1.0728911052799999
                ],
                "pointsIdx": [
                    2,
                    3
                ],
                "width": 4.689131553279999
            },
            {
                "id": 0,
                "normal": [
                    0.0,
                    0.0,
                    -1.0
                ],
                "planeEquation": [
                    0.0,
                    0.0,
                    -1.0,
                    -2.22050704128
                ],
                "pointsIdx": [
                    3,
                    0
                ],
                "width": 4.186758207522172
            }
        ]
    },
    "panoId": "nothing"
}