{
    "cameraHeight": 1.6,
    "layoutHeight": 2.5656731938552677,
    "layoutObj2ds": {
        "num": 0,
        "obj2ds": []
    },
    "layoutPoints": {
        "num": 12,
        "points": [
            {
                "coords": [
                    0.6562408152896523,
                    0.5
                ],
                "id": 0,
                "xyz": [
                    0.9700625560571454,
                    0.0,
                    -0.6482560557779355
                ]
            },
            {
                "coords": [
                    0.8590434090029864,
                    0.5
                ],
                "id": 0,
                "xyz": [
                    0.9700625560571454,
                    0.0,
                    0.7927332380167101
                ]
            },
            {
                "coords": [
                    0.9424260165989082,
                    0.5
                ],
                "id": 0,
                "xyz": [
                    0.29997012265139317,
                    0.0,
                    0.7927332380167101
                ]
            },
            {
                "coords": [
                    0.9847589975107132,
                    0.5
                ],
                "id": 0,
                "xyz": [
                    0.29997012265139317,
                    0.0,
                    3.122872141640331
                ]
            },
            {
                "coords": [
                    0.047001565003774726,
                    0.5454759848228444
                ],
                "id": 0,
                "xyz": [
                    -0.9500254893745973,
                    -0.4695428047802482,
                    3.122872141640331
                ]
            },
            {
                "coords": [
                    0.052734286802175845,
                    0.5507441690410676
                ],
                "id": 0,
                "xyz": [
                    -0.9500254893745973,
                    -0.4695428047802482,
                    2.761525540561633
                ]
            },
            {
                "coords": [
                    0.08878165132498428,
                    0.5
                ],
                "id": 0,
                "xyz": [
                    -1.7230065340642629,
                    0.0,
                    2.761525540561633
                ]
            },
            {
                "coords": [
                    0.11041195465839482,
                    0.5
                ],
                "id": 0,
                "xyz": [
                    -1.7230065340642629,
                    0.0,
                    2.071814942987389
                ]
            },
            {
                "coords": [
                    0.12973974875692978,
                    0.5
                ],
                "id": 0,
                "xyz": [
                    -2.1990417433905356,
                    0.0,
                    2.071814942987389
                ]
            },
            {
                "coords": [
                    0.2217400916268228,
                    0.5
                ],
                "id": 0,
                "xyz": [
                    -2.1990417433905356,
                    0.0,
                    0.3946227919573246
                ]
            },
            {
                "coords": [
                    0.21277226451727427,
                    0.5
                ],
                "id": 0,
                "xyz": [
                    -1.6561986063762866,
                    0.0,
                    0.3946227919573246
                ]
            },
            {
                "coords": [
                    0.30937770128704495,
                    0.5
                ],
                "id": 0,
                "xyz": [
                    -1.6561986063762866,
                    0.0,
                    -0.6482560557779355
                ]
            }
        ]
    },
    "layoutWalls": {
        "num": 12,
        "walls": [
            {
                "id": 0,
                "normal": [
                    1.0,
                    0.0,
                    -0.0
                ],
                "planeEquation": [
                    1.0,
                    0.0,
                    -0.0,
                    -0.9700625560571454
                ],
                "pointsIdx": [
                    0,
                    1
                ],
                "width": 1.4409892937946456
            },
            {
                "id": 0,
                "normal": [
                    0.0,
                    0.0,
                    1.0
                ],
                "planeEquation": [
                    0.0,
                    0.0,
                    1.0,
                    -0.7927332380167101
                ],
                "pointsIdx": [
                    1,
                    2
                ],
                "width": 0.6700924334057523
            },
            {
                "id": 0,
                "normal": [
                    1.0,
                    0.0,
                    -0.0
                ],
                "planeEquation": [
                    1.0,
                    0.0,
                    -0.0,
                    -0.29997012265139317
                ],
                "pointsIdx": [
                    2,
                    3
                ],
                "width": 2.330138903623621
            },
            {
                "id": 0,
                "normal": [
                    0.0,
                    0.0,
                    1.0
                ],
                "planeEquation": [
                    0.0,
                    0.0,
                    1.0,
                    -3.122872141640331
                ],
                "pointsIdx": [
                    3,
                    4
                ],
                "width": 1.2499956120259905
            },
            {
                "id": 0,
                "normal": [
                    -1.0,
                    -0.0,
                    -0.0
                ],
                "planeEquation": [
                    -1.0,
                    -0.0,
                    -0.0,
                    -0.9500254893745973
                ],
                "pointsIdx": [
                    4,
                    5
                ],
                "width": 0.3613466010786981
            },
            {
                "id": 0,
                "normal": [
                    0.0,
                    0.0,
                    1.0
                ],
                "planeEquation": [
                    0.0,
                    0.0,
                    1.0,
                    -2.761525540561633
                ],
                "pointsIdx": [
                    5,
                    6
                ],
                "width": 0.7729810446896656
            },
            {
                "id": 0,
                "normal": [
                    -1.0,
                    -0.0,
                    -0.0
                ],
                "planeEquation": [
                    -1.0,
                    -0.0,
                    -0.0,
                    -1.7230065340642629
                ],
                "pointsIdx": [
                    6,
                    7
                ],
                "width": 0.6897105975742441
            },
            {
                "id": 0,
                "normal": [
                    0.0,
                    0.0,
                    1.0
                ],
                "planeEquation": [
                    0.0,
                    0.0,
                    1.0,
                    -2.071814942987389
                ],
                "pointsIdx": [
                    7,
                    8
                ],
                "width": 0.47603520932627275
            },
            {
                "id": 0,
                "normal": [
                    -1.0,
                    -0.0,
                    -0.0
                ],
                "planeEquation": [
                    -1.0,
                    -0.0,
                    -0.0,
                    -2.1990417433905356
                ],
                "pointsIdx": [
                    8,
                    9
                ],
                "width": 1.6771921510300642
            },
            {
                "id": 0,
                "normal": [
                    0.0,
                    0.0,
                    -1.0
                ],
                "planeEquation": [
                    0.0,
                    0.0,
                    -1.0,
                    0.3946227919573246
                ],
                "pointsIdx": [
                    9,
                    10
                ],
                "width": 0.542843137014249
            },
            {
                "id": 0,
                "normal": [
                    -1.0,
                    -0.0,
                    -0.0
                ],
                "planeEquation": [
                    -1.0,
                    -0.0,
                    -0.0,
                    -1.6561986063762866
                ],
                "pointsIdx": [
                    10,
                    11
                ],
                "width": 1.0428788477352602
            },
            {
                "id": 0,
                "normal": [
                    0.0,
                    0.0,
                    -1.0
                ],
                "planeEquation": [
                    0.0,
                    0.0,
                    -1.0,
                    -0.6482560557779355
                ],
                "pointsIdx": [
                    11,
                    0
                ],
                "width": 2.626261162433432
            }
        ]
    },
    "panoId": "nothing"
}