{
    "cameraHeight": 1.6,
    "layoutHeight": 2.9130211830139157,
    "layoutObj2ds": {
        "num": 0,
        "obj2ds": []
    },
    "layoutPoints": {
        "num": 10,
        "points": [
            {
                "coords": [
                    0.6437719661339615,
                    0.5
                ],
                "id": 0,
                "xyz": [
                    1.5582,
                    0.0,
                    -1.2280371584
                ]
            },
            {
                "coords": [
                    0.7424013849671525,
                    0.5
                ],
                "id": 0,
                "xyz": [
                    1.5582,
                    0.0,
                    -0.07445050870916708
                ]
            },
            {
                "coords": [
                    0.7471542163256946,
                    0.5
                ],
                "id": 0,
                "xyz": [
                    4.16331844545151,
                    0.0,
                    -0.07445050870916708
                ]
            },
            {
                "coords": [
                    0.7960832455799558,
                    0.5
                ],
                "id": 0,
                "xyz": [
                    4.16331844545151,
                    0.0,
                    1.2403454620934729
                ]
            },
            {
                "coords": [
                    0.9539696521964482,
                    0.6172959057473879
                ],
                "id": 0,
                "xyz": [
                    0.36907779410490815,
                    -0.4996929147952582,
                    1.2403454620934729
                ]
            },
            {
                "coords": [
                    0.9154166666666665,
                    0.6914189696641664
                ],
                "id": 0,
                "xyz": [
                    0.36907779410490815,
                    -0.4996929147952582,
                    0.6278219529582315
                ]
            },
            {
                "coords": [
                    0.9950503598262774,
                    0.5
                ],
                "id": 0,
                "xyz": [
                    0.01953125,
                    0.0,
                    0.6278219529582315
                ]
            },
            {
                "coords": [
                    0.9989332841050932,
                    0.5
                ],
                "id": 0,
                "xyz": [
                    0.01953125,
                    0.0,
                    2.914035921426186
                ]
            },
            {
                "coords": [
                    0.11515758683440158,
                    0.5
                ],
                "id": 0,
                "xyz": [
                    -2.5742006763667846,
                    0.0,
                    2.914035921426186
                ]
            },
            {
                "coords": [
                    0.32084372993621924,
                    0.5
                ],
                "id": 0,
                "xyz": [
                    -2.5742006763667846,
                    0.0,
                    -1.2280371584
                ]
            }
        ]
    },
    "layoutWalls": {
        "num": 10,
        "walls": [
            {
                "id": 0,
                "normal": [
                    1.0,
                    0.0,
                    -0.0
                ],
                "planeEquation": [
                    1.0,
                    0.0,
                    -0.0,
                    -1.5582
                ],
                "pointsIdx": [
                    0,
                    1
                ],
                "width": 1.153586649690833
            },
            {
                "id": 0,
                "normal": [
                    0.0,
                    0.0,
                    -1.0
                ],
                "planeEquation": [
                    0.0,
                    0.0,
                    -1.0,
                    -0.07445050870916708
                ],
                "pointsIdx": [
                    1,
                    2
                ],
                "width": 2.6051184454515095
            },
            {
                "id": 0,
                "normal": [
                    1.0,
                    0.0,
                    -0.0
                ],
                "planeEquation": [
                    1.0,
                    0.0,
                    -0.0,
                    -4.16331844545151
                ],
                "pointsIdx": [
                    2,
                    3
                ],
                "width": 1.31479597080264
            },
            {
                "id": 0,
                "normal": [
                    0.0,
                    0.0,
                    1.0
                ],
                "planeEquation": [
                    0.0,
                    0.0,
                    1.0,
                    -1.2403454620934729
                ],
                "pointsIdx": [
                    3,
                    4
                ],
                "width": 3.794240651346602
            },
            {
                "id": 0,
                "normal": [
                    -1.0,
                    -0.0,
                    -0.0
                ],
                "planeEquation": [
                    -1.0,
                    -0.0,
                    -0.0,
                    0.36907779410490815
                ],
                "pointsIdx": [
                    4,
                    5
                ],
                "width": 0.6125235091352413
            },
            {
                "id": 0,
                "normal": [
                    0.0,
                    0.0,
                    1.0
                ],
                "planeEquation": [
                    0.0,
                    0.0,
                    1.0,
                    -0.6278219529582315
                ],
                "pointsIdx": [
                    5,
                    6
                ],
                "width": 0.34954654410490815
            },
            {
                "id": 0,
                "normal": [
                    1.0,
                    0.0,
                    -0.0
                ],
                "planeEquation": [
                    1.0,
                    0.0,
                    -0.0,
                    -0.01953125
                ],
                "pointsIdx": [
                    6,
                    7
                ],
                "width": 2.2862139684679548
            },
            {
                "id": 0,
                "normal": [
                    0.0,
                    0.0,
                    1.0
                ],
                "planeEquation": [
                    0.0,
                    0.0,
                    1.0,
                    -2.914035921426186
                ],
                "pointsIdx": [
                    7,
                    8
                ],
                "width": 2.5937319263667846
            },
            {
                "id": 0,
                "normal": [
                    -1.0,
                    -0.0,
                    -0.0
                ],
                "planeEquation": [
                    -1.0,
                    -0.0,
                    -0.0,
                    -2.5742006763667846
                ],
                "pointsIdx": [
                    8,
                    9
                ],
                "width": 4.142073079826186
            },
            {
                "id": 0,
                "normal": [
                    0.0,
                    0.0,
                    -1.0
                ],
                "planeEquation": [
                    0.0,
                    0.0,
                    -1.0,
                    -1.2280371584
                ],
                "pointsIdx": [
                    9,
                    0
                ],
                "width": 4.132400676366784
            }
        ]
    },
    "panoId": "nothing"
}