{
    "cameraHeight": 1.6,
    "layoutHeight": 3.0444122229682073,
    "layoutObj2ds": {
        "num": 0,
        "obj2ds": []
    },
    "layoutPoints": {
        "num": 4,
        "points": [
            {
                "coords": [
                    0.7096488723172429,
                    0.5
                ],
                "id": 0,
                "xyz": [
                    2.798702509406086,
                    0.0,
                    -0.7251699559020011
                ]
            },
            {
                "coords": [
                    0.9372189054173055,
                    0.5
                ],
                "id": 0,
                "xyz": [
                    2.798702509406086,
                    0.0,
                    6.723056031848024
                ]
            },
            {
                "coords": [
                    0.020701550360327226,
                    0.5
                ],
                "id": 0,
                "xyz": [
                    -0.8794444444444444,
                    0.0,
                    6.723056031848024
                ]
            },
            {
                "coords": [
                    0.3597450522039515,
                    0.5
                ],
                "id": 0,
                "xyz": [
                    -0.8794444444444444,
                    0.0,
                    -0.7251699559020011
                ]
            }
        ]
    },
    "layoutWalls": {
        "num": 4,
        "walls": [
            {
                "id": 0,
                "normal": [
                    1.0,
                    0.0,
                    -0.0
                ],
                "planeEquation": [
                    1.0,
                    0.0,
                    -0.0,
                    -2.798702509406086
                ],
                "pointsIdx": [
                    0,
                    1
                ],
                "width": 7.448225987750026
            },
            {
                "id": 0,
                "normal": [
                    0.0,
                    0.0,
                    1.0
                ],
                "planeEquation": [
                    0.0,
                    0.0,
                    1.0,
                    -6.723056031848024
                ],
                "pointsIdx": [
                    1,
                    2
                ],
                "width": 3.67814695385053
            },
            {
                "id": 0,
                "normal": [
                    -1.0,
                    -0.0,
                    -0.0
                ],
                "planeEquation": [
                    -1.0,
                    -0.0,
                    -0.0,
                    -0.8794444444444444
                ],
                "pointsIdx": [
                    2,
                    3
                ],
                "width": 7.448225987750026
            },
            {
                "id": 0,
                "normal": [
                    0.0,
                    0.0,
                    -1.0
                ],
                "planeEquation": [
                    0.0,
                    0.0,
                    -1.0,
                    -0.7251699559020011
                ],
                "pointsIdx": [
                    3,
                    0
                ],
                "width": 3.67814695385053
            }
        ]
    },
    "panoId": "nothing"
}