{
    "cameraHeight": 1.6,
    "layoutHeight": 3.8155827140808105,
    "layoutObj2ds": {
        "num": 0,
        "obj2ds": []
    },
    "layoutPoints": {
        "num": 6,
        "points": [
            {
                "coords": [
                    0.6940015026161195,
                    0.5
                ],
                "id": 0,
                "xyz": [
                    4.50464,
                    0.0,
                    -1.6537669116890028
                ]
            },
            {
                "coords": [
                    0.8041803830262835,
                    0.5
                ],
                "id": 0,
                "xyz": [
                    4.50464,
                    0.0,
                    1.59561360359424
                ]
            },
            {
                "coords": [
                    0.10641224866200505,
                    0.5
                ],
                "id": 0,
                "xyz": [
                    -1.26052,
                    0.0,
                    1.59561360359424
                ]
            },
            {
                "coords": [
                    0.3582803979648397,
                    0.5
                ],
                "id": 0,
                "xyz": [
                    -1.26052,
                    0.0,
                    -1.0200549791894498
                ]
            },
            {
                "coords": [
                    0.6950694444444444,
                    0.4624855071604099
                ],
                "id": 0,
                "xyz": [
                    2.8371953509700503,
                    0.35698726973092315,
                    -1.0200549791894498
                ]
            },
            {
                "coords": [
                    0.666007242662991,
                    0.46553340184323283
                ],
                "id": 0,
                "xyz": [
                    2.8371953509700503,
                    0.35698726973092315,
                    -1.6537669116890028
                ]
            }
        ]
    },
    "layoutWalls": {
        "num": 6,
        "walls": [
            {
                "id": 0,
                "normal": [
                    1.0,
                    0.0,
                    -0.0
                ],
                "planeEquation": [
                    1.0,
                    0.0,
                    -0.0,
                    -4.50464
                ],
                "pointsIdx": [
                    0,
                    1
                ],
                "width": 3.249380515283243
            },
            {
                "id": 0,
                "normal": [
                    0.0,
                    0.0,
                    1.0
                ],
                "planeEquation": [
                    0.0,
                    0.0,
                    1.0,
                    -1.59561360359424
                ],
                "pointsIdx": [
                    1,
                    2
                ],
                "width": 5.76516
            },
            {
                "id": 0,
                "normal": [
                    -1.0,
                    -0.0,
                    -0.0
                ],
                "planeEquation": [
                    -1.0,
                    -0.0,
                    -0.0,
                    -1.26052
                ],
                "pointsIdx": [
                    2,
                    3
                ],
                "width": 2.61566858278369
            },
            {
                "id": 0,
                "normal": [
                    0.0,
                    0.0,
                    -1.0
                ],
                "planeEquation": [
                    0.0,
                    0.0,
                    -1.0,
                    -1.0200549791894498
                ],
                "pointsIdx": [
                    3,
                    4
                ],
                "width": 4.09771535097005
            },
            {
                "id": 0,
                "normal": [
                    -1.0,
                    -0.0,
                    -0.0
                ],
                "planeEquation": [
                    -1.0,
                    -0.0,
                    -0.0,
                    2.8371953509700503
                ],
                "pointsIdx": [
                    4,
                    5
                ],
                "width": 0.633711932499553
            },
            {
                "id": 0,
                "normal": [
                    0.0,
                    0.0,
                    -1.0
                ],
                "planeEquation": [
                    0.0,
                    0.0,
                    -1.0,
                    -1.6537669116890028
                ],
                "pointsIdx": [
                    5,
                    0
                ],
                "width": 1.66744464902995
            }
        ]
    },
    "panoId": "nothing"
}