{
    "cameraHeight": 1.6,
    "layoutHeight": 3.234299383163452,
    "layoutObj2ds": {
        "num": 0,
        "obj2ds": []
    },
    "layoutPoints": {
        "num": 4,
        "points": [
            {
                "coords": [
                    0.7176515259676196,
                    0.5
                ],
                "id": 0,
                "xyz": [
                    3.505625,
                    0.0,
                    -0.7225
                ]
            },
            {
                "coords": [
                    0.813578978953114,
                    0.5
                ],
                "id": 0,
                "xyz": [
                    3.505625,
                    0.0,
                    1.48
                ]
            },
            {
                "coords": [
                    0.038268836629168634,
                    0.5
                ],
                "id": 0,
                "xyz": [
                    -0.36288698335232,
                    0.0,
                    1.48
                ]
            },
            {
                "coords": [
                    0.4259199721545962,
                    0.5
                ],
                "id": 0,
                "xyz": [
                    -0.36288698335232,
                    0.0,
                    -0.7225
                ]
            }
        ]
    },
    "layoutWalls": {
        "num": 4,
        "walls": [
            {
                "id": 0,
                "normal": [
                    1.0,
                    0.0,
                    -0.0
                ],
                "planeEquation": [
                    1.0,
                    0.0,
                    -0.0,
                    -3.505625
                ],
                "pointsIdx": [
                    0,
                    1
                ],
                "width": 2.2025
            },
            {
                "id": 0,
                "normal": [
                    0.0,
                    0.0,
                    1.0
                ],
                "planeEquation": [
                    0.0,
                    0.0,
                    1.0,
                    -1.48
                ],
                "pointsIdx": [
                    1,
                    2
                ],
                "width": 3.8685119833523203
            },
            {
                "id": 0,
                "normal": [
                    -1.0,
                    -0.0,
                    -0.0
                ],
                "planeEquation": [
                    -1.0,
                    -0.0,
                    -0.0,
                    -0.36288698335232
                ],
                "pointsIdx": [
                    2,
                    3
                ],
                "width": 2.2025
            },
            {
                "id": 0,
                "normal": [
                    0.0,
                    0.0,
                    -1.0
                ],
                "planeEquation": [
                    0.0,
                    0.0,
                    -1.0,
                    -0.7225
                ],
                "pointsIdx": [
                    3,
                    0
                ],
                "width": 3.8685119833523203
            }
        ]
    },
    "panoId": "nothing"
}