{
    "cameraHeight": 1.6,
    "layoutHeight": 4.121330521746383,
    "layoutObj2ds": {
        "num": 0,
        "obj2ds": []
    },
    "layoutPoints": {
        "num": 8,
        "points": [
            {
                "coords": [
                    0.7139239458504301,
                    0.5
                ],
                "id": 0,
                "xyz": [
                    4.970699511026135,
                    0.0,
                    -1.146423212510277
                ]
            },
            {
                "coords": [
                    0.9017835610605724,
                    0.5
                ],
                "id": 0,
                "xyz": [
                    4.970699511026135,
                    0.0,
                    7.005344534074325
                ]
            },
            {
                "coords": [
                    0.9246527777777778,
                    0.45302021663871894
                ],
                "id": 0,
                "xyz": [
                    3.5886738573291685,
                    1.1702081985339967,
                    7.005344534074325
                ]
            },
            {
                "coords": [
                    0.9429454057575528,
                    0.46374036446427336
                ],
                "id": 0,
                "xyz": [
                    3.5886738573291685,
                    1.1702081985339967,
                    9.578130624036666
                ]
            },
            {
                "coords": [
                    0.9630793115855973,
                    0.4647463065349917
                ],
                "id": 0,
                "xyz": [
                    2.2626646328914766,
                    1.0944806084623513,
                    9.578130624036666
                ]
            },
            {
                "coords": [
                    0.9502777777777777,
                    0.45302021663871894
                ],
                "id": 0,
                "xyz": [
                    2.2626646328914766,
                    1.0944806084623513,
                    7.005344534074325
                ]
            },
            {
                "coords": [
                    0.047424101198758895,
                    0.5
                ],
                "id": 0,
                "xyz": [
                    -2.151468987705621,
                    0.0,
                    7.005344534074325
                ]
            },
            {
                "coords": [
                    0.3279199755807764,
                    0.5
                ],
                "id": 0,
                "xyz": [
                    -2.151468987705621,
                    0.0,
                    -1.146423212510277
                ]
            }
        ]
    },
    "layoutWalls": {
        "num": 8,
        "walls": [
            {
                "id": 0,
                "normal": [
                    1.0,
                    0.0,
                    -0.0
                ],
                "planeEquation": [
                    1.0,
                    0.0,
                    -0.0,
                    -4.970699511026135
                ],
                "pointsIdx": [
                    0,
                    1
                ],
                "width": 8.151767746584602
            },
            {
                "id": 0,
                "normal": [
                    0.0,
                    0.0,
                    1.0
                ],
                "planeEquation": [
                    0.0,
                    0.0,
                    1.0,
                    -7.005344534074325
                ],
                "pointsIdx": [
                    1,
                    2
                ],
                "width": 1.3820256536969664
            },
            {
                "id": 0,
                "normal": [
                    1.0,
                    0.0,
                    -0.0
                ],
                "planeEquation": [
                    1.0,
                    0.0,
                    -0.0,
                    -3.5886738573291685
                ],
                "pointsIdx": [
                    2,
                    3
                ],
                "width": 2.5727860899623405
            },
            {
                "id": 0,
                "normal": [
                    0.0,
                    0.0,
                    1.0
                ],
                "planeEquation": [
                    0.0,
                    0.0,
                    1.0,
                    -9.578130624036666
                ],
                "pointsIdx": [
                    3,
                    4
                ],
                "width": 1.326009224437692
            },
            {
                "id": 0,
                "normal": [
                    -1.0,
                    -0.0,
                    -0.0
                ],
                "planeEquation": [
                    -1.0,
                    -0.0,
                    -0.0,
                    2.2626646328914766
                ],
                "pointsIdx": [
                    4,
                    5
                ],
                "width": 2.5727860899623405
            },
            {
                "id": 0,
                "normal": [
                    0.0,
                    0.0,
                    1.0
                ],
                "planeEquation": [
                    0.0,
                    0.0,
                    1.0,
                    -7.005344534074325
                ],
                "pointsIdx": [
                    5,
                    6
                ],
                "width": 4.414133620597097
            },
            {
                "id": 0,
                "normal": [
                    -1.0,
                    -0.0,
                    -0.0
                ],
                "planeEquation": [
                    -1.0,
                    -0.0,
                    -0.0,
                    -2.151468987705621
                ],
                "pointsIdx": [
                    6,
                    7
                ],
                "width": 8.151767746584602
            },
            {
                "id": 0,
                "normal": [
                    0.0,
                    0.0,
                    -1.0
                ],
                "planeEquation": [
                    0.0,
                    0.0,
                    -1.0,
                    -1.146423212510277
                ],
                "pointsIdx": [
                    7,
                    0
                ],
                "width": 7.122168498731756
            }
        ]
    },
    "panoId": "nothing"
}