{
    "cameraHeight": 1.6,
    "layoutHeight": 3.8218636512756348,
    "layoutObj2ds": {
        "num": 0,
        "obj2ds": []
    },
    "layoutPoints": {
        "num": 8,
        "points": [
            {
                "coords": [
                    0.6932817784051228,
                    0.5
                ],
                "id": 0,
                "xyz": [
                    4.89459744,
                    0.0,
                    -1.822089477796135
                ]
            },
            {
                "coords": [
                    0.862953777507896,
                    0.5
                ],
                "id": 0,
                "xyz": [
                    4.89459744,
                    0.0,
                    4.204575200000001
                ]
            },
            {
                "coords": [
                    0.056484775451722424,
                    0.5
                ],
                "id": 0,
                "xyz": [
                    -1.5582,
                    0.0,
                    4.204575200000001
                ]
            },
            {
                "coords": [
                    0.19118055555555535,
                    0.4206436912287404
                ],
                "id": 0,
                "xyz": [
                    -1.5582,
                    0.4254462477720182,
                    0.6036039004274047
                ]
            },
            {
                "coords": [
                    0.23676266165403326,
                    0.4813822645750066
                ],
                "id": 0,
                "xyz": [
                    -7.24049806508488,
                    0.4254462477720182,
                    0.6036039004274047
                ]
            },
            {
                "coords": [
                    0.26413251403854077,
                    0.48374907557355895
                ],
                "id": 0,
                "xyz": [
                    -7.24049806508488,
                    0.37143976108427296,
                    -0.6446311725677121
                ]
            },
            {
                "coords": [
                    0.31243055555555543,
                    0.43098736689977535
                ],
                "id": 0,
                "xyz": [
                    -1.5582,
                    0.37143976108427296,
                    -0.6446311725677121
                ]
            },
            {
                "coords": [
                    0.3873996197567867,
                    0.5
                ],
                "id": 0,
                "xyz": [
                    -1.5582,
                    0.0,
                    -1.822089477796135
                ]
            }
        ]
    },
    "layoutWalls": {
        "num": 8,
        "walls": [
            {
                "id": 0,
                "normal": [
                    1.0,
                    0.0,
                    -0.0
                ],
                "planeEquation": [
                    1.0,
                    0.0,
                    -0.0,
                    -4.89459744
                ],
                "pointsIdx": [
                    0,
                    1
                ],
                "width": 6.026664677796136
            },
            {
                "id": 0,
                "normal": [
                    0.0,
                    0.0,
                    1.0
                ],
                "planeEquation": [
                    0.0,
                    0.0,
                    1.0,
                    -4.204575200000001
                ],
                "pointsIdx": [
                    1,
                    2
                ],
                "width": 6.45279744
            },
            {
                "id": 0,
                "normal": [
                    -1.0,
                    -0.0,
                    -0.0
                ],
                "planeEquation": [
                    -1.0,
                    -0.0,
                    -0.0,
                    -1.5582
                ],
                "pointsIdx": [
                    2,
                    3
                ],
                "width": 3.600971299572596
            },
            {
                "id": 0,
                "normal": [
                    0.0,
                    0.0,
                    1.0
                ],
                "planeEquation": [
                    0.0,
                    0.0,
                    1.0,
                    -0.6036039004274047
                ],
                "pointsIdx": [
                    3,
                    4
                ],
                "width": 5.68229806508488
            },
            {
                "id": 0,
                "normal": [
                    -1.0,
                    -0.0,
                    -0.0
                ],
                "planeEquation": [
                    -1.0,
                    -0.0,
                    -0.0,
                    -7.24049806508488
                ],
                "pointsIdx": [
                    4,
                    5
                ],
                "width": 1.2482350729951168
            },
            {
                "id": 0,
                "normal": [
                    0.0,
                    0.0,
                    -1.0
                ],
                "planeEquation": [
                    0.0,
                    0.0,
                    -1.0,
                    -0.6446311725677121
                ],
                "pointsIdx": [
                    5,
                    6
                ],
                "width": 5.68229806508488
            },
            {
                "id": 0,
                "normal": [
                    -1.0,
                    -0.0,
                    -0.0
                ],
                "planeEquation": [
                    -1.0,
                    -0.0,
                    -0.0,
                    -1.5582
                ],
                "pointsIdx": [
                    6,
                    7
                ],
                "width": 1.1774583052284229
            },
            {
                "id": 0,
                "normal": [
                    0.0,
                    0.0,
                    -1.0
                ],
                "planeEquation": [
                    0.0,
                    0.0,
                    -1.0,
                    -1.822089477796135
                ],
                "pointsIdx": [
                    7,
                    0
                ],
                "width": 6.45279744
            }
        ]
    },
    "panoId": "nothing"
}