{
    "cameraHeight": 1.6,
    "layoutHeight": 3.6234030723571777,
    "layoutObj2ds": {
        "num": 0,
        "obj2ds": []
    },
    "layoutPoints": {
        "num": 4,
        "points": [
            {
                "coords": [
                    0.6110759949627319,
                    0.5
                ],
                "id": 0,
                "xyz": [
                    3.065583733777367,
                    0.0,
                    -3.6550579200000004
                ]
            },
            {
                "coords": [
                    0.8345238807500424,
                    0.5
                ],
                "id": 0,
                "xyz": [
                    3.065583733777367,
                    0.0,
                    1.80062464
                ]
            },
            {
                "coords": [
                    0.17043532375358278,
                    0.5
                ],
                "id": 0,
                "xyz": [
                    -3.2966512000000003,
                    0.0,
                    1.80062464
                ]
            },
            {
                "coords": [
                    0.3831982343564717,
                    0.5
                ],
                "id": 0,
                "xyz": [
                    -3.2966512000000003,
                    0.0,
                    -3.6550579200000004
                ]
            }
        ]
    },
    "layoutWalls": {
        "num": 4,
        "walls": [
            {
                "id": 0,
                "normal": [
                    1.0,
                    0.0,
                    -0.0
                ],
                "planeEquation": [
                    1.0,
                    0.0,
                    -0.0,
                    -3.065583733777367
                ],
                "pointsIdx": [
                    0,
                    1
                ],
                "width": 5.4556825600000005
            },
            {
                "id": 0,
                "normal": [
                    0.0,
                    0.0,
                    1.0
                ],
                "planeEquation": [
                    0.0,
                    0.0,
                    1.0,
                    -1.80062464
                ],
                "pointsIdx": [
                    1,
                    2
                ],
                "width": 6.362234933777367
            },
            {
                "id": 0,
                "normal": [
                    -1.0,
                    -0.0,
                    -0.0
                ],
                "planeEquation": [
                    -1.0,
                    -0.0,
                    -0.0,
                    -3.2966512000000003
                ],
                "pointsIdx": [
                    2,
                    3
                ],
                "width": 5.4556825600000005
            },
            {
                "id": 0,
                "normal": [
                    0.0,
                    0.0,
                    -1.0
                ],
                "planeEquation": [
                    0.0,
                    0.0,
                    -1.0,
                    -3.6550579200000004
                ],
                "pointsIdx": [
                    3,
                    0
                ],
                "width": 6.362234933777367
            }
        ]
    },
    "panoId": "nothing"
}