{
    "cameraHeight": 1.6,
    "layoutHeight": 3.800656385421753,
    "layoutObj2ds": {
        "num": 0,
        "obj2ds": []
    },
    "layoutPoints": {
        "num": 8,
        "points": [
            {
                "coords": [
                    0.6524869954511681,
                    0.5
                ],
                "id": 0,
                "xyz": [
                    6.1627008,
                    0.0,
                    -4.33197099008
                ]
            },
            {
                "coords": [
                    0.7942348456862691,
                    0.5
                ],
                "id": 0,
                "xyz": [
                    6.1627008,
                    0.0,
                    1.75834605568
                ]
            },
            {
                "coords": [
                    0.04035291877875846,
                    0.5
                ],
                "id": 0,
                "xyz": [
                    -0.455625,
                    0.0,
                    1.75834605568
                ]
            },
            {
                "coords": [
                    0.09794995743007534,
                    0.5
                ],
                "id": 0,
                "xyz": [
                    -0.455625,
                    0.0,
                    0.6444084327599556
                ]
            },
            {
                "coords": [
                    0.2231297735251883,
                    0.5
                ],
                "id": 0,
                "xyz": [
                    -3.780558910731402,
                    0.0,
                    0.6444084327599556
                ]
            },
            {
                "coords": [
                    0.2735547021022532,
                    0.5
                ],
                "id": 0,
                "xyz": [
                    -3.780558910731402,
                    0.0,
                    -0.5636385221711172
                ]
            },
            {
                "coords": [
                    0.39417524480592026,
                    0.5
                ],
                "id": 0,
                "xyz": [
                    -0.4419,
                    0.0,
                    -0.5636385221711172
                ]
            },
            {
                "coords": [
                    0.4838207291890199,
                    0.5
                ],
                "id": 0,
                "xyz": [
                    -0.4419,
                    0.0,
                    -4.33197099008
                ]
            }
        ]
    },
    "layoutWalls": {
        "num": 8,
        "walls": [
            {
                "id": 0,
                "normal": [
                    1.0,
                    0.0,
                    -0.0
                ],
                "planeEquation": [
                    1.0,
                    0.0,
                    -0.0,
                    -6.1627008
                ],
                "pointsIdx": [
                    0,
                    1
                ],
                "width": 6.09031704576
            },
            {
                "id": 0,
                "normal": [
                    0.0,
                    0.0,
                    1.0
                ],
                "planeEquation": [
                    0.0,
                    0.0,
                    1.0,
                    -1.75834605568
                ],
                "pointsIdx": [
                    1,
                    2
                ],
                "width": 6.6183258
            },
            {
                "id": 0,
                "normal": [
                    -1.0,
                    -0.0,
                    -0.0
                ],
                "planeEquation": [
                    -1.0,
                    -0.0,
                    -0.0,
                    -0.455625
                ],
                "pointsIdx": [
                    2,
                    3
                ],
                "width": 1.1139376229200444
            },
            {
                "id": 0,
                "normal": [
                    0.0,
                    0.0,
                    1.0
                ],
                "planeEquation": [
                    0.0,
                    0.0,
                    1.0,
                    -0.6444084327599556
                ],
                "pointsIdx": [
                    3,
                    4
                ],
                "width": 3.324933910731402
            },
            {
                "id": 0,
                "normal": [
                    -1.0,
                    -0.0,
                    -0.0
                ],
                "planeEquation": [
                    -1.0,
                    -0.0,
                    -0.0,
                    -3.780558910731402
                ],
                "pointsIdx": [
                    4,
                    5
                ],
                "width": 1.2080469549310728
            },
            {
                "id": 0,
                "normal": [
                    0.0,
                    0.0,
                    -1.0
                ],
                "planeEquation": [
                    0.0,
                    0.0,
                    -1.0,
                    -0.5636385221711172
                ],
                "pointsIdx": [
                    5,
                    6
                ],
                "width": 3.338658910731402
            },
            {
                "id": 0,
                "normal": [
                    -1.0,
                    -0.0,
                    -0.0
                ],
                "planeEquation": [
                    -1.0,
                    -0.0,
                    -0.0,
                    -0.4419
                ],
                "pointsIdx": [
                    6,
                    7
                ],
                "width": 3.768332467908883
            },
            {
                "id": 0,
                "normal": [
                    0.0,
                    0.0,
                    -1.0
                ],
                "planeEquation": [
                    0.0,
                    0.0,
                    -1.0,
                    -4.33197099008
                ],
                "pointsIdx": [
                    7,
                    0
                ],
                "width": 6.6046008
            }
        ]
    },
    "panoId": "nothing"
}