{
    "cameraHeight": 1.6,
    "layoutHeight": 3.228903932571411,
    "layoutObj2ds": {
        "num": 0,
        "obj2ds": []
    },
    "layoutPoints": {
        "num": 8,
        "points": [
            {
                "coords": [
                    0.5741211716328087,
                    0.5
                ],
                "id": 0,
                "xyz": [
                    3.23592448,
                    0.0,
                    -6.43850404352
                ]
            },
            {
                "coords": [
                    0.7537856240542329,
                    0.5
                ],
                "id": 0,
                "xyz": [
                    3.23592448,
                    0.0,
                    0.07698349817244682
                ]
            },
            {
                "coords": [
                    0.7701394033051339,
                    0.5
                ],
                "id": 0,
                "xyz": [
                    0.605124115703898,
                    0.0,
                    0.07698349817244682
                ]
            },
            {
                "coords": [
                    0.9824606538709808,
                    0.5
                ],
                "id": 0,
                "xyz": [
                    0.605124115703898,
                    0.0,
                    5.46875
                ]
            },
            {
                "coords": [
                    0.048588257256946765,
                    0.5
                ],
                "id": 0,
                "xyz": [
                    -1.7234269377929299,
                    0.0,
                    5.46875
                ]
            },
            {
                "coords": [
                    0.20083165813429904,
                    0.48672432022977724
                ],
                "id": 0,
                "xyz": [
                    -1.7234269377929299,
                    0.07549432124261692,
                    0.5500356832173008
                ]
            },
            {
                "coords": [
                    0.1663194444444442,
                    0.4781075191816444
                ],
                "id": 0,
                "xyz": [
                    -0.9479078445001539,
                    0.07549432124261692,
                    0.5500356832173008
                ]
            },
            {
                "coords": [
                    0.47673556220371327,
                    0.5
                ],
                "id": 0,
                "xyz": [
                    -0.9479078445001539,
                    0.0,
                    -6.43850404352
                ]
            }
        ]
    },
    "layoutWalls": {
        "num": 8,
        "walls": [
            {
                "id": 0,
                "normal": [
                    1.0,
                    0.0,
                    -0.0
                ],
                "planeEquation": [
                    1.0,
                    0.0,
                    -0.0,
                    -3.23592448
                ],
                "pointsIdx": [
                    0,
                    1
                ],
                "width": 6.515487541692447
            },
            {
                "id": 0,
                "normal": [
                    0.0,
                    0.0,
                    1.0
                ],
                "planeEquation": [
                    0.0,
                    0.0,
                    1.0,
                    -0.07698349817244682
                ],
                "pointsIdx": [
                    1,
                    2
                ],
                "width": 2.630800364296102
            },
            {
                "id": 0,
                "normal": [
                    1.0,
                    0.0,
                    -0.0
                ],
                "planeEquation": [
                    1.0,
                    0.0,
                    -0.0,
                    -0.605124115703898
                ],
                "pointsIdx": [
                    2,
                    3
                ],
                "width": 5.391766501827553
            },
            {
                "id": 0,
                "normal": [
                    0.0,
                    0.0,
                    1.0
                ],
                "planeEquation": [
                    0.0,
                    0.0,
                    1.0,
                    -5.46875
                ],
                "pointsIdx": [
                    3,
                    4
                ],
                "width": 2.328551053496828
            },
            {
                "id": 0,
                "normal": [
                    -1.0,
                    -0.0,
                    -0.0
                ],
                "planeEquation": [
                    -1.0,
                    -0.0,
                    -0.0,
                    -1.7234269377929299
                ],
                "pointsIdx": [
                    4,
                    5
                ],
                "width": 4.918714316782699
            },
            {
                "id": 0,
                "normal": [
                    0.0,
                    0.0,
                    -1.0
                ],
                "planeEquation": [
                    0.0,
                    0.0,
                    -1.0,
                    0.5500356832173008
                ],
                "pointsIdx": [
                    5,
                    6
                ],
                "width": 0.775519093292776
            },
            {
                "id": 0,
                "normal": [
                    -1.0,
                    -0.0,
                    -0.0
                ],
                "planeEquation": [
                    -1.0,
                    -0.0,
                    -0.0,
                    -0.9479078445001539
                ],
                "pointsIdx": [
                    6,
                    7
                ],
                "width": 6.988539726737301
            },
            {
                "id": 0,
                "normal": [
                    0.0,
                    0.0,
                    -1.0
                ],
                "planeEquation": [
                    0.0,
                    0.0,
                    -1.0,
                    -6.43850404352
                ],
                "pointsIdx": [
                    7,
                    0
                ],
                "width": 4.183832324500154
            }
        ]
    },
    "panoId": "nothing"
}