{
    "cameraHeight": 1.6,
    "layoutHeight": 4.155708208084107,
    "layoutObj2ds": {
        "num": 0,
        "obj2ds": []
    },
    "layoutPoints": {
        "num": 10,
        "points": [
            {
                "coords": [
                    0.5814431187057726,
                    0.5
                ],
                "id": 0,
                "xyz": [
                    5.428431779551942,
                    0.0,
                    -9.66563317694464
                ]
            },
            {
                "coords": [
                    0.7322367297147803,
                    0.5224415545332113
                ],
                "id": 0,
                "xyz": [
                    5.428431779551942,
                    -0.38575199560925,
                    -0.6083951444657
                ]
            },
            {
                "coords": [
                    0.6400694444444444,
                    0.6221998537422896
                ],
                "id": 0,
                "xyz": [
                    0.7360770920990287,
                    -0.38575199560925,
                    -0.6083951444657
                ]
            },
            {
                "coords": [
                    0.6683299108871811,
                    0.5
                ],
                "id": 0,
                "xyz": [
                    0.7360770920990287,
                    0.0,
                    -0.4147789800857601
                ]
            },
            {
                "coords": [
                    0.7375173090138274,
                    0.5
                ],
                "id": 0,
                "xyz": [
                    5.277604728836365,
                    0.0,
                    -0.4147789800857601
                ]
            },
            {
                "coords": [
                    0.9017217725941749,
                    0.5
                ],
                "id": 0,
                "xyz": [
                    5.277604728836365,
                    0.0,
                    7.431759423662182
                ]
            },
            {
                "coords": [
                    0.03279545912904819,
                    0.5
                ],
                "id": 0,
                "xyz": [
                    -1.5534371200000001,
                    0.0,
                    7.431759423662182
                ]
            },
            {
                "coords": [
                    0.28484262965269513,
                    0.5
                ],
                "id": 0,
                "xyz": [
                    -1.5534371200000001,
                    0.0,
                    -0.34562192740621
                ]
            },
            {
                "coords": [
                    0.30199493007079226,
                    0.5
                ],
                "id": 0,
                "xyz": [
                    -1.0200304339815782,
                    0.0,
                    -0.34562192740621
                ]
            },
            {
                "coords": [
                    0.48326605088951313,
                    0.5
                ],
                "id": 0,
                "xyz": [
                    -1.0200304339815782,
                    0.0,
                    -9.66563317694464
                ]
            }
        ]
    },
    "layoutWalls": {
        "num": 10,
        "walls": [
            {
                "id": 0,
                "normal": [
                    1.0,
                    0.0,
                    -0.0
                ],
                "planeEquation": [
                    1.0,
                    0.0,
                    -0.0,
                    -5.428431779551942
                ],
                "pointsIdx": [
                    0,
                    1
                ],
                "width": 9.05723803247894
            },
            {
                "id": 0,
                "normal": [
                    0.0,
                    0.0,
                    1.0
                ],
                "planeEquation": [
                    0.0,
                    0.0,
                    1.0,
                    0.6083951444657
                ],
                "pointsIdx": [
                    1,
                    2
                ],
                "width": 4.692354687452913
            },
            {
                "id": 0,
                "normal": [
                    1.0,
                    0.0,
                    -0.0
                ],
                "planeEquation": [
                    1.0,
                    0.0,
                    -0.0,
                    -0.7360770920990287
                ],
                "pointsIdx": [
                    2,
                    3
                ],
                "width": 0.1936161643799399
            },
            {
                "id": 0,
                "normal": [
                    0.0,
                    0.0,
                    -1.0
                ],
                "planeEquation": [
                    0.0,
                    0.0,
                    -1.0,
                    -0.4147789800857601
                ],
                "pointsIdx": [
                    3,
                    4
                ],
                "width": 4.541527636737336
            },
            {
                "id": 0,
                "normal": [
                    1.0,
                    0.0,
                    -0.0
                ],
                "planeEquation": [
                    1.0,
                    0.0,
                    -0.0,
                    -5.277604728836365
                ],
                "pointsIdx": [
                    4,
                    5
                ],
                "width": 7.846538403747942
            },
            {
                "id": 0,
                "normal": [
                    0.0,
                    0.0,
                    1.0
                ],
                "planeEquation": [
                    0.0,
                    0.0,
                    1.0,
                    -7.431759423662182
                ],
                "pointsIdx": [
                    5,
                    6
                ],
                "width": 6.831041848836365
            },
            {
                "id": 0,
                "normal": [
                    -1.0,
                    -0.0,
                    -0.0
                ],
                "planeEquation": [
                    -1.0,
                    -0.0,
                    -0.0,
                    -1.5534371200000001
                ],
                "pointsIdx": [
                    6,
                    7
                ],
                "width": 7.777381351068392
            },
            {
                "id": 0,
                "normal": [
                    0.0,
                    0.0,
                    -1.0
                ],
                "planeEquation": [
                    0.0,
                    0.0,
                    -1.0,
                    -0.34562192740621
                ],
                "pointsIdx": [
                    7,
                    8
                ],
                "width": 0.5334066860184219
            },
            {
                "id": 0,
                "normal": [
                    -1.0,
                    -0.0,
                    -0.0
                ],
                "planeEquation": [
                    -1.0,
                    -0.0,
                    -0.0,
                    -1.0200304339815782
                ],
                "pointsIdx": [
                    8,
                    9
                ],
                "width": 9.32001124953843
            },
            {
                "id": 0,
                "normal": [
                    0.0,
                    0.0,
                    -1.0
                ],
                "planeEquation": [
                    0.0,
                    0.0,
                    -1.0,
                    -9.66563317694464
                ],
                "pointsIdx": [
                    9,
                    0
                ],
                "width": 6.44846221353352
            }
        ]
    },
    "panoId": "nothing"
}