{
    "cameraHeight": 1.6,
    "layoutHeight": 3.1838765144348145,
    "layoutObj2ds": {
        "num": 0,
        "obj2ds": []
    },
    "layoutPoints": {
        "num": 8,
        "points": [
            {
                "coords": [
                    0.6656054396547358,
                    0.5
                ],
                "id": 0,
                "xyz": [
                    5.389479202323111,
                    0.0,
                    -3.1597184
                ]
            },
            {
                "coords": [
                    0.7273611111111111,
                    0.4855704047298223
                ],
                "id": 0,
                "xyz": [
                    5.389479202323111,
                    0.2469772721883993,
                    -0.7718355474938751
                ]
            },
            {
                "coords": [
                    0.7392262845892965,
                    0.49311144439620347
                ],
                "id": 0,
                "xyz": [
                    11.384535917631297,
                    0.2469772721883993,
                    -0.7718355474938751
                ]
            },
            {
                "coords": [
                    0.7582441840657121,
                    0.4901678795112087
                ],
                "id": 0,
                "xyz": [
                    11.384535917631297,
                    0.3522357726094204,
                    0.5902439683507684
                ]
            },
            {
                "coords": [
                    0.7673611111111112,
                    0.47934915264502165
                ],
                "id": 0,
                "xyz": [
                    5.389479202323111,
                    0.3522357726094204,
                    0.5902439683507684
                ]
            },
            {
                "coords": [
                    0.777514480623484,
                    0.5
                ],
                "id": 0,
                "xyz": [
                    5.389479202323111,
                    0.0,
                    0.94112
                ]
            },
            {
                "coords": [
                    0.17530653899016146,
                    0.5
                ],
                "id": 0,
                "xyz": [
                    -1.85588,
                    0.0,
                    0.94112
                ]
            },
            {
                "coords": [
                    0.41547747851226774,
                    0.5
                ],
                "id": 0,
                "xyz": [
                    -1.85588,
                    0.0,
                    -3.1597184
                ]
            }
        ]
    },
    "layoutWalls": {
        "num": 8,
        "walls": [
            {
                "id": 0,
                "normal": [
                    1.0,
                    0.0,
                    -0.0
                ],
                "planeEquation": [
                    1.0,
                    0.0,
                    -0.0,
                    -5.389479202323111
                ],
                "pointsIdx": [
                    0,
                    1
                ],
                "width": 2.387882852506125
            },
            {
                "id": 0,
                "normal": [
                    0.0,
                    0.0,
                    -1.0
                ],
                "planeEquation": [
                    0.0,
                    0.0,
                    -1.0,
                    -0.7718355474938751
                ],
                "pointsIdx": [
                    1,
                    2
                ],
                "width": 5.995056715308186
            },
            {
                "id": 0,
                "normal": [
                    1.0,
                    0.0,
                    -0.0
                ],
                "planeEquation": [
                    1.0,
                    0.0,
                    -0.0,
                    -11.384535917631297
                ],
                "pointsIdx": [
                    2,
                    3
                ],
                "width": 1.3620795158446435
            },
            {
                "id": 0,
                "normal": [
                    0.0,
                    0.0,
                    1.0
                ],
                "planeEquation": [
                    0.0,
                    0.0,
                    1.0,
                    -0.5902439683507684
                ],
                "pointsIdx": [
                    3,
                    4
                ],
                "width": 5.995056715308186
            },
            {
                "id": 0,
                "normal": [
                    1.0,
                    0.0,
                    -0.0
                ],
                "planeEquation": [
                    1.0,
                    0.0,
                    -0.0,
                    -5.389479202323111
                ],
                "pointsIdx": [
                    4,
                    5
                ],
                "width": 0.35087603164923153
            },
            {
                "id": 0,
                "normal": [
                    0.0,
                    0.0,
                    1.0
                ],
                "planeEquation": [
                    0.0,
                    0.0,
                    1.0,
                    -0.94112
                ],
                "pointsIdx": [
                    5,
                    6
                ],
                "width": 7.245359202323111
            },
            {
                "id": 0,
                "normal": [
                    -1.0,
                    -0.0,
                    -0.0
                ],
                "planeEquation": [
                    -1.0,
                    -0.0,
                    -0.0,
                    -1.85588
                ],
                "pointsIdx": [
                    6,
                    7
                ],
                "width": 4.1008384
            },
            {
                "id": 0,
                "normal": [
                    0.0,
                    0.0,
                    -1.0
                ],
                "planeEquation": [
                    0.0,
                    0.0,
                    -1.0,
                    -3.1597184
                ],
                "pointsIdx": [
                    7,
                    0
                ],
                "width": 7.245359202323111
            }
        ]
    },
    "panoId": "nothing"
}