{
    "cameraHeight": 1.6,
    "layoutHeight": 3.5336465358734133,
    "layoutObj2ds": {
        "num": 0,
        "obj2ds": []
    },
    "layoutPoints": {
        "num": 4,
        "points": [
            {
                "coords": [
                    0.666133321066386,
                    0.5
                ],
                "id": 0,
                "xyz": [
                    5.018673131829486,
                    0.0,
                    -2.92
                ]
            },
            {
                "coords": [
                    0.8213980482875468,
                    0.5
                ],
                "id": 0,
                "xyz": [
                    5.018673131829486,
                    0.0,
                    2.41568
                ]
            },
            {
                "coords": [
                    0.04031297771557191,
                    0.5
                ],
                "id": 0,
                "xyz": [
                    -0.6253073628987392,
                    0.0,
                    2.41568
                ]
            },
            {
                "coords": [
                    0.46642465881637085,
                    0.5
                ],
                "id": 0,
                "xyz": [
                    -0.6253073628987392,
                    0.0,
                    -2.92
                ]
            }
        ]
    },
    "layoutWalls": {
        "num": 4,
        "walls": [
            {
                "id": 0,
                "normal": [
                    1.0,
                    0.0,
                    -0.0
                ],
                "planeEquation": [
                    1.0,
                    0.0,
                    -0.0,
                    -5.018673131829486
                ],
                "pointsIdx": [
                    0,
                    1
                ],
                "width": 5.33568
            },
            {
                "id": 0,
                "normal": [
                    0.0,
                    0.0,
                    1.0
                ],
                "planeEquation": [
                    0.0,
                    0.0,
                    1.0,
                    -2.41568
                ],
                "pointsIdx": [
                    1,
                    2
                ],
                "width": 5.643980494728225
            },
            {
                "id": 0,
                "normal": [
                    -1.0,
                    -0.0,
                    -0.0
                ],
                "planeEquation": [
                    -1.0,
                    -0.0,
                    -0.0,
                    -0.6253073628987392
                ],
                "pointsIdx": [
                    2,
                    3
                ],
                "width": 5.33568
            },
            {
                "id": 0,
                "normal": [
                    0.0,
                    0.0,
                    -1.0
                ],
                "planeEquation": [
                    0.0,
                    0.0,
                    -1.0,
                    -2.92
                ],
                "pointsIdx": [
                    3,
                    0
                ],
                "width": 5.643980494728225
            }
        ]
    },
    "panoId": "nothing"
}