{
    "cameraHeight": 1.6,
    "layoutHeight": 3.375009059906006,
    "layoutObj2ds": {
        "num": 0,
        "obj2ds": []
    },
    "layoutPoints": {
        "num": 8,
        "points": [
            {
                "coords": [
                    0.5770722352051174,
                    0.5
                ],
                "id": 0,
                "xyz": [
                    3.1293801472,
                    0.0,
                    -5.948980000000001
                ]
            },
            {
                "coords": [
                    0.9320161091482861,
                    0.5
                ],
                "id": 0,
                "xyz": [
                    3.1293801472,
                    0.0,
                    6.875
                ]
            },
            {
                "coords": [
                    0.059313887887037064,
                    0.5
                ],
                "id": 0,
                "xyz": [
                    -2.6877793407664132,
                    0.0,
                    6.875
                ]
            },
            {
                "coords": [
                    0.10517128421881444,
                    0.5
                ],
                "id": 0,
                "xyz": [
                    -2.6877793407664132,
                    0.0,
                    3.4573747200000002
                ]
            },
            {
                "coords": [
                    0.14253054879535104,
                    0.5
                ],
                "id": 0,
                "xyz": [
                    -4.31720704,
                    0.0,
                    3.4573747200000002
                ]
            },
            {
                "coords": [
                    0.25274158221855164,
                    0.5
                ],
                "id": 0,
                "xyz": [
                    -4.31720704,
                    0.0,
                    -0.074375
                ]
            },
            {
                "coords": [
                    0.25419659766714053,
                    0.5
                ],
                "id": 0,
                "xyz": [
                    -2.82,
                    0.0,
                    -0.074375
                ]
            },
            {
                "coords": [
                    0.4295489036066242,
                    0.5
                ],
                "id": 0,
                "xyz": [
                    -2.82,
                    0.0,
                    -5.948980000000001
                ]
            }
        ]
    },
    "layoutWalls": {
        "num": 8,
        "walls": [
            {
                "id": 0,
                "normal": [
                    1.0,
                    0.0,
                    -0.0
                ],
                "planeEquation": [
                    1.0,
                    0.0,
                    -0.0,
                    -3.1293801472
                ],
                "pointsIdx": [
                    0,
                    1
                ],
                "width": 12.82398
            },
            {
                "id": 0,
                "normal": [
                    0.0,
                    0.0,
                    1.0
                ],
                "planeEquation": [
                    0.0,
                    0.0,
                    1.0,
                    -6.875
                ],
                "pointsIdx": [
                    1,
                    2
                ],
                "width": 5.817159487966413
            },
            {
                "id": 0,
                "normal": [
                    -1.0,
                    -0.0,
                    -0.0
                ],
                "planeEquation": [
                    -1.0,
                    -0.0,
                    -0.0,
                    -2.6877793407664132
                ],
                "pointsIdx": [
                    2,
                    3
                ],
                "width": 3.4176252799999998
            },
            {
                "id": 0,
                "normal": [
                    0.0,
                    0.0,
                    1.0
                ],
                "planeEquation": [
                    0.0,
                    0.0,
                    1.0,
                    -3.4573747200000002
                ],
                "pointsIdx": [
                    3,
                    4
                ],
                "width": 1.6294276992335872
            },
            {
                "id": 0,
                "normal": [
                    -1.0,
                    -0.0,
                    -0.0
                ],
                "planeEquation": [
                    -1.0,
                    -0.0,
                    -0.0,
                    -4.31720704
                ],
                "pointsIdx": [
                    4,
                    5
                ],
                "width": 3.53174972
            },
            {
                "id": 0,
                "normal": [
                    0.0,
                    0.0,
                    -1.0
                ],
                "planeEquation": [
                    0.0,
                    0.0,
                    -1.0,
                    -0.074375
                ],
                "pointsIdx": [
                    5,
                    6
                ],
                "width": 1.4972070400000006
            },
            {
                "id": 0,
                "normal": [
                    -1.0,
                    -0.0,
                    -0.0
                ],
                "planeEquation": [
                    -1.0,
                    -0.0,
                    -0.0,
                    -2.82
                ],
                "pointsIdx": [
                    6,
                    7
                ],
                "width": 5.874605000000001
            },
            {
                "id": 0,
                "normal": [
                    0.0,
                    0.0,
                    -1.0
                ],
                "planeEquation": [
                    0.0,
                    0.0,
                    -1.0,
                    -5.948980000000001
                ],
                "pointsIdx": [
                    7,
                    0
                ],
                "width": 5.949380147199999
            }
        ]
    },
    "panoId": "nothing"
}