{
    "cameraHeight": 1.6,
    "layoutHeight": 3.3930744743347168,
    "layoutObj2ds": {
        "num": 0,
        "obj2ds": []
    },
    "layoutPoints": {
        "num": 6,
        "points": [
            {
                "coords": [
                    0.5444104440712874,
                    0.5
                ],
                "id": 0,
                "xyz": [
                    1.293625580399252,
                    0.0,
                    -4.515048687368484
                ]
            },
            {
                "coords": [
                    0.8149319099599899,
                    0.5
                ],
                "id": 0,
                "xyz": [
                    1.293625580399252,
                    0.0,
                    0.5591448178567282
                ]
            },
            {
                "coords": [
                    0.21773407841517245,
                    0.5
                ],
                "id": 0,
                "xyz": [
                    -2.720149139252566,
                    0.0,
                    0.5591448178567282
                ]
            },
            {
                "coords": [
                    0.38804216699867244,
                    0.5
                ],
                "id": 0,
                "xyz": [
                    -2.720149139252566,
                    0.0,
                    -3.2069428325385125
                ]
            },
            {
                "coords": [
                    0.4687471095098774,
                    0.44760375289179594
                ],
                "id": 0,
                "xyz": [
                    -0.6379611383785142,
                    0.5431457604546653,
                    -3.2069428325385125
                ]
            },
            {
                "coords": [
                    0.4776598322937114,
                    0.46226276351847656
                ],
                "id": 0,
                "xyz": [
                    -0.6379611383785142,
                    0.5431457604546653,
                    -4.515048687368484
                ]
            }
        ]
    },
    "layoutWalls": {
        "num": 6,
        "walls": [
            {
                "id": 0,
                "normal": [
                    1.0,
                    0.0,
                    -0.0
                ],
                "planeEquation": [
                    1.0,
                    0.0,
                    -0.0,
                    -1.293625580399252
                ],
                "pointsIdx": [
                    0,
                    1
                ],
                "width": 5.074193505225212
            },
            {
                "id": 0,
                "normal": [
                    0.0,
                    0.0,
                    1.0
                ],
                "planeEquation": [
                    0.0,
                    0.0,
                    1.0,
                    -0.5591448178567282
                ],
                "pointsIdx": [
                    1,
                    2
                ],
                "width": 4.013774719651818
            },
            {
                "id": 0,
                "normal": [
                    -1.0,
                    -0.0,
                    -0.0
                ],
                "planeEquation": [
                    -1.0,
                    -0.0,
                    -0.0,
                    -2.720149139252566
                ],
                "pointsIdx": [
                    2,
                    3
                ],
                "width": 3.7660876503952405
            },
            {
                "id": 0,
                "normal": [
                    0.0,
                    0.0,
                    -1.0
                ],
                "planeEquation": [
                    0.0,
                    0.0,
                    -1.0,
                    -3.2069428325385125
                ],
                "pointsIdx": [
                    3,
                    4
                ],
                "width": 2.082188000874052
            },
            {
                "id": 0,
                "normal": [
                    -1.0,
                    -0.0,
                    -0.0
                ],
                "planeEquation": [
                    -1.0,
                    -0.0,
                    -0.0,
                    -0.6379611383785142
                ],
                "pointsIdx": [
                    4,
                    5
                ],
                "width": 1.3081058548299715
            },
            {
                "id": 0,
                "normal": [
                    0.0,
                    0.0,
                    -1.0
                ],
                "planeEquation": [
                    0.0,
                    0.0,
                    -1.0,
                    -4.515048687368484
                ],
                "pointsIdx": [
                    5,
                    0
                ],
                "width": 1.9315867187777662
            }
        ]
    },
    "panoId": "nothing"
}