{
    "cameraHeight": 1.6,
    "layoutHeight": 3.2019705772399902,
    "layoutObj2ds": {
        "num": 0,
        "obj2ds": []
    },
    "layoutPoints": {
        "num": 10,
        "points": [
            {
                "coords": [
                    0.6179052111593242,
                    0.5
                ],
                "id": 0,
                "xyz": [
                    1.56125,
                    0.0,
                    -1.7070400000000001
                ]
            },
            {
                "coords": [
                    0.6924633898665843,
                    0.5
                ],
                "id": 0,
                "xyz": [
                    1.56125,
                    0.0,
                    -0.590357659769897
                ]
            },
            {
                "coords": [
                    0.7025694444444445,
                    0.5410433758979821
                ],
                "id": 0,
                "xyz": [
                    1.9219711270920563,
                    -0.26069573958000103,
                    -0.590357659769897
                ]
            },
            {
                "coords": [
                    0.6345684508857876,
                    0.5321985951465956
                ],
                "id": 0,
                "xyz": [
                    1.9219711270920563,
                    -0.26069573958000103,
                    -1.7037297184573843
                ]
            },
            {
                "coords": [
                    0.6927108944312248,
                    0.5
                ],
                "id": 0,
                "xyz": [
                    4.52692224,
                    0.0,
                    -1.7037297184573843
                ]
            },
            {
                "coords": [
                    0.7976490670758096,
                    0.5
                ],
                "id": 0,
                "xyz": [
                    4.52692224,
                    0.0,
                    1.3973057360691203
                ]
            },
            {
                "coords": [
                    0.8438744526777113,
                    0.5
                ],
                "id": 0,
                "xyz": [
                    2.08768,
                    0.0,
                    1.3973057360691203
                ]
            },
            {
                "coords": [
                    0.8772825602599237,
                    0.5
                ],
                "id": 0,
                "xyz": [
                    2.08768,
                    0.0,
                    2.1484375
                ]
            },
            {
                "coords": [
                    0.11171384728695916,
                    0.5
                ],
                "id": 0,
                "xyz": [
                    -1.81666244608,
                    0.0,
                    2.1484375
                ]
            },
            {
                "coords": [
                    0.37005028329717404,
                    0.5
                ],
                "id": 0,
                "xyz": [
                    -1.81666244608,
                    0.0,
                    -1.7070400000000001
                ]
            }
        ]
    },
    "layoutWalls": {
        "num": 10,
        "walls": [
            {
                "id": 0,
                "normal": [
                    1.0,
                    0.0,
                    -0.0
                ],
                "planeEquation": [
                    1.0,
                    0.0,
                    -0.0,
                    -1.56125
                ],
                "pointsIdx": [
                    0,
                    1
                ],
                "width": 1.1166823402301032
            },
            {
                "id": 0,
                "normal": [
                    0.0,
                    0.0,
                    -1.0
                ],
                "planeEquation": [
                    0.0,
                    0.0,
                    -1.0,
                    -0.590357659769897
                ],
                "pointsIdx": [
                    1,
                    2
                ],
                "width": 0.3607211270920563
            },
            {
                "id": 0,
                "normal": [
                    -1.0,
                    -0.0,
                    -0.0
                ],
                "planeEquation": [
                    -1.0,
                    -0.0,
                    -0.0,
                    1.9219711270920563
                ],
                "pointsIdx": [
                    2,
                    3
                ],
                "width": 1.1133720586874873
            },
            {
                "id": 0,
                "normal": [
                    0.0,
                    0.0,
                    -1.0
                ],
                "planeEquation": [
                    0.0,
                    0.0,
                    -1.0,
                    -1.7037297184573843
                ],
                "pointsIdx": [
                    3,
                    4
                ],
                "width": 2.604951112907944
            },
            {
                "id": 0,
                "normal": [
                    1.0,
                    0.0,
                    -0.0
                ],
                "planeEquation": [
                    1.0,
                    0.0,
                    -0.0,
                    -4.52692224
                ],
                "pointsIdx": [
                    4,
                    5
                ],
                "width": 3.101035454526505
            },
            {
                "id": 0,
                "normal": [
                    0.0,
                    0.0,
                    1.0
                ],
                "planeEquation": [
                    0.0,
                    0.0,
                    1.0,
                    -1.3973057360691203
                ],
                "pointsIdx": [
                    5,
                    6
                ],
                "width": 2.43924224
            },
            {
                "id": 0,
                "normal": [
                    1.0,
                    0.0,
                    -0.0
                ],
                "planeEquation": [
                    1.0,
                    0.0,
                    -0.0,
                    -2.08768
                ],
                "pointsIdx": [
                    6,
                    7
                ],
                "width": 0.7511317639308797
            },
            {
                "id": 0,
                "normal": [
                    0.0,
                    0.0,
                    1.0
                ],
                "planeEquation": [
                    0.0,
                    0.0,
                    1.0,
                    -2.1484375
                ],
                "pointsIdx": [
                    7,
                    8
                ],
                "width": 3.9043424460800003
            },
            {
                "id": 0,
                "normal": [
                    -1.0,
                    -0.0,
                    -0.0
                ],
                "planeEquation": [
                    -1.0,
                    -0.0,
                    -0.0,
                    -1.81666244608
                ],
                "pointsIdx": [
                    8,
                    9
                ],
                "width": 3.8554775
            },
            {
                "id": 0,
                "normal": [
                    0.0,
                    0.0,
                    -1.0
                ],
                "planeEquation": [
                    0.0,
                    0.0,
                    -1.0,
                    -1.7070400000000001
                ],
                "pointsIdx": [
                    9,
                    0
                ],
                "width": 3.37791244608
            }
        ]
    },
    "panoId": "nothing"
}