{
    "cameraHeight": 1.6,
    "layoutHeight": 3.924743022918701,
    "layoutObj2ds": {
        "num": 0,
        "obj2ds": []
    },
    "layoutPoints": {
        "num": 4,
        "points": [
            {
                "coords": [
                    0.6244444264798056,
                    0.5
                ],
                "id": 0,
                "xyz": [
                    1.4942830184619698,
                    0.0,
                    -1.5047520066158269
                ]
            },
            {
                "coords": [
                    0.9789986075863246,
                    0.5
                ],
                "id": 0,
                "xyz": [
                    1.4942830184619698,
                    0.0,
                    11.258328690355127
                ]
            },
            {
                "coords": [
                    0.060734615221083976,
                    0.5
                ],
                "id": 0,
                "xyz": [
                    -4.517709509564208,
                    0.0,
                    11.258328690355127
                ]
            },
            {
                "coords": [
                    0.30117168936110456,
                    0.5
                ],
                "id": 0,
                "xyz": [
                    -4.517709509564208,
                    0.0,
                    -1.5047520066158269
                ]
            }
        ]
    },
    "layoutWalls": {
        "num": 4,
        "walls": [
            {
                "id": 0,
                "normal": [
                    1.0,
                    0.0,
                    -0.0
                ],
                "planeEquation": [
                    1.0,
                    0.0,
                    -0.0,
                    -1.4942830184619698
                ],
                "pointsIdx": [
                    0,
                    1
                ],
                "width": 12.763080696970952
            },
            {
                "id": 0,
                "normal": [
                    0.0,
                    0.0,
                    1.0
                ],
                "planeEquation": [
                    0.0,
                    0.0,
                    1.0,
                    -11.258328690355127
                ],
                "pointsIdx": [
                    1,
                    2
                ],
                "width": 6.011992528026178
            },
            {
                "id": 0,
                "normal": [
                    -1.0,
                    -0.0,
                    -0.0
                ],
                "planeEquation": [
                    -1.0,
                    -0.0,
                    -0.0,
                    -4.517709509564208
                ],
                "pointsIdx": [
                    2,
                    3
                ],
                "width": 12.763080696970952
            },
            {
                "id": 0,
                "normal": [
                    0.0,
                    0.0,
                    -1.0
                ],
                "planeEquation": [
                    0.0,
                    0.0,
                    -1.0,
                    -1.5047520066158269
                ],
                "pointsIdx": [
                    3,
                    0
                ],
                "width": 6.011992528026178
            }
        ]
    },
    "panoId": "nothing"
}