{
    "cameraHeight": 1.6,
    "layoutHeight": 2.799825429916382,
    "layoutObj2ds": {
        "num": 0,
        "obj2ds": []
    },
    "layoutPoints": {
        "num": 10,
        "points": [
            {
                "coords": [
                    0.5161700696596052,
                    0.5
                ],
                "id": 0,
                "xyz": [
                    0.8764121024102399,
                    0.0,
                    -8.59644060845742
                ]
            },
            {
                "coords": [
                    0.8866892881750976,
                    0.5
                ],
                "id": 0,
                "xyz": [
                    0.8764121024102399,
                    0.0,
                    1.015625
                ]
            },
            {
                "coords": [
                    0.20496723677674922,
                    0.5
                ],
                "id": 0,
                "xyz": [
                    -3.4931200000000002,
                    0.0,
                    1.015625
                ]
            },
            {
                "coords": [
                    0.3311657955242513,
                    0.5
                ],
                "id": 0,
                "xyz": [
                    -3.4931200000000002,
                    0.0,
                    -1.9538141763229122
                ]
            },
            {
                "coords": [
                    0.37188472379467785,
                    0.4987394896178502
                ],
                "id": 0,
                "xyz": [
                    -2.0318387442827235,
                    0.0111626228365491,
                    -1.9538141763229122
                ]
            },
            {
                "coords": [
                    0.29895833333333344,
                    0.4983333561791701
                ],
                "id": 0,
                "xyz": [
                    -2.0318387442827235,
                    0.0111626228365491,
                    -0.6455131199999999
                ]
            },
            {
                "coords": [
                    0.390313743571233,
                    0.5
                ],
                "id": 0,
                "xyz": [
                    -0.531875,
                    0.0,
                    -0.6455131199999999
                ]
            },
            {
                "coords": [
                    0.48395833333333327,
                    0.509162867974839
                ],
                "id": 0,
                "xyz": [
                    -0.531875,
                    -0.15220085720375057,
                    -5.259034658114296
                ]
            },
            {
                "coords": [
                    0.4459883076512023,
                    0.5086845932962648
                ],
                "id": 0,
                "xyz": [
                    -1.8565607788028644,
                    -0.15220085720375057,
                    -5.259034658114296
                ]
            },
            {
                "coords": [
                    0.4661474684926516,
                    0.5
                ],
                "id": 0,
                "xyz": [
                    -1.8565607788028644,
                    0.0,
                    -8.59644060845742
                ]
            }
        ]
    },
    "layoutWalls": {
        "num": 10,
        "walls": [
            {
                "id": 0,
                "normal": [
                    1.0,
                    0.0,
                    -0.0
                ],
                "planeEquation": [
                    1.0,
                    0.0,
                    -0.0,
                    -0.8764121024102399
                ],
                "pointsIdx": [
                    0,
                    1
                ],
                "width": 9.61206560845742
            },
            {
                "id": 0,
                "normal": [
                    0.0,
                    0.0,
                    1.0
                ],
                "planeEquation": [
                    0.0,
                    0.0,
                    1.0,
                    -1.015625
                ],
                "pointsIdx": [
                    1,
                    2
                ],
                "width": 4.36953210241024
            },
            {
                "id": 0,
                "normal": [
                    -1.0,
                    -0.0,
                    -0.0
                ],
                "planeEquation": [
                    -1.0,
                    -0.0,
                    -0.0,
                    -3.4931200000000002
                ],
                "pointsIdx": [
                    2,
                    3
                ],
                "width": 2.969439176322912
            },
            {
                "id": 0,
                "normal": [
                    0.0,
                    0.0,
                    -1.0
                ],
                "planeEquation": [
                    0.0,
                    0.0,
                    -1.0,
                    -1.9538141763229122
                ],
                "pointsIdx": [
                    3,
                    4
                ],
                "width": 1.4612812557172767
            },
            {
                "id": 0,
                "normal": [
                    1.0,
                    0.0,
                    -0.0
                ],
                "planeEquation": [
                    1.0,
                    0.0,
                    -0.0,
                    2.0318387442827235
                ],
                "pointsIdx": [
                    4,
                    5
                ],
                "width": 1.3083010563229123
            },
            {
                "id": 0,
                "normal": [
                    0.0,
                    0.0,
                    -1.0
                ],
                "planeEquation": [
                    0.0,
                    0.0,
                    -1.0,
                    -0.6455131199999999
                ],
                "pointsIdx": [
                    5,
                    6
                ],
                "width": 1.4999637442827236
            },
            {
                "id": 0,
                "normal": [
                    -1.0,
                    -0.0,
                    -0.0
                ],
                "planeEquation": [
                    -1.0,
                    -0.0,
                    -0.0,
                    -0.531875
                ],
                "pointsIdx": [
                    6,
                    7
                ],
                "width": 4.613521538114297
            },
            {
                "id": 0,
                "normal": [
                    0.0,
                    0.0,
                    1.0
                ],
                "planeEquation": [
                    0.0,
                    0.0,
                    1.0,
                    5.259034658114296
                ],
                "pointsIdx": [
                    7,
                    8
                ],
                "width": 1.3246857788028645
            },
            {
                "id": 0,
                "normal": [
                    -1.0,
                    -0.0,
                    -0.0
                ],
                "planeEquation": [
                    -1.0,
                    -0.0,
                    -0.0,
                    -1.8565607788028644
                ],
                "pointsIdx": [
                    8,
                    9
                ],
                "width": 3.3374059503431246
            },
            {
                "id": 0,
                "normal": [
                    0.0,
                    0.0,
                    -1.0
                ],
                "planeEquation": [
                    0.0,
                    0.0,
                    -1.0,
                    -8.59644060845742
                ],
                "pointsIdx": [
                    9,
                    0
                ],
                "width": 2.7329728812131044
            }
        ]
    },
    "panoId": "nothing"
}