{
    "cameraHeight": 1.6,
    "layoutHeight": 3.4828814601898195,
    "layoutObj2ds": {
        "num": 0,
        "obj2ds": []
    },
    "layoutPoints": {
        "num": 12,
        "points": [
            {
                "coords": [
                    0.5874275201637071,
                    0.5
                ],
                "id": 0,
                "xyz": [
                    0.72,
                    0.0,
                    -1.1761351532751558
                ]
            },
            {
                "coords": [
                    0.6182516831515076,
                    0.5
                ],
                "id": 0,
                "xyz": [
                    0.72,
                    0.0,
                    -0.7838007837376114
                ]
            },
            {
                "coords": [
                    0.729992296942017,
                    0.5
                ],
                "id": 0,
                "xyz": [
                    6.202008,
                    0.0,
                    -0.7838007837376114
                ]
            },
            {
                "coords": [
                    0.8535853726821265,
                    0.5
                ],
                "id": 0,
                "xyz": [
                    6.202008,
                    0.0,
                    4.723079131217514
                ]
            },
            {
                "coords": [
                    0.9108333333333334,
                    0.4906984183580746
                ],
                "id": 0,
                "xyz": [
                    2.9627819537304814,
                    0.16297073254180494,
                    4.723079131217514
                ]
            },
            {
                "coords": [
                    0.93809844368017,
                    0.4933614500474179
                ],
                "id": 0,
                "xyz": [
                    2.9627819537304814,
                    0.16297073254180494,
                    7.229557398123585
                ]
            },
            {
                "coords": [
                    0.01703527225412449,
                    0.5
                ],
                "id": 0,
                "xyz": [
                    -0.7767900000000001,
                    0.0,
                    7.229557398123585
                ]
            },
            {
                "coords": [
                    0.024841877361183207,
                    0.5
                ],
                "id": 0,
                "xyz": [
                    -0.7767900000000001,
                    0.0,
                    4.93619456
                ]
            },
            {
                "coords": [
                    0.14690475867031455,
                    0.5
                ],
                "id": 0,
                "xyz": [
                    -6.5234375,
                    0.0,
                    4.93619456
                ]
            },
            {
                "coords": [
                    0.2583180324203896,
                    0.5
                ],
                "id": 0,
                "xyz": [
                    -6.5234375,
                    0.0,
                    -0.34125
                ]
            },
            {
                "coords": [
                    0.3145024622212557,
                    0.5
                ],
                "id": 0,
                "xyz": [
                    -0.7953950000000001,
                    0.0,
                    -0.34125
                ]
            },
            {
                "coords": [
                    0.4053620922907639,
                    0.5
                ],
                "id": 0,
                "xyz": [
                    -0.7953950000000001,
                    0.0,
                    -1.1761351532751558
                ]
            }
        ]
    },
    "layoutWalls": {
        "num": 12,
        "walls": [
            {
                "id": 0,
                "normal": [
                    1.0,
                    0.0,
                    -0.0
                ],
                "planeEquation": [
                    1.0,
                    0.0,
                    -0.0,
                    -0.72
                ],
                "pointsIdx": [
                    0,
                    1
                ],
                "width": 0.3923343695375444
            },
            {
                "id": 0,
                "normal": [
                    0.0,
                    0.0,
                    -1.0
                ],
                "planeEquation": [
                    0.0,
                    0.0,
                    -1.0,
                    -0.7838007837376114
                ],
                "pointsIdx": [
                    1,
                    2
                ],
                "width": 5.482008
            },
            {
                "id": 0,
                "normal": [
                    1.0,
                    0.0,
                    -0.0
                ],
                "planeEquation": [
                    1.0,
                    0.0,
                    -0.0,
                    -6.202008
                ],
                "pointsIdx": [
                    2,
                    3
                ],
                "width": 5.5068799149551255
            },
            {
                "id": 0,
                "normal": [
                    0.0,
                    0.0,
                    1.0
                ],
                "planeEquation": [
                    0.0,
                    0.0,
                    1.0,
                    -4.723079131217514
                ],
                "pointsIdx": [
                    3,
                    4
                ],
                "width": 3.239226046269519
            },
            {
                "id": 0,
                "normal": [
                    1.0,
                    0.0,
                    -0.0
                ],
                "planeEquation": [
                    1.0,
                    0.0,
                    -0.0,
                    -2.9627819537304814
                ],
                "pointsIdx": [
                    4,
                    5
                ],
                "width": 2.506478266906071
            },
            {
                "id": 0,
                "normal": [
                    0.0,
                    0.0,
                    1.0
                ],
                "planeEquation": [
                    0.0,
                    0.0,
                    1.0,
                    -7.229557398123585
                ],
                "pointsIdx": [
                    5,
                    6
                ],
                "width": 3.7395719537304815
            },
            {
                "id": 0,
                "normal": [
                    -1.0,
                    -0.0,
                    -0.0
                ],
                "planeEquation": [
                    -1.0,
                    -0.0,
                    -0.0,
                    -0.7767900000000001
                ],
                "pointsIdx": [
                    6,
                    7
                ],
                "width": 2.2933628381235858
            },
            {
                "id": 0,
                "normal": [
                    0.0,
                    0.0,
                    1.0
                ],
                "planeEquation": [
                    0.0,
                    0.0,
                    1.0,
                    -4.93619456
                ],
                "pointsIdx": [
                    7,
                    8
                ],
                "width": 5.7466475
            },
            {
                "id": 0,
                "normal": [
                    -1.0,
                    -0.0,
                    -0.0
                ],
                "planeEquation": [
                    -1.0,
                    -0.0,
                    -0.0,
                    -6.5234375
                ],
                "pointsIdx": [
                    8,
                    9
                ],
                "width": 5.277444559999999
            },
            {
                "id": 0,
                "normal": [
                    0.0,
                    0.0,
                    -1.0
                ],
                "planeEquation": [
                    0.0,
                    0.0,
                    -1.0,
                    -0.34125
                ],
                "pointsIdx": [
                    9,
                    10
                ],
                "width": 5.7280425
            },
            {
                "id": 0,
                "normal": [
                    -1.0,
                    -0.0,
                    -0.0
                ],
                "planeEquation": [
                    -1.0,
                    -0.0,
                    -0.0,
                    -0.7953950000000001
                ],
                "pointsIdx": [
                    10,
                    11
                ],
                "width": 0.8348851532751558
            },
            {
                "id": 0,
                "normal": [
                    0.0,
                    0.0,
                    -1.0
                ],
                "planeEquation": [
                    0.0,
                    0.0,
                    -1.0,
                    -1.1761351532751558
                ],
                "pointsIdx": [
                    11,
                    0
                ],
                "width": 1.515395
            }
        ]
    },
    "panoId": "nothing"
}