{
    "cameraHeight": 1.6,
    "layoutHeight": 3.574927463531494,
    "layoutObj2ds": {
        "num": 0,
        "obj2ds": []
    },
    "layoutPoints": {
        "num": 6,
        "points": [
            {
                "coords": [
                    0.5870674705500374,
                    0.5
                ],
                "id": 0,
                "xyz": [
                    1.1902675200000001,
                    0.0,
                    -1.95424154984448
                ]
            },
            {
                "coords": [
                    0.8867953440113792,
                    0.5
                ],
                "id": 0,
                "xyz": [
                    1.1902675200000001,
                    0.0,
                    1.3811942400000001
                ]
            },
            {
                "coords": [
                    0.1499307655588415,
                    0.5
                ],
                "id": 0,
                "xyz": [
                    -1.8993127415787705,
                    0.0,
                    1.3811942400000001
                ]
            },
            {
                "coords": [
                    0.3042900147095596,
                    0.5
                ],
                "id": 0,
                "xyz": [
                    -1.8993127415787705,
                    0.0,
                    -0.67423896375296
                ]
            },
            {
                "coords": [
                    0.4907895443512049,
                    0.5
                ],
                "id": 0,
                "xyz": [
                    -0.0390625,
                    0.0,
                    -0.67423896375296
                ]
            },
            {
                "coords": [
                    0.49681914337641414,
                    0.5
                ],
                "id": 0,
                "xyz": [
                    -0.0390625,
                    0.0,
                    -1.95424154984448
                ]
            }
        ]
    },
    "layoutWalls": {
        "num": 6,
        "walls": [
            {
                "id": 0,
                "normal": [
                    1.0,
                    0.0,
                    -0.0
                ],
                "planeEquation": [
                    1.0,
                    0.0,
                    -0.0,
                    -1.1902675200000001
                ],
                "pointsIdx": [
                    0,
                    1
                ],
                "width": 3.33543578984448
            },
            {
                "id": 0,
                "normal": [
                    0.0,
                    0.0,
                    1.0
                ],
                "planeEquation": [
                    0.0,
                    0.0,
                    1.0,
                    -1.3811942400000001
                ],
                "pointsIdx": [
                    1,
                    2
                ],
                "width": 3.089580261578771
            },
            {
                "id": 0,
                "normal": [
                    -1.0,
                    -0.0,
                    -0.0
                ],
                "planeEquation": [
                    -1.0,
                    -0.0,
                    -0.0,
                    -1.8993127415787705
                ],
                "pointsIdx": [
                    2,
                    3
                ],
                "width": 2.05543320375296
            },
            {
                "id": 0,
                "normal": [
                    0.0,
                    0.0,
                    -1.0
                ],
                "planeEquation": [
                    0.0,
                    0.0,
                    -1.0,
                    -0.67423896375296
                ],
                "pointsIdx": [
                    3,
                    4
                ],
                "width": 1.8602502415787705
            },
            {
                "id": 0,
                "normal": [
                    -1.0,
                    -0.0,
                    -0.0
                ],
                "planeEquation": [
                    -1.0,
                    -0.0,
                    -0.0,
                    -0.0390625
                ],
                "pointsIdx": [
                    4,
                    5
                ],
                "width": 1.28000258609152
            },
            {
                "id": 0,
                "normal": [
                    0.0,
                    0.0,
                    -1.0
                ],
                "planeEquation": [
                    0.0,
                    0.0,
                    -1.0,
                    -1.95424154984448
                ],
                "pointsIdx": [
                    5,
                    0
                ],
                "width": 1.2293300200000001
            }
        ]
    },
    "panoId": "nothing"
}