{
    "cameraHeight": 1.6,
    "layoutHeight": 3.468263502120972,
    "layoutObj2ds": {
        "num": 0,
        "obj2ds": []
    },
    "layoutPoints": {
        "num": 8,
        "points": [
            {
                "coords": [
                    0.6260468125690228,
                    0.5
                ],
                "id": 0,
                "xyz": [
                    4.898253996789126,
                    0.0,
                    -4.834239376121943
                ]
            },
            {
                "coords": [
                    0.7201619105145018,
                    0.4509210648265068
                ],
                "id": 0,
                "xyz": [
                    4.898253996789126,
                    0.7748622655540546,
                    -0.929228531087304
                ]
            },
            {
                "coords": [
                    0.7273123595811153,
                    0.4624655561657121
                ],
                "id": 0,
                "xyz": [
                    6.474371089152209,
                    0.7748622655540546,
                    -0.929228531087304
                ]
            },
            {
                "coords": [
                    0.8111400984331065,
                    0.5
                ],
                "id": 0,
                "xyz": [
                    6.474371089152209,
                    0.0,
                    2.6171875
                ]
            },
            {
                "coords": [
                    0.8296864506660653,
                    0.5
                ],
                "id": 0,
                "xyz": [
                    4.78294255616,
                    0.0,
                    2.6171875
                ]
            },
            {
                "coords": [
                    0.9108217390300901,
                    0.5
                ],
                "id": 0,
                "xyz": [
                    4.78294255616,
                    0.0,
                    7.62343
                ]
            },
            {
                "coords": [
                    0.0170173121925985,
                    0.5
                ],
                "id": 0,
                "xyz": [
                    -0.81824,
                    0.0,
                    7.62343
                ]
            },
            {
                "coords": [
                    0.47331446210944184,
                    0.5
                ],
                "id": 0,
                "xyz": [
                    -0.81824,
                    0.0,
                    -4.834239376121943
                ]
            }
        ]
    },
    "layoutWalls": {
        "num": 8,
        "walls": [
            {
                "id": 0,
                "normal": [
                    1.0,
                    0.0,
                    -0.0
                ],
                "planeEquation": [
                    1.0,
                    0.0,
                    -0.0,
                    -4.898253996789126
                ],
                "pointsIdx": [
                    0,
                    1
                ],
                "width": 3.9050108450346386
            },
            {
                "id": 0,
                "normal": [
                    0.0,
                    0.0,
                    -1.0
                ],
                "planeEquation": [
                    0.0,
                    0.0,
                    -1.0,
                    -0.929228531087304
                ],
                "pointsIdx": [
                    1,
                    2
                ],
                "width": 1.5761170923630825
            },
            {
                "id": 0,
                "normal": [
                    1.0,
                    0.0,
                    -0.0
                ],
                "planeEquation": [
                    1.0,
                    0.0,
                    -0.0,
                    -6.474371089152209
                ],
                "pointsIdx": [
                    2,
                    3
                ],
                "width": 3.546416031087304
            },
            {
                "id": 0,
                "normal": [
                    0.0,
                    0.0,
                    1.0
                ],
                "planeEquation": [
                    0.0,
                    0.0,
                    1.0,
                    -2.6171875
                ],
                "pointsIdx": [
                    3,
                    4
                ],
                "width": 1.6914285329922087
            },
            {
                "id": 0,
                "normal": [
                    1.0,
                    0.0,
                    -0.0
                ],
                "planeEquation": [
                    1.0,
                    0.0,
                    -0.0,
                    -4.78294255616
                ],
                "pointsIdx": [
                    4,
                    5
                ],
                "width": 5.0062425
            },
            {
                "id": 0,
                "normal": [
                    0.0,
                    0.0,
                    1.0
                ],
                "planeEquation": [
                    0.0,
                    0.0,
                    1.0,
                    -7.62343
                ],
                "pointsIdx": [
                    5,
                    6
                ],
                "width": 5.60118255616
            },
            {
                "id": 0,
                "normal": [
                    -1.0,
                    -0.0,
                    -0.0
                ],
                "planeEquation": [
                    -1.0,
                    -0.0,
                    -0.0,
                    -0.81824
                ],
                "pointsIdx": [
                    6,
                    7
                ],
                "width": 12.457669376121942
            },
            {
                "id": 0,
                "normal": [
                    0.0,
                    0.0,
                    -1.0
                ],
                "planeEquation": [
                    0.0,
                    0.0,
                    -1.0,
                    -4.834239376121943
                ],
                "pointsIdx": [
                    7,
                    0
                ],
                "width": 5.716493996789127
            }
        ]
    },
    "panoId": "nothing"
}