{
    "cameraHeight": 1.6,
    "layoutHeight": 3.089114189147949,
    "layoutObj2ds": {
        "num": 0,
        "obj2ds": []
    },
    "layoutPoints": {
        "num": 12,
        "points": [
            {
                "coords": [
                    0.6005856709039032,
                    0.5
                ],
                "id": 0,
                "xyz": [
                    2.3265250029351727,
                    0.0,
                    -3.1775315712000003
                ]
            },
            {
                "coords": [
                    0.6252777777777778,
                    0.5289078238168166
                ],
                "id": 0,
                "xyz": [
                    2.3265250029351727,
                    -0.29910770601182646,
                    -2.318418039737205
                ]
            },
            {
                "coords": [
                    0.6775941698043777,
                    0.5180255738996732
                ],
                "id": 0,
                "xyz": [
                    4.739576173278394,
                    -0.29910770601182646,
                    -2.318418039737205
                ]
            },
            {
                "coords": [
                    0.7310197873706633,
                    0.5
                ],
                "id": 0,
                "xyz": [
                    4.739576173278394,
                    0.0,
                    -0.5679186882659187
                ]
            },
            {
                "coords": [
                    0.6279082301752174,
                    0.5
                ],
                "id": 0,
                "xyz": [
                    0.5890625,
                    0.0,
                    -0.5679186882659187
                ]
            },
            {
                "coords": [
                    0.9606250000000001,
                    0.5
                ],
                "id": 0,
                "xyz": [
                    0.5890625,
                    0.0,
                    2.3322309866177178
                ]
            },
            {
                "coords": [
                    0.8891608658758215,
                    0.5
                ],
                "id": 0,
                "xyz": [
                    1.95019222326553,
                    0.0,
                    2.3322309866177178
                ]
            },
            {
                "coords": [
                    0.9548990794089037,
                    0.5
                ],
                "id": 0,
                "xyz": [
                    1.95019222326553,
                    0.0,
                    6.696752730720246
                ]
            },
            {
                "coords": [
                    0.04708982823045438,
                    0.5
                ],
                "id": 0,
                "xyz": [
                    -2.0413128860394405,
                    0.0,
                    6.696752730720246
                ]
            },
            {
                "coords": [
                    0.22044455066441754,
                    0.5
                ],
                "id": 0,
                "xyz": [
                    -2.0413128860394405,
                    0.0,
                    0.3834951224350736
                ]
            },
            {
                "coords": [
                    0.15636351850988534,
                    0.5
                ],
                "id": 0,
                "xyz": [
                    -0.5748281506233485,
                    0.0,
                    0.3834951224350736
                ]
            },
            {
                "coords": [
                    0.47151629077425383,
                    0.5
                ],
                "id": 0,
                "xyz": [
                    -0.5748281506233485,
                    0.0,
                    -3.1775315712000003
                ]
            }
        ]
    },
    "layoutWalls": {
        "num": 12,
        "walls": [
            {
                "id": 0,
                "normal": [
                    1.0,
                    0.0,
                    -0.0
                ],
                "planeEquation": [
                    1.0,
                    0.0,
                    -0.0,
                    -2.3265250029351727
                ],
                "pointsIdx": [
                    0,
                    1
                ],
                "width": 0.8591135314627953
            },
            {
                "id": 0,
                "normal": [
                    0.0,
                    0.0,
                    -1.0
                ],
                "planeEquation": [
                    0.0,
                    0.0,
                    -1.0,
                    -2.318418039737205
                ],
                "pointsIdx": [
                    1,
                    2
                ],
                "width": 2.413051170343221
            },
            {
                "id": 0,
                "normal": [
                    1.0,
                    0.0,
                    -0.0
                ],
                "planeEquation": [
                    1.0,
                    0.0,
                    -0.0,
                    -4.739576173278394
                ],
                "pointsIdx": [
                    2,
                    3
                ],
                "width": 1.7504993514712863
            },
            {
                "id": 0,
                "normal": [
                    0.0,
                    0.0,
                    1.0
                ],
                "planeEquation": [
                    0.0,
                    0.0,
                    1.0,
                    0.5679186882659187
                ],
                "pointsIdx": [
                    3,
                    4
                ],
                "width": 4.150513673278394
            },
            {
                "id": 0,
                "normal": [
                    1.0,
                    0.0,
                    -0.0
                ],
                "planeEquation": [
                    1.0,
                    0.0,
                    -0.0,
                    -0.5890625
                ],
                "pointsIdx": [
                    4,
                    5
                ],
                "width": 2.9001496748836364
            },
            {
                "id": 0,
                "normal": [
                    0.0,
                    0.0,
                    -1.0
                ],
                "planeEquation": [
                    0.0,
                    0.0,
                    -1.0,
                    2.3322309866177178
                ],
                "pointsIdx": [
                    5,
                    6
                ],
                "width": 1.36112972326553
            },
            {
                "id": 0,
                "normal": [
                    1.0,
                    0.0,
                    -0.0
                ],
                "planeEquation": [
                    1.0,
                    0.0,
                    -0.0,
                    -1.95019222326553
                ],
                "pointsIdx": [
                    6,
                    7
                ],
                "width": 4.364521744102529
            },
            {
                "id": 0,
                "normal": [
                    0.0,
                    0.0,
                    1.0
                ],
                "planeEquation": [
                    0.0,
                    0.0,
                    1.0,
                    -6.696752730720246
                ],
                "pointsIdx": [
                    7,
                    8
                ],
                "width": 3.9915051093049705
            },
            {
                "id": 0,
                "normal": [
                    -1.0,
                    -0.0,
                    -0.0
                ],
                "planeEquation": [
                    -1.0,
                    -0.0,
                    -0.0,
                    -2.0413128860394405
                ],
                "pointsIdx": [
                    8,
                    9
                ],
                "width": 6.313257608285173
            },
            {
                "id": 0,
                "normal": [
                    0.0,
                    0.0,
                    -1.0
                ],
                "planeEquation": [
                    0.0,
                    0.0,
                    -1.0,
                    0.3834951224350736
                ],
                "pointsIdx": [
                    9,
                    10
                ],
                "width": 1.466484735416092
            },
            {
                "id": 0,
                "normal": [
                    -1.0,
                    -0.0,
                    -0.0
                ],
                "planeEquation": [
                    -1.0,
                    -0.0,
                    -0.0,
                    -0.5748281506233485
                ],
                "pointsIdx": [
                    10,
                    11
                ],
                "width": 3.561026693635074
            },
            {
                "id": 0,
                "normal": [
                    0.0,
                    0.0,
                    -1.0
                ],
                "planeEquation": [
                    0.0,
                    0.0,
                    -1.0,
                    -3.1775315712000003
                ],
                "pointsIdx": [
                    11,
                    0
                ],
                "width": 2.9013531535585213
            }
        ]
    },
    "panoId": "nothing"
}