{
    "cameraHeight": 1.6,
    "layoutHeight": 2.8339748001098632,
    "layoutObj2ds": {
        "num": 0,
        "obj2ds": []
    },
    "layoutPoints": {
        "num": 6,
        "points": [
            {
                "coords": [
                    0.644229159200776,
                    0.5
                ],
                "id": 0,
                "xyz": [
                    1.74914945695744,
                    0.0,
                    -1.3703996416
                ]
            },
            {
                "coords": [
                    0.7849691280957227,
                    0.5
                ],
                "id": 0,
                "xyz": [
                    1.74914945695744,
                    0.0,
                    0.390625
                ]
            },
            {
                "coords": [
                    0.8522026490642827,
                    0.5
                ],
                "id": 0,
                "xyz": [
                    0.5222931158431139,
                    0.0,
                    0.390625
                ]
            },
            {
                "coords": [
                    0.9447388257884655,
                    0.5
                ],
                "id": 0,
                "xyz": [
                    0.5222931158431139,
                    0.0,
                    1.4432892329984
                ]
            },
            {
                "coords": [
                    0.1089711258359749,
                    0.5
                ],
                "id": 0,
                "xyz": [
                    -1.17836032,
                    0.0,
                    1.4432892329984
                ]
            },
            {
                "coords": [
                    0.3869691011353127,
                    0.5
                ],
                "id": 0,
                "xyz": [
                    -1.17836032,
                    0.0,
                    -1.3703996416
                ]
            }
        ]
    },
    "layoutWalls": {
        "num": 6,
        "walls": [
            {
                "id": 0,
                "normal": [
                    1.0,
                    0.0,
                    -0.0
                ],
                "planeEquation": [
                    1.0,
                    0.0,
                    -0.0,
                    -1.74914945695744
                ],
                "pointsIdx": [
                    0,
                    1
                ],
                "width": 1.7610246416
            },
            {
                "id": 0,
                "normal": [
                    0.0,
                    0.0,
                    1.0
                ],
                "planeEquation": [
                    0.0,
                    0.0,
                    1.0,
                    -0.390625
                ],
                "pointsIdx": [
                    1,
                    2
                ],
                "width": 1.226856341114326
            },
            {
                "id": 0,
                "normal": [
                    1.0,
                    0.0,
                    -0.0
                ],
                "planeEquation": [
                    1.0,
                    0.0,
                    -0.0,
                    -0.5222931158431139
                ],
                "pointsIdx": [
                    2,
                    3
                ],
                "width": 1.0526642329984
            },
            {
                "id": 0,
                "normal": [
                    0.0,
                    0.0,
                    1.0
                ],
                "planeEquation": [
                    0.0,
                    0.0,
                    1.0,
                    -1.4432892329984
                ],
                "pointsIdx": [
                    3,
                    4
                ],
                "width": 1.7006534358431138
            },
            {
                "id": 0,
                "normal": [
                    -1.0,
                    -0.0,
                    -0.0
                ],
                "planeEquation": [
                    -1.0,
                    -0.0,
                    -0.0,
                    -1.17836032
                ],
                "pointsIdx": [
                    4,
                    5
                ],
                "width": 2.8136888745984
            },
            {
                "id": 0,
                "normal": [
                    0.0,
                    0.0,
                    -1.0
                ],
                "planeEquation": [
                    0.0,
                    0.0,
                    -1.0,
                    -1.3703996416
                ],
                "pointsIdx": [
                    5,
                    0
                ],
                "width": 2.92750977695744
            }
        ]
    },
    "panoId": "nothing"
}