{
    "cameraHeight": 1.6,
    "layoutHeight": 3.199746446609497,
    "layoutObj2ds": {
        "num": 0,
        "obj2ds": []
    },
    "layoutPoints": {
        "num": 4,
        "points": [
            {
                "coords": [
                    0.6582089158144074,
                    0.5
                ],
                "id": 0,
                "xyz": [
                    2.28,
                    0.0,
                    -1.4831846400000002
                ]
            },
            {
                "coords": [
                    0.8996819712647417,
                    0.5
                ],
                "id": 0,
                "xyz": [
                    2.28,
                    0.0,
                    3.125
                ]
            },
            {
                "coords": [
                    0.06743096156989387,
                    0.5
                ],
                "id": 0,
                "xyz": [
                    -1.4093600000000002,
                    0.0,
                    3.125
                ]
            },
            {
                "coords": [
                    0.3790611322025874,
                    0.5
                ],
                "id": 0,
                "xyz": [
                    -1.4093600000000002,
                    0.0,
                    -1.4831846400000002
                ]
            }
        ]
    },
    "layoutWalls": {
        "num": 4,
        "walls": [
            {
                "id": 0,
                "normal": [
                    1.0,
                    0.0,
                    -0.0
                ],
                "planeEquation": [
                    1.0,
                    0.0,
                    -0.0,
                    -2.28
                ],
                "pointsIdx": [
                    0,
                    1
                ],
                "width": 4.60818464
            },
            {
                "id": 0,
                "normal": [
                    0.0,
                    0.0,
                    1.0
                ],
                "planeEquation": [
                    0.0,
                    0.0,
                    1.0,
                    -3.125
                ],
                "pointsIdx": [
                    1,
                    2
                ],
                "width": 3.6893599999999998
            },
            {
                "id": 0,
                "normal": [
                    -1.0,
                    -0.0,
                    -0.0
                ],
                "planeEquation": [
                    -1.0,
                    -0.0,
                    -0.0,
                    -1.4093600000000002
                ],
                "pointsIdx": [
                    2,
                    3
                ],
                "width": 4.60818464
            },
            {
                "id": 0,
                "normal": [
                    0.0,
                    0.0,
                    -1.0
                ],
                "planeEquation": [
                    0.0,
                    0.0,
                    -1.0,
                    -1.4831846400000002
                ],
                "pointsIdx": [
                    3,
                    0
                ],
                "width": 3.6893599999999998
            }
        ]
    },
    "panoId": "nothing"
}