{
    "cameraHeight": 1.6,
    "layoutHeight": 3.6026877880096437,
    "layoutObj2ds": {
        "num": 0,
        "obj2ds": []
    },
    "layoutPoints": {
        "num": 6,
        "points": [
            {
                "coords": [
                    0.6206668815432406,
                    0.5
                ],
                "id": 0,
                "xyz": [
                    2.194935577761736,
                    0.0,
                    -2.3178295219116207
                ]
            },
            {
                "coords": [
                    0.8807821249088537,
                    0.5
                ],
                "id": 0,
                "xyz": [
                    2.194935577761736,
                    0.0,
                    2.360508450414303
                ]
            },
            {
                "coords": [
                    0.9868611773170928,
                    0.5
                ],
                "id": 0,
                "xyz": [
                    0.1953125,
                    0.0,
                    2.360508450414303
                ]
            },
            {
                "coords": [
                    0.9848385073762009,
                    0.5
                ],
                "id": 0,
                "xyz": [
                    0.1953125,
                    0.0,
                    2.044050828347282
                ]
            },
            {
                "coords": [
                    0.13468411181462264,
                    0.5
                ],
                "id": 0,
                "xyz": [
                    -2.309264706442767,
                    0.0,
                    2.044050828347282
                ]
            },
            {
                "coords": [
                    0.3752945976663661,
                    0.5
                ],
                "id": 0,
                "xyz": [
                    -2.309264706442767,
                    0.0,
                    -2.3178295219116207
                ]
            }
        ]
    },
    "layoutWalls": {
        "num": 6,
        "walls": [
            {
                "id": 0,
                "normal": [
                    1.0,
                    0.0,
                    -0.0
                ],
                "planeEquation": [
                    1.0,
                    0.0,
                    -0.0,
                    -2.194935577761736
                ],
                "pointsIdx": [
                    0,
                    1
                ],
                "width": 4.678337972325924
            },
            {
                "id": 0,
                "normal": [
                    0.0,
                    0.0,
                    1.0
                ],
                "planeEquation": [
                    0.0,
                    0.0,
                    1.0,
                    -2.360508450414303
                ],
                "pointsIdx": [
                    1,
                    2
                ],
                "width": 1.9996230777617359
            },
            {
                "id": 0,
                "normal": [
                    -1.0,
                    -0.0,
                    -0.0
                ],
                "planeEquation": [
                    -1.0,
                    -0.0,
                    -0.0,
                    0.1953125
                ],
                "pointsIdx": [
                    2,
                    3
                ],
                "width": 0.3164576220670212
            },
            {
                "id": 0,
                "normal": [
                    0.0,
                    0.0,
                    1.0
                ],
                "planeEquation": [
                    0.0,
                    0.0,
                    1.0,
                    -2.044050828347282
                ],
                "pointsIdx": [
                    3,
                    4
                ],
                "width": 2.504577206442767
            },
            {
                "id": 0,
                "normal": [
                    -1.0,
                    -0.0,
                    -0.0
                ],
                "planeEquation": [
                    -1.0,
                    -0.0,
                    -0.0,
                    -2.309264706442767
                ],
                "pointsIdx": [
                    4,
                    5
                ],
                "width": 4.361880350258902
            },
            {
                "id": 0,
                "normal": [
                    0.0,
                    0.0,
                    -1.0
                ],
                "planeEquation": [
                    0.0,
                    0.0,
                    -1.0,
                    -2.3178295219116207
                ],
                "pointsIdx": [
                    5,
                    0
                ],
                "width": 4.504200284204503
            }
        ]
    },
    "panoId": "nothing"
}