{
    "cameraHeight": 1.6,
    "layoutHeight": 2.5054632472991942,
    "layoutObj2ds": {
        "num": 0,
        "obj2ds": []
    },
    "layoutPoints": {
        "num": 4,
        "points": [
            {
                "coords": [
                    0.713480885548221,
                    0.5
                ],
                "id": 0,
                "xyz": [
                    2.919168109092452,
                    0.0,
                    -0.6818300799999999
                ]
            },
            {
                "coords": [
                    0.7826193892648623,
                    0.5
                ],
                "id": 0,
                "xyz": [
                    2.919168109092452,
                    0.0,
                    0.60681472
                ]
            },
            {
                "coords": [
                    0.19381780775423268,
                    0.5
                ],
                "id": 0,
                "xyz": [
                    -1.647003856647679,
                    0.0,
                    0.60681472
                ]
            },
            {
                "coords": [
                    0.3124685509915111,
                    0.5
                ],
                "id": 0,
                "xyz": [
                    -1.647003856647679,
                    0.0,
                    -0.6818300799999999
                ]
            }
        ]
    },
    "layoutWalls": {
        "num": 4,
        "walls": [
            {
                "id": 0,
                "normal": [
                    1.0,
                    0.0,
                    -0.0
                ],
                "planeEquation": [
                    1.0,
                    0.0,
                    -0.0,
                    -2.919168109092452
                ],
                "pointsIdx": [
                    0,
                    1
                ],
                "width": 1.2886448
            },
            {
                "id": 0,
                "normal": [
                    0.0,
                    0.0,
                    1.0
                ],
                "planeEquation": [
                    0.0,
                    0.0,
                    1.0,
                    -0.60681472
                ],
                "pointsIdx": [
                    1,
                    2
                ],
                "width": 4.566171965740131
            },
            {
                "id": 0,
                "normal": [
                    -1.0,
                    -0.0,
                    -0.0
                ],
                "planeEquation": [
                    -1.0,
                    -0.0,
                    -0.0,
                    -1.647003856647679
                ],
                "pointsIdx": [
                    2,
                    3
                ],
                "width": 1.2886448
            },
            {
                "id": 0,
                "normal": [
                    0.0,
                    0.0,
                    -1.0
                ],
                "planeEquation": [
                    0.0,
                    0.0,
                    -1.0,
                    -0.6818300799999999
                ],
                "pointsIdx": [
                    3,
                    0
                ],
                "width": 4.566171965740131
            }
        ]
    },
    "panoId": "nothing"
}