{
    "cameraHeight": 1.6,
    "layoutHeight": 2.6088365364074706,
    "layoutObj2ds": {
        "num": 0,
        "obj2ds": []
    },
    "layoutPoints": {
        "num": 4,
        "points": [
            {
                "coords": [
                    0.7369638393840223,
                    0.5
                ],
                "id": 0,
                "xyz": [
                    4.013585662865484,
                    0.0,
                    -0.32948440319712624
                ]
            },
            {
                "coords": [
                    0.7868134913603085,
                    0.5
                ],
                "id": 0,
                "xyz": [
                    4.013585662865484,
                    0.0,
                    0.9452851974036982
                ]
            },
            {
                "coords": [
                    0.093811917899696,
                    0.5
                ],
                "id": 0,
                "xyz": [
                    -0.632151458310904,
                    0.0,
                    0.9452851974036982
                ]
            },
            {
                "coords": [
                    0.32646952543581814,
                    0.5
                ],
                "id": 0,
                "xyz": [
                    -0.632151458310904,
                    0.0,
                    -0.32948440319712624
                ]
            }
        ]
    },
    "layoutWalls": {
        "num": 4,
        "walls": [
            {
                "id": 0,
                "normal": [
                    1.0,
                    0.0,
                    -0.0
                ],
                "planeEquation": [
                    1.0,
                    0.0,
                    -0.0,
                    -4.013585662865484
                ],
                "pointsIdx": [
                    0,
                    1
                ],
                "width": 1.2747696006008244
            },
            {
                "id": 0,
                "normal": [
                    0.0,
                    0.0,
                    1.0
                ],
                "planeEquation": [
                    0.0,
                    0.0,
                    1.0,
                    -0.9452851974036982
                ],
                "pointsIdx": [
                    1,
                    2
                ],
                "width": 4.6457371211763885
            },
            {
                "id": 0,
                "normal": [
                    -1.0,
                    -0.0,
                    -0.0
                ],
                "planeEquation": [
                    -1.0,
                    -0.0,
                    -0.0,
                    -0.632151458310904
                ],
                "pointsIdx": [
                    2,
                    3
                ],
                "width": 1.2747696006008244
            },
            {
                "id": 0,
                "normal": [
                    0.0,
                    0.0,
                    -1.0
                ],
                "planeEquation": [
                    0.0,
                    0.0,
                    -1.0,
                    -0.32948440319712624
                ],
                "pointsIdx": [
                    3,
                    0
                ],
                "width": 4.6457371211763885
            }
        ]
    },
    "panoId": "nothing"
}