{
    "cameraHeight": 1.6,
    "layoutHeight": 2.5648139095306393,
    "layoutObj2ds": {
        "num": 0,
        "obj2ds": []
    },
    "layoutPoints": {
        "num": 8,
        "points": [
            {
                "coords": [
                    0.6948457951649996,
                    0.5
                ],
                "id": 0,
                "xyz": [
                    2.3092543251294533,
                    0.0,
                    -0.8339110345053241
                ]
            },
            {
                "coords": [
                    0.772564261025926,
                    0.5
                ],
                "id": 0,
                "xyz": [
                    2.3092543251294533,
                    0.0,
                    0.3296068938557836
                ]
            },
            {
                "coords": [
                    0.05911790701638314,
                    0.5
                ],
                "id": 0,
                "xyz": [
                    -0.12839204156464826,
                    0.0,
                    0.3296068938557836
                ]
            },
            {
                "coords": [
                    0.02193398667988722,
                    0.5
                ],
                "id": 0,
                "xyz": [
                    -0.12839204156464826,
                    0.0,
                    0.9257183734585309
                ]
            },
            {
                "coords": [
                    0.2100991821245939,
                    0.5
                ],
                "id": 0,
                "xyz": [
                    -3.6147854453145594,
                    0.0,
                    0.9257183734585309
                ]
            },
            {
                "coords": [
                    0.27270149400863086,
                    0.5
                ],
                "id": 0,
                "xyz": [
                    -3.6147854453145594,
                    0.0,
                    -0.5191300992000001
                ]
            },
            {
                "coords": [
                    0.305781262122575,
                    0.5
                ],
                "id": 0,
                "xyz": [
                    -1.4200290802620643,
                    0.0,
                    -0.5191300992000001
                ]
            },
            {
                "coords": [
                    0.3345098743511007,
                    0.5
                ],
                "id": 0,
                "xyz": [
                    -1.4200290802620643,
                    0.0,
                    -0.8339110345053241
                ]
            }
        ]
    },
    "layoutWalls": {
        "num": 8,
        "walls": [
            {
                "id": 0,
                "normal": [
                    1.0,
                    0.0,
                    -0.0
                ],
                "planeEquation": [
                    1.0,
                    0.0,
                    -0.0,
                    -2.3092543251294533
                ],
                "pointsIdx": [
                    0,
                    1
                ],
                "width": 1.1635179283611077
            },
            {
                "id": 0,
                "normal": [
                    0.0,
                    0.0,
                    1.0
                ],
                "planeEquation": [
                    0.0,
                    0.0,
                    1.0,
                    -0.3296068938557836
                ],
                "pointsIdx": [
                    1,
                    2
                ],
                "width": 2.4376463666941017
            },
            {
                "id": 0,
                "normal": [
                    1.0,
                    0.0,
                    -0.0
                ],
                "planeEquation": [
                    1.0,
                    0.0,
                    -0.0,
                    0.12839204156464826
                ],
                "pointsIdx": [
                    2,
                    3
                ],
                "width": 0.5961114796027474
            },
            {
                "id": 0,
                "normal": [
                    0.0,
                    0.0,
                    1.0
                ],
                "planeEquation": [
                    0.0,
                    0.0,
                    1.0,
                    -0.9257183734585309
                ],
                "pointsIdx": [
                    3,
                    4
                ],
                "width": 3.486393403749911
            },
            {
                "id": 0,
                "normal": [
                    -1.0,
                    -0.0,
                    -0.0
                ],
                "planeEquation": [
                    -1.0,
                    -0.0,
                    -0.0,
                    -3.6147854453145594
                ],
                "pointsIdx": [
                    4,
                    5
                ],
                "width": 1.444848472658531
            },
            {
                "id": 0,
                "normal": [
                    0.0,
                    0.0,
                    -1.0
                ],
                "planeEquation": [
                    0.0,
                    0.0,
                    -1.0,
                    -0.5191300992000001
                ],
                "pointsIdx": [
                    5,
                    6
                ],
                "width": 2.194756365052495
            },
            {
                "id": 0,
                "normal": [
                    -1.0,
                    -0.0,
                    -0.0
                ],
                "planeEquation": [
                    -1.0,
                    -0.0,
                    -0.0,
                    -1.4200290802620643
                ],
                "pointsIdx": [
                    6,
                    7
                ],
                "width": 0.31478093530532403
            },
            {
                "id": 0,
                "normal": [
                    0.0,
                    0.0,
                    -1.0
                ],
                "planeEquation": [
                    0.0,
                    0.0,
                    -1.0,
                    -0.8339110345053241
                ],
                "pointsIdx": [
                    7,
                    0
                ],
                "width": 3.7292834053915174
            }
        ]
    },
    "panoId": "nothing"
}