{
    "cameraHeight": 1.6,
    "layoutHeight": 2.584188842773437,
    "layoutObj2ds": {
        "num": 0,
        "obj2ds": []
    },
    "layoutPoints": {
        "num": 4,
        "points": [
            {
                "coords": [
                    0.6047364478740815,
                    0.5
                ],
                "id": 0,
                "xyz": [
                    0.49441649631164325,
                    0.0,
                    -0.6395820371016024
                ]
            },
            {
                "coords": [
                    0.8969553248928601,
                    0.5
                ],
                "id": 0,
                "xyz": [
                    0.49441649631164325,
                    0.0,
                    0.6538286939152513
                ]
            },
            {
                "coords": [
                    0.18432280853959215,
                    0.5
                ],
                "id": 0,
                "xyz": [
                    -1.4934425392916597,
                    0.0,
                    0.6538286939152513
                ]
            },
            {
                "coords": [
                    0.3143986804569311,
                    0.5
                ],
                "id": 0,
                "xyz": [
                    -1.4934425392916597,
                    0.0,
                    -0.6395820371016024
                ]
            }
        ]
    },
    "layoutWalls": {
        "num": 4,
        "walls": [
            {
                "id": 0,
                "normal": [
                    1.0,
                    0.0,
                    -0.0
                ],
                "planeEquation": [
                    1.0,
                    0.0,
                    -0.0,
                    -0.49441649631164325
                ],
                "pointsIdx": [
                    0,
                    1
                ],
                "width": 1.2934107310168539
            },
            {
                "id": 0,
                "normal": [
                    0.0,
                    0.0,
                    1.0
                ],
                "planeEquation": [
                    0.0,
                    0.0,
                    1.0,
                    -0.6538286939152513
                ],
                "pointsIdx": [
                    1,
                    2
                ],
                "width": 1.987859035603303
            },
            {
                "id": 0,
                "normal": [
                    -1.0,
                    -0.0,
                    -0.0
                ],
                "planeEquation": [
                    -1.0,
                    -0.0,
                    -0.0,
                    -1.4934425392916597
                ],
                "pointsIdx": [
                    2,
                    3
                ],
                "width": 1.2934107310168539
            },
            {
                "id": 0,
                "normal": [
                    0.0,
                    0.0,
                    -1.0
                ],
                "planeEquation": [
                    0.0,
                    0.0,
                    -1.0,
                    -0.6395820371016024
                ],
                "pointsIdx": [
                    3,
                    0
                ],
                "width": 1.987859035603303
            }
        ]
    },
    "panoId": "nothing"
}