{
    "cameraHeight": 1.6,
    "layoutHeight": 2.6351707077026365,
    "layoutObj2ds": {
        "num": 0,
        "obj2ds": []
    },
    "layoutPoints": {
        "num": 4,
        "points": [
            {
                "coords": [
                    0.7013192479237389,
                    0.5
                ],
                "id": 0,
                "xyz": [
                    2.1351546313523206,
                    0.0,
                    -0.67423896375296
                ]
            },
            {
                "coords": [
                    0.7955239860934176,
                    0.5
                ],
                "id": 0,
                "xyz": [
                    2.1351546313523206,
                    0.0,
                    0.62795
                ]
            },
            {
                "coords": [
                    0.22530235391598025,
                    0.5
                ],
                "id": 0,
                "xyz": [
                    -4.01406,
                    0.0,
                    0.62795
                ]
            },
            {
                "coords": [
                    0.2764859073725138,
                    0.5
                ],
                "id": 0,
                "xyz": [
                    -4.01406,
                    0.0,
                    -0.67423896375296
                ]
            }
        ]
    },
    "layoutWalls": {
        "num": 4,
        "walls": [
            {
                "id": 0,
                "normal": [
                    1.0,
                    0.0,
                    -0.0
                ],
                "planeEquation": [
                    1.0,
                    0.0,
                    -0.0,
                    -2.1351546313523206
                ],
                "pointsIdx": [
                    0,
                    1
                ],
                "width": 1.30218896375296
            },
            {
                "id": 0,
                "normal": [
                    0.0,
                    0.0,
                    1.0
                ],
                "planeEquation": [
                    0.0,
                    0.0,
                    1.0,
                    -0.62795
                ],
                "pointsIdx": [
                    1,
                    2
                ],
                "width": 6.14921463135232
            },
            {
                "id": 0,
                "normal": [
                    -1.0,
                    -0.0,
                    -0.0
                ],
                "planeEquation": [
                    -1.0,
                    -0.0,
                    -0.0,
                    -4.01406
                ],
                "pointsIdx": [
                    2,
                    3
                ],
                "width": 1.30218896375296
            },
            {
                "id": 0,
                "normal": [
                    0.0,
                    0.0,
                    -1.0
                ],
                "planeEquation": [
                    0.0,
                    0.0,
                    -1.0,
                    -0.67423896375296
                ],
                "pointsIdx": [
                    3,
                    0
                ],
                "width": 6.14921463135232
            }
        ]
    },
    "panoId": "nothing"
}