{
    "cameraHeight": 1.6,
    "layoutHeight": 2.4823192024230956,
    "layoutObj2ds": {
        "num": 0,
        "obj2ds": []
    },
    "layoutPoints": {
        "num": 4,
        "points": [
            {
                "coords": [
                    0.5236669629652895,
                    0.5
                ],
                "id": 0,
                "xyz": [
                    0.64,
                    0.0,
                    -4.2720840706048
                ]
            },
            {
                "coords": [
                    0.8426081453872468,
                    0.5
                ],
                "id": 0,
                "xyz": [
                    0.64,
                    0.0,
                    0.42102422349945995
                ]
            },
            {
                "coords": [
                    0.15083594553769009,
                    0.5
                ],
                "id": 0,
                "xyz": [
                    -0.5859375,
                    0.0,
                    0.42102422349945995
                ]
            },
            {
                "coords": [
                    0.47830646433528706,
                    0.5
                ],
                "id": 0,
                "xyz": [
                    -0.5859375,
                    0.0,
                    -4.2720840706048
                ]
            }
        ]
    },
    "layoutWalls": {
        "num": 4,
        "walls": [
            {
                "id": 0,
                "normal": [
                    1.0,
                    0.0,
                    -0.0
                ],
                "planeEquation": [
                    1.0,
                    0.0,
                    -0.0,
                    -0.64
                ],
                "pointsIdx": [
                    0,
                    1
                ],
                "width": 4.69310829410426
            },
            {
                "id": 0,
                "normal": [
                    0.0,
                    0.0,
                    1.0
                ],
                "planeEquation": [
                    0.0,
                    0.0,
                    1.0,
                    -0.42102422349945995
                ],
                "pointsIdx": [
                    1,
                    2
                ],
                "width": 1.2259375000000001
            },
            {
                "id": 0,
                "normal": [
                    -1.0,
                    -0.0,
                    -0.0
                ],
                "planeEquation": [
                    -1.0,
                    -0.0,
                    -0.0,
                    -0.5859375
                ],
                "pointsIdx": [
                    2,
                    3
                ],
                "width": 4.69310829410426
            },
            {
                "id": 0,
                "normal": [
                    0.0,
                    0.0,
                    -1.0
                ],
                "planeEquation": [
                    0.0,
                    0.0,
                    -1.0,
                    -4.2720840706048
                ],
                "pointsIdx": [
                    3,
                    0
                ],
                "width": 1.2259375000000001
            }
        ]
    },
    "panoId": "nothing"
}