{
    "cameraHeight": 1.6,
    "layoutHeight": 2.4601045227050777,
    "layoutObj2ds": {
        "num": 0,
        "obj2ds": []
    },
    "layoutPoints": {
        "num": 14,
        "points": [
            {
                "coords": [
                    0.6941388347665974,
                    0.5
                ],
                "id": 0,
                "xyz": [
                    3.7419523084835005,
                    0.0,
                    -1.3701021330636798
                ]
            },
            {
                "coords": [
                    0.7749200381277797,
                    0.5
                ],
                "id": 0,
                "xyz": [
                    3.7419523084835005,
                    0.0,
                    0.59074
                ]
            },
            {
                "coords": [
                    0.9657229984900675,
                    0.5
                ],
                "id": 0,
                "xyz": [
                    0.12923121663999998,
                    0.0,
                    0.59074
                ]
            },
            {
                "coords": [
                    0.9760588970057834,
                    0.5
                ],
                "id": 0,
                "xyz": [
                    0.12923121663999998,
                    0.0,
                    0.8526096633245976
                ]
            },
            {
                "coords": [
                    0.0902948116499383,
                    0.5
                ],
                "id": 0,
                "xyz": [
                    -0.543300557058897,
                    0.0,
                    0.8526096633245976
                ]
            },
            {
                "coords": [
                    0.047666506327185554,
                    0.5
                ],
                "id": 0,
                "xyz": [
                    -0.543300557058897,
                    0.0,
                    1.7594742294120576
                ]
            },
            {
                "coords": [
                    0.12796495227814786,
                    0.5
                ],
                "id": 0,
                "xyz": [
                    -1.826282251318083,
                    0.0,
                    1.7594742294120576
                ]
            },
            {
                "coords": [
                    0.18049395461498713,
                    0.5
                ],
                "id": 0,
                "xyz": [
                    -1.826282251318083,
                    0.0,
                    0.852470120148135
                ]
            },
            {
                "coords": [
                    0.19076388888888896,
                    0.5383301461120068
                ],
                "id": 0,
                "xyz": [
                    -2.1836570273590747,
                    -0.2836501259716202,
                    0.8524701201481351
                ]
            },
            {
                "coords": [
                    0.1385330525746853,
                    0.5315111377217091
                ],
                "id": 0,
                "xyz": [
                    -2.1836570273590747,
                    -0.2836501259716202,
                    1.8406411377816831
                ]
            },
            {
                "coords": [
                    0.16599241098789919,
                    0.5
                ],
                "id": 0,
                "xyz": [
                    -3.157119684536046,
                    0.0,
                    1.8406411377816827
                ]
            },
            {
                "coords": [
                    0.2763573100620855,
                    0.5
                ],
                "id": 0,
                "xyz": [
                    -3.157119684536046,
                    0.0,
                    -0.5276767026685381
                ]
            },
            {
                "coords": [
                    0.5850966935613894,
                    0.5
                ],
                "id": 0,
                "xyz": [
                    0.3125,
                    0.0,
                    -0.5276767026685381
                ]
            },
            {
                "coords": [
                    0.535690339942987,
                    0.5
                ],
                "id": 0,
                "xyz": [
                    0.3125,
                    0.0,
                    -1.3701021330636798
                ]
            }
        ]
    },
    "layoutWalls": {
        "num": 14,
        "walls": [
            {
                "id": 0,
                "normal": [
                    1.0,
                    0.0,
                    -0.0
                ],
                "planeEquation": [
                    1.0,
                    0.0,
                    -0.0,
                    -3.7419523084835005
                ],
                "pointsIdx": [
                    0,
                    1
                ],
                "width": 1.9608421330636798
            },
            {
                "id": 0,
                "normal": [
                    0.0,
                    0.0,
                    1.0
                ],
                "planeEquation": [
                    0.0,
                    0.0,
                    1.0,
                    -0.59074
                ],
                "pointsIdx": [
                    1,
                    2
                ],
                "width": 3.6127210918435004
            },
            {
                "id": 0,
                "normal": [
                    1.0,
                    0.0,
                    -0.0
                ],
                "planeEquation": [
                    1.0,
                    0.0,
                    -0.0,
                    -0.12923121663999998
                ],
                "pointsIdx": [
                    2,
                    3
                ],
                "width": 0.2618696633245976
            },
            {
                "id": 0,
                "normal": [
                    0.0,
                    0.0,
                    1.0
                ],
                "planeEquation": [
                    0.0,
                    0.0,
                    1.0,
                    -0.8526096633245976
                ],
                "pointsIdx": [
                    3,
                    4
                ],
                "width": 0.6725317736988969
            },
            {
                "id": 0,
                "normal": [
                    1.0,
                    0.0,
                    -0.0
                ],
                "planeEquation": [
                    1.0,
                    0.0,
                    -0.0,
                    0.543300557058897
                ],
                "pointsIdx": [
                    4,
                    5
                ],
                "width": 0.9068645660874599
            },
            {
                "id": 0,
                "normal": [
                    0.0,
                    0.0,
                    1.0
                ],
                "planeEquation": [
                    0.0,
                    0.0,
                    1.0,
                    -1.7594742294120576
                ],
                "pointsIdx": [
                    5,
                    6
                ],
                "width": 1.282981694259186
            },
            {
                "id": 0,
                "normal": [
                    -1.0,
                    -0.0,
                    -0.0
                ],
                "planeEquation": [
                    -1.0,
                    -0.0,
                    -0.0,
                    -1.826282251318083
                ],
                "pointsIdx": [
                    6,
                    7
                ],
                "width": 0.9070041092639226
            },
            {
                "id": 0,
                "normal": [
                    3.10660712242828e-16,
                    0.0,
                    1.0
                ],
                "planeEquation": [
                    3.10660712242828e-16,
                    0.0,
                    1.0,
                    -0.8524701201481344
                ],
                "pointsIdx": [
                    7,
                    8
                ],
                "width": 0.35737477604099177
            },
            {
                "id": 0,
                "normal": [
                    1.0,
                    0.0,
                    -0.0
                ],
                "planeEquation": [
                    1.0,
                    0.0,
                    -0.0,
                    2.1836570273590747
                ],
                "pointsIdx": [
                    8,
                    9
                ],
                "width": 0.9881710176335481
            },
            {
                "id": 0,
                "normal": [
                    -4.56195424216801e-16,
                    0.0,
                    1.0
                ],
                "planeEquation": [
                    -4.56195424216801e-16,
                    0.0,
                    1.0,
                    -1.840641137781684
                ],
                "pointsIdx": [
                    9,
                    10
                ],
                "width": 0.9734626571769711
            },
            {
                "id": 0,
                "normal": [
                    -1.0,
                    -0.0,
                    -0.0
                ],
                "planeEquation": [
                    -1.0,
                    -0.0,
                    -0.0,
                    -3.157119684536046
                ],
                "pointsIdx": [
                    10,
                    11
                ],
                "width": 2.3683178404502208
            },
            {
                "id": 0,
                "normal": [
                    0.0,
                    0.0,
                    -1.0
                ],
                "planeEquation": [
                    0.0,
                    0.0,
                    -1.0,
                    -0.5276767026685381
                ],
                "pointsIdx": [
                    11,
                    12
                ],
                "width": 3.469619684536046
            },
            {
                "id": 0,
                "normal": [
                    -1.0,
                    -0.0,
                    -0.0
                ],
                "planeEquation": [
                    -1.0,
                    -0.0,
                    -0.0,
                    0.3125
                ],
                "pointsIdx": [
                    12,
                    13
                ],
                "width": 0.8424254303951417
            },
            {
                "id": 0,
                "normal": [
                    0.0,
                    0.0,
                    -1.0
                ],
                "planeEquation": [
                    0.0,
                    0.0,
                    -1.0,
                    -1.3701021330636798
                ],
                "pointsIdx": [
                    13,
                    0
                ],
                "width": 3.4294523084835005
            }
        ]
    },
    "panoId": "nothing"
}