{
    "cameraHeight": 1.6,
    "layoutHeight": 3.211153268814087,
    "layoutObj2ds": {
        "num": 0,
        "obj2ds": []
    },
    "layoutPoints": {
        "num": 10,
        "points": [
            {
                "coords": [
                    0.629612267610944,
                    0.5
                ],
                "id": 0,
                "xyz": [
                    2.5816592412503674,
                    0.0,
                    -2.436202238182771
                ]
            },
            {
                "coords": [
                    0.6653472222222223,
                    0.5
                ],
                "id": 0,
                "xyz": [
                    2.5816592412503674,
                    0.0,
                    -1.519196585754038
                ]
            },
            {
                "coords": [
                    0.6899810983469257,
                    0.5
                ],
                "id": 0,
                "xyz": [
                    3.835721588207717,
                    0.0,
                    -1.519196585754038
                ]
            },
            {
                "coords": [
                    0.7935261213224282,
                    0.5
                ],
                "id": 0,
                "xyz": [
                    3.835721588207717,
                    0.0,
                    1.07596290786987
                ]
            },
            {
                "coords": [
                    0.8128472222222223,
                    0.5
                ],
                "id": 0,
                "xyz": [
                    2.5816592412503674,
                    0.0,
                    1.07596290786987
                ]
            },
            {
                "coords": [
                    0.8871680642432674,
                    0.5
                ],
                "id": 0,
                "xyz": [
                    2.5816592412503674,
                    0.0,
                    3.01
                ]
            },
            {
                "coords": [
                    0.009875357764205062,
                    0.5
                ],
                "id": 0,
                "xyz": [
                    -0.18700665152913176,
                    0.0,
                    3.01
                ]
            },
            {
                "coords": [
                    0.02301659338051698,
                    0.5
                ],
                "id": 0,
                "xyz": [
                    -0.18700665152913176,
                    0.0,
                    1.2840845878085732
                ]
            },
            {
                "coords": [
                    0.13572304011045883,
                    0.5
                ],
                "id": 0,
                "xyz": [
                    -1.4699162469990399,
                    0.0,
                    1.2840845878085732
                ]
            },
            {
                "coords": [
                    0.4135964979489778,
                    0.5
                ],
                "id": 0,
                "xyz": [
                    -1.4699162469990399,
                    0.0,
                    -2.436202238182771
                ]
            }
        ]
    },
    "layoutWalls": {
        "num": 10,
        "walls": [
            {
                "id": 0,
                "normal": [
                    1.0,
                    0.0,
                    -0.0
                ],
                "planeEquation": [
                    1.0,
                    0.0,
                    -0.0,
                    -2.5816592412503674
                ],
                "pointsIdx": [
                    0,
                    1
                ],
                "width": 0.9170056524287331
            },
            {
                "id": 0,
                "normal": [
                    0.0,
                    0.0,
                    -1.0
                ],
                "planeEquation": [
                    0.0,
                    0.0,
                    -1.0,
                    -1.519196585754038
                ],
                "pointsIdx": [
                    1,
                    2
                ],
                "width": 1.2540623469573497
            },
            {
                "id": 0,
                "normal": [
                    1.0,
                    0.0,
                    -0.0
                ],
                "planeEquation": [
                    1.0,
                    0.0,
                    -0.0,
                    -3.835721588207717
                ],
                "pointsIdx": [
                    2,
                    3
                ],
                "width": 2.5951594936239077
            },
            {
                "id": 0,
                "normal": [
                    0.0,
                    0.0,
                    1.0
                ],
                "planeEquation": [
                    0.0,
                    0.0,
                    1.0,
                    -1.07596290786987
                ],
                "pointsIdx": [
                    3,
                    4
                ],
                "width": 1.2540623469573497
            },
            {
                "id": 0,
                "normal": [
                    1.0,
                    0.0,
                    -0.0
                ],
                "planeEquation": [
                    1.0,
                    0.0,
                    -0.0,
                    -2.5816592412503674
                ],
                "pointsIdx": [
                    4,
                    5
                ],
                "width": 1.9340370921301298
            },
            {
                "id": 0,
                "normal": [
                    0.0,
                    0.0,
                    1.0
                ],
                "planeEquation": [
                    0.0,
                    0.0,
                    1.0,
                    -3.01
                ],
                "pointsIdx": [
                    5,
                    6
                ],
                "width": 2.768665892779499
            },
            {
                "id": 0,
                "normal": [
                    -1.0,
                    -0.0,
                    -0.0
                ],
                "planeEquation": [
                    -1.0,
                    -0.0,
                    -0.0,
                    -0.18700665152913176
                ],
                "pointsIdx": [
                    6,
                    7
                ],
                "width": 1.7259154121914266
            },
            {
                "id": 0,
                "normal": [
                    0.0,
                    0.0,
                    1.0
                ],
                "planeEquation": [
                    0.0,
                    0.0,
                    1.0,
                    -1.2840845878085732
                ],
                "pointsIdx": [
                    7,
                    8
                ],
                "width": 1.2829095954699081
            },
            {
                "id": 0,
                "normal": [
                    -1.0,
                    -0.0,
                    -0.0
                ],
                "planeEquation": [
                    -1.0,
                    -0.0,
                    -0.0,
                    -1.4699162469990399
                ],
                "pointsIdx": [
                    8,
                    9
                ],
                "width": 3.7202868259913444
            },
            {
                "id": 0,
                "normal": [
                    0.0,
                    0.0,
                    -1.0
                ],
                "planeEquation": [
                    0.0,
                    0.0,
                    -1.0,
                    -2.436202238182771
                ],
                "pointsIdx": [
                    9,
                    0
                ],
                "width": 4.051575488249407
            }
        ]
    },
    "panoId": "nothing"
}