{
    "cameraHeight": 1.6,
    "layoutHeight": 3.0267932415008545,
    "layoutObj2ds": {
        "num": 0,
        "obj2ds": []
    },
    "layoutPoints": {
        "num": 14,
        "points": [
            {
                "coords": [
                    0.5565367988896227,
                    0.5
                ],
                "id": 0,
                "xyz": [
                    1.7603199999999999,
                    0.0,
                    -4.745205748370648
                ]
            },
            {
                "coords": [
                    0.6911523740412102,
                    0.5
                ],
                "id": 0,
                "xyz": [
                    1.7603199999999999,
                    0.0,
                    -0.6822581360283017
                ]
            },
            {
                "coords": [
                    0.6351622971863924,
                    0.5
                ],
                "id": 0,
                "xyz": [
                    0.7754626344572944,
                    0.0,
                    -0.6822581360283017
                ]
            },
            {
                "coords": [
                    0.8525978826436232,
                    0.5
                ],
                "id": 0,
                "xyz": [
                    0.7754626344572944,
                    0.0,
                    0.5829799367475199
                ]
            },
            {
                "coords": [
                    0.87295806163488,
                    0.5
                ],
                "id": 0,
                "xyz": [
                    0.5981343190389425,
                    0.0,
                    0.5829799367475199
                ]
            },
            {
                "coords": [
                    0.9761594822628943,
                    0.5
                ],
                "id": 0,
                "xyz": [
                    0.5981343190389425,
                    0.0,
                    3.963125
                ]
            },
            {
                "coords": [
                    0.021367499580673077,
                    0.5
                ],
                "id": 0,
                "xyz": [
                    -0.53529318014976,
                    0.0,
                    3.963125
                ]
            },
            {
                "coords": [
                    0.12255469474070624,
                    0.5
                ],
                "id": 0,
                "xyz": [
                    -0.53529318014976,
                    0.0,
                    0.552
                ]
            },
            {
                "coords": [
                    0.20170903435032533,
                    0.5
                ],
                "id": 0,
                "xyz": [
                    -1.7630787480695784,
                    0.0,
                    0.552
                ]
            },
            {
                "coords": [
                    0.3129861111111112,
                    0.5697872366180623
                ],
                "id": 0,
                "xyz": [
                    -1.7630787480695784,
                    -0.4257666704294118,
                    -0.7366080810248076
                ]
            },
            {
                "coords": [
                    0.28340548693777634,
                    0.5381507372673084
                ],
                "id": 0,
                "xyz": [
                    -3.457759676922188,
                    -0.4257666704294118,
                    -0.7366080810248076
                ]
            },
            {
                "coords": [
                    0.37339339785341713,
                    0.5072277107103924
                ],
                "id": 0,
                "xyz": [
                    -3.457759676922188,
                    -0.10994994723312627,
                    -3.3886457488746906
                ]
            },
            {
                "coords": [
                    0.41923611111111114,
                    0.5090241490829797
                ],
                "id": 0,
                "xyz": [
                    -1.884159866388852,
                    -0.10994994723312627,
                    -3.3886457488746906
                ]
            },
            {
                "coords": [
                    0.43984348825135544,
                    0.5
                ],
                "id": 0,
                "xyz": [
                    -1.884159866388852,
                    0.0,
                    -4.745205748370648
                ]
            }
        ]
    },
    "layoutWalls": {
        "num": 14,
        "walls": [
            {
                "id": 0,
                "normal": [
                    1.0,
                    0.0,
                    -0.0
                ],
                "planeEquation": [
                    1.0,
                    0.0,
                    -0.0,
                    -1.7603199999999999
                ],
                "pointsIdx": [
                    0,
                    1
                ],
                "width": 4.062947612342346
            },
            {
                "id": 0,
                "normal": [
                    0.0,
                    0.0,
                    1.0
                ],
                "planeEquation": [
                    0.0,
                    0.0,
                    1.0,
                    0.6822581360283017
                ],
                "pointsIdx": [
                    1,
                    2
                ],
                "width": 0.9848573655427055
            },
            {
                "id": 0,
                "normal": [
                    1.0,
                    0.0,
                    -0.0
                ],
                "planeEquation": [
                    1.0,
                    0.0,
                    -0.0,
                    -0.7754626344572944
                ],
                "pointsIdx": [
                    2,
                    3
                ],
                "width": 1.2652380727758215
            },
            {
                "id": 0,
                "normal": [
                    0.0,
                    0.0,
                    1.0
                ],
                "planeEquation": [
                    0.0,
                    0.0,
                    1.0,
                    -0.5829799367475199
                ],
                "pointsIdx": [
                    3,
                    4
                ],
                "width": 0.1773283154183518
            },
            {
                "id": 0,
                "normal": [
                    1.0,
                    0.0,
                    -0.0
                ],
                "planeEquation": [
                    1.0,
                    0.0,
                    -0.0,
                    -0.5981343190389425
                ],
                "pointsIdx": [
                    4,
                    5
                ],
                "width": 3.38014506325248
            },
            {
                "id": 0,
                "normal": [
                    0.0,
                    0.0,
                    1.0
                ],
                "planeEquation": [
                    0.0,
                    0.0,
                    1.0,
                    -3.963125
                ],
                "pointsIdx": [
                    5,
                    6
                ],
                "width": 1.1334274991887026
            },
            {
                "id": 0,
                "normal": [
                    -1.0,
                    -0.0,
                    -0.0
                ],
                "planeEquation": [
                    -1.0,
                    -0.0,
                    -0.0,
                    -0.53529318014976
                ],
                "pointsIdx": [
                    6,
                    7
                ],
                "width": 3.4111249999999997
            },
            {
                "id": 0,
                "normal": [
                    0.0,
                    0.0,
                    1.0
                ],
                "planeEquation": [
                    0.0,
                    0.0,
                    1.0,
                    -0.552
                ],
                "pointsIdx": [
                    7,
                    8
                ],
                "width": 1.2277855679198184
            },
            {
                "id": 0,
                "normal": [
                    -1.0,
                    -0.0,
                    -0.0
                ],
                "planeEquation": [
                    -1.0,
                    -0.0,
                    -0.0,
                    -1.7630787480695784
                ],
                "pointsIdx": [
                    8,
                    9
                ],
                "width": 1.2886080810248077
            },
            {
                "id": 0,
                "normal": [
                    0.0,
                    0.0,
                    1.0
                ],
                "planeEquation": [
                    0.0,
                    0.0,
                    1.0,
                    0.7366080810248076
                ],
                "pointsIdx": [
                    9,
                    10
                ],
                "width": 1.6946809288526095
            },
            {
                "id": 0,
                "normal": [
                    -1.0,
                    -0.0,
                    -0.0
                ],
                "planeEquation": [
                    -1.0,
                    -0.0,
                    -0.0,
                    -3.457759676922188
                ],
                "pointsIdx": [
                    10,
                    11
                ],
                "width": 2.652037667849883
            },
            {
                "id": 0,
                "normal": [
                    0.0,
                    0.0,
                    -1.0
                ],
                "planeEquation": [
                    0.0,
                    0.0,
                    -1.0,
                    -3.3886457488746906
                ],
                "pointsIdx": [
                    11,
                    12
                ],
                "width": 1.573599810533336
            },
            {
                "id": 0,
                "normal": [
                    -1.0,
                    -0.0,
                    -0.0
                ],
                "planeEquation": [
                    -1.0,
                    -0.0,
                    -0.0,
                    -1.884159866388852
                ],
                "pointsIdx": [
                    12,
                    13
                ],
                "width": 1.356559999495957
            },
            {
                "id": 0,
                "normal": [
                    0.0,
                    0.0,
                    -1.0
                ],
                "planeEquation": [
                    0.0,
                    0.0,
                    -1.0,
                    -4.745205748370648
                ],
                "pointsIdx": [
                    13,
                    0
                ],
                "width": 3.644479866388852
            }
        ]
    },
    "panoId": "nothing"
}