{
    "cameraHeight": 1.6,
    "layoutHeight": 2.5088858413696284,
    "layoutObj2ds": {
        "num": 0,
        "obj2ds": []
    },
    "layoutPoints": {
        "num": 4,
        "points": [
            {
                "coords": [
                    0.7160003949222866,
                    0.5
                ],
                "id": 0,
                "xyz": [
                    2.0530493924838797,
                    0.0,
                    -0.4453801826339774
                ]
            },
            {
                "coords": [
                    0.7853702535307131,
                    0.5
                ],
                "id": 0,
                "xyz": [
                    2.0530493924838797,
                    0.0,
                    0.46392832
                ]
            },
            {
                "coords": [
                    0.22500843055290026,
                    0.5
                ],
                "id": 0,
                "xyz": [
                    -2.930132673019814,
                    0.0,
                    0.46392832
                ]
            },
            {
                "coords": [
                    0.27400778581168106,
                    0.5
                ],
                "id": 0,
                "xyz": [
                    -2.930132673019814,
                    0.0,
                    -0.4453801826339774
                ]
            }
        ]
    },
    "layoutWalls": {
        "num": 4,
        "walls": [
            {
                "id": 0,
                "normal": [
                    1.0,
                    0.0,
                    -0.0
                ],
                "planeEquation": [
                    1.0,
                    0.0,
                    -0.0,
                    -2.0530493924838797
                ],
                "pointsIdx": [
                    0,
                    1
                ],
                "width": 0.9093085026339773
            },
            {
                "id": 0,
                "normal": [
                    0.0,
                    0.0,
                    1.0
                ],
                "planeEquation": [
                    0.0,
                    0.0,
                    1.0,
                    -0.46392832
                ],
                "pointsIdx": [
                    1,
                    2
                ],
                "width": 4.983182065503694
            },
            {
                "id": 0,
                "normal": [
                    -1.0,
                    -0.0,
                    -0.0
                ],
                "planeEquation": [
                    -1.0,
                    -0.0,
                    -0.0,
                    -2.930132673019814
                ],
                "pointsIdx": [
                    2,
                    3
                ],
                "width": 0.9093085026339773
            },
            {
                "id": 0,
                "normal": [
                    0.0,
                    0.0,
                    -1.0
                ],
                "planeEquation": [
                    0.0,
                    0.0,
                    -1.0,
                    -0.4453801826339774
                ],
                "pointsIdx": [
                    3,
                    0
                ],
                "width": 4.983182065503694
            }
        ]
    },
    "panoId": "nothing"
}