{
    "cameraHeight": 1.6,
    "layoutHeight": 2.4514484977722164,
    "layoutObj2ds": {
        "num": 0,
        "obj2ds": []
    },
    "layoutPoints": {
        "num": 10,
        "points": [
            {
                "coords": [
                    0.5544769688024699,
                    0.5
                ],
                "id": 0,
                "xyz": [
                    0.5522511667200001,
                    0.0,
                    -1.5498991112975153
                ]
            },
            {
                "coords": [
                    0.7263703544642345,
                    0.5
                ],
                "id": 0,
                "xyz": [
                    0.5522511667200001,
                    0.0,
                    -0.08260023999999998
                ]
            },
            {
                "coords": [
                    0.7389583333333332,
                    0.6132987305844053
                ],
                "id": 0,
                "xyz": [
                    1.1886917562702832,
                    -0.4429890733020119,
                    -0.08260023999999998
                ]
            },
            {
                "coords": [
                    0.6820624463831091,
                    0.6041024352196575
                ],
                "id": 0,
                "xyz": [
                    1.1886917562702832,
                    -0.4429890733020119,
                    -0.5406540328319633
                ]
            },
            {
                "coords": [
                    0.7315450264418234,
                    0.5
                ],
                "id": 0,
                "xyz": [
                    4.6416623210690435,
                    0.0,
                    -0.5406540328319633
                ]
            },
            {
                "coords": [
                    0.7791739530285092,
                    0.5
                ],
                "id": 0,
                "xyz": [
                    4.6416623210690435,
                    0.0,
                    0.8605010654785752
                ]
            },
            {
                "coords": [
                    0.14355695679838898,
                    0.5
                ],
                "id": 0,
                "xyz": [
                    -1.0888214229886568,
                    0.0,
                    0.8605010654785752
                ]
            },
            {
                "coords": [
                    0.259408590057269,
                    0.5
                ],
                "id": 0,
                "xyz": [
                    -1.0888214229886568,
                    0.0,
                    -0.06444176000000001
                ]
            },
            {
                "coords": [
                    0.27924190203380733,
                    0.5
                ],
                "id": 0,
                "xyz": [
                    -0.34678167365023255,
                    0.0,
                    -0.06444176000000001
                ]
            },
            {
                "coords": [
                    0.4649669276201753,
                    0.5
                ],
                "id": 0,
                "xyz": [
                    -0.34678167365023255,
                    0.0,
                    -1.5498991112975153
                ]
            }
        ]
    },
    "layoutWalls": {
        "num": 10,
        "walls": [
            {
                "id": 0,
                "normal": [
                    1.0,
                    0.0,
                    -0.0
                ],
                "planeEquation": [
                    1.0,
                    0.0,
                    -0.0,
                    -0.5522511667200001
                ],
                "pointsIdx": [
                    0,
                    1
                ],
                "width": 1.4672988712975155
            },
            {
                "id": 0,
                "normal": [
                    0.0,
                    0.0,
                    -1.0
                ],
                "planeEquation": [
                    0.0,
                    0.0,
                    -1.0,
                    -0.08260023999999998
                ],
                "pointsIdx": [
                    1,
                    2
                ],
                "width": 0.6364405895502832
            },
            {
                "id": 0,
                "normal": [
                    -1.0,
                    -0.0,
                    -0.0
                ],
                "planeEquation": [
                    -1.0,
                    -0.0,
                    -0.0,
                    1.1886917562702832
                ],
                "pointsIdx": [
                    2,
                    3
                ],
                "width": 0.45805379283196335
            },
            {
                "id": 0,
                "normal": [
                    0.0,
                    0.0,
                    -1.0
                ],
                "planeEquation": [
                    0.0,
                    0.0,
                    -1.0,
                    -0.5406540328319633
                ],
                "pointsIdx": [
                    3,
                    4
                ],
                "width": 3.4529705647987603
            },
            {
                "id": 0,
                "normal": [
                    1.0,
                    0.0,
                    -0.0
                ],
                "planeEquation": [
                    1.0,
                    0.0,
                    -0.0,
                    -4.6416623210690435
                ],
                "pointsIdx": [
                    4,
                    5
                ],
                "width": 1.4011550983105385
            },
            {
                "id": 0,
                "normal": [
                    0.0,
                    0.0,
                    1.0
                ],
                "planeEquation": [
                    0.0,
                    0.0,
                    1.0,
                    -0.8605010654785752
                ],
                "pointsIdx": [
                    5,
                    6
                ],
                "width": 5.7304837440577
            },
            {
                "id": 0,
                "normal": [
                    -1.0,
                    -0.0,
                    -0.0
                ],
                "planeEquation": [
                    -1.0,
                    -0.0,
                    -0.0,
                    -1.0888214229886568
                ],
                "pointsIdx": [
                    6,
                    7
                ],
                "width": 0.9249428254785752
            },
            {
                "id": 0,
                "normal": [
                    0.0,
                    0.0,
                    -1.0
                ],
                "planeEquation": [
                    0.0,
                    0.0,
                    -1.0,
                    -0.06444176000000001
                ],
                "pointsIdx": [
                    7,
                    8
                ],
                "width": 0.7420397493384243
            },
            {
                "id": 0,
                "normal": [
                    -1.0,
                    -0.0,
                    -0.0
                ],
                "planeEquation": [
                    -1.0,
                    -0.0,
                    -0.0,
                    -0.34678167365023255
                ],
                "pointsIdx": [
                    8,
                    9
                ],
                "width": 1.4854573512975153
            },
            {
                "id": 0,
                "normal": [
                    0.0,
                    0.0,
                    -1.0
                ],
                "planeEquation": [
                    0.0,
                    0.0,
                    -1.0,
                    -1.5498991112975153
                ],
                "pointsIdx": [
                    9,
                    0
                ],
                "width": 0.8990328403702326
            }
        ]
    },
    "panoId": "nothing"
}