{
    "cameraHeight": 1.6,
    "layoutHeight": 2.3540009403228757,
    "layoutObj2ds": {
        "num": 0,
        "obj2ds": []
    },
    "layoutPoints": {
        "num": 6,
        "points": [
            {
                "coords": [
                    0.5063124350934601,
                    0.5
                ],
                "id": 0,
                "xyz": [
                    0.13707567999999998,
                    0.0,
                    -3.4542662020857855
                ]
            },
            {
                "coords": [
                    0.5489924162419215,
                    0.5
                ],
                "id": 0,
                "xyz": [
                    0.13707567999999998,
                    0.0,
                    -0.4311440342780355
                ]
            },
            {
                "coords": [
                    0.7265889277875637,
                    0.5
                ],
                "id": 0,
                "xyz": [
                    2.9098659490459804,
                    0.0,
                    -0.4311440342780355
                ]
            },
            {
                "coords": [
                    0.7762154188977946,
                    0.5
                ],
                "id": 0,
                "xyz": [
                    2.9098659490459804,
                    0.0,
                    0.4836847462400001
                ]
            },
            {
                "coords": [
                    0.22987690340255962,
                    0.5
                ],
                "id": 0,
                "xyz": [
                    -3.8050886399999997,
                    0.0,
                    0.4836847462400001
                ]
            },
            {
                "coords": [
                    0.36731450733023785,
                    0.5
                ],
                "id": 0,
                "xyz": [
                    -3.8050886399999997,
                    0.0,
                    -3.4542662020857855
                ]
            }
        ]
    },
    "layoutWalls": {
        "num": 6,
        "walls": [
            {
                "id": 0,
                "normal": [
                    1.0,
                    0.0,
                    -0.0
                ],
                "planeEquation": [
                    1.0,
                    0.0,
                    -0.0,
                    -0.13707567999999998
                ],
                "pointsIdx": [
                    0,
                    1
                ],
                "width": 3.02312216780775
            },
            {
                "id": 0,
                "normal": [
                    0.0,
                    0.0,
                    -1.0
                ],
                "planeEquation": [
                    0.0,
                    0.0,
                    -1.0,
                    -0.4311440342780355
                ],
                "pointsIdx": [
                    1,
                    2
                ],
                "width": 2.7727902690459802
            },
            {
                "id": 0,
                "normal": [
                    1.0,
                    0.0,
                    -0.0
                ],
                "planeEquation": [
                    1.0,
                    0.0,
                    -0.0,
                    -2.9098659490459804
                ],
                "pointsIdx": [
                    2,
                    3
                ],
                "width": 0.9148287805180355
            },
            {
                "id": 0,
                "normal": [
                    0.0,
                    0.0,
                    1.0
                ],
                "planeEquation": [
                    0.0,
                    0.0,
                    1.0,
                    -0.4836847462400001
                ],
                "pointsIdx": [
                    3,
                    4
                ],
                "width": 6.7149545890459805
            },
            {
                "id": 0,
                "normal": [
                    -1.0,
                    -0.0,
                    -0.0
                ],
                "planeEquation": [
                    -1.0,
                    -0.0,
                    -0.0,
                    -3.8050886399999997
                ],
                "pointsIdx": [
                    4,
                    5
                ],
                "width": 3.9379509483257857
            },
            {
                "id": 0,
                "normal": [
                    0.0,
                    0.0,
                    -1.0
                ],
                "planeEquation": [
                    0.0,
                    0.0,
                    -1.0,
                    -3.4542662020857855
                ],
                "pointsIdx": [
                    5,
                    0
                ],
                "width": 3.94216432
            }
        ]
    },
    "panoId": "nothing"
}