{
    "cameraHeight": 1.6,
    "layoutHeight": 3.0844269357076506,
    "layoutObj2ds": {
        "num": 0,
        "obj2ds": []
    },
    "layoutPoints": {
        "num": 10,
        "points": [
            {
                "coords": [
                    0.6249293414230203,
                    0.5
                ],
                "id": 0,
                "xyz": [
                    3.3737959068376084,
                    0.0,
                    -3.3767929047396095
                ]
            },
            {
                "coords": [
                    0.7731489122594061,
                    0.5
                ],
                "id": 0,
                "xyz": [
                    3.3737959068376084,
                    0.0,
                    0.4942048780487805
                ]
            },
            {
                "coords": [
                    0.7812785348225608,
                    0.5
                ],
                "id": 0,
                "xyz": [
                    2.482209756097561,
                    0.0,
                    0.4942048780487805
                ]
            },
            {
                "coords": [
                    0.8498138028520439,
                    0.5
                ],
                "id": 0,
                "xyz": [
                    2.482209756097561,
                    0.0,
                    1.7989978536585365
                ]
            },
            {
                "coords": [
                    0.9958370235345766,
                    0.5
                ],
                "id": 0,
                "xyz": [
                    0.04706667616554617,
                    0.0,
                    1.7989978536585365
                ]
            },
            {
                "coords": [
                    0.9854376160478799,
                    0.5
                ],
                "id": 0,
                "xyz": [
                    0.04706667616554617,
                    0.0,
                    0.5129639586413189
                ]
            },
            {
                "coords": [
                    0.20593905112969707,
                    0.5
                ],
                "id": 0,
                "xyz": [
                    -1.805324445246439,
                    0.0,
                    0.5129639586413189
                ]
            },
            {
                "coords": [
                    0.38903002096936345,
                    0.5
                ],
                "id": 0,
                "xyz": [
                    -1.805324445246439,
                    0.0,
                    -2.1553805845738765
                ]
            },
            {
                "coords": [
                    0.4826028113771166,
                    0.5
                ],
                "id": 0,
                "xyz": [
                    -0.23654702273448208,
                    0.0,
                    -2.1553805845738765
                ]
            },
            {
                "coords": [
                    0.48886925278464327,
                    0.5
                ],
                "id": 0,
                "xyz": [
                    -0.23654702273448208,
                    0.0,
                    -3.3767929047396095
                ]
            }
        ]
    },
    "layoutWalls": {
        "num": 10,
        "walls": [
            {
                "id": 0,
                "normal": [
                    1.0,
                    0.0,
                    -0.0
                ],
                "planeEquation": [
                    1.0,
                    0.0,
                    -0.0,
                    -3.3737959068376084
                ],
                "pointsIdx": [
                    0,
                    1
                ],
                "width": 3.87099778278839
            },
            {
                "id": 0,
                "normal": [
                    0.0,
                    0.0,
                    1.0
                ],
                "planeEquation": [
                    0.0,
                    0.0,
                    1.0,
                    -0.4942048780487805
                ],
                "pointsIdx": [
                    1,
                    2
                ],
                "width": 0.8915861507400473
            },
            {
                "id": 0,
                "normal": [
                    1.0,
                    0.0,
                    -0.0
                ],
                "planeEquation": [
                    1.0,
                    0.0,
                    -0.0,
                    -2.482209756097561
                ],
                "pointsIdx": [
                    2,
                    3
                ],
                "width": 1.304792975609756
            },
            {
                "id": 0,
                "normal": [
                    0.0,
                    0.0,
                    1.0
                ],
                "planeEquation": [
                    0.0,
                    0.0,
                    1.0,
                    -1.7989978536585365
                ],
                "pointsIdx": [
                    3,
                    4
                ],
                "width": 2.435143079932015
            },
            {
                "id": 0,
                "normal": [
                    -1.0,
                    -0.0,
                    -0.0
                ],
                "planeEquation": [
                    -1.0,
                    -0.0,
                    -0.0,
                    0.04706667616554617
                ],
                "pointsIdx": [
                    4,
                    5
                ],
                "width": 1.2860338950172174
            },
            {
                "id": 0,
                "normal": [
                    0.0,
                    0.0,
                    1.0
                ],
                "planeEquation": [
                    0.0,
                    0.0,
                    1.0,
                    -0.5129639586413189
                ],
                "pointsIdx": [
                    5,
                    6
                ],
                "width": 1.8523911214119853
            },
            {
                "id": 0,
                "normal": [
                    -1.0,
                    -0.0,
                    -0.0
                ],
                "planeEquation": [
                    -1.0,
                    -0.0,
                    -0.0,
                    -1.805324445246439
                ],
                "pointsIdx": [
                    6,
                    7
                ],
                "width": 2.6683445432151953
            },
            {
                "id": 0,
                "normal": [
                    0.0,
                    0.0,
                    -1.0
                ],
                "planeEquation": [
                    0.0,
                    0.0,
                    -1.0,
                    -2.1553805845738765
                ],
                "pointsIdx": [
                    7,
                    8
                ],
                "width": 1.5687774225119568
            },
            {
                "id": 0,
                "normal": [
                    -1.0,
                    -0.0,
                    -0.0
                ],
                "planeEquation": [
                    -1.0,
                    -0.0,
                    -0.0,
                    -0.23654702273448208
                ],
                "pointsIdx": [
                    8,
                    9
                ],
                "width": 1.221412320165733
            },
            {
                "id": 0,
                "normal": [
                    0.0,
                    0.0,
                    -1.0
                ],
                "planeEquation": [
                    0.0,
                    0.0,
                    -1.0,
                    -3.3767929047396095
                ],
                "pointsIdx": [
                    9,
                    0
                ],
                "width": 3.6103429295720906
            }
        ]
    },
    "panoId": "nothing"
}