{
    "cameraHeight": 1.6,
    "layoutHeight": 2.5789961719512933,
    "layoutObj2ds": {
        "num": 0,
        "obj2ds": []
    },
    "layoutPoints": {
        "num": 4,
        "points": [
            {
                "coords": [
                    0.5930951472364684,
                    0.5
                ],
                "id": 0,
                "xyz": [
                    0.38014940023828003,
                    0.0,
                    -0.5740327825913768
                ]
            },
            {
                "coords": [
                    0.9289255441642423,
                    0.5
                ],
                "id": 0,
                "xyz": [
                    0.38014940023828003,
                    0.0,
                    0.7939021849775887
                ]
            },
            {
                "coords": [
                    0.10012158016495354,
                    0.5
                ],
                "id": 0,
                "xyz": [
                    -0.5777308194925755,
                    0.0,
                    0.7939021849775887
                ]
            },
            {
                "coords": [
                    0.3744889933758786,
                    0.5
                ],
                "id": 0,
                "xyz": [
                    -0.5777308194925755,
                    0.0,
                    -0.5740327825913768
                ]
            }
        ]
    },
    "layoutWalls": {
        "num": 4,
        "walls": [
            {
                "id": 0,
                "normal": [
                    1.0,
                    0.0,
                    -0.0
                ],
                "planeEquation": [
                    1.0,
                    0.0,
                    -0.0,
                    -0.38014940023828003
                ],
                "pointsIdx": [
                    0,
                    1
                ],
                "width": 1.3679349675689654
            },
            {
                "id": 0,
                "normal": [
                    0.0,
                    0.0,
                    1.0
                ],
                "planeEquation": [
                    0.0,
                    0.0,
                    1.0,
                    -0.7939021849775887
                ],
                "pointsIdx": [
                    1,
                    2
                ],
                "width": 0.9578802197308556
            },
            {
                "id": 0,
                "normal": [
                    -1.0,
                    -0.0,
                    -0.0
                ],
                "planeEquation": [
                    -1.0,
                    -0.0,
                    -0.0,
                    -0.5777308194925755
                ],
                "pointsIdx": [
                    2,
                    3
                ],
                "width": 1.3679349675689654
            },
            {
                "id": 0,
                "normal": [
                    0.0,
                    0.0,
                    -1.0
                ],
                "planeEquation": [
                    0.0,
                    0.0,
                    -1.0,
                    -0.5740327825913768
                ],
                "pointsIdx": [
                    3,
                    0
                ],
                "width": 0.9578802197308556
            }
        ]
    },
    "panoId": "nothing"
}