{
    "cameraHeight": 1.6,
    "layoutHeight": 2.5503929996490475,
    "layoutObj2ds": {
        "num": 0,
        "obj2ds": []
    },
    "layoutPoints": {
        "num": 4,
        "points": [
            {
                "coords": [
                    0.565688232024191,
                    0.5
                ],
                "id": 0,
                "xyz": [
                    0.7516756607450479,
                    0.0,
                    -1.7166155043441844
                ]
            },
            {
                "coords": [
                    0.8989364056772982,
                    0.5
                ],
                "id": 0,
                "xyz": [
                    0.7516756607450479,
                    0.0,
                    1.0201856086425602
                ]
            },
            {
                "coords": [
                    0.0860891492007464,
                    0.5
                ],
                "id": 0,
                "xyz": [
                    -0.6127977711212538,
                    0.0,
                    1.0201856086425602
                ]
            },
            {
                "coords": [
                    0.4454290026221527,
                    0.5
                ],
                "id": 0,
                "xyz": [
                    -0.6127977711212538,
                    0.0,
                    -1.7166155043441844
                ]
            }
        ]
    },
    "layoutWalls": {
        "num": 4,
        "walls": [
            {
                "id": 0,
                "normal": [
                    1.0,
                    0.0,
                    -0.0
                ],
                "planeEquation": [
                    1.0,
                    0.0,
                    -0.0,
                    -0.7516756607450479
                ],
                "pointsIdx": [
                    0,
                    1
                ],
                "width": 2.7368011129867447
            },
            {
                "id": 0,
                "normal": [
                    0.0,
                    0.0,
                    1.0
                ],
                "planeEquation": [
                    0.0,
                    0.0,
                    1.0,
                    -1.0201856086425602
                ],
                "pointsIdx": [
                    1,
                    2
                ],
                "width": 1.3644734318663017
            },
            {
                "id": 0,
                "normal": [
                    -1.0,
                    -0.0,
                    -0.0
                ],
                "planeEquation": [
                    -1.0,
                    -0.0,
                    -0.0,
                    -0.6127977711212538
                ],
                "pointsIdx": [
                    2,
                    3
                ],
                "width": 2.7368011129867447
            },
            {
                "id": 0,
                "normal": [
                    0.0,
                    0.0,
                    -1.0
                ],
                "planeEquation": [
                    0.0,
                    0.0,
                    -1.0,
                    -1.7166155043441844
                ],
                "pointsIdx": [
                    3,
                    0
                ],
                "width": 1.3644734318663017
            }
        ]
    },
    "panoId": "nothing"
}