{
    "cameraHeight": 1.6,
    "layoutHeight": 3.390861759185791,
    "layoutObj2ds": {
        "num": 0,
        "obj2ds": []
    },
    "layoutPoints": {
        "num": 4,
        "points": [
            {
                "coords": [
                    0.7255420234284287,
                    0.5
                ],
                "id": 0,
                "xyz": [
                    5.40168628224,
                    0.0,
                    -0.8366955081931164
                ]
            },
            {
                "coords": [
                    0.8582951336786033,
                    0.5
                ],
                "id": 0,
                "xyz": [
                    5.40168628224,
                    0.0,
                    4.372053059748948
                ]
            },
            {
                "coords": [
                    0.08159514733903228,
                    0.5
                ],
                "id": 0,
                "xyz": [
                    -2.4609375,
                    0.0,
                    4.372053059748948
                ]
            },
            {
                "coords": [
                    0.30215985604024187,
                    0.5
                ],
                "id": 0,
                "xyz": [
                    -2.4609375,
                    0.0,
                    -0.8366955081931164
                ]
            }
        ]
    },
    "layoutWalls": {
        "num": 4,
        "walls": [
            {
                "id": 0,
                "normal": [
                    1.0,
                    0.0,
                    -0.0
                ],
                "planeEquation": [
                    1.0,
                    0.0,
                    -0.0,
                    -5.40168628224
                ],
                "pointsIdx": [
                    0,
                    1
                ],
                "width": 5.208748567942065
            },
            {
                "id": 0,
                "normal": [
                    0.0,
                    0.0,
                    1.0
                ],
                "planeEquation": [
                    0.0,
                    0.0,
                    1.0,
                    -4.372053059748948
                ],
                "pointsIdx": [
                    1,
                    2
                ],
                "width": 7.86262378224
            },
            {
                "id": 0,
                "normal": [
                    -1.0,
                    -0.0,
                    -0.0
                ],
                "planeEquation": [
                    -1.0,
                    -0.0,
                    -0.0,
                    -2.4609375
                ],
                "pointsIdx": [
                    2,
                    3
                ],
                "width": 5.208748567942065
            },
            {
                "id": 0,
                "normal": [
                    0.0,
                    0.0,
                    -1.0
                ],
                "planeEquation": [
                    0.0,
                    0.0,
                    -1.0,
                    -0.8366955081931164
                ],
                "pointsIdx": [
                    3,
                    0
                ],
                "width": 7.86262378224
            }
        ]
    },
    "panoId": "nothing"
}