{
    "cameraHeight": 1.6,
    "layoutHeight": 2.4068537712097164,
    "layoutObj2ds": {
        "num": 0,
        "obj2ds": []
    },
    "layoutPoints": {
        "num": 6,
        "points": [
            {
                "coords": [
                    0.5986986305822448,
                    0.5
                ],
                "id": 0,
                "xyz": [
                    0.47787403264,
                    0.0,
                    -0.6691760117534725
                ]
            },
            {
                "coords": [
                    0.9539561290157353,
                    0.5
                ],
                "id": 0,
                "xyz": [
                    0.47787403264,
                    0.0,
                    1.605473722628292
                ]
            },
            {
                "coords": [
                    0.06108129406027496,
                    0.5
                ],
                "id": 0,
                "xyz": [
                    -0.6483036377918314,
                    0.0,
                    1.605473722628292
                ]
            },
            {
                "coords": [
                    0.12394674253108534,
                    0.5
                ],
                "id": 0,
                "xyz": [
                    -0.6483036377918314,
                    0.0,
                    0.65694163150848
                ]
            },
            {
                "coords": [
                    0.1644823082536847,
                    0.5
                ],
                "id": 0,
                "xyz": [
                    -1.1026261762051452,
                    0.0,
                    0.65694163150848
                ]
            },
            {
                "coords": [
                    0.33681463028973796,
                    0.5
                ],
                "id": 0,
                "xyz": [
                    -1.1026261762051452,
                    0.0,
                    -0.6691760117534725
                ]
            }
        ]
    },
    "layoutWalls": {
        "num": 6,
        "walls": [
            {
                "id": 0,
                "normal": [
                    1.0,
                    0.0,
                    -0.0
                ],
                "planeEquation": [
                    1.0,
                    0.0,
                    -0.0,
                    -0.47787403264
                ],
                "pointsIdx": [
                    0,
                    1
                ],
                "width": 2.2746497343817644
            },
            {
                "id": 0,
                "normal": [
                    0.0,
                    0.0,
                    1.0
                ],
                "planeEquation": [
                    0.0,
                    0.0,
                    1.0,
                    -1.605473722628292
                ],
                "pointsIdx": [
                    1,
                    2
                ],
                "width": 1.1261776704318314
            },
            {
                "id": 0,
                "normal": [
                    -1.0,
                    -0.0,
                    -0.0
                ],
                "planeEquation": [
                    -1.0,
                    -0.0,
                    -0.0,
                    -0.6483036377918314
                ],
                "pointsIdx": [
                    2,
                    3
                ],
                "width": 0.9485320911198121
            },
            {
                "id": 0,
                "normal": [
                    0.0,
                    0.0,
                    1.0
                ],
                "planeEquation": [
                    0.0,
                    0.0,
                    1.0,
                    -0.65694163150848
                ],
                "pointsIdx": [
                    3,
                    4
                ],
                "width": 0.4543225384133138
            },
            {
                "id": 0,
                "normal": [
                    -1.0,
                    -0.0,
                    -0.0
                ],
                "planeEquation": [
                    -1.0,
                    -0.0,
                    -0.0,
                    -1.1026261762051452
                ],
                "pointsIdx": [
                    4,
                    5
                ],
                "width": 1.3261176432619526
            },
            {
                "id": 0,
                "normal": [
                    0.0,
                    0.0,
                    -1.0
                ],
                "planeEquation": [
                    0.0,
                    0.0,
                    -1.0,
                    -0.6691760117534725
                ],
                "pointsIdx": [
                    5,
                    0
                ],
                "width": 1.5805002088451452
            }
        ]
    },
    "panoId": "nothing"
}