{
    "cameraHeight": 1.6,
    "layoutHeight": 2.6166403961181635,
    "layoutObj2ds": {
        "num": 0,
        "obj2ds": []
    },
    "layoutPoints": {
        "num": 4,
        "points": [
            {
                "coords": [
                    0.6051977194231352,
                    0.5
                ],
                "id": 0,
                "xyz": [
                    0.9153719544435301,
                    0.0,
                    -1.177068076535226
                ]
            },
            {
                "coords": [
                    0.9306120121582714,
                    0.5
                ],
                "id": 0,
                "xyz": [
                    0.9153719544435301,
                    0.0,
                    1.9648408828520976
                ]
            },
            {
                "coords": [
                    0.0660437325427598,
                    0.5
                ],
                "id": 0,
                "xyz": [
                    -0.8656046398144369,
                    0.0,
                    1.9648408828520976
                ]
            },
            {
                "coords": [
                    0.3990821976231256,
                    0.5
                ],
                "id": 0,
                "xyz": [
                    -0.8656046398144369,
                    0.0,
                    -1.177068076535226
                ]
            }
        ]
    },
    "layoutWalls": {
        "num": 4,
        "walls": [
            {
                "id": 0,
                "normal": [
                    1.0,
                    0.0,
                    -0.0
                ],
                "planeEquation": [
                    1.0,
                    0.0,
                    -0.0,
                    -0.9153719544435301
                ],
                "pointsIdx": [
                    0,
                    1
                ],
                "width": 3.1419089593873233
            },
            {
                "id": 0,
                "normal": [
                    0.0,
                    0.0,
                    1.0
                ],
                "planeEquation": [
                    0.0,
                    0.0,
                    1.0,
                    -1.9648408828520976
                ],
                "pointsIdx": [
                    1,
                    2
                ],
                "width": 1.7809765942579672
            },
            {
                "id": 0,
                "normal": [
                    -1.0,
                    -0.0,
                    -0.0
                ],
                "planeEquation": [
                    -1.0,
                    -0.0,
                    -0.0,
                    -0.8656046398144369
                ],
                "pointsIdx": [
                    2,
                    3
                ],
                "width": 3.1419089593873233
            },
            {
                "id": 0,
                "normal": [
                    0.0,
                    0.0,
                    -1.0
                ],
                "planeEquation": [
                    0.0,
                    0.0,
                    -1.0,
                    -1.177068076535226
                ],
                "pointsIdx": [
                    3,
                    0
                ],
                "width": 1.7809765942579672
            }
        ]
    },
    "panoId": "nothing"
}