{
    "cameraHeight": 1.6,
    "layoutHeight": 2.5372098064422604,
    "layoutObj2ds": {
        "num": 0,
        "obj2ds": []
    },
    "layoutPoints": {
        "num": 6,
        "points": [
            {
                "coords": [
                    0.7205033726559422,
                    0.5
                ],
                "id": 0,
                "xyz": [
                    2.216030306839389,
                    0.0,
                    -0.4154708733755393
                ]
            },
            {
                "coords": [
                    0.9170306287618868,
                    0.5
                ],
                "id": 0,
                "xyz": [
                    2.216030306839389,
                    0.0,
                    3.8586285671594953
                ]
            },
            {
                "coords": [
                    0.04270833333333335,
                    0.5311004808357072
                ],
                "id": 0,
                "xyz": [
                    -1.061032217553215,
                    -0.3922498974792659,
                    3.8586285671594958
                ]
            },
            {
                "coords": [
                    0.026893423330441257,
                    0.5197643720550572
                ],
                "id": 0,
                "xyz": [
                    -1.0610322175532179,
                    -0.3922498974792659,
                    6.219298207330961
                ]
            },
            {
                "coords": [
                    0.051569827864827444,
                    0.5
                ],
                "id": 0,
                "xyz": [
                    -2.088813195788993,
                    0.0,
                    6.219298207330959
                ]
            },
            {
                "coords": [
                    0.28124854112336783,
                    0.5
                ],
                "id": 0,
                "xyz": [
                    -2.088813195788992,
                    0.0,
                    -0.4154708733755393
                ]
            }
        ]
    },
    "layoutWalls": {
        "num": 6,
        "walls": [
            {
                "id": 0,
                "normal": [
                    1.0,
                    0.0,
                    -0.0
                ],
                "planeEquation": [
                    1.0,
                    0.0,
                    -0.0,
                    -2.216030306839389
                ],
                "pointsIdx": [
                    0,
                    1
                ],
                "width": 4.274099440535035
            },
            {
                "id": 0,
                "normal": [
                    1.3551441467610495e-16,
                    0.0,
                    1.0
                ],
                "planeEquation": [
                    1.3551441467610495e-16,
                    0.0,
                    1.0,
                    -3.8586285671594958
                ],
                "pointsIdx": [
                    1,
                    2
                ],
                "width": 3.277062524392604
            },
            {
                "id": 0,
                "normal": [
                    1.0,
                    0.0,
                    1.2227801022661279e-15
                ],
                "planeEquation": [
                    1.0,
                    0.0,
                    1.2227801022661279e-15,
                    1.0610322175532103
                ],
                "pointsIdx": [
                    2,
                    3
                ],
                "width": 2.360669640171465
            },
            {
                "id": 0,
                "normal": [
                    -1.7283418131063623e-15,
                    0.0,
                    1.0
                ],
                "planeEquation": [
                    -1.7283418131063623e-15,
                    0.0,
                    1.0,
                    -6.219298207330962
                ],
                "pointsIdx": [
                    3,
                    4
                ],
                "width": 1.0277809782357752
            },
            {
                "id": 0,
                "normal": [
                    -1.0,
                    -0.0,
                    -1.3386726936479127e-16
                ],
                "planeEquation": [
                    -1.0,
                    -0.0,
                    -1.3386726936479127e-16,
                    -2.088813195788992
                ],
                "pointsIdx": [
                    4,
                    5
                ],
                "width": 6.634769080706498
            },
            {
                "id": 0,
                "normal": [
                    0.0,
                    0.0,
                    -1.0
                ],
                "planeEquation": [
                    0.0,
                    0.0,
                    -1.0,
                    -0.4154708733755393
                ],
                "pointsIdx": [
                    5,
                    0
                ],
                "width": 4.304843502628382
            }
        ]
    },
    "panoId": "nothing"
}