{
    "cameraHeight": 1.6,
    "layoutHeight": 2.582368202209472,
    "layoutObj2ds": {
        "num": 0,
        "obj2ds": []
    },
    "layoutPoints": {
        "num": 6,
        "points": [
            {
                "coords": [
                    0.6594180819819035,
                    0.5
                ],
                "id": 0,
                "xyz": [
                    0.7193504062465641,
                    0.0,
                    -0.46021168170140814
                ]
            },
            {
                "coords": [
                    0.9714041207513721,
                    0.5
                ],
                "id": 0,
                "xyz": [
                    0.7193504062465641,
                    0.0,
                    3.960484155034831
                ]
            },
            {
                "coords": [
                    0.09270833333333328,
                    0.502638798209063
                ],
                "id": 0,
                "xyz": [
                    -2.608979428676862,
                    -0.03931715202934706,
                    3.9604841550348313
                ]
            },
            {
                "coords": [
                    0.0710053917664652,
                    0.5020697730320332
                ],
                "id": 0,
                "xyz": [
                    -2.6089794286768644,
                    -0.03931715202934706,
                    5.454655522139781
                ]
            },
            {
                "coords": [
                    0.09332125611243774,
                    0.5
                ],
                "id": 0,
                "xyz": [
                    -3.6234678626280283,
                    0.0,
                    5.454655522139779
                ]
            },
            {
                "coords": [
                    0.2701063987427206,
                    0.5
                ],
                "id": 0,
                "xyz": [
                    -3.623467862628026,
                    0.0,
                    -0.46021168170140814
                ]
            }
        ]
    },
    "layoutWalls": {
        "num": 6,
        "walls": [
            {
                "id": 0,
                "normal": [
                    1.0,
                    0.0,
                    -0.0
                ],
                "planeEquation": [
                    1.0,
                    0.0,
                    -0.0,
                    -0.7193504062465641
                ],
                "pointsIdx": [
                    0,
                    1
                ],
                "width": 4.420695836736239
            },
            {
                "id": 0,
                "normal": [
                    1.3342704355509874e-16,
                    0.0,
                    1.0
                ],
                "planeEquation": [
                    1.3342704355509874e-16,
                    0.0,
                    1.0,
                    -3.960484155034831
                ],
                "pointsIdx": [
                    1,
                    2
                ],
                "width": 3.3283298349234265
            },
            {
                "id": 0,
                "normal": [
                    1.0,
                    0.0,
                    1.4860718777877305e-15
                ],
                "planeEquation": [
                    1.0,
                    0.0,
                    1.4860718777877305e-15,
                    2.6089794286768564
                ],
                "pointsIdx": [
                    2,
                    3
                ],
                "width": 1.4941713671049497
            },
            {
                "id": 0,
                "normal": [
                    -1.7509877687632285e-15,
                    0.0,
                    1.0
                ],
                "planeEquation": [
                    -1.7509877687632285e-15,
                    0.0,
                    1.0,
                    -5.454655522139785
                ],
                "pointsIdx": [
                    3,
                    4
                ],
                "width": 1.014488433951164
            },
            {
                "id": 0,
                "normal": [
                    -1.0,
                    -0.0,
                    -3.7540082857791433e-16
                ],
                "planeEquation": [
                    -1.0,
                    -0.0,
                    -3.7540082857791433e-16,
                    -3.623467862628026
                ],
                "pointsIdx": [
                    4,
                    5
                ],
                "width": 5.914867203841188
            },
            {
                "id": 0,
                "normal": [
                    0.0,
                    0.0,
                    -1.0
                ],
                "planeEquation": [
                    0.0,
                    0.0,
                    -1.0,
                    -0.46021168170140814
                ],
                "pointsIdx": [
                    5,
                    0
                ],
                "width": 4.34281826887459
            }
        ]
    },
    "panoId": "nothing"
}