{
    "cameraHeight": 1.6,
    "layoutHeight": 2.666653957366943,
    "layoutObj2ds": {
        "num": 0,
        "obj2ds": []
    },
    "layoutPoints": {
        "num": 4,
        "points": [
            {
                "coords": [
                    0.5767768261992514,
                    0.5
                ],
                "id": 0,
                "xyz": [
                    1.59541,
                    0.0,
                    -3.0466
                ]
            },
            {
                "coords": [
                    0.8096791497655582,
                    0.5
                ],
                "id": 0,
                "xyz": [
                    1.59541,
                    0.0,
                    0.62795
                ]
            },
            {
                "coords": [
                    0.1975284644574623,
                    0.5
                ],
                "id": 0,
                "xyz": [
                    -1.83516280576,
                    0.0,
                    0.62795
                ]
            },
            {
                "coords": [
                    0.41371318029374765,
                    0.5
                ],
                "id": 0,
                "xyz": [
                    -1.83516280576,
                    0.0,
                    -3.0466
                ]
            }
        ]
    },
    "layoutWalls": {
        "num": 4,
        "walls": [
            {
                "id": 0,
                "normal": [
                    1.0,
                    0.0,
                    -0.0
                ],
                "planeEquation": [
                    1.0,
                    0.0,
                    -0.0,
                    -1.59541
                ],
                "pointsIdx": [
                    0,
                    1
                ],
                "width": 3.67455
            },
            {
                "id": 0,
                "normal": [
                    0.0,
                    0.0,
                    1.0
                ],
                "planeEquation": [
                    0.0,
                    0.0,
                    1.0,
                    -0.62795
                ],
                "pointsIdx": [
                    1,
                    2
                ],
                "width": 3.43057280576
            },
            {
                "id": 0,
                "normal": [
                    -1.0,
                    -0.0,
                    -0.0
                ],
                "planeEquation": [
                    -1.0,
                    -0.0,
                    -0.0,
                    -1.83516280576
                ],
                "pointsIdx": [
                    2,
                    3
                ],
                "width": 3.67455
            },
            {
                "id": 0,
                "normal": [
                    0.0,
                    0.0,
                    -1.0
                ],
                "planeEquation": [
                    0.0,
                    0.0,
                    -1.0,
                    -3.0466
                ],
                "pointsIdx": [
                    3,
                    0
                ],
                "width": 3.43057280576
            }
        ]
    },
    "panoId": "nothing"
}