{
    "cameraHeight": 1.6,
    "layoutHeight": 2.533776641473537,
    "layoutObj2ds": {
        "num": 0,
        "obj2ds": []
    },
    "layoutPoints": {
        "num": 6,
        "points": [
            {
                "coords": [
                    0.5459035110514723,
                    0.5
                ],
                "id": 0,
                "xyz": [
                    0.6577941109784975,
                    0.0,
                    -2.2170853298955238
                ]
            },
            {
                "coords": [
                    0.9180379752737233,
                    0.5
                ],
                "id": 0,
                "xyz": [
                    0.6577941109784975,
                    0.0,
                    1.1623475609756098
                ]
            },
            {
                "coords": [
                    0.8569751038498273,
                    0.5
                ],
                "id": 0,
                "xyz": [
                    1.460693491363773,
                    0.0,
                    1.1623475609756098
                ]
            },
            {
                "coords": [
                    0.8973135814643327,
                    0.5
                ],
                "id": 0,
                "xyz": [
                    1.460693491363773,
                    0.0,
                    1.9407225756097564
                ]
            },
            {
                "coords": [
                    0.16928441815437512,
                    0.5
                ],
                "id": 0,
                "xyz": [
                    -3.4928690544639998,
                    0.0,
                    1.9407225756097564
                ]
            },
            {
                "coords": [
                    0.340014396555815,
                    0.5
                ],
                "id": 0,
                "xyz": [
                    -3.4928690544639998,
                    0.0,
                    -2.2170853298955238
                ]
            }
        ]
    },
    "layoutWalls": {
        "num": 6,
        "walls": [
            {
                "id": 0,
                "normal": [
                    1.0,
                    0.0,
                    -0.0
                ],
                "planeEquation": [
                    1.0,
                    0.0,
                    -0.0,
                    -0.6577941109784975
                ],
                "pointsIdx": [
                    0,
                    1
                ],
                "width": 3.3794328908711337
            },
            {
                "id": 0,
                "normal": [
                    0.0,
                    0.0,
                    -1.0
                ],
                "planeEquation": [
                    0.0,
                    0.0,
                    -1.0,
                    1.1623475609756098
                ],
                "pointsIdx": [
                    1,
                    2
                ],
                "width": 0.8028993803852755
            },
            {
                "id": 0,
                "normal": [
                    1.0,
                    0.0,
                    -0.0
                ],
                "planeEquation": [
                    1.0,
                    0.0,
                    -0.0,
                    -1.460693491363773
                ],
                "pointsIdx": [
                    2,
                    3
                ],
                "width": 0.7783750146341466
            },
            {
                "id": 0,
                "normal": [
                    0.0,
                    0.0,
                    1.0
                ],
                "planeEquation": [
                    0.0,
                    0.0,
                    1.0,
                    -1.9407225756097564
                ],
                "pointsIdx": [
                    3,
                    4
                ],
                "width": 4.953562545827773
            },
            {
                "id": 0,
                "normal": [
                    -1.0,
                    -0.0,
                    -0.0
                ],
                "planeEquation": [
                    -1.0,
                    -0.0,
                    -0.0,
                    -3.4928690544639998
                ],
                "pointsIdx": [
                    4,
                    5
                ],
                "width": 4.15780790550528
            },
            {
                "id": 0,
                "normal": [
                    0.0,
                    0.0,
                    -1.0
                ],
                "planeEquation": [
                    0.0,
                    0.0,
                    -1.0,
                    -2.2170853298955238
                ],
                "pointsIdx": [
                    5,
                    0
                ],
                "width": 4.150663165442497
            }
        ]
    },
    "panoId": "nothing"
}