{
    "cameraHeight": 1.6,
    "layoutHeight": 2.7938790702819825,
    "layoutObj2ds": {
        "num": 0,
        "obj2ds": []
    },
    "layoutPoints": {
        "num": 4,
        "points": [
            {
                "coords": [
                    0.5389182817187862,
                    0.5
                ],
                "id": 0,
                "xyz": [
                    0.57119025152,
                    0.0,
                    -2.289117902097613
                ]
            },
            {
                "coords": [
                    0.9622103304159516,
                    0.5
                ],
                "id": 0,
                "xyz": [
                    0.57119025152,
                    0.0,
                    2.360245880690208
                ]
            },
            {
                "coords": [
                    0.13756471764017447,
                    0.5
                ],
                "id": 0,
                "xyz": [
                    -2.7657694185114834,
                    0.0,
                    2.360245880690208
                ]
            },
            {
                "coords": [
                    0.3600367002472141,
                    0.5
                ],
                "id": 0,
                "xyz": [
                    -2.7657694185114834,
                    0.0,
                    -2.289117902097613
                ]
            }
        ]
    },
    "layoutWalls": {
        "num": 4,
        "walls": [
            {
                "id": 0,
                "normal": [
                    1.0,
                    0.0,
                    -0.0
                ],
                "planeEquation": [
                    1.0,
                    0.0,
                    -0.0,
                    -0.57119025152
                ],
                "pointsIdx": [
                    0,
                    1
                ],
                "width": 4.649363782787821
            },
            {
                "id": 0,
                "normal": [
                    0.0,
                    0.0,
                    1.0
                ],
                "planeEquation": [
                    0.0,
                    0.0,
                    1.0,
                    -2.360245880690208
                ],
                "pointsIdx": [
                    1,
                    2
                ],
                "width": 3.3369596700314834
            },
            {
                "id": 0,
                "normal": [
                    -1.0,
                    -0.0,
                    -0.0
                ],
                "planeEquation": [
                    -1.0,
                    -0.0,
                    -0.0,
                    -2.7657694185114834
                ],
                "pointsIdx": [
                    2,
                    3
                ],
                "width": 4.649363782787821
            },
            {
                "id": 0,
                "normal": [
                    0.0,
                    0.0,
                    -1.0
                ],
                "planeEquation": [
                    0.0,
                    0.0,
                    -1.0,
                    -2.289117902097613
                ],
                "pointsIdx": [
                    3,
                    0
                ],
                "width": 3.3369596700314834
            }
        ]
    },
    "panoId": "nothing"
}