{
    "cameraHeight": 1.6,
    "layoutHeight": 3.568241834640503,
    "layoutObj2ds": {
        "num": 0,
        "obj2ds": []
    },
    "layoutPoints": {
        "num": 4,
        "points": [
            {
                "coords": [
                    0.7169896882280112,
                    0.5
                ],
                "id": 0,
                "xyz": [
                    4.332140408157635,
                    0.0,
                    -0.9116390400000001
                ]
            },
            {
                "coords": [
                    0.9086046581347762,
                    0.5
                ],
                "id": 0,
                "xyz": [
                    4.332140408157635,
                    0.0,
                    6.695874208924646
                ]
            },
            {
                "coords": [
                    0.014059668515136348,
                    0.5
                ],
                "id": 0,
                "xyz": [
                    -0.5930537047669878,
                    0.0,
                    6.695874208924646
                ]
            },
            {
                "coords": [
                    0.40820711744553917,
                    0.5
                ],
                "id": 0,
                "xyz": [
                    -0.5930537047669878,
                    0.0,
                    -0.9116390400000001
                ]
            }
        ]
    },
    "layoutWalls": {
        "num": 4,
        "walls": [
            {
                "id": 0,
                "normal": [
                    1.0,
                    0.0,
                    -0.0
                ],
                "planeEquation": [
                    1.0,
                    0.0,
                    -0.0,
                    -4.332140408157635
                ],
                "pointsIdx": [
                    0,
                    1
                ],
                "width": 7.607513248924646
            },
            {
                "id": 0,
                "normal": [
                    0.0,
                    0.0,
                    1.0
                ],
                "planeEquation": [
                    0.0,
                    0.0,
                    1.0,
                    -6.695874208924646
                ],
                "pointsIdx": [
                    1,
                    2
                ],
                "width": 4.925194112924623
            },
            {
                "id": 0,
                "normal": [
                    -1.0,
                    -0.0,
                    -0.0
                ],
                "planeEquation": [
                    -1.0,
                    -0.0,
                    -0.0,
                    -0.5930537047669878
                ],
                "pointsIdx": [
                    2,
                    3
                ],
                "width": 7.607513248924646
            },
            {
                "id": 0,
                "normal": [
                    0.0,
                    0.0,
                    -1.0
                ],
                "planeEquation": [
                    0.0,
                    0.0,
                    -1.0,
                    -0.9116390400000001
                ],
                "pointsIdx": [
                    3,
                    0
                ],
                "width": 4.925194112924623
            }
        ]
    },
    "panoId": "nothing"
}