{
    "cameraHeight": 1.6,
    "layoutHeight": 2.553584718704223,
    "layoutObj2ds": {
        "num": 0,
        "obj2ds": []
    },
    "layoutPoints": {
        "num": 4,
        "points": [
            {
                "coords": [
                    0.6019844486351993,
                    0.5
                ],
                "id": 0,
                "xyz": [
                    0.5687744332719719,
                    0.0,
                    -0.7626692938190662
                ]
            },
            {
                "coords": [
                    0.8613538288970601,
                    0.5
                ],
                "id": 0,
                "xyz": [
                    0.5687744332719719,
                    0.0,
                    0.478738445572122
                ]
            },
            {
                "coords": [
                    0.1140389038651794,
                    0.5
                ],
                "id": 0,
                "xyz": [
                    -0.41695386476387464,
                    0.0,
                    0.478738445572122
                ]
            },
            {
                "coords": [
                    0.4203734008565895,
                    0.5
                ],
                "id": 0,
                "xyz": [
                    -0.41695386476387464,
                    0.0,
                    -0.7626692938190662
                ]
            }
        ]
    },
    "layoutWalls": {
        "num": 4,
        "walls": [
            {
                "id": 0,
                "normal": [
                    1.0,
                    0.0,
                    -0.0
                ],
                "planeEquation": [
                    1.0,
                    0.0,
                    -0.0,
                    -0.5687744332719719
                ],
                "pointsIdx": [
                    0,
                    1
                ],
                "width": 1.2414077393911882
            },
            {
                "id": 0,
                "normal": [
                    0.0,
                    0.0,
                    1.0
                ],
                "planeEquation": [
                    0.0,
                    0.0,
                    1.0,
                    -0.478738445572122
                ],
                "pointsIdx": [
                    1,
                    2
                ],
                "width": 0.9857282980358465
            },
            {
                "id": 0,
                "normal": [
                    -1.0,
                    -0.0,
                    -0.0
                ],
                "planeEquation": [
                    -1.0,
                    -0.0,
                    -0.0,
                    -0.41695386476387464
                ],
                "pointsIdx": [
                    2,
                    3
                ],
                "width": 1.2414077393911882
            },
            {
                "id": 0,
                "normal": [
                    0.0,
                    0.0,
                    -1.0
                ],
                "planeEquation": [
                    0.0,
                    0.0,
                    -1.0,
                    -0.7626692938190662
                ],
                "pointsIdx": [
                    3,
                    0
                ],
                "width": 0.9857282980358465
            }
        ]
    },
    "panoId": "nothing"
}