{
    "cameraHeight": 1.6,
    "layoutHeight": 2.6087162685394283,
    "layoutObj2ds": {
        "num": 0,
        "obj2ds": []
    },
    "layoutPoints": {
        "num": 6,
        "points": [
            {
                "coords": [
                    0.5805729025951962,
                    0.5
                ],
                "id": 0,
                "xyz": [
                    0.49731576089546864,
                    0.0,
                    -0.8969508084844497
                ]
            },
            {
                "coords": [
                    0.9604166666666667,
                    0.4603121404583159
                ],
                "id": 0,
                "xyz": [
                    0.4973157608954686,
                    0.2532169756842535,
                    1.9581854925152191
                ]
            },
            {
                "coords": [
                    0.9323321987821421,
                    0.4626753459028195
                ],
                "id": 0,
                "xyz": [
                    0.8866413016886093,
                    0.2532169756842535,
                    1.9581854925152191
                ]
            },
            {
                "coords": [
                    0.9592481330241309,
                    0.5
                ],
                "id": 0,
                "xyz": [
                    0.8866413016886094,
                    0.0,
                    3.3867374170033355
                ]
            },
            {
                "coords": [
                    0.13460866105118796,
                    0.5
                ],
                "id": 0,
                "xyz": [
                    -3.8225109315157177,
                    0.0,
                    3.3867374170033355
                ]
            },
            {
                "coords": [
                    0.2866820168275891,
                    0.5
                ],
                "id": 0,
                "xyz": [
                    -3.8225109315157177,
                    0.0,
                    -0.8969508084844497
                ]
            }
        ]
    },
    "layoutWalls": {
        "num": 6,
        "walls": [
            {
                "id": 0,
                "normal": [
                    1.0,
                    0.0,
                    1.9442557334941142e-17
                ],
                "planeEquation": [
                    1.0,
                    0.0,
                    1.9442557334941142e-17,
                    -0.49731576089546864
                ],
                "pointsIdx": [
                    0,
                    1
                ],
                "width": 2.8551363009996686
            },
            {
                "id": 0,
                "normal": [
                    0.0,
                    0.0,
                    -1.0
                ],
                "planeEquation": [
                    0.0,
                    0.0,
                    -1.0,
                    1.9581854925152191
                ],
                "pointsIdx": [
                    1,
                    2
                ],
                "width": 0.38932554079314075
            },
            {
                "id": 0,
                "normal": [
                    1.0,
                    0.0,
                    -7.771667277848338e-17
                ],
                "planeEquation": [
                    1.0,
                    0.0,
                    -7.771667277848338e-17,
                    -0.8866413016886092
                ],
                "pointsIdx": [
                    2,
                    3
                ],
                "width": 1.4285519244881164
            },
            {
                "id": 0,
                "normal": [
                    0.0,
                    0.0,
                    1.0
                ],
                "planeEquation": [
                    0.0,
                    0.0,
                    1.0,
                    -3.3867374170033355
                ],
                "pointsIdx": [
                    3,
                    4
                ],
                "width": 4.709152233204327
            },
            {
                "id": 0,
                "normal": [
                    -1.0,
                    -0.0,
                    -0.0
                ],
                "planeEquation": [
                    -1.0,
                    -0.0,
                    -0.0,
                    -3.8225109315157177
                ],
                "pointsIdx": [
                    4,
                    5
                ],
                "width": 4.2836882254877855
            },
            {
                "id": 0,
                "normal": [
                    0.0,
                    0.0,
                    -1.0
                ],
                "planeEquation": [
                    0.0,
                    0.0,
                    -1.0,
                    -0.8969508084844497
                ],
                "pointsIdx": [
                    5,
                    0
                ],
                "width": 4.319826692411186
            }
        ]
    },
    "panoId": "nothing"
}