{
    "cameraHeight": 1.6,
    "layoutHeight": 2.8326350212097164,
    "layoutObj2ds": {
        "num": 0,
        "obj2ds": []
    },
    "layoutPoints": {
        "num": 4,
        "points": [
            {
                "coords": [
                    0.5337407312786893,
                    0.5
                ],
                "id": 0,
                "xyz": [
                    0.62546615808,
                    0.0,
                    -2.9059898094192023
                ]
            },
            {
                "coords": [
                    0.8715246592403387,
                    0.5
                ],
                "id": 0,
                "xyz": [
                    0.62546615808,
                    0.0,
                    0.5987301019031201
                ]
            },
            {
                "coords": [
                    0.228074120630396,
                    0.5
                ],
                "id": 0,
                "xyz": [
                    -4.318515450165307,
                    0.0,
                    0.5987301019031201
                ]
            },
            {
                "coords": [
                    0.34426990263552404,
                    0.5
                ],
                "id": 0,
                "xyz": [
                    -4.318515450165307,
                    0.0,
                    -2.9059898094192023
                ]
            }
        ]
    },
    "layoutWalls": {
        "num": 4,
        "walls": [
            {
                "id": 0,
                "normal": [
                    1.0,
                    0.0,
                    -0.0
                ],
                "planeEquation": [
                    1.0,
                    0.0,
                    -0.0,
                    -0.62546615808
                ],
                "pointsIdx": [
                    0,
                    1
                ],
                "width": 3.504719911322322
            },
            {
                "id": 0,
                "normal": [
                    0.0,
                    0.0,
                    1.0
                ],
                "planeEquation": [
                    0.0,
                    0.0,
                    1.0,
                    -0.5987301019031201
                ],
                "pointsIdx": [
                    1,
                    2
                ],
                "width": 4.943981608245307
            },
            {
                "id": 0,
                "normal": [
                    -1.0,
                    -0.0,
                    -0.0
                ],
                "planeEquation": [
                    -1.0,
                    -0.0,
                    -0.0,
                    -4.318515450165307
                ],
                "pointsIdx": [
                    2,
                    3
                ],
                "width": 3.504719911322322
            },
            {
                "id": 0,
                "normal": [
                    0.0,
                    0.0,
                    -1.0
                ],
                "planeEquation": [
                    0.0,
                    0.0,
                    -1.0,
                    -2.9059898094192023
                ],
                "pointsIdx": [
                    3,
                    0
                ],
                "width": 4.943981608245307
            }
        ]
    },
    "panoId": "nothing"
}