{
    "cameraHeight": 1.6,
    "layoutHeight": 2.569255676269531,
    "layoutObj2ds": {
        "num": 0,
        "obj2ds": []
    },
    "layoutPoints": {
        "num": 18,
        "points": [
            {
                "coords": [
                    0.4784258652976941,
                    0.5
                ],
                "id": 0,
                "xyz": [
                    -0.85121,
                    0.0,
                    -6.240967916074175
                ]
            },
            {
                "coords": [
                    0.49118055555555556,
                    0.5
                ],
                "id": 0,
                "xyz": [
                    -0.3461926954911781,
                    0.0,
                    -6.240967916074175
                ]
            },
            {
                "coords": [
                    0.49376530039249283,
                    0.5
                ],
                "id": 0,
                "xyz": [
                    -0.3461926954911781,
                    0.0,
                    -8.832837989223503
                ]
            },
            {
                "coords": [
                    0.5212731474067616,
                    0.5
                ],
                "id": 0,
                "xyz": [
                    1.1877063070198965,
                    0.0,
                    -8.832837989223503
                ]
            },
            {
                "coords": [
                    0.5299305555555556,
                    0.5
                ],
                "id": 0,
                "xyz": [
                    1.1877063070198965,
                    0.0,
                    -6.240967916074175
                ]
            },
            {
                "coords": [
                    0.5500557920328351,
                    0.5
                ],
                "id": 0,
                "xyz": [
                    2.030232427182546,
                    0.0,
                    -6.240967916074175
                ]
            },
            {
                "coords": [
                    0.6021313987913859,
                    0.5
                ],
                "id": 0,
                "xyz": [
                    2.030232427182546,
                    0.0,
                    -2.717098923158243
                ]
            },
            {
                "coords": [
                    0.5493055555555556,
                    0.5
                ],
                "id": 0,
                "xyz": [
                    0.8697502224481244,
                    0.0,
                    -2.717098923158243
                ]
            },
            {
                "coords": [
                    0.6241666666666668,
                    0.5
                ],
                "id": 0,
                "xyz": [
                    0.8697502224481244,
                    0.0,
                    -0.87890625
                ]
            },
            {
                "coords": [
                    0.7147767125227227,
                    0.5
                ],
                "id": 0,
                "xyz": [
                    3.90625,
                    0.0,
                    -0.87890625
                ]
            },
            {
                "coords": [
                    0.7790541207685733,
                    0.5
                ],
                "id": 0,
                "xyz": [
                    3.90625,
                    0.0,
                    0.72112384
                ]
            },
            {
                "coords": [
                    0.8629186764245971,
                    0.5
                ],
                "id": 0,
                "xyz": [
                    0.83984375,
                    0.0,
                    0.72112384
                ]
            },
            {
                "coords": [
                    0.9459423849199575,
                    0.5
                ],
                "id": 0,
                "xyz": [
                    0.83984375,
                    0.0,
                    2.37682
                ]
            },
            {
                "coords": [
                    0.05473321588012969,
                    0.5
                ],
                "id": 0,
                "xyz": [
                    -0.85121,
                    0.0,
                    2.37682
                ]
            },
            {
                "coords": [
                    0.4188194444444444,
                    0.5
                ],
                "id": 0,
                "xyz": [
                    -0.85121,
                    0.0,
                    -1.5215016766903176
                ]
            },
            {
                "coords": [
                    0.387910326527919,
                    0.5
                ],
                "id": 0,
                "xyz": [
                    -1.292716006851407,
                    0.0,
                    -1.5215016766903176
                ]
            },
            {
                "coords": [
                    0.41473640208741197,
                    0.5
                ],
                "id": 0,
                "xyz": [
                    -1.292716006851407,
                    0.0,
                    -2.1776238224618885
                ]
            },
            {
                "coords": [
                    0.44069444444444456,
                    0.5
                ],
                "id": 0,
                "xyz": [
                    -0.85121,
                    0.0,
                    -2.1776238224618885
                ]
            }
        ]
    },
    "layoutWalls": {
        "num": 18,
        "walls": [
            {
                "id": 0,
                "normal": [
                    0.0,
                    0.0,
                    -1.0
                ],
                "planeEquation": [
                    0.0,
                    0.0,
                    -1.0,
                    -6.240967916074175
                ],
                "pointsIdx": [
                    0,
                    1
                ],
                "width": 0.505017304508822
            },
            {
                "id": 0,
                "normal": [
                    -1.0,
                    -0.0,
                    -0.0
                ],
                "planeEquation": [
                    -1.0,
                    -0.0,
                    -0.0,
                    -0.3461926954911781
                ],
                "pointsIdx": [
                    1,
                    2
                ],
                "width": 2.5918700731493276
            },
            {
                "id": 0,
                "normal": [
                    0.0,
                    0.0,
                    -1.0
                ],
                "planeEquation": [
                    0.0,
                    0.0,
                    -1.0,
                    -8.832837989223503
                ],
                "pointsIdx": [
                    2,
                    3
                ],
                "width": 1.5338990025110746
            },
            {
                "id": 0,
                "normal": [
                    1.0,
                    0.0,
                    -0.0
                ],
                "planeEquation": [
                    1.0,
                    0.0,
                    -0.0,
                    -1.1877063070198965
                ],
                "pointsIdx": [
                    3,
                    4
                ],
                "width": 2.5918700731493276
            },
            {
                "id": 0,
                "normal": [
                    0.0,
                    0.0,
                    -1.0
                ],
                "planeEquation": [
                    0.0,
                    0.0,
                    -1.0,
                    -6.240967916074175
                ],
                "pointsIdx": [
                    4,
                    5
                ],
                "width": 0.8425261201626495
            },
            {
                "id": 0,
                "normal": [
                    1.0,
                    0.0,
                    -0.0
                ],
                "planeEquation": [
                    1.0,
                    0.0,
                    -0.0,
                    -2.030232427182546
                ],
                "pointsIdx": [
                    5,
                    6
                ],
                "width": 3.523868992915932
            },
            {
                "id": 0,
                "normal": [
                    0.0,
                    0.0,
                    1.0
                ],
                "planeEquation": [
                    0.0,
                    0.0,
                    1.0,
                    2.717098923158243
                ],
                "pointsIdx": [
                    6,
                    7
                ],
                "width": 1.1604822047344217
            },
            {
                "id": 0,
                "normal": [
                    1.0,
                    0.0,
                    -0.0
                ],
                "planeEquation": [
                    1.0,
                    0.0,
                    -0.0,
                    -0.8697502224481244
                ],
                "pointsIdx": [
                    7,
                    8
                ],
                "width": 1.8381926731582432
            },
            {
                "id": 0,
                "normal": [
                    0.0,
                    0.0,
                    -1.0
                ],
                "planeEquation": [
                    0.0,
                    0.0,
                    -1.0,
                    -0.87890625
                ],
                "pointsIdx": [
                    8,
                    9
                ],
                "width": 3.0364997775518754
            },
            {
                "id": 0,
                "normal": [
                    1.0,
                    0.0,
                    -0.0
                ],
                "planeEquation": [
                    1.0,
                    0.0,
                    -0.0,
                    -3.90625
                ],
                "pointsIdx": [
                    9,
                    10
                ],
                "width": 1.60003009
            },
            {
                "id": 0,
                "normal": [
                    0.0,
                    0.0,
                    1.0
                ],
                "planeEquation": [
                    0.0,
                    0.0,
                    1.0,
                    -0.72112384
                ],
                "pointsIdx": [
                    10,
                    11
                ],
                "width": 3.06640625
            },
            {
                "id": 0,
                "normal": [
                    1.0,
                    0.0,
                    -0.0
                ],
                "planeEquation": [
                    1.0,
                    0.0,
                    -0.0,
                    -0.83984375
                ],
                "pointsIdx": [
                    11,
                    12
                ],
                "width": 1.65569616
            },
            {
                "id": 0,
                "normal": [
                    0.0,
                    0.0,
                    1.0
                ],
                "planeEquation": [
                    0.0,
                    0.0,
                    1.0,
                    -2.37682
                ],
                "pointsIdx": [
                    12,
                    13
                ],
                "width": 1.69105375
            },
            {
                "id": 0,
                "normal": [
                    -1.0,
                    -0.0,
                    -0.0
                ],
                "planeEquation": [
                    -1.0,
                    -0.0,
                    -0.0,
                    -0.85121
                ],
                "pointsIdx": [
                    13,
                    14
                ],
                "width": 3.8983216766903173
            },
            {
                "id": 0,
                "normal": [
                    0.0,
                    0.0,
                    1.0
                ],
                "planeEquation": [
                    0.0,
                    0.0,
                    1.0,
                    1.5215016766903176
                ],
                "pointsIdx": [
                    14,
                    15
                ],
                "width": 0.44150600685140695
            },
            {
                "id": 0,
                "normal": [
                    -1.0,
                    -0.0,
                    -0.0
                ],
                "planeEquation": [
                    -1.0,
                    -0.0,
                    -0.0,
                    -1.292716006851407
                ],
                "pointsIdx": [
                    15,
                    16
                ],
                "width": 0.6561221457715709
            },
            {
                "id": 0,
                "normal": [
                    0.0,
                    0.0,
                    -1.0
                ],
                "planeEquation": [
                    0.0,
                    0.0,
                    -1.0,
                    -2.1776238224618885
                ],
                "pointsIdx": [
                    16,
                    17
                ],
                "width": 0.44150600685140695
            },
            {
                "id": 0,
                "normal": [
                    -1.0,
                    -0.0,
                    -0.0
                ],
                "planeEquation": [
                    -1.0,
                    -0.0,
                    -0.0,
                    -0.85121
                ],
                "pointsIdx": [
                    17,
                    0
                ],
                "width": 4.063344093612287
            }
        ]
    },
    "panoId": "nothing"
}