{
    "cameraHeight": 1.6,
    "layoutHeight": 2.6825799846649163,
    "layoutObj2ds": {
        "num": 0,
        "obj2ds": []
    },
    "layoutPoints": {
        "num": 10,
        "points": [
            {
                "coords": [
                    0.4936868757326386,
                    0.5
                ],
                "id": 0,
                "xyz": [
                    -0.25884510243264575,
                    0.0,
                    -6.522106471605416
                ]
            },
            {
                "coords": [
                    0.4462932258941617,
                    0.5
                ],
                "id": 0,
                "xyz": [
                    -0.25884510243264575,
                    0.0,
                    -0.7377237851357058
                ]
            },
            {
                "coords": [
                    0.53,
                    0.73
                ],
                "id": 0,
                "xyz": [
                    0.14072833843393384,
                    -0.6621189519885412,
                    -0.7377237851357058
                ]
            },
            {
                "coords": [
                    0.5153880376834987,
                    0.6357068340713491
                ],
                "id": 0,
                "xyz": [
                    0.14072833843393384,
                    -0.6621189519885412,
                    -1.4509826046355672
                ]
            },
            {
                "coords": [
                    0.7028340271311397,
                    0.5
                ],
                "id": 0,
                "xyz": [
                    4.751956334089624,
                    0.0,
                    -1.4509826046355672
                ]
            },
            {
                "coords": [
                    0.8611351225605063,
                    0.5
                ],
                "id": 0,
                "xyz": [
                    4.751956334089624,
                    0.0,
                    3.988586656869153
                ]
            },
            {
                "coords": [
                    0.9936670882277909,
                    0.5
                ],
                "id": 0,
                "xyz": [
                    0.15879310128648333,
                    0.0,
                    3.988586656869153
                ]
            },
            {
                "coords": [
                    0.9604298301258463,
                    0.5
                ],
                "id": 0,
                "xyz": [
                    0.15879310128648333,
                    0.0,
                    0.62546615808
                ]
            },
            {
                "coords": [
                    0.22559819707594864,
                    0.5
                ],
                "id": 0,
                "xyz": [
                    -4.047438011297516,
                    0.0,
                    0.62546615808
                ]
            },
            {
                "coords": [
                    0.41160392068513024,
                    0.5
                ],
                "id": 0,
                "xyz": [
                    -4.047438011297516,
                    0.0,
                    -6.522106471605416
                ]
            }
        ]
    },
    "layoutWalls": {
        "num": 10,
        "walls": [
            {
                "id": 0,
                "normal": [
                    1.0,
                    0.0,
                    -0.0
                ],
                "planeEquation": [
                    1.0,
                    0.0,
                    -0.0,
                    0.25884510243264575
                ],
                "pointsIdx": [
                    0,
                    1
                ],
                "width": 5.78438268646971
            },
            {
                "id": 0,
                "normal": [
                    0.0,
                    0.0,
                    -1.0
                ],
                "planeEquation": [
                    0.0,
                    0.0,
                    -1.0,
                    -0.7377237851357058
                ],
                "pointsIdx": [
                    1,
                    2
                ],
                "width": 0.3995734408665796
            },
            {
                "id": 0,
                "normal": [
                    -1.0,
                    -0.0,
                    -0.0
                ],
                "planeEquation": [
                    -1.0,
                    -0.0,
                    -0.0,
                    0.14072833843393384
                ],
                "pointsIdx": [
                    2,
                    3
                ],
                "width": 0.7132588194998614
            },
            {
                "id": 0,
                "normal": [
                    0.0,
                    0.0,
                    -1.0
                ],
                "planeEquation": [
                    0.0,
                    0.0,
                    -1.0,
                    -1.4509826046355672
                ],
                "pointsIdx": [
                    3,
                    4
                ],
                "width": 4.611227995655691
            },
            {
                "id": 0,
                "normal": [
                    1.0,
                    0.0,
                    -0.0
                ],
                "planeEquation": [
                    1.0,
                    0.0,
                    -0.0,
                    -4.751956334089624
                ],
                "pointsIdx": [
                    4,
                    5
                ],
                "width": 5.439569261504721
            },
            {
                "id": 0,
                "normal": [
                    0.0,
                    0.0,
                    1.0
                ],
                "planeEquation": [
                    0.0,
                    0.0,
                    1.0,
                    -3.988586656869153
                ],
                "pointsIdx": [
                    5,
                    6
                ],
                "width": 4.593163232803141
            },
            {
                "id": 0,
                "normal": [
                    -1.0,
                    -0.0,
                    -0.0
                ],
                "planeEquation": [
                    -1.0,
                    -0.0,
                    -0.0,
                    0.15879310128648333
                ],
                "pointsIdx": [
                    6,
                    7
                ],
                "width": 3.363120498789153
            },
            {
                "id": 0,
                "normal": [
                    0.0,
                    0.0,
                    1.0
                ],
                "planeEquation": [
                    0.0,
                    0.0,
                    1.0,
                    -0.62546615808
                ],
                "pointsIdx": [
                    7,
                    8
                ],
                "width": 4.206231112584
            },
            {
                "id": 0,
                "normal": [
                    -1.0,
                    -0.0,
                    -0.0
                ],
                "planeEquation": [
                    -1.0,
                    -0.0,
                    -0.0,
                    -4.047438011297516
                ],
                "pointsIdx": [
                    8,
                    9
                ],
                "width": 7.147572629685416
            },
            {
                "id": 0,
                "normal": [
                    0.0,
                    0.0,
                    -1.0
                ],
                "planeEquation": [
                    0.0,
                    0.0,
                    -1.0,
                    -6.522106471605416
                ],
                "pointsIdx": [
                    9,
                    0
                ],
                "width": 3.7885929088648704
            }
        ]
    },
    "panoId": "nothing"
}