{
    "cameraHeight": 1.6,
    "layoutHeight": 2.4854181766510006,
    "layoutObj2ds": {
        "num": 0,
        "obj2ds": []
    },
    "layoutPoints": {
        "num": 18,
        "points": [
            {
                "coords": [
                    0.5163474729741562,
                    0.5
                ],
                "id": 0,
                "xyz": [
                    1.0577139777309306,
                    0.0,
                    -10.261401420197675
                ]
            },
            {
                "coords": [
                    0.6224993270617467,
                    0.5
                ],
                "id": 0,
                "xyz": [
                    1.0577139777309306,
                    0.0,
                    -1.0914853888
                ]
            },
            {
                "coords": [
                    0.7408101476259389,
                    0.5
                ],
                "id": 0,
                "xyz": [
                    18.881934591542837,
                    0.0,
                    -1.0914853888
                ]
            },
            {
                "coords": [
                    0.7603719172918326,
                    0.49918708395771755
                ],
                "id": 0,
                "xyz": [
                    18.881934591542837,
                    0.04832433299076548,
                    1.232255661303026
                ]
            },
            {
                "coords": [
                    0.7948611111111111,
                    0.4965279843412528
                ],
                "id": 0,
                "xyz": [
                    4.255308960783103,
                    0.04832433299076548,
                    1.232255661303026
                ]
            },
            {
                "coords": [
                    0.8354425629445844,
                    0.5
                ],
                "id": 0,
                "xyz": [
                    4.255308960783103,
                    0.0,
                    2.53258034358569
                ]
            },
            {
                "coords": [
                    0.8524305555555556,
                    0.5272605861379602
                ],
                "id": 0,
                "xyz": [
                    3.3761473836780476,
                    -0.3623339921574469,
                    2.53258034358569
                ]
            },
            {
                "coords": [
                    0.9174918637375106,
                    0.5169112332048011
                ],
                "id": 0,
                "xyz": [
                    3.3761473836780476,
                    -0.3623339921574469,
                    5.918313434627469
                ]
            },
            {
                "coords": [
                    0.969277860692371,
                    0.49474318788045424
                ],
                "id": 0,
                "xyz": [
                    1.156833519048021,
                    0.09959827214774242,
                    5.918313434627469
                ]
            },
            {
                "coords": [
                    0.9318055555555556,
                    0.48861839389019596
                ],
                "id": 0,
                "xyz": [
                    1.156833519048021,
                    0.09959827214774242,
                    2.53258034358569
                ]
            },
            {
                "coords": [
                    0.9821736834347141,
                    0.5
                ],
                "id": 0,
                "xyz": [
                    0.2848565276651502,
                    0.0,
                    2.53258034358569
                ]
            },
            {
                "coords": [
                    0.9621514702157451,
                    0.5
                ],
                "id": 0,
                "xyz": [
                    0.2848565276651502,
                    0.0,
                    1.175169705553101
                ]
            },
            {
                "coords": [
                    0.22228321877523627,
                    0.5
                ],
                "id": 0,
                "xyz": [
                    -6.6796875,
                    0.0,
                    1.175169705553101
                ]
            },
            {
                "coords": [
                    0.34570059732010305,
                    0.5
                ],
                "id": 0,
                "xyz": [
                    -6.6796875,
                    0.0,
                    -4.5826243929462205
                ]
            },
            {
                "coords": [
                    0.41263568513052723,
                    0.5095008498761162
                ],
                "id": 0,
                "xyz": [
                    -2.8028646797596766,
                    -0.16038477075649754,
                    -4.582624392946222
                ]
            },
            {
                "coords": [
                    0.38131944444444443,
                    0.5123518010724808
                ],
                "id": 0,
                "xyz": [
                    -2.8028646797596766,
                    -0.16038477075649754,
                    -3.034777389153607
                ]
            },
            {
                "coords": [
                    0.4404605632145462,
                    0.5
                ],
                "id": 0,
                "xyz": [
                    -1.19140625,
                    0.0,
                    -3.0347773891536067
                ]
            },
            {
                "coords": [
                    0.481603587849719,
                    0.5
                ],
                "id": 0,
                "xyz": [
                    -1.19140625,
                    0.0,
                    -10.261401420197675
                ]
            }
        ]
    },
    "layoutWalls": {
        "num": 18,
        "walls": [
            {
                "id": 0,
                "normal": [
                    1.0,
                    0.0,
                    -0.0
                ],
                "planeEquation": [
                    1.0,
                    0.0,
                    -0.0,
                    -1.0577139777309306
                ],
                "pointsIdx": [
                    0,
                    1
                ],
                "width": 9.169916031397674
            },
            {
                "id": 0,
                "normal": [
                    0.0,
                    0.0,
                    -1.0
                ],
                "planeEquation": [
                    0.0,
                    0.0,
                    -1.0,
                    -1.0914853888
                ],
                "pointsIdx": [
                    1,
                    2
                ],
                "width": 17.824220613811907
            },
            {
                "id": 0,
                "normal": [
                    1.0,
                    0.0,
                    -0.0
                ],
                "planeEquation": [
                    1.0,
                    0.0,
                    -0.0,
                    -18.881934591542837
                ],
                "pointsIdx": [
                    2,
                    3
                ],
                "width": 2.323741050103026
            },
            {
                "id": 0,
                "normal": [
                    0.0,
                    0.0,
                    1.0
                ],
                "planeEquation": [
                    0.0,
                    0.0,
                    1.0,
                    -1.232255661303026
                ],
                "pointsIdx": [
                    3,
                    4
                ],
                "width": 14.626625630759733
            },
            {
                "id": 0,
                "normal": [
                    1.0,
                    0.0,
                    -0.0
                ],
                "planeEquation": [
                    1.0,
                    0.0,
                    -0.0,
                    -4.255308960783103
                ],
                "pointsIdx": [
                    4,
                    5
                ],
                "width": 1.300324682282664
            },
            {
                "id": 0,
                "normal": [
                    0.0,
                    0.0,
                    1.0
                ],
                "planeEquation": [
                    0.0,
                    0.0,
                    1.0,
                    -2.53258034358569
                ],
                "pointsIdx": [
                    5,
                    6
                ],
                "width": 0.8791615771050556
            },
            {
                "id": 0,
                "normal": [
                    1.0,
                    0.0,
                    -0.0
                ],
                "planeEquation": [
                    1.0,
                    0.0,
                    -0.0,
                    -3.3761473836780476
                ],
                "pointsIdx": [
                    6,
                    7
                ],
                "width": 3.3857330910417787
            },
            {
                "id": 0,
                "normal": [
                    0.0,
                    0.0,
                    1.0
                ],
                "planeEquation": [
                    0.0,
                    0.0,
                    1.0,
                    -5.918313434627469
                ],
                "pointsIdx": [
                    7,
                    8
                ],
                "width": 2.219313864630027
            },
            {
                "id": 0,
                "normal": [
                    -1.0,
                    -0.0,
                    -0.0
                ],
                "planeEquation": [
                    -1.0,
                    -0.0,
                    -0.0,
                    1.156833519048021
                ],
                "pointsIdx": [
                    8,
                    9
                ],
                "width": 3.3857330910417787
            },
            {
                "id": 0,
                "normal": [
                    0.0,
                    0.0,
                    1.0
                ],
                "planeEquation": [
                    0.0,
                    0.0,
                    1.0,
                    -2.53258034358569
                ],
                "pointsIdx": [
                    9,
                    10
                ],
                "width": 0.8719769913828708
            },
            {
                "id": 0,
                "normal": [
                    -1.0,
                    -0.0,
                    -0.0
                ],
                "planeEquation": [
                    -1.0,
                    -0.0,
                    -0.0,
                    0.2848565276651502
                ],
                "pointsIdx": [
                    10,
                    11
                ],
                "width": 1.357410638032589
            },
            {
                "id": 0,
                "normal": [
                    0.0,
                    0.0,
                    1.0
                ],
                "planeEquation": [
                    0.0,
                    0.0,
                    1.0,
                    -1.175169705553101
                ],
                "pointsIdx": [
                    11,
                    12
                ],
                "width": 6.96454402766515
            },
            {
                "id": 0,
                "normal": [
                    -1.0,
                    -0.0,
                    -0.0
                ],
                "planeEquation": [
                    -1.0,
                    -0.0,
                    -0.0,
                    -6.6796875
                ],
                "pointsIdx": [
                    12,
                    13
                ],
                "width": 5.757794098499321
            },
            {
                "id": 0,
                "normal": [
                    -4.581991289687401e-16,
                    -0.0,
                    -1.0
                ],
                "planeEquation": [
                    -4.581991289687401e-16,
                    -0.0,
                    -1.0,
                    -4.582624392946223
                ],
                "pointsIdx": [
                    13,
                    14
                ],
                "width": 3.8768228202403234
            },
            {
                "id": 0,
                "normal": [
                    1.0,
                    0.0,
                    -0.0
                ],
                "planeEquation": [
                    1.0,
                    0.0,
                    -0.0,
                    2.8028646797596766
                ],
                "pointsIdx": [
                    14,
                    15
                ],
                "width": 1.547847003792615
            },
            {
                "id": 0,
                "normal": [
                    2.7558216932489623e-16,
                    0.0,
                    -1.0
                ],
                "planeEquation": [
                    2.7558216932489623e-16,
                    0.0,
                    -1.0,
                    -3.0347773891536063
                ],
                "pointsIdx": [
                    15,
                    16
                ],
                "width": 1.6114584297596766
            },
            {
                "id": 0,
                "normal": [
                    -1.0,
                    -0.0,
                    -0.0
                ],
                "planeEquation": [
                    -1.0,
                    -0.0,
                    -0.0,
                    -1.19140625
                ],
                "pointsIdx": [
                    16,
                    17
                ],
                "width": 7.226624031044068
            },
            {
                "id": 0,
                "normal": [
                    0.0,
                    0.0,
                    -1.0
                ],
                "planeEquation": [
                    0.0,
                    0.0,
                    -1.0,
                    -10.261401420197675
                ],
                "pointsIdx": [
                    17,
                    0
                ],
                "width": 2.2491202277309306
            }
        ]
    },
    "panoId": "nothing"
}