{
    "cameraHeight": 1.6,
    "layoutHeight": 2.635399198532104,
    "layoutObj2ds": {
        "num": 0,
        "obj2ds": []
    },
    "layoutPoints": {
        "num": 16,
        "points": [
            {
                "coords": [
                    0.5285476448546234,
                    0.5
                ],
                "id": 0,
                "xyz": [
                    0.7773510919544181,
                    0.0,
                    -4.287204122561845
                ]
            },
            {
                "coords": [
                    0.55755376298571,
                    0.5138285875005929
                ],
                "id": 0,
                "xyz": [
                    0.7773510919544181,
                    -0.09551502483517778,
                    -2.0551001846156387
                ]
            },
            {
                "coords": [
                    0.5272222222222223,
                    0.5145680521406394
                ],
                "id": 0,
                "xyz": [
                    0.35497744,
                    -0.09551502483517778,
                    -2.0551001846156387
                ]
            },
            {
                "coords": [
                    0.6322120243647293,
                    0.5
                ],
                "id": 0,
                "xyz": [
                    0.35497744,
                    0.0,
                    -0.32418065791999995
                ]
            },
            {
                "coords": [
                    0.7329545858649877,
                    0.5
                ],
                "id": 0,
                "xyz": [
                    3.0153290990498616,
                    0.0,
                    -0.32418065791999995
                ]
            },
            {
                "coords": [
                    0.8874686321950347,
                    0.5
                ],
                "id": 0,
                "xyz": [
                    3.0153290990498616,
                    0.0,
                    3.52908809595714
                ]
            },
            {
                "coords": [
                    0.9070833333333332,
                    0.4930572076211325
                ],
                "id": 0,
                "xyz": [
                    2.3314261021225677,
                    0.09226951244835715,
                    3.52908809595714
                ]
            },
            {
                "coords": [
                    0.9220833333333334,
                    0.4955559887258848
                ],
                "id": 0,
                "xyz": [
                    2.3314261021225677,
                    0.06922350307793308,
                    4.375558859483301
                ]
            },
            {
                "coords": [
                    0.8660469333745762,
                    0.4966451009776876
                ],
                "id": 0,
                "xyz": [
                    4.897769565018044,
                    0.06922350307793308,
                    4.375558859483301
                ]
            },
            {
                "coords": [
                    0.92176228070408,
                    0.4971695200192736
                ],
                "id": 0,
                "xyz": [
                    4.897769565018044,
                    0.09226951244835715,
                    9.147493005264373
                ]
            },
            {
                "coords": [
                    0.993468094390789,
                    0.5
                ],
                "id": 0,
                "xyz": [
                    0.37563477348712443,
                    0.0,
                    9.147493005264373
                ]
            },
            {
                "coords": [
                    0.9690749537623002,
                    0.5
                ],
                "id": 0,
                "xyz": [
                    0.37563477348712443,
                    0.0,
                    1.9088035071493983
                ]
            },
            {
                "coords": [
                    0.018150973007334203,
                    0.5
                ],
                "id": 0,
                "xyz": [
                    -0.21864,
                    0.0,
                    1.9088035071493983
                ]
            },
            {
                "coords": [
                    0.05219885131533836,
                    0.5
                ],
                "id": 0,
                "xyz": [
                    -0.21864,
                    0.0,
                    0.6425600549322316
                ]
            },
            {
                "coords": [
                    0.23038023759469112,
                    0.5
                ],
                "id": 0,
                "xyz": [
                    -5.18599794560503,
                    0.0,
                    0.6425600549322316
                ]
            },
            {
                "coords": [
                    0.3599448415964679,
                    0.5
                ],
                "id": 0,
                "xyz": [
                    -5.18599794560503,
                    0.0,
                    -4.287204122561845
                ]
            }
        ]
    },
    "layoutWalls": {
        "num": 16,
        "walls": [
            {
                "id": 0,
                "normal": [
                    1.0,
                    0.0,
                    -0.0
                ],
                "planeEquation": [
                    1.0,
                    0.0,
                    -0.0,
                    -0.7773510919544181
                ],
                "pointsIdx": [
                    0,
                    1
                ],
                "width": 2.2321039379462064
            },
            {
                "id": 0,
                "normal": [
                    0.0,
                    0.0,
                    1.0
                ],
                "planeEquation": [
                    0.0,
                    0.0,
                    1.0,
                    2.0551001846156387
                ],
                "pointsIdx": [
                    1,
                    2
                ],
                "width": 0.4223736519544181
            },
            {
                "id": 0,
                "normal": [
                    1.0,
                    0.0,
                    -0.0
                ],
                "planeEquation": [
                    1.0,
                    0.0,
                    -0.0,
                    -0.35497744
                ],
                "pointsIdx": [
                    2,
                    3
                ],
                "width": 1.7309195266956388
            },
            {
                "id": 0,
                "normal": [
                    0.0,
                    0.0,
                    -1.0
                ],
                "planeEquation": [
                    0.0,
                    0.0,
                    -1.0,
                    -0.32418065791999995
                ],
                "pointsIdx": [
                    3,
                    4
                ],
                "width": 2.6603516590498617
            },
            {
                "id": 0,
                "normal": [
                    1.0,
                    0.0,
                    -0.0
                ],
                "planeEquation": [
                    1.0,
                    0.0,
                    -0.0,
                    -3.0153290990498616
                ],
                "pointsIdx": [
                    4,
                    5
                ],
                "width": 3.8532687538771397
            },
            {
                "id": 0,
                "normal": [
                    0.0,
                    0.0,
                    1.0
                ],
                "planeEquation": [
                    0.0,
                    0.0,
                    1.0,
                    -3.52908809595714
                ],
                "pointsIdx": [
                    5,
                    6
                ],
                "width": 0.6839029969272938
            },
            {
                "id": 0,
                "normal": [
                    1.0,
                    0.0,
                    -0.0
                ],
                "planeEquation": [
                    1.0,
                    0.0,
                    -0.0,
                    -2.3314261021225677
                ],
                "pointsIdx": [
                    6,
                    7
                ],
                "width": 0.8464707635261615
            },
            {
                "id": 0,
                "normal": [
                    0.0,
                    0.0,
                    -1.0
                ],
                "planeEquation": [
                    0.0,
                    0.0,
                    -1.0,
                    4.375558859483301
                ],
                "pointsIdx": [
                    7,
                    8
                ],
                "width": 2.5663434628954764
            },
            {
                "id": 0,
                "normal": [
                    1.0,
                    0.0,
                    -0.0
                ],
                "planeEquation": [
                    1.0,
                    0.0,
                    -0.0,
                    -4.897769565018044
                ],
                "pointsIdx": [
                    8,
                    9
                ],
                "width": 4.771934145781072
            },
            {
                "id": 0,
                "normal": [
                    0.0,
                    0.0,
                    1.0
                ],
                "planeEquation": [
                    0.0,
                    0.0,
                    1.0,
                    -9.147493005264373
                ],
                "pointsIdx": [
                    9,
                    10
                ],
                "width": 4.522134791530919
            },
            {
                "id": 0,
                "normal": [
                    -1.0,
                    -0.0,
                    -0.0
                ],
                "planeEquation": [
                    -1.0,
                    -0.0,
                    -0.0,
                    0.37563477348712443
                ],
                "pointsIdx": [
                    10,
                    11
                ],
                "width": 7.238689498114974
            },
            {
                "id": 0,
                "normal": [
                    0.0,
                    0.0,
                    1.0
                ],
                "planeEquation": [
                    0.0,
                    0.0,
                    1.0,
                    -1.9088035071493983
                ],
                "pointsIdx": [
                    11,
                    12
                ],
                "width": 0.5942747734871244
            },
            {
                "id": 0,
                "normal": [
                    -1.0,
                    -0.0,
                    -0.0
                ],
                "planeEquation": [
                    -1.0,
                    -0.0,
                    -0.0,
                    -0.21864
                ],
                "pointsIdx": [
                    12,
                    13
                ],
                "width": 1.2662434522171666
            },
            {
                "id": 0,
                "normal": [
                    0.0,
                    0.0,
                    1.0
                ],
                "planeEquation": [
                    0.0,
                    0.0,
                    1.0,
                    -0.6425600549322316
                ],
                "pointsIdx": [
                    13,
                    14
                ],
                "width": 4.9673579456050305
            },
            {
                "id": 0,
                "normal": [
                    -1.0,
                    -0.0,
                    -0.0
                ],
                "planeEquation": [
                    -1.0,
                    -0.0,
                    -0.0,
                    -5.18599794560503
                ],
                "pointsIdx": [
                    14,
                    15
                ],
                "width": 4.929764177494077
            },
            {
                "id": 0,
                "normal": [
                    0.0,
                    0.0,
                    -1.0
                ],
                "planeEquation": [
                    0.0,
                    0.0,
                    -1.0,
                    -4.287204122561845
                ],
                "pointsIdx": [
                    15,
                    0
                ],
                "width": 5.963349037559448
            }
        ]
    },
    "panoId": "nothing"
}