{
    "cameraHeight": 1.6,
    "layoutHeight": 2.9942556381225587,
    "layoutObj2ds": {
        "num": 0,
        "obj2ds": []
    },
    "layoutPoints": {
        "num": 16,
        "points": [
            {
                "coords": [
                    0.7316321023784242,
                    0.5
                ],
                "id": 0,
                "xyz": [
                    18.16489594116148,
                    0.0,
                    -2.105748022510475
                ]
            },
            {
                "coords": [
                    0.7453103579439226,
                    0.5
                ],
                "id": 0,
                "xyz": [
                    18.16489594116148,
                    0.0,
                    -0.535399787373
                ]
            },
            {
                "coords": [
                    0.7436111111111111,
                    0.5
                ],
                "id": 0,
                "xyz": [
                    13.330290847450723,
                    0.0,
                    -0.535399787373
                ]
            },
            {
                "coords": [
                    0.8079780972504329,
                    0.5
                ],
                "id": 0,
                "xyz": [
                    13.330290847450723,
                    0.0,
                    5.0829107917422105
                ]
            },
            {
                "coords": [
                    0.8542799445742767,
                    0.5
                ],
                "id": 0,
                "xyz": [
                    6.614425255141312,
                    0.0,
                    5.0829107917422105
                ]
            },
            {
                "coords": [
                    0.7886111111111112,
                    0.5
                ],
                "id": 0,
                "xyz": [
                    6.614425255141312,
                    0.0,
                    1.6369047619047619
                ]
            },
            {
                "coords": [
                    0.7950656067477568,
                    0.5
                ],
                "id": 0,
                "xyz": [
                    5.625606387328301,
                    0.0,
                    1.6369047619047619
                ]
            },
            {
                "coords": [
                    0.8671843809827284,
                    0.5
                ],
                "id": 0,
                "xyz": [
                    5.625606387328301,
                    0.0,
                    5.098551615567887
                ]
            },
            {
                "coords": [
                    0.9017605639284099,
                    0.5
                ],
                "id": 0,
                "xyz": [
                    3.6188267467365005,
                    0.0,
                    5.098551615567887
                ]
            },
            {
                "coords": [
                    0.8456944444444445,
                    0.5
                ],
                "id": 0,
                "xyz": [
                    3.6188267467365005,
                    0.0,
                    2.4825037714285716
                ]
            },
            {
                "coords": [
                    0.05830453545769898,
                    0.5
                ],
                "id": 0,
                "xyz": [
                    -0.9524285714285715,
                    0.0,
                    2.4825037714285716
                ]
            },
            {
                "coords": [
                    0.4333270585291858,
                    0.5
                ],
                "id": 0,
                "xyz": [
                    -0.9524285714285715,
                    0.0,
                    -2.138962636948929
                ]
            },
            {
                "coords": [
                    0.5225739054489117,
                    0.5145009069380677
                ],
                "id": 0,
                "xyz": [
                    0.3054329012160091,
                    -0.09849903957169895,
                    -2.138962636948929
                ]
            },
            {
                "coords": [
                    0.53125,
                    0.52
                ],
                "id": 0,
                "xyz": [
                    0.3054329012160091,
                    -0.09849903957169895,
                    -1.5355148864778159
                ]
            },
            {
                "coords": [
                    0.6876265089476983,
                    0.5067160647924221
                ],
                "id": 0,
                "xyz": [
                    3.7154113189417175,
                    -0.08483555892262967,
                    -1.5355148864778159
                ]
            },
            {
                "coords": [
                    0.6679365348489494,
                    0.5063223262364767
                ],
                "id": 0,
                "xyz": [
                    3.7154113189417175,
                    -0.08483555892262967,
                    -2.105748022510475
                ]
            }
        ]
    },
    "layoutWalls": {
        "num": 16,
        "walls": [
            {
                "id": 0,
                "normal": [
                    1.0,
                    0.0,
                    -0.0
                ],
                "planeEquation": [
                    1.0,
                    0.0,
                    -0.0,
                    -18.16489594116148
                ],
                "pointsIdx": [
                    0,
                    1
                ],
                "width": 1.570348235137475
            },
            {
                "id": 0,
                "normal": [
                    0.0,
                    0.0,
                    1.0
                ],
                "planeEquation": [
                    0.0,
                    0.0,
                    1.0,
                    0.535399787373
                ],
                "pointsIdx": [
                    1,
                    2
                ],
                "width": 4.834605093710756
            },
            {
                "id": 0,
                "normal": [
                    1.0,
                    0.0,
                    -0.0
                ],
                "planeEquation": [
                    1.0,
                    0.0,
                    -0.0,
                    -13.330290847450723
                ],
                "pointsIdx": [
                    2,
                    3
                ],
                "width": 5.61831057911521
            },
            {
                "id": 0,
                "normal": [
                    0.0,
                    0.0,
                    1.0
                ],
                "planeEquation": [
                    0.0,
                    0.0,
                    1.0,
                    -5.0829107917422105
                ],
                "pointsIdx": [
                    3,
                    4
                ],
                "width": 6.71586559230941
            },
            {
                "id": 0,
                "normal": [
                    -1.0,
                    -0.0,
                    -0.0
                ],
                "planeEquation": [
                    -1.0,
                    -0.0,
                    -0.0,
                    6.614425255141312
                ],
                "pointsIdx": [
                    4,
                    5
                ],
                "width": 3.4460060298374486
            },
            {
                "id": 0,
                "normal": [
                    0.0,
                    0.0,
                    1.0
                ],
                "planeEquation": [
                    0.0,
                    0.0,
                    1.0,
                    -1.6369047619047619
                ],
                "pointsIdx": [
                    5,
                    6
                ],
                "width": 0.988818867813011
            },
            {
                "id": 0,
                "normal": [
                    1.0,
                    0.0,
                    -0.0
                ],
                "planeEquation": [
                    1.0,
                    0.0,
                    -0.0,
                    -5.625606387328301
                ],
                "pointsIdx": [
                    6,
                    7
                ],
                "width": 3.461646853663125
            },
            {
                "id": 0,
                "normal": [
                    0.0,
                    0.0,
                    1.0
                ],
                "planeEquation": [
                    0.0,
                    0.0,
                    1.0,
                    -5.098551615567887
                ],
                "pointsIdx": [
                    7,
                    8
                ],
                "width": 2.006779640591801
            },
            {
                "id": 0,
                "normal": [
                    -1.0,
                    -0.0,
                    -0.0
                ],
                "planeEquation": [
                    -1.0,
                    -0.0,
                    -0.0,
                    3.6188267467365005
                ],
                "pointsIdx": [
                    8,
                    9
                ],
                "width": 2.6160478441393153
            },
            {
                "id": 0,
                "normal": [
                    0.0,
                    0.0,
                    1.0
                ],
                "planeEquation": [
                    0.0,
                    0.0,
                    1.0,
                    -2.4825037714285716
                ],
                "pointsIdx": [
                    9,
                    10
                ],
                "width": 4.571255318165072
            },
            {
                "id": 0,
                "normal": [
                    -1.0,
                    -0.0,
                    -0.0
                ],
                "planeEquation": [
                    -1.0,
                    -0.0,
                    -0.0,
                    -0.9524285714285715
                ],
                "pointsIdx": [
                    10,
                    11
                ],
                "width": 4.621466408377501
            },
            {
                "id": 0,
                "normal": [
                    0.0,
                    0.0,
                    -1.0
                ],
                "planeEquation": [
                    0.0,
                    0.0,
                    -1.0,
                    -2.138962636948929
                ],
                "pointsIdx": [
                    11,
                    12
                ],
                "width": 1.2578614726445805
            },
            {
                "id": 0,
                "normal": [
                    1.0,
                    0.0,
                    -0.0
                ],
                "planeEquation": [
                    1.0,
                    0.0,
                    -0.0,
                    -0.3054329012160091
                ],
                "pointsIdx": [
                    12,
                    13
                ],
                "width": 0.6034477504711131
            },
            {
                "id": 0,
                "normal": [
                    0.0,
                    0.0,
                    -1.0
                ],
                "planeEquation": [
                    0.0,
                    0.0,
                    -1.0,
                    -1.5355148864778159
                ],
                "pointsIdx": [
                    13,
                    14
                ],
                "width": 3.4099784177257084
            },
            {
                "id": 0,
                "normal": [
                    -1.0,
                    -0.0,
                    -0.0
                ],
                "planeEquation": [
                    -1.0,
                    -0.0,
                    -0.0,
                    3.7154113189417175
                ],
                "pointsIdx": [
                    14,
                    15
                ],
                "width": 0.5702331360326591
            },
            {
                "id": 0,
                "normal": [
                    0.0,
                    0.0,
                    -1.0
                ],
                "planeEquation": [
                    0.0,
                    0.0,
                    -1.0,
                    -2.105748022510475
                ],
                "pointsIdx": [
                    15,
                    0
                ],
                "width": 14.449484622219762
            }
        ]
    },
    "panoId": "nothing"
}