{
    "cameraHeight": 1.6,
    "layoutHeight": 3.013437385559082,
    "layoutObj2ds": {
        "num": 0,
        "obj2ds": []
    },
    "layoutPoints": {
        "num": 4,
        "points": [
            {
                "coords": [
                    0.7129202024630907,
                    0.5
                ],
                "id": 0,
                "xyz": [
                    2.3046875,
                    0.0,
                    -0.546875
                ]
            },
            {
                "coords": [
                    0.7879367532023158,
                    0.5
                ],
                "id": 0,
                "xyz": [
                    2.3046875,
                    0.0,
                    0.56
                ]
            },
            {
                "coords": [
                    0.21879102991268606,
                    0.5
                ],
                "id": 0,
                "xyz": [
                    -2.81910816206848,
                    0.0,
                    0.56
                ]
            },
            {
                "coords": [
                    0.28049548687361064,
                    0.5
                ],
                "id": 0,
                "xyz": [
                    -2.81910816206848,
                    0.0,
                    -0.546875
                ]
            }
        ]
    },
    "layoutWalls": {
        "num": 4,
        "walls": [
            {
                "id": 0,
                "normal": [
                    1.0,
                    0.0,
                    -0.0
                ],
                "planeEquation": [
                    1.0,
                    0.0,
                    -0.0,
                    -2.3046875
                ],
                "pointsIdx": [
                    0,
                    1
                ],
                "width": 1.106875
            },
            {
                "id": 0,
                "normal": [
                    0.0,
                    0.0,
                    1.0
                ],
                "planeEquation": [
                    0.0,
                    0.0,
                    1.0,
                    -0.56
                ],
                "pointsIdx": [
                    1,
                    2
                ],
                "width": 5.1237956620684795
            },
            {
                "id": 0,
                "normal": [
                    -1.0,
                    -0.0,
                    -0.0
                ],
                "planeEquation": [
                    -1.0,
                    -0.0,
                    -0.0,
                    -2.81910816206848
                ],
                "pointsIdx": [
                    2,
                    3
                ],
                "width": 1.106875
            },
            {
                "id": 0,
                "normal": [
                    0.0,
                    0.0,
                    -1.0
                ],
                "planeEquation": [
                    0.0,
                    0.0,
                    -1.0,
                    -0.546875
                ],
                "pointsIdx": [
                    3,
                    0
                ],
                "width": 5.1237956620684795
            }
        ]
    },
    "panoId": "nothing"
}