{
    "cameraHeight": 1.6,
    "layoutHeight": 3.0917916297912598,
    "layoutObj2ds": {
        "num": 0,
        "obj2ds": []
    },
    "layoutPoints": {
        "num": 12,
        "points": [
            {
                "coords": [
                    0.6984333714048463,
                    0.5
                ],
                "id": 0,
                "xyz": [
                    8.02564286464,
                    0.0,
                    -2.6953125
                ]
            },
            {
                "coords": [
                    0.825463106658417,
                    0.5
                ],
                "id": 0,
                "xyz": [
                    8.02564286464,
                    0.0,
                    4.118728732353448
                ]
            },
            {
                "coords": [
                    0.8775518480165763,
                    0.47499503073487803
                ],
                "id": 0,
                "xyz": [
                    3.9887248379966556,
                    0.45133199594115303,
                    4.118728732353448
                ]
            },
            {
                "coords": [
                    0.8332638888888889,
                    0.4688995191642928
                ],
                "id": 0,
                "xyz": [
                    3.9887248379966556,
                    0.45133199594115303,
                    2.300571397184345
                ]
            },
            {
                "coords": [
                    0.9130561712674399,
                    0.5745058801241785
                ],
                "id": 0,
                "xyz": [
                    1.3987571442092668,
                    -0.641975191808598,
                    2.300571397184345
                ]
            },
            {
                "coords": [
                    0.8181944444444444,
                    0.6258839051518116
                ],
                "id": 0,
                "xyz": [
                    1.3987571442092668,
                    -0.641975191808598,
                    0.638925100057509
                ]
            },
            {
                "coords": [
                    0.8756258281617576,
                    0.5
                ],
                "id": 0,
                "xyz": [
                    0.6339199999999999,
                    0.0,
                    0.638925100057509
                ]
            },
            {
                "coords": [
                    0.9726936403189397,
                    0.5
                ],
                "id": 0,
                "xyz": [
                    0.6339199999999999,
                    0.0,
                    3.6584732481751145
                ]
            },
            {
                "coords": [
                    0.01808431242018005,
                    0.5
                ],
                "id": 0,
                "xyz": [
                    -0.4175,
                    0.0,
                    3.6584732481751145
                ]
            },
            {
                "coords": [
                    0.03275821740132462,
                    0.5
                ],
                "id": 0,
                "xyz": [
                    -0.4175,
                    0.0,
                    1.9996875
                ]
            },
            {
                "coords": [
                    0.19178791834165626,
                    0.5
                ],
                "id": 0,
                "xyz": [
                    -5.22125,
                    0.0,
                    1.9996875
                ]
            },
            {
                "coords": [
                    0.3258435488048165,
                    0.5
                ],
                "id": 0,
                "xyz": [
                    -5.22125,
                    0.0,
                    -2.6953125
                ]
            }
        ]
    },
    "layoutWalls": {
        "num": 12,
        "walls": [
            {
                "id": 0,
                "normal": [
                    1.0,
                    0.0,
                    -0.0
                ],
                "planeEquation": [
                    1.0,
                    0.0,
                    -0.0,
                    -8.02564286464
                ],
                "pointsIdx": [
                    0,
                    1
                ],
                "width": 6.814041232353448
            },
            {
                "id": 0,
                "normal": [
                    0.0,
                    0.0,
                    1.0
                ],
                "planeEquation": [
                    0.0,
                    0.0,
                    1.0,
                    -4.118728732353448
                ],
                "pointsIdx": [
                    1,
                    2
                ],
                "width": 4.036918026643344
            },
            {
                "id": 0,
                "normal": [
                    -1.0,
                    -0.0,
                    -0.0
                ],
                "planeEquation": [
                    -1.0,
                    -0.0,
                    -0.0,
                    3.9887248379966556
                ],
                "pointsIdx": [
                    2,
                    3
                ],
                "width": 1.818157335169103
            },
            {
                "id": 0,
                "normal": [
                    0.0,
                    0.0,
                    1.0
                ],
                "planeEquation": [
                    0.0,
                    0.0,
                    1.0,
                    -2.300571397184345
                ],
                "pointsIdx": [
                    3,
                    4
                ],
                "width": 2.589967693787389
            },
            {
                "id": 0,
                "normal": [
                    -1.0,
                    -0.0,
                    -0.0
                ],
                "planeEquation": [
                    -1.0,
                    -0.0,
                    -0.0,
                    1.3987571442092668
                ],
                "pointsIdx": [
                    4,
                    5
                ],
                "width": 1.6616462971268362
            },
            {
                "id": 0,
                "normal": [
                    0.0,
                    0.0,
                    1.0
                ],
                "planeEquation": [
                    0.0,
                    0.0,
                    1.0,
                    -0.638925100057509
                ],
                "pointsIdx": [
                    5,
                    6
                ],
                "width": 0.7648371442092669
            },
            {
                "id": 0,
                "normal": [
                    1.0,
                    0.0,
                    -0.0
                ],
                "planeEquation": [
                    1.0,
                    0.0,
                    -0.0,
                    -0.6339199999999999
                ],
                "pointsIdx": [
                    6,
                    7
                ],
                "width": 3.0195481481176056
            },
            {
                "id": 0,
                "normal": [
                    0.0,
                    0.0,
                    1.0
                ],
                "planeEquation": [
                    0.0,
                    0.0,
                    1.0,
                    -3.6584732481751145
                ],
                "pointsIdx": [
                    7,
                    8
                ],
                "width": 1.0514199999999998
            },
            {
                "id": 0,
                "normal": [
                    -1.0,
                    -0.0,
                    -0.0
                ],
                "planeEquation": [
                    -1.0,
                    -0.0,
                    -0.0,
                    -0.4175
                ],
                "pointsIdx": [
                    8,
                    9
                ],
                "width": 1.6587857481751145
            },
            {
                "id": 0,
                "normal": [
                    0.0,
                    0.0,
                    1.0
                ],
                "planeEquation": [
                    0.0,
                    0.0,
                    1.0,
                    -1.9996875
                ],
                "pointsIdx": [
                    9,
                    10
                ],
                "width": 4.803750000000001
            },
            {
                "id": 0,
                "normal": [
                    -1.0,
                    -0.0,
                    -0.0
                ],
                "planeEquation": [
                    -1.0,
                    -0.0,
                    -0.0,
                    -5.22125
                ],
                "pointsIdx": [
                    10,
                    11
                ],
                "width": 4.695
            },
            {
                "id": 0,
                "normal": [
                    0.0,
                    0.0,
                    -1.0
                ],
                "planeEquation": [
                    0.0,
                    0.0,
                    -1.0,
                    -2.6953125
                ],
                "pointsIdx": [
                    11,
                    0
                ],
                "width": 13.24689286464
            }
        ]
    },
    "panoId": "nothing"
}