{
    "cameraHeight": 1.6,
    "layoutHeight": 2.719305601119995,
    "layoutObj2ds": {
        "num": 0,
        "obj2ds": []
    },
    "layoutPoints": {
        "num": 4,
        "points": [
            {
                "coords": [
                    0.5977209553098194,
                    0.5
                ],
                "id": 0,
                "xyz": [
                    1.5098425969450633,
                    0.0,
                    -2.1419614561997466
                ]
            },
            {
                "coords": [
                    0.8662564304319924,
                    0.5
                ],
                "id": 0,
                "xyz": [
                    1.5098425969450633,
                    0.0,
                    1.35243777344
                ]
            },
            {
                "coords": [
                    0.1115244068553865,
                    0.5
                ],
                "id": 0,
                "xyz": [
                    -1.140827926831998,
                    0.0,
                    1.35243777344
                ]
            },
            {
                "coords": [
                    0.4221106497343001,
                    0.5
                ],
                "id": 0,
                "xyz": [
                    -1.140827926831998,
                    0.0,
                    -2.1419614561997466
                ]
            }
        ]
    },
    "layoutWalls": {
        "num": 4,
        "walls": [
            {
                "id": 0,
                "normal": [
                    1.0,
                    0.0,
                    -0.0
                ],
                "planeEquation": [
                    1.0,
                    0.0,
                    -0.0,
                    -1.5098425969450633
                ],
                "pointsIdx": [
                    0,
                    1
                ],
                "width": 3.494399229639747
            },
            {
                "id": 0,
                "normal": [
                    0.0,
                    0.0,
                    1.0
                ],
                "planeEquation": [
                    0.0,
                    0.0,
                    1.0,
                    -1.35243777344
                ],
                "pointsIdx": [
                    1,
                    2
                ],
                "width": 2.6506705237770616
            },
            {
                "id": 0,
                "normal": [
                    -1.0,
                    -0.0,
                    -0.0
                ],
                "planeEquation": [
                    -1.0,
                    -0.0,
                    -0.0,
                    -1.140827926831998
                ],
                "pointsIdx": [
                    2,
                    3
                ],
                "width": 3.494399229639747
            },
            {
                "id": 0,
                "normal": [
                    0.0,
                    0.0,
                    -1.0
                ],
                "planeEquation": [
                    0.0,
                    0.0,
                    -1.0,
                    -2.1419614561997466
                ],
                "pointsIdx": [
                    3,
                    0
                ],
                "width": 2.6506705237770616
            }
        ]
    },
    "panoId": "nothing"
}