{
    "cameraHeight": 1.6,
    "layoutHeight": 2.791097526550293,
    "layoutObj2ds": {
        "num": 0,
        "obj2ds": []
    },
    "layoutPoints": {
        "num": 6,
        "points": [
            {
                "coords": [
                    0.6347479621213583,
                    0.5
                ],
                "id": 0,
                "xyz": [
                    3.33296816,
                    0.0,
                    -2.947800313967411
                ]
            },
            {
                "coords": [
                    0.7830902310809839,
                    0.5
                ],
                "id": 0,
                "xyz": [
                    3.33296816,
                    0.0,
                    0.703125
                ]
            },
            {
                "coords": [
                    0.10885348327104977,
                    0.5
                ],
                "id": 0,
                "xyz": [
                    -0.5731943427989669,
                    0.0,
                    0.703125
                ]
            },
            {
                "coords": [
                    0.05233954773576449,
                    0.5
                ],
                "id": 0,
                "xyz": [
                    -0.5731943427989669,
                    0.0,
                    1.6796875
                ]
            },
            {
                "coords": [
                    0.15699592092590942,
                    0.5
                ],
                "id": 0,
                "xyz": [
                    -2.53951521792,
                    0.0,
                    1.6796875
                ]
            },
            {
                "coords": [
                    0.38682018305318333,
                    0.5
                ],
                "id": 0,
                "xyz": [
                    -2.53951521792,
                    0.0,
                    -2.947800313967411
                ]
            }
        ]
    },
    "layoutWalls": {
        "num": 6,
        "walls": [
            {
                "id": 0,
                "normal": [
                    1.0,
                    0.0,
                    -0.0
                ],
                "planeEquation": [
                    1.0,
                    0.0,
                    -0.0,
                    -3.33296816
                ],
                "pointsIdx": [
                    0,
                    1
                ],
                "width": 3.650925313967411
            },
            {
                "id": 0,
                "normal": [
                    0.0,
                    0.0,
                    1.0
                ],
                "planeEquation": [
                    0.0,
                    0.0,
                    1.0,
                    -0.703125
                ],
                "pointsIdx": [
                    1,
                    2
                ],
                "width": 3.906162502798967
            },
            {
                "id": 0,
                "normal": [
                    1.0,
                    0.0,
                    -0.0
                ],
                "planeEquation": [
                    1.0,
                    0.0,
                    -0.0,
                    0.5731943427989669
                ],
                "pointsIdx": [
                    2,
                    3
                ],
                "width": 0.9765625
            },
            {
                "id": 0,
                "normal": [
                    0.0,
                    0.0,
                    1.0
                ],
                "planeEquation": [
                    0.0,
                    0.0,
                    1.0,
                    -1.6796875
                ],
                "pointsIdx": [
                    3,
                    4
                ],
                "width": 1.966320875121033
            },
            {
                "id": 0,
                "normal": [
                    -1.0,
                    -0.0,
                    -0.0
                ],
                "planeEquation": [
                    -1.0,
                    -0.0,
                    -0.0,
                    -2.53951521792
                ],
                "pointsIdx": [
                    4,
                    5
                ],
                "width": 4.627487813967411
            },
            {
                "id": 0,
                "normal": [
                    0.0,
                    0.0,
                    -1.0
                ],
                "planeEquation": [
                    0.0,
                    0.0,
                    -1.0,
                    -2.947800313967411
                ],
                "pointsIdx": [
                    5,
                    0
                ],
                "width": 5.87248337792
            }
        ]
    },
    "panoId": "nothing"
}