{
    "cameraHeight": 1.6,
    "layoutHeight": 2.4190920448303213,
    "layoutObj2ds": {
        "num": 0,
        "obj2ds": []
    },
    "layoutPoints": {
        "num": 4,
        "points": [
            {
                "coords": [
                    0.6284383562011352,
                    0.5
                ],
                "id": 0,
                "xyz": [
                    0.60919616,
                    0.0,
                    -0.5834269254284252
                ]
            },
            {
                "coords": [
                    0.9691238728399758,
                    0.5
                ],
                "id": 0,
                "xyz": [
                    0.60919616,
                    0.0,
                    3.100685483394078
                ]
            },
            {
                "coords": [
                    0.042637729149741344,
                    0.5
                ],
                "id": 0,
                "xyz": [
                    -0.8511363240975782,
                    0.0,
                    3.100685483394078
                ]
            },
            {
                "coords": [
                    0.345637221725219,
                    0.5
                ],
                "id": 0,
                "xyz": [
                    -0.8511363240975782,
                    0.0,
                    -0.5834269254284252
                ]
            }
        ]
    },
    "layoutWalls": {
        "num": 4,
        "walls": [
            {
                "id": 0,
                "normal": [
                    1.0,
                    0.0,
                    -0.0
                ],
                "planeEquation": [
                    1.0,
                    0.0,
                    -0.0,
                    -0.60919616
                ],
                "pointsIdx": [
                    0,
                    1
                ],
                "width": 3.6841124088225032
            },
            {
                "id": 0,
                "normal": [
                    0.0,
                    0.0,
                    1.0
                ],
                "planeEquation": [
                    0.0,
                    0.0,
                    1.0,
                    -3.100685483394078
                ],
                "pointsIdx": [
                    1,
                    2
                ],
                "width": 1.4603324840975782
            },
            {
                "id": 0,
                "normal": [
                    -1.0,
                    -0.0,
                    -0.0
                ],
                "planeEquation": [
                    -1.0,
                    -0.0,
                    -0.0,
                    -0.8511363240975782
                ],
                "pointsIdx": [
                    2,
                    3
                ],
                "width": 3.6841124088225032
            },
            {
                "id": 0,
                "normal": [
                    0.0,
                    0.0,
                    -1.0
                ],
                "planeEquation": [
                    0.0,
                    0.0,
                    -1.0,
                    -0.5834269254284252
                ],
                "pointsIdx": [
                    3,
                    0
                ],
                "width": 1.4603324840975782
            }
        ]
    },
    "panoId": "nothing"
}