{
    "cameraHeight": 1.6,
    "layoutHeight": 2.7524653339385985,
    "layoutObj2ds": {
        "num": 0,
        "obj2ds": []
    },
    "layoutPoints": {
        "num": 6,
        "points": [
            {
                "coords": [
                    0.5854618299313707,
                    0.5
                ],
                "id": 0,
                "xyz": [
                    2.3347828592230404,
                    0.0,
                    -3.92188398336
                ]
            },
            {
                "coords": [
                    0.8527063963077981,
                    0.5
                ],
                "id": 0,
                "xyz": [
                    2.3347828592230404,
                    0.0,
                    1.757743855547187
                ]
            },
            {
                "coords": [
                    0.10118729201712562,
                    0.5
                ],
                "id": 0,
                "xyz": [
                    -1.2972196818701518,
                    0.0,
                    1.757743855547187
                ]
            },
            {
                "coords": [
                    0.4104861111111113,
                    0.5262986688973503
                ],
                "id": 0,
                "xyz": [
                    -1.2972196818701518,
                    -0.20144651446916126,
                    -2.05795795151354
                ]
            },
            {
                "coords": [
                    0.36725448735666566,
                    0.5209042284790186
                ],
                "id": 0,
                "xyz": [
                    -2.268686970426344,
                    -0.20144651446916126,
                    -2.05795795151354
                ]
            },
            {
                "coords": [
                    0.4165332333113594,
                    0.5
                ],
                "id": 0,
                "xyz": [
                    -2.268686970426344,
                    0.0,
                    -3.92188398336
                ]
            }
        ]
    },
    "layoutWalls": {
        "num": 6,
        "walls": [
            {
                "id": 0,
                "normal": [
                    1.0,
                    0.0,
                    -0.0
                ],
                "planeEquation": [
                    1.0,
                    0.0,
                    -0.0,
                    -2.3347828592230404
                ],
                "pointsIdx": [
                    0,
                    1
                ],
                "width": 5.679627838907187
            },
            {
                "id": 0,
                "normal": [
                    0.0,
                    0.0,
                    1.0
                ],
                "planeEquation": [
                    0.0,
                    0.0,
                    1.0,
                    -1.757743855547187
                ],
                "pointsIdx": [
                    1,
                    2
                ],
                "width": 3.6320025410931924
            },
            {
                "id": 0,
                "normal": [
                    -1.0,
                    -0.0,
                    -0.0
                ],
                "planeEquation": [
                    -1.0,
                    -0.0,
                    -0.0,
                    -1.2972196818701518
                ],
                "pointsIdx": [
                    2,
                    3
                ],
                "width": 3.815701807060727
            },
            {
                "id": 0,
                "normal": [
                    0.0,
                    0.0,
                    1.0
                ],
                "planeEquation": [
                    0.0,
                    0.0,
                    1.0,
                    2.05795795151354
                ],
                "pointsIdx": [
                    3,
                    4
                ],
                "width": 0.9714672885561921
            },
            {
                "id": 0,
                "normal": [
                    -1.0,
                    -0.0,
                    -0.0
                ],
                "planeEquation": [
                    -1.0,
                    -0.0,
                    -0.0,
                    -2.268686970426344
                ],
                "pointsIdx": [
                    4,
                    5
                ],
                "width": 1.8639260318464599
            },
            {
                "id": 0,
                "normal": [
                    0.0,
                    0.0,
                    -1.0
                ],
                "planeEquation": [
                    0.0,
                    0.0,
                    -1.0,
                    -3.92188398336
                ],
                "pointsIdx": [
                    5,
                    0
                ],
                "width": 4.603469829649384
            }
        ]
    },
    "panoId": "nothing"
}