{
    "cameraHeight": 1.6,
    "layoutHeight": 2.71405568936976,
    "layoutObj2ds": {
        "num": 0,
        "obj2ds": []
    },
    "layoutPoints": {
        "num": 6,
        "points": [
            {
                "coords": [
                    0.6342246367602112,
                    0.5
                ],
                "id": 0,
                "xyz": [
                    1.1512195121951219,
                    0.0,
                    -1.024947234965854
                ]
            },
            {
                "coords": [
                    0.8736397344635298,
                    0.5
                ],
                "id": 0,
                "xyz": [
                    1.1512195121951219,
                    0.0,
                    1.1317073170731706
                ]
            },
            {
                "coords": [
                    0.15372248197437116,
                    0.5
                ],
                "id": 0,
                "xyz": [
                    -1.6368390243902438,
                    0.0,
                    1.1317073170731706
                ]
            },
            {
                "coords": [
                    0.26757718039673317,
                    0.5
                ],
                "id": 0,
                "xyz": [
                    -1.6368390243902438,
                    0.0,
                    -0.18151219512195121
                ]
            },
            {
                "coords": [
                    0.2932819667944767,
                    0.5
                ],
                "id": 0,
                "xyz": [
                    -0.6509146341463415,
                    0.0,
                    -0.18151219512195121
                ]
            },
            {
                "coords": [
                    0.40994871955587897,
                    0.5
                ],
                "id": 0,
                "xyz": [
                    -0.6509146341463415,
                    0.0,
                    -1.024947234965854
                ]
            }
        ]
    },
    "layoutWalls": {
        "num": 6,
        "walls": [
            {
                "id": 0,
                "normal": [
                    1.0,
                    0.0,
                    -0.0
                ],
                "planeEquation": [
                    1.0,
                    0.0,
                    -0.0,
                    -1.1512195121951219
                ],
                "pointsIdx": [
                    0,
                    1
                ],
                "width": 2.156654552039025
            },
            {
                "id": 0,
                "normal": [
                    0.0,
                    0.0,
                    1.0
                ],
                "planeEquation": [
                    0.0,
                    0.0,
                    1.0,
                    -1.1317073170731706
                ],
                "pointsIdx": [
                    1,
                    2
                ],
                "width": 2.788058536585366
            },
            {
                "id": 0,
                "normal": [
                    -1.0,
                    -0.0,
                    -0.0
                ],
                "planeEquation": [
                    -1.0,
                    -0.0,
                    -0.0,
                    -1.6368390243902438
                ],
                "pointsIdx": [
                    2,
                    3
                ],
                "width": 1.3132195121951218
            },
            {
                "id": 0,
                "normal": [
                    0.0,
                    0.0,
                    -1.0
                ],
                "planeEquation": [
                    0.0,
                    0.0,
                    -1.0,
                    -0.18151219512195121
                ],
                "pointsIdx": [
                    3,
                    4
                ],
                "width": 0.9859243902439022
            },
            {
                "id": 0,
                "normal": [
                    -1.0,
                    -0.0,
                    -0.0
                ],
                "planeEquation": [
                    -1.0,
                    -0.0,
                    -0.0,
                    -0.6509146341463415
                ],
                "pointsIdx": [
                    4,
                    5
                ],
                "width": 0.8434350398439028
            },
            {
                "id": 0,
                "normal": [
                    0.0,
                    0.0,
                    -1.0
                ],
                "planeEquation": [
                    0.0,
                    0.0,
                    -1.0,
                    -1.024947234965854
                ],
                "pointsIdx": [
                    5,
                    0
                ],
                "width": 1.8021341463414635
            }
        ]
    },
    "panoId": "nothing"
}