{
    "cameraHeight": 1.6,
    "layoutHeight": 3.9724475765228275,
    "layoutObj2ds": {
        "num": 0,
        "obj2ds": []
    },
    "layoutPoints": {
        "num": 6,
        "points": [
            {
                "coords": [
                    0.6097242419228696,
                    0.5
                ],
                "id": 0,
                "xyz": [
                    3.3752222517760475,
                    0.0,
                    -4.094366139431757
                ]
            },
            {
                "coords": [
                    0.6563658372488583,
                    0.5
                ],
                "id": 0,
                "xyz": [
                    3.3752222517760475,
                    0.0,
                    -2.251699785683854
                ]
            },
            {
                "coords": [
                    0.6772534389368206,
                    0.5
                ],
                "id": 0,
                "xyz": [
                    4.5783248166204205,
                    0.0,
                    -2.251699785683854
                ]
            },
            {
                "coords": [
                    0.7919895340957546,
                    0.5
                ],
                "id": 0,
                "xyz": [
                    4.5783248166204205,
                    0.0,
                    1.2367184497016497
                ]
            },
            {
                "coords": [
                    0.2069181413461571,
                    0.5
                ],
                "id": 0,
                "xyz": [
                    -4.45660243091295,
                    0.0,
                    1.2367184497016497
                ]
            },
            {
                "coords": [
                    0.3682619039746169,
                    0.5
                ],
                "id": 0,
                "xyz": [
                    -4.45660243091295,
                    0.0,
                    -4.094366139431757
                ]
            }
        ]
    },
    "layoutWalls": {
        "num": 6,
        "walls": [
            {
                "id": 0,
                "normal": [
                    1.0,
                    0.0,
                    -0.0
                ],
                "planeEquation": [
                    1.0,
                    0.0,
                    -0.0,
                    -3.3752222517760475
                ],
                "pointsIdx": [
                    0,
                    1
                ],
                "width": 1.8426663537479029
            },
            {
                "id": 0,
                "normal": [
                    0.0,
                    0.0,
                    -1.0
                ],
                "planeEquation": [
                    0.0,
                    0.0,
                    -1.0,
                    -2.251699785683854
                ],
                "pointsIdx": [
                    1,
                    2
                ],
                "width": 1.203102564844373
            },
            {
                "id": 0,
                "normal": [
                    1.0,
                    0.0,
                    -0.0
                ],
                "planeEquation": [
                    1.0,
                    0.0,
                    -0.0,
                    -4.5783248166204205
                ],
                "pointsIdx": [
                    2,
                    3
                ],
                "width": 3.4884182353855033
            },
            {
                "id": 0,
                "normal": [
                    0.0,
                    0.0,
                    1.0
                ],
                "planeEquation": [
                    0.0,
                    0.0,
                    1.0,
                    -1.2367184497016497
                ],
                "pointsIdx": [
                    3,
                    4
                ],
                "width": 9.034927247533371
            },
            {
                "id": 0,
                "normal": [
                    -1.0,
                    -0.0,
                    -0.0
                ],
                "planeEquation": [
                    -1.0,
                    -0.0,
                    -0.0,
                    -4.45660243091295
                ],
                "pointsIdx": [
                    4,
                    5
                ],
                "width": 5.331084589133407
            },
            {
                "id": 0,
                "normal": [
                    0.0,
                    0.0,
                    -1.0
                ],
                "planeEquation": [
                    0.0,
                    0.0,
                    -1.0,
                    -4.094366139431757
                ],
                "pointsIdx": [
                    5,
                    0
                ],
                "width": 7.831824682688998
            }
        ]
    },
    "panoId": "nothing"
}