{
    "cameraHeight": 1.6,
    "layoutHeight": 2.653421640396118,
    "layoutObj2ds": {
        "num": 0,
        "obj2ds": []
    },
    "layoutPoints": {
        "num": 6,
        "points": [
            {
                "coords": [
                    0.6330643650058057,
                    0.5
                ],
                "id": 0,
                "xyz": [
                    3.125,
                    0.0,
                    -2.82334
                ]
            },
            {
                "coords": [
                    0.6843251379524622,
                    0.5
                ],
                "id": 0,
                "xyz": [
                    3.125,
                    0.0,
                    -1.368069554743542
                ]
            },
            {
                "coords": [
                    0.7164006292865742,
                    0.5
                ],
                "id": 0,
                "xyz": [
                    6.383771853783751,
                    0.0,
                    -1.368069554743542
                ]
            },
            {
                "coords": [
                    0.8487828119811627,
                    0.5
                ],
                "id": 0,
                "xyz": [
                    6.383771853783751,
                    0.0,
                    4.563899224064
                ]
            },
            {
                "coords": [
                    0.10186846332209237,
                    0.5
                ],
                "id": 0,
                "xyz": [
                    -3.3984375,
                    0.0,
                    4.563899224064
                ]
            },
            {
                "coords": [
                    0.36033051590444953,
                    0.5
                ],
                "id": 0,
                "xyz": [
                    -3.3984375,
                    0.0,
                    -2.82334
                ]
            }
        ]
    },
    "layoutWalls": {
        "num": 6,
        "walls": [
            {
                "id": 0,
                "normal": [
                    1.0,
                    0.0,
                    -0.0
                ],
                "planeEquation": [
                    1.0,
                    0.0,
                    -0.0,
                    -3.125
                ],
                "pointsIdx": [
                    0,
                    1
                ],
                "width": 1.455270445256458
            },
            {
                "id": 0,
                "normal": [
                    0.0,
                    0.0,
                    -1.0
                ],
                "planeEquation": [
                    0.0,
                    0.0,
                    -1.0,
                    -1.368069554743542
                ],
                "pointsIdx": [
                    1,
                    2
                ],
                "width": 3.2587718537837507
            },
            {
                "id": 0,
                "normal": [
                    1.0,
                    0.0,
                    -0.0
                ],
                "planeEquation": [
                    1.0,
                    0.0,
                    -0.0,
                    -6.383771853783751
                ],
                "pointsIdx": [
                    2,
                    3
                ],
                "width": 5.931968778807542
            },
            {
                "id": 0,
                "normal": [
                    0.0,
                    0.0,
                    1.0
                ],
                "planeEquation": [
                    0.0,
                    0.0,
                    1.0,
                    -4.563899224064
                ],
                "pointsIdx": [
                    3,
                    4
                ],
                "width": 9.78220935378375
            },
            {
                "id": 0,
                "normal": [
                    -1.0,
                    -0.0,
                    -0.0
                ],
                "planeEquation": [
                    -1.0,
                    -0.0,
                    -0.0,
                    -3.3984375
                ],
                "pointsIdx": [
                    4,
                    5
                ],
                "width": 7.387239224064
            },
            {
                "id": 0,
                "normal": [
                    0.0,
                    0.0,
                    -1.0
                ],
                "planeEquation": [
                    0.0,
                    0.0,
                    -1.0,
                    -2.82334
                ],
                "pointsIdx": [
                    5,
                    0
                ],
                "width": 6.5234375
            }
        ]
    },
    "panoId": "nothing"
}