{
    "cameraHeight": 1.6,
    "layoutHeight": 3.1831334400177003,
    "layoutObj2ds": {
        "num": 0,
        "obj2ds": []
    },
    "layoutPoints": {
        "num": 8,
        "points": [
            {
                "coords": [
                    0.6745376661064487,
                    0.5
                ],
                "id": 0,
                "xyz": [
                    2.819375,
                    0.0,
                    -1.446875
                ]
            },
            {
                "coords": [
                    0.8653799250974654,
                    0.5
                ],
                "id": 0,
                "xyz": [
                    2.819375,
                    0.0,
                    2.4976
                ]
            },
            {
                "coords": [
                    0.10411051058728765,
                    0.5
                ],
                "id": 0,
                "xyz": [
                    -1.9150761409786046,
                    0.0,
                    2.4976
                ]
            },
            {
                "coords": [
                    0.20403118784943036,
                    0.5
                ],
                "id": 0,
                "xyz": [
                    -1.9150761409786046,
                    0.0,
                    0.5690450676008855
                ]
            },
            {
                "coords": [
                    0.132115716150079,
                    0.5
                ],
                "id": 0,
                "xyz": [
                    -0.6223469670195201,
                    0.0,
                    0.5690450676008855
                ]
            },
            {
                "coords": [
                    0.1719983993276335,
                    0.5
                ],
                "id": 0,
                "xyz": [
                    -0.6223469670195201,
                    0.0,
                    0.33203125
                ]
            },
            {
                "coords": [
                    0.22602555058736556,
                    0.5
                ],
                "id": 0,
                "xyz": [
                    -2.1875,
                    0.0,
                    0.33203125
                ]
            },
            {
                "coords": [
                    0.3430049694638047,
                    0.5
                ],
                "id": 0,
                "xyz": [
                    -2.1875,
                    0.0,
                    -1.446875
                ]
            }
        ]
    },
    "layoutWalls": {
        "num": 8,
        "walls": [
            {
                "id": 0,
                "normal": [
                    1.0,
                    0.0,
                    -0.0
                ],
                "planeEquation": [
                    1.0,
                    0.0,
                    -0.0,
                    -2.819375
                ],
                "pointsIdx": [
                    0,
                    1
                ],
                "width": 3.9444749999999997
            },
            {
                "id": 0,
                "normal": [
                    0.0,
                    0.0,
                    1.0
                ],
                "planeEquation": [
                    0.0,
                    0.0,
                    1.0,
                    -2.4976
                ],
                "pointsIdx": [
                    1,
                    2
                ],
                "width": 4.734451140978605
            },
            {
                "id": 0,
                "normal": [
                    -1.0,
                    -0.0,
                    -0.0
                ],
                "planeEquation": [
                    -1.0,
                    -0.0,
                    -0.0,
                    -1.9150761409786046
                ],
                "pointsIdx": [
                    2,
                    3
                ],
                "width": 1.9285549323991145
            },
            {
                "id": 0,
                "normal": [
                    0.0,
                    0.0,
                    -1.0
                ],
                "planeEquation": [
                    0.0,
                    0.0,
                    -1.0,
                    0.5690450676008855
                ],
                "pointsIdx": [
                    3,
                    4
                ],
                "width": 1.2927291739590845
            },
            {
                "id": 0,
                "normal": [
                    -1.0,
                    -0.0,
                    -0.0
                ],
                "planeEquation": [
                    -1.0,
                    -0.0,
                    -0.0,
                    -0.6223469670195201
                ],
                "pointsIdx": [
                    4,
                    5
                ],
                "width": 0.23701381760088547
            },
            {
                "id": 0,
                "normal": [
                    0.0,
                    0.0,
                    1.0
                ],
                "planeEquation": [
                    0.0,
                    0.0,
                    1.0,
                    -0.33203125
                ],
                "pointsIdx": [
                    5,
                    6
                ],
                "width": 1.56515303298048
            },
            {
                "id": 0,
                "normal": [
                    -1.0,
                    -0.0,
                    -0.0
                ],
                "planeEquation": [
                    -1.0,
                    -0.0,
                    -0.0,
                    -2.1875
                ],
                "pointsIdx": [
                    6,
                    7
                ],
                "width": 1.77890625
            },
            {
                "id": 0,
                "normal": [
                    0.0,
                    0.0,
                    -1.0
                ],
                "planeEquation": [
                    0.0,
                    0.0,
                    -1.0,
                    -1.446875
                ],
                "pointsIdx": [
                    7,
                    0
                ],
                "width": 5.006875
            }
        ]
    },
    "panoId": "nothing"
}