{
    "cameraHeight": 1.6,
    "layoutHeight": 3.258748264312744,
    "layoutObj2ds": {
        "num": 0,
        "obj2ds": []
    },
    "layoutPoints": {
        "num": 6,
        "points": [
            {
                "coords": [
                    0.7348039425600632,
                    0.5
                ],
                "id": 0,
                "xyz": [
                    8.694254588066864,
                    0.0,
                    -0.8326561443909859
                ]
            },
            {
                "coords": [
                    0.8259828781611245,
                    0.5
                ],
                "id": 0,
                "xyz": [
                    8.694254588066864,
                    0.0,
                    4.49779
                ]
            },
            {
                "coords": [
                    0.018721086832655998,
                    0.5
                ],
                "id": 0,
                "xyz": [
                    -0.53152,
                    0.0,
                    4.49779
                ]
            },
            {
                "coords": [
                    0.09375747705406079,
                    0.5
                ],
                "id": 0,
                "xyz": [
                    -0.53152,
                    0.0,
                    0.7953950000000001
                ]
            },
            {
                "coords": [
                    0.20563305257199066,
                    0.5
                ],
                "id": 0,
                "xyz": [
                    -2.7789783512612867,
                    0.0,
                    0.7953950000000001
                ]
            },
            {
                "coords": [
                    0.29633227868486156,
                    0.5
                ],
                "id": 0,
                "xyz": [
                    -2.7789783512612867,
                    0.0,
                    -0.8326561443909859
                ]
            }
        ]
    },
    "layoutWalls": {
        "num": 6,
        "walls": [
            {
                "id": 0,
                "normal": [
                    1.0,
                    0.0,
                    -0.0
                ],
                "planeEquation": [
                    1.0,
                    0.0,
                    -0.0,
                    -8.694254588066864
                ],
                "pointsIdx": [
                    0,
                    1
                ],
                "width": 5.3304461443909865
            },
            {
                "id": 0,
                "normal": [
                    0.0,
                    0.0,
                    1.0
                ],
                "planeEquation": [
                    0.0,
                    0.0,
                    1.0,
                    -4.49779
                ],
                "pointsIdx": [
                    1,
                    2
                ],
                "width": 9.225774588066864
            },
            {
                "id": 0,
                "normal": [
                    -1.0,
                    -0.0,
                    -0.0
                ],
                "planeEquation": [
                    -1.0,
                    -0.0,
                    -0.0,
                    -0.53152
                ],
                "pointsIdx": [
                    2,
                    3
                ],
                "width": 3.702395
            },
            {
                "id": 0,
                "normal": [
                    0.0,
                    0.0,
                    1.0
                ],
                "planeEquation": [
                    0.0,
                    0.0,
                    1.0,
                    -0.7953950000000001
                ],
                "pointsIdx": [
                    3,
                    4
                ],
                "width": 2.2474583512612867
            },
            {
                "id": 0,
                "normal": [
                    -1.0,
                    -0.0,
                    -0.0
                ],
                "planeEquation": [
                    -1.0,
                    -0.0,
                    -0.0,
                    -2.7789783512612867
                ],
                "pointsIdx": [
                    4,
                    5
                ],
                "width": 1.628051144390986
            },
            {
                "id": 0,
                "normal": [
                    0.0,
                    0.0,
                    -1.0
                ],
                "planeEquation": [
                    0.0,
                    0.0,
                    -1.0,
                    -0.8326561443909859
                ],
                "pointsIdx": [
                    5,
                    0
                ],
                "width": 11.47323293932815
            }
        ]
    },
    "panoId": "nothing"
}