{
    "cameraHeight": 1.6,
    "layoutHeight": 3.2395342922210695,
    "layoutObj2ds": {
        "num": 0,
        "obj2ds": []
    },
    "layoutPoints": {
        "num": 6,
        "points": [
            {
                "coords": [
                    0.5674753562149337,
                    0.5
                ],
                "id": 0,
                "xyz": [
                    1.1966595196306442,
                    0.0,
                    -2.6514016066113637
                ]
            },
            {
                "coords": [
                    0.9524494501184614,
                    0.5
                ],
                "id": 0,
                "xyz": [
                    1.1966595196306442,
                    0.0,
                    3.8854111028311062
                ]
            },
            {
                "coords": [
                    0.07015501106397515,
                    0.5
                ],
                "id": 0,
                "xyz": [
                    -1.8329600000000001,
                    0.0,
                    3.8854111028311062
                ]
            },
            {
                "coords": [
                    0.08855061374790879,
                    0.5
                ],
                "id": 0,
                "xyz": [
                    -1.8329600000000001,
                    0.0,
                    2.9472699695012023
                ]
            },
            {
                "coords": [
                    0.13993577628377712,
                    0.5
                ],
                "id": 0,
                "xyz": [
                    -3.5597117149291306,
                    0.0,
                    2.9472699695012023
                ]
            },
            {
                "coords": [
                    0.35188908144775044,
                    0.5
                ],
                "id": 0,
                "xyz": [
                    -3.5597117149291306,
                    0.0,
                    -2.6514016066113637
                ]
            }
        ]
    },
    "layoutWalls": {
        "num": 6,
        "walls": [
            {
                "id": 0,
                "normal": [
                    1.0,
                    0.0,
                    -0.0
                ],
                "planeEquation": [
                    1.0,
                    0.0,
                    -0.0,
                    -1.1966595196306442
                ],
                "pointsIdx": [
                    0,
                    1
                ],
                "width": 6.53681270944247
            },
            {
                "id": 0,
                "normal": [
                    0.0,
                    0.0,
                    1.0
                ],
                "planeEquation": [
                    0.0,
                    0.0,
                    1.0,
                    -3.8854111028311062
                ],
                "pointsIdx": [
                    1,
                    2
                ],
                "width": 3.0296195196306446
            },
            {
                "id": 0,
                "normal": [
                    -1.0,
                    -0.0,
                    -0.0
                ],
                "planeEquation": [
                    -1.0,
                    -0.0,
                    -0.0,
                    -1.8329600000000001
                ],
                "pointsIdx": [
                    2,
                    3
                ],
                "width": 0.9381411333299039
            },
            {
                "id": 0,
                "normal": [
                    0.0,
                    0.0,
                    1.0
                ],
                "planeEquation": [
                    0.0,
                    0.0,
                    1.0,
                    -2.9472699695012023
                ],
                "pointsIdx": [
                    3,
                    4
                ],
                "width": 1.7267517149291305
            },
            {
                "id": 0,
                "normal": [
                    -1.0,
                    -0.0,
                    -0.0
                ],
                "planeEquation": [
                    -1.0,
                    -0.0,
                    -0.0,
                    -3.5597117149291306
                ],
                "pointsIdx": [
                    4,
                    5
                ],
                "width": 5.598671576112566
            },
            {
                "id": 0,
                "normal": [
                    0.0,
                    0.0,
                    -1.0
                ],
                "planeEquation": [
                    0.0,
                    0.0,
                    -1.0,
                    -2.6514016066113637
                ],
                "pointsIdx": [
                    5,
                    0
                ],
                "width": 4.756371234559775
            }
        ]
    },
    "panoId": "nothing"
}