{
    "cameraHeight": 1.6,
    "layoutHeight": 3.2396806144714354,
    "layoutObj2ds": {
        "num": 0,
        "obj2ds": []
    },
    "layoutPoints": {
        "num": 6,
        "points": [
            {
                "coords": [
                    0.6241562848880475,
                    0.5
                ],
                "id": 0,
                "xyz": [
                    5.51749199220736,
                    0.0,
                    -5.576303174134988
                ]
            },
            {
                "coords": [
                    0.7877972223175924,
                    0.5
                ],
                "id": 0,
                "xyz": [
                    5.51749199220736,
                    0.0,
                    1.3355353600000002
                ]
            },
            {
                "coords": [
                    0.21929273244791175,
                    0.5
                ],
                "id": 0,
                "xyz": [
                    -6.8359375,
                    0.0,
                    1.3355353600000002
                ]
            },
            {
                "coords": [
                    0.38707679299738185,
                    0.5
                ],
                "id": 0,
                "xyz": [
                    -6.8359375,
                    0.0,
                    -7.960891618352707
                ]
            },
            {
                "coords": [
                    0.5180778491056519,
                    0.4702087584901187
                ],
                "id": 0,
                "xyz": [
                    0.9081586408662033,
                    0.7521050408298651,
                    -7.960891618352707
                ]
            },
            {
                "coords": [
                    0.5256944444444446,
                    0.4578738400337021
                ],
                "id": 0,
                "xyz": [
                    0.9081586408662033,
                    0.7521050408298651,
                    -5.576303174134988
                ]
            }
        ]
    },
    "layoutWalls": {
        "num": 6,
        "walls": [
            {
                "id": 0,
                "normal": [
                    1.0,
                    0.0,
                    -0.0
                ],
                "planeEquation": [
                    1.0,
                    0.0,
                    -0.0,
                    -5.51749199220736
                ],
                "pointsIdx": [
                    0,
                    1
                ],
                "width": 6.911838534134988
            },
            {
                "id": 0,
                "normal": [
                    0.0,
                    0.0,
                    1.0
                ],
                "planeEquation": [
                    0.0,
                    0.0,
                    1.0,
                    -1.3355353600000002
                ],
                "pointsIdx": [
                    1,
                    2
                ],
                "width": 12.353429492207361
            },
            {
                "id": 0,
                "normal": [
                    -1.0,
                    -0.0,
                    -0.0
                ],
                "planeEquation": [
                    -1.0,
                    -0.0,
                    -0.0,
                    -6.8359375
                ],
                "pointsIdx": [
                    2,
                    3
                ],
                "width": 9.296426978352708
            },
            {
                "id": 0,
                "normal": [
                    0.0,
                    0.0,
                    -1.0
                ],
                "planeEquation": [
                    0.0,
                    0.0,
                    -1.0,
                    -7.960891618352707
                ],
                "pointsIdx": [
                    3,
                    4
                ],
                "width": 7.744096140866203
            },
            {
                "id": 0,
                "normal": [
                    1.0,
                    0.0,
                    -0.0
                ],
                "planeEquation": [
                    1.0,
                    0.0,
                    -0.0,
                    -0.9081586408662033
                ],
                "pointsIdx": [
                    4,
                    5
                ],
                "width": 2.3845884442177185
            },
            {
                "id": 0,
                "normal": [
                    0.0,
                    0.0,
                    -1.0
                ],
                "planeEquation": [
                    0.0,
                    0.0,
                    -1.0,
                    -5.576303174134988
                ],
                "pointsIdx": [
                    5,
                    0
                ],
                "width": 4.609333351341157
            }
        ]
    },
    "panoId": "nothing"
}