{
    "cameraHeight": 1.6,
    "layoutHeight": 3.5515096187591553,
    "layoutObj2ds": {
        "num": 0,
        "obj2ds": []
    },
    "layoutPoints": {
        "num": 6,
        "points": [
            {
                "coords": [
                    0.5753809068026512,
                    0.5
                ],
                "id": 0,
                "xyz": [
                    1.7074643675340877,
                    0.0,
                    -3.331353175790246
                ]
            },
            {
                "coords": [
                    0.7822916666666667,
                    0.3315231813832379
                ],
                "id": 0,
                "xyz": [
                    1.7074643675340877,
                    1.0197112965533506,
                    0.3512685828005369
                ]
            },
            {
                "coords": [
                    0.7899321704333837,
                    0.30121364117098504
                ],
                "id": 0,
                "xyz": [
                    1.3705254218459986,
                    1.0197112965533506,
                    0.3512685828005369
                ]
            },
            {
                "coords": [
                    0.8877284988123368,
                    0.5
                ],
                "id": 0,
                "xyz": [
                    1.3705254218459986,
                    0.0,
                    1.6093520659842762
                ]
            },
            {
                "coords": [
                    0.056502350255656475,
                    0.5
                ],
                "id": 0,
                "xyz": [
                    -0.5966220460812026,
                    0.0,
                    1.6093520659842762
                ]
            },
            {
                "coords": [
                    0.4717954733443574,
                    0.5
                ],
                "id": 0,
                "xyz": [
                    -0.5966220460812026,
                    0.0,
                    -3.331353175790246
                ]
            }
        ]
    },
    "layoutWalls": {
        "num": 6,
        "walls": [
            {
                "id": 0,
                "normal": [
                    1.0,
                    0.0,
                    -0.0
                ],
                "planeEquation": [
                    1.0,
                    0.0,
                    -0.0,
                    -1.7074643675340877
                ],
                "pointsIdx": [
                    0,
                    1
                ],
                "width": 3.682621758590783
            },
            {
                "id": 0,
                "normal": [
                    0.0,
                    0.0,
                    1.0
                ],
                "planeEquation": [
                    0.0,
                    0.0,
                    1.0,
                    -0.3512685828005369
                ],
                "pointsIdx": [
                    1,
                    2
                ],
                "width": 0.33693894568808913
            },
            {
                "id": 0,
                "normal": [
                    1.0,
                    0.0,
                    -0.0
                ],
                "planeEquation": [
                    1.0,
                    0.0,
                    -0.0,
                    -1.3705254218459986
                ],
                "pointsIdx": [
                    2,
                    3
                ],
                "width": 1.2580834831837393
            },
            {
                "id": 0,
                "normal": [
                    0.0,
                    0.0,
                    1.0
                ],
                "planeEquation": [
                    0.0,
                    0.0,
                    1.0,
                    -1.6093520659842762
                ],
                "pointsIdx": [
                    3,
                    4
                ],
                "width": 1.9671474679272012
            },
            {
                "id": 0,
                "normal": [
                    -1.0,
                    -0.0,
                    -0.0
                ],
                "planeEquation": [
                    -1.0,
                    -0.0,
                    -0.0,
                    -0.5966220460812026
                ],
                "pointsIdx": [
                    4,
                    5
                ],
                "width": 4.940705241774522
            },
            {
                "id": 0,
                "normal": [
                    0.0,
                    0.0,
                    -1.0
                ],
                "planeEquation": [
                    0.0,
                    0.0,
                    -1.0,
                    -3.331353175790246
                ],
                "pointsIdx": [
                    5,
                    0
                ],
                "width": 2.3040864136152903
            }
        ]
    },
    "panoId": "nothing"
}