{
    "cameraHeight": 1.6,
    "layoutHeight": 3.754350566864014,
    "layoutObj2ds": {
        "num": 0,
        "obj2ds": []
    },
    "layoutPoints": {
        "num": 6,
        "points": [
            {
                "coords": [
                    0.6450705137578465,
                    0.5
                ],
                "id": 0,
                "xyz": [
                    3.241656447216858,
                    0.0,
                    -2.512186916467902
                ]
            },
            {
                "coords": [
                    0.9183667365745569,
                    0.5
                ],
                "id": 0,
                "xyz": [
                    3.241656447216858,
                    0.0,
                    5.755837649188621
                ]
            },
            {
                "coords": [
                    0.046215467897932516,
                    0.5
                ],
                "id": 0,
                "xyz": [
                    -1.72,
                    0.0,
                    5.755837649188621
                ]
            },
            {
                "coords": [
                    0.37077161900801275,
                    0.5
                ],
                "id": 0,
                "xyz": [
                    -1.72,
                    0.0,
                    -1.6309519569715198
                ]
            },
            {
                "coords": [
                    0.4990274579562324,
                    0.5
                ],
                "id": 0,
                "xyz": [
                    -0.00996632,
                    0.0,
                    -1.6309519569715198
                ]
            },
            {
                "coords": [
                    0.4993686055919415,
                    0.5
                ],
                "id": 0,
                "xyz": [
                    -0.00996632,
                    0.0,
                    -2.512186916467902
                ]
            }
        ]
    },
    "layoutWalls": {
        "num": 6,
        "walls": [
            {
                "id": 0,
                "normal": [
                    1.0,
                    0.0,
                    -0.0
                ],
                "planeEquation": [
                    1.0,
                    0.0,
                    -0.0,
                    -3.241656447216858
                ],
                "pointsIdx": [
                    0,
                    1
                ],
                "width": 8.268024565656523
            },
            {
                "id": 0,
                "normal": [
                    0.0,
                    0.0,
                    1.0
                ],
                "planeEquation": [
                    0.0,
                    0.0,
                    1.0,
                    -5.755837649188621
                ],
                "pointsIdx": [
                    1,
                    2
                ],
                "width": 4.961656447216858
            },
            {
                "id": 0,
                "normal": [
                    -1.0,
                    -0.0,
                    -0.0
                ],
                "planeEquation": [
                    -1.0,
                    -0.0,
                    -0.0,
                    -1.72
                ],
                "pointsIdx": [
                    2,
                    3
                ],
                "width": 7.386789606160141
            },
            {
                "id": 0,
                "normal": [
                    0.0,
                    0.0,
                    -1.0
                ],
                "planeEquation": [
                    0.0,
                    0.0,
                    -1.0,
                    -1.6309519569715198
                ],
                "pointsIdx": [
                    3,
                    4
                ],
                "width": 1.71003368
            },
            {
                "id": 0,
                "normal": [
                    -1.0,
                    -0.0,
                    -0.0
                ],
                "planeEquation": [
                    -1.0,
                    -0.0,
                    -0.0,
                    -0.00996632
                ],
                "pointsIdx": [
                    4,
                    5
                ],
                "width": 0.881234959496382
            },
            {
                "id": 0,
                "normal": [
                    0.0,
                    0.0,
                    -1.0
                ],
                "planeEquation": [
                    0.0,
                    0.0,
                    -1.0,
                    -2.512186916467902
                ],
                "pointsIdx": [
                    5,
                    0
                ],
                "width": 3.2516227672168583
            }
        ]
    },
    "panoId": "nothing"
}