{
    "cameraHeight": 1.6,
    "layoutHeight": 3.431717710494995,
    "layoutObj2ds": {
        "num": 0,
        "obj2ds": []
    },
    "layoutPoints": {
        "num": 6,
        "points": [
            {
                "coords": [
                    0.6435281564416259,
                    0.5
                ],
                "id": 0,
                "xyz": [
                    0.92563,
                    0.0,
                    -0.73180221696
                ]
            },
            {
                "coords": [
                    0.9765359278158903,
                    0.5
                ],
                "id": 0,
                "xyz": [
                    0.92563,
                    0.0,
                    6.232920652641939
                ]
            },
            {
                "coords": [
                    0.06470247165556159,
                    0.4923325856687004
                ],
                "id": 0,
                "xyz": [
                    -2.683402822407578,
                    0.16349233516589953,
                    6.232920652641939
                ]
            },
            {
                "coords": [
                    0.07194444444444464,
                    0.4915307771551156
                ],
                "id": 0,
                "xyz": [
                    -2.683402822407578,
                    0.16349233516589953,
                    5.52625
                ]
            },
            {
                "coords": [
                    0.1130071267308585,
                    0.5
                ],
                "id": 0,
                "xyz": [
                    -4.7504,
                    0.0,
                    5.52625
                ]
            },
            {
                "coords": [
                    0.2743266885491072,
                    0.5
                ],
                "id": 0,
                "xyz": [
                    -4.7504,
                    0.0,
                    -0.73180221696
                ]
            }
        ]
    },
    "layoutWalls": {
        "num": 6,
        "walls": [
            {
                "id": 0,
                "normal": [
                    1.0,
                    0.0,
                    -0.0
                ],
                "planeEquation": [
                    1.0,
                    0.0,
                    -0.0,
                    -0.92563
                ],
                "pointsIdx": [
                    0,
                    1
                ],
                "width": 6.964722869601939
            },
            {
                "id": 0,
                "normal": [
                    0.0,
                    0.0,
                    1.0
                ],
                "planeEquation": [
                    0.0,
                    0.0,
                    1.0,
                    -6.232920652641939
                ],
                "pointsIdx": [
                    1,
                    2
                ],
                "width": 3.609032822407578
            },
            {
                "id": 0,
                "normal": [
                    -1.0,
                    -0.0,
                    -0.0
                ],
                "planeEquation": [
                    -1.0,
                    -0.0,
                    -0.0,
                    -2.683402822407578
                ],
                "pointsIdx": [
                    2,
                    3
                ],
                "width": 0.7066706526419386
            },
            {
                "id": 0,
                "normal": [
                    0.0,
                    0.0,
                    1.0
                ],
                "planeEquation": [
                    0.0,
                    0.0,
                    1.0,
                    -5.52625
                ],
                "pointsIdx": [
                    3,
                    4
                ],
                "width": 2.066997177592422
            },
            {
                "id": 0,
                "normal": [
                    -1.0,
                    -0.0,
                    -0.0
                ],
                "planeEquation": [
                    -1.0,
                    -0.0,
                    -0.0,
                    -4.7504
                ],
                "pointsIdx": [
                    4,
                    5
                ],
                "width": 6.25805221696
            },
            {
                "id": 0,
                "normal": [
                    0.0,
                    0.0,
                    -1.0
                ],
                "planeEquation": [
                    0.0,
                    0.0,
                    -1.0,
                    -0.73180221696
                ],
                "pointsIdx": [
                    5,
                    0
                ],
                "width": 5.67603
            }
        ]
    },
    "panoId": "nothing"
}