{
    "cameraHeight": 1.6,
    "layoutHeight": 3.8588958072662356,
    "layoutObj2ds": {
        "num": 0,
        "obj2ds": []
    },
    "layoutPoints": {
        "num": 6,
        "points": [
            {
                "coords": [
                    0.5478271515171894,
                    0.5
                ],
                "id": 0,
                "xyz": [
                    1.482460360773395,
                    0.0,
                    -4.7838015496192
                ]
            },
            {
                "coords": [
                    0.9417582442438576,
                    0.5
                ],
                "id": 0,
                "xyz": [
                    1.482460360773395,
                    0.0,
                    3.8685931685805994
                ]
            },
            {
                "coords": [
                    0.07768851137949923,
                    0.5
                ],
                "id": 0,
                "xyz": [
                    -2.0541850617297768,
                    0.0,
                    3.8685931685805994
                ]
            },
            {
                "coords": [
                    0.09777777777777796,
                    0.5
                ],
                "id": 0,
                "xyz": [
                    -2.0541850617297768,
                    0.0,
                    2.911992954493338
                ]
            },
            {
                "coords": [
                    0.14527126518412015,
                    0.5
                ],
                "id": 0,
                "xyz": [
                    -3.76736,
                    0.0,
                    2.911992954493338
                ]
            },
            {
                "coords": [
                    0.39382974543152205,
                    0.5
                ],
                "id": 0,
                "xyz": [
                    -3.76736,
                    0.0,
                    -4.7838015496192
                ]
            }
        ]
    },
    "layoutWalls": {
        "num": 6,
        "walls": [
            {
                "id": 0,
                "normal": [
                    1.0,
                    0.0,
                    -0.0
                ],
                "planeEquation": [
                    1.0,
                    0.0,
                    -0.0,
                    -1.482460360773395
                ],
                "pointsIdx": [
                    0,
                    1
                ],
                "width": 8.6523947181998
            },
            {
                "id": 0,
                "normal": [
                    0.0,
                    0.0,
                    1.0
                ],
                "planeEquation": [
                    0.0,
                    0.0,
                    1.0,
                    -3.8685931685805994
                ],
                "pointsIdx": [
                    1,
                    2
                ],
                "width": 3.536645422503172
            },
            {
                "id": 0,
                "normal": [
                    -1.0,
                    -0.0,
                    -0.0
                ],
                "planeEquation": [
                    -1.0,
                    -0.0,
                    -0.0,
                    -2.0541850617297768
                ],
                "pointsIdx": [
                    2,
                    3
                ],
                "width": 0.9566002140872616
            },
            {
                "id": 0,
                "normal": [
                    0.0,
                    0.0,
                    1.0
                ],
                "planeEquation": [
                    0.0,
                    0.0,
                    1.0,
                    -2.911992954493338
                ],
                "pointsIdx": [
                    3,
                    4
                ],
                "width": 1.7131749382702233
            },
            {
                "id": 0,
                "normal": [
                    -1.0,
                    -0.0,
                    -0.0
                ],
                "planeEquation": [
                    -1.0,
                    -0.0,
                    -0.0,
                    -3.76736
                ],
                "pointsIdx": [
                    4,
                    5
                ],
                "width": 7.695794504112538
            },
            {
                "id": 0,
                "normal": [
                    0.0,
                    0.0,
                    -1.0
                ],
                "planeEquation": [
                    0.0,
                    0.0,
                    -1.0,
                    -4.7838015496192
                ],
                "pointsIdx": [
                    5,
                    0
                ],
                "width": 5.249820360773395
            }
        ]
    },
    "panoId": "nothing"
}