{
    "cameraHeight": 1.6,
    "layoutHeight": 3.3493459224700928,
    "layoutObj2ds": {
        "num": 0,
        "obj2ds": []
    },
    "layoutPoints": {
        "num": 6,
        "points": [
            {
                "coords": [
                    0.5222334366450139,
                    0.5
                ],
                "id": 0,
                "xyz": [
                    1.04499968,
                    0.0,
                    -7.431759423662182
                ]
            },
            {
                "coords": [
                    0.9575873073694812,
                    0.5
                ],
                "id": 0,
                "xyz": [
                    1.04499968,
                    0.0,
                    3.828125
                ]
            },
            {
                "coords": [
                    0.1272846912002154,
                    0.5
                ],
                "id": 0,
                "xyz": [
                    -3.93964,
                    0.0,
                    3.828125
                ]
            },
            {
                "coords": [
                    0.39114667040817663,
                    0.5
                ],
                "id": 0,
                "xyz": [
                    -3.93964,
                    0.0,
                    -4.83268
                ]
            },
            {
                "coords": [
                    0.4771504240614352,
                    0.5
                ],
                "id": 0,
                "xyz": [
                    -0.6986253665894401,
                    0.0,
                    -4.83268
                ]
            },
            {
                "coords": [
                    0.48508241834556426,
                    0.5
                ],
                "id": 0,
                "xyz": [
                    -0.6986253665894401,
                    0.0,
                    -7.431759423662182
                ]
            }
        ]
    },
    "layoutWalls": {
        "num": 6,
        "walls": [
            {
                "id": 0,
                "normal": [
                    1.0,
                    0.0,
                    -0.0
                ],
                "planeEquation": [
                    1.0,
                    0.0,
                    -0.0,
                    -1.04499968
                ],
                "pointsIdx": [
                    0,
                    1
                ],
                "width": 11.259884423662182
            },
            {
                "id": 0,
                "normal": [
                    0.0,
                    0.0,
                    1.0
                ],
                "planeEquation": [
                    0.0,
                    0.0,
                    1.0,
                    -3.828125
                ],
                "pointsIdx": [
                    1,
                    2
                ],
                "width": 4.98463968
            },
            {
                "id": 0,
                "normal": [
                    -1.0,
                    -0.0,
                    -0.0
                ],
                "planeEquation": [
                    -1.0,
                    -0.0,
                    -0.0,
                    -3.93964
                ],
                "pointsIdx": [
                    2,
                    3
                ],
                "width": 8.660805
            },
            {
                "id": 0,
                "normal": [
                    0.0,
                    0.0,
                    -1.0
                ],
                "planeEquation": [
                    0.0,
                    0.0,
                    -1.0,
                    -4.83268
                ],
                "pointsIdx": [
                    3,
                    4
                ],
                "width": 3.24101463341056
            },
            {
                "id": 0,
                "normal": [
                    -1.0,
                    -0.0,
                    -0.0
                ],
                "planeEquation": [
                    -1.0,
                    -0.0,
                    -0.0,
                    -0.6986253665894401
                ],
                "pointsIdx": [
                    4,
                    5
                ],
                "width": 2.5990794236621824
            },
            {
                "id": 0,
                "normal": [
                    0.0,
                    0.0,
                    -1.0
                ],
                "planeEquation": [
                    0.0,
                    0.0,
                    -1.0,
                    -7.431759423662182
                ],
                "pointsIdx": [
                    5,
                    0
                ],
                "width": 1.74362504658944
            }
        ]
    },
    "panoId": "nothing"
}