{
    "cameraHeight": 1.6,
    "layoutHeight": 3.194075946807861,
    "layoutObj2ds": {
        "num": 0,
        "obj2ds": []
    },
    "layoutPoints": {
        "num": 8,
        "points": [
            {
                "coords": [
                    0.617142537882766,
                    0.5
                ],
                "id": 0,
                "xyz": [
                    1.3991197032994287,
                    0.0,
                    -1.5445674034443568
                ]
            },
            {
                "coords": [
                    0.9162018973625812,
                    0.5
                ],
                "id": 0,
                "xyz": [
                    1.3991197032994287,
                    0.0,
                    2.4070855981602177
                ]
            },
            {
                "coords": [
                    0.1484954212342109,
                    0.5
                ],
                "id": 0,
                "xyz": [
                    -3.2480490520242924,
                    0.0,
                    2.4070855981602177
                ]
            },
            {
                "coords": [
                    0.22454170891968223,
                    0.5711551942516454
                ],
                "id": 0,
                "xyz": [
                    -3.2480490520242924,
                    -0.7479603187203233,
                    0.5240323019135078
                ]
            },
            {
                "coords": [
                    0.21043874657437028,
                    0.6074920372305902
                ],
                "id": 0,
                "xyz": [
                    -2.0645826216970726,
                    -0.7479603187203233,
                    0.5240323019135078
                ]
            },
            {
                "coords": [
                    0.22744798457223608,
                    0.5982992120175425
                ],
                "id": 0,
                "xyz": [
                    -2.0645826216970726,
                    -0.6653166154361556,
                    0.29452207114650525
                ]
            },
            {
                "coords": [
                    0.2373036965341382,
                    0.5566931464640084
                ],
                "id": 0,
                "xyz": [
                    -3.6841564375391376,
                    -0.6653166154361556,
                    0.29452207114650525
                ]
            },
            {
                "coords": [
                    0.3131824079850157,
                    0.5
                ],
                "id": 0,
                "xyz": [
                    -3.6841564375391376,
                    0.0,
                    -1.5445674034443568
                ]
            }
        ]
    },
    "layoutWalls": {
        "num": 8,
        "walls": [
            {
                "id": 0,
                "normal": [
                    1.0,
                    0.0,
                    -0.0
                ],
                "planeEquation": [
                    1.0,
                    0.0,
                    -0.0,
                    -1.3991197032994287
                ],
                "pointsIdx": [
                    0,
                    1
                ],
                "width": 3.9516530016045746
            },
            {
                "id": 0,
                "normal": [
                    0.0,
                    0.0,
                    1.0
                ],
                "planeEquation": [
                    0.0,
                    0.0,
                    1.0,
                    -2.4070855981602177
                ],
                "pointsIdx": [
                    1,
                    2
                ],
                "width": 4.647168755323721
            },
            {
                "id": 0,
                "normal": [
                    -1.0,
                    -0.0,
                    -0.0
                ],
                "planeEquation": [
                    -1.0,
                    -0.0,
                    -0.0,
                    -3.2480490520242924
                ],
                "pointsIdx": [
                    2,
                    3
                ],
                "width": 1.88305329624671
            },
            {
                "id": 0,
                "normal": [
                    0.0,
                    0.0,
                    -1.0
                ],
                "planeEquation": [
                    0.0,
                    0.0,
                    -1.0,
                    0.5240323019135078
                ],
                "pointsIdx": [
                    3,
                    4
                ],
                "width": 1.1834664303272198
            },
            {
                "id": 0,
                "normal": [
                    -1.0,
                    -0.0,
                    -0.0
                ],
                "planeEquation": [
                    -1.0,
                    -0.0,
                    -0.0,
                    -2.0645826216970726
                ],
                "pointsIdx": [
                    4,
                    5
                ],
                "width": 0.22951023076700255
            },
            {
                "id": 0,
                "normal": [
                    0.0,
                    0.0,
                    1.0
                ],
                "planeEquation": [
                    0.0,
                    0.0,
                    1.0,
                    -0.29452207114650525
                ],
                "pointsIdx": [
                    5,
                    6
                ],
                "width": 1.619573815842065
            },
            {
                "id": 0,
                "normal": [
                    -1.0,
                    -0.0,
                    -0.0
                ],
                "planeEquation": [
                    -1.0,
                    -0.0,
                    -0.0,
                    -3.6841564375391376
                ],
                "pointsIdx": [
                    6,
                    7
                ],
                "width": 1.8390894745908621
            },
            {
                "id": 0,
                "normal": [
                    0.0,
                    0.0,
                    -1.0
                ],
                "planeEquation": [
                    0.0,
                    0.0,
                    -1.0,
                    -1.5445674034443568
                ],
                "pointsIdx": [
                    7,
                    0
                ],
                "width": 5.083276140838566
            }
        ]
    },
    "panoId": "nothing"
}