{
    "cameraHeight": 1.6,
    "layoutHeight": 5.405107231140137,
    "layoutObj2ds": {
        "num": 0,
        "obj2ds": []
    },
    "layoutPoints": {
        "num": 4,
        "points": [
            {
                "coords": [
                    0.6800553145364416,
                    0.5
                ],
                "id": 0,
                "xyz": [
                    6.066549724215279,
                    0.0,
                    -2.8521267200000002
                ]
            },
            {
                "coords": [
                    0.83262582103382,
                    0.5
                ],
                "id": 0,
                "xyz": [
                    6.066549724215279,
                    0.0,
                    3.466658029570044
                ]
            },
            {
                "coords": [
                    0.10405650561930885,
                    0.5
                ],
                "id": 0,
                "xyz": [
                    -2.65625,
                    0.0,
                    3.466658029570044
                ]
            },
            {
                "coords": [
                    0.3806571326956129,
                    0.5
                ],
                "id": 0,
                "xyz": [
                    -2.65625,
                    0.0,
                    -2.8521267200000002
                ]
            }
        ]
    },
    "layoutWalls": {
        "num": 4,
        "walls": [
            {
                "id": 0,
                "normal": [
                    1.0,
                    0.0,
                    -0.0
                ],
                "planeEquation": [
                    1.0,
                    0.0,
                    -0.0,
                    -6.066549724215279
                ],
                "pointsIdx": [
                    0,
                    1
                ],
                "width": 6.318784749570044
            },
            {
                "id": 0,
                "normal": [
                    0.0,
                    0.0,
                    1.0
                ],
                "planeEquation": [
                    0.0,
                    0.0,
                    1.0,
                    -3.466658029570044
                ],
                "pointsIdx": [
                    1,
                    2
                ],
                "width": 8.722799724215278
            },
            {
                "id": 0,
                "normal": [
                    -1.0,
                    -0.0,
                    -0.0
                ],
                "planeEquation": [
                    -1.0,
                    -0.0,
                    -0.0,
                    -2.65625
                ],
                "pointsIdx": [
                    2,
                    3
                ],
                "width": 6.318784749570044
            },
            {
                "id": 0,
                "normal": [
                    0.0,
                    0.0,
                    -1.0
                ],
                "planeEquation": [
                    0.0,
                    0.0,
                    -1.0,
                    -2.8521267200000002
                ],
                "pointsIdx": [
                    3,
                    0
                ],
                "width": 8.722799724215278
            }
        ]
    },
    "panoId": "nothing"
}