{
    "cameraHeight": 1.6,
    "layoutHeight": 2.5436173725128173,
    "layoutObj2ds": {
        "num": 0,
        "obj2ds": []
    },
    "layoutPoints": {
        "num": 10,
        "points": [
            {
                "coords": [
                    0.7061695772475128,
                    0.5
                ],
                "id": 0,
                "xyz": [
                    6.6083036569599996,
                    0.0,
                    -1.8673397526482125
                ]
            },
            {
                "coords": [
                    0.7691739629465666,
                    0.5
                ],
                "id": 0,
                "xyz": [
                    6.6083036569599996,
                    0.0,
                    0.8
                ]
            },
            {
                "coords": [
                    0.8773425563768913,
                    0.5
                ],
                "id": 0,
                "xyz": [
                    0.7767900000000001,
                    0.0,
                    0.8
                ]
            },
            {
                "coords": [
                    0.9421799801321743,
                    0.5
                ],
                "id": 0,
                "xyz": [
                    0.7767900000000001,
                    0.0,
                    2.04328027648
                ]
            },
            {
                "coords": [
                    0.055272465667986104,
                    0.5
                ],
                "id": 0,
                "xyz": [
                    -0.7395799999999999,
                    0.0,
                    2.04328027648
                ]
            },
            {
                "coords": [
                    0.1112639619320055,
                    0.5
                ],
                "id": 0,
                "xyz": [
                    -0.7395799999999999,
                    0.0,
                    0.8796799999999999
                ]
            },
            {
                "coords": [
                    0.22580620163018456,
                    0.5
                ],
                "id": 0,
                "xyz": [
                    -5.7421875,
                    0.0,
                    0.8796799999999999
                ]
            },
            {
                "coords": [
                    0.26725506119169207,
                    0.5
                ],
                "id": 0,
                "xyz": [
                    -5.7421875,
                    0.0,
                    -0.625
                ]
            },
            {
                "coords": [
                    0.3142893785036761,
                    0.5
                ],
                "id": 0,
                "xyz": [
                    -1.4621670421535131,
                    0.0,
                    -0.625
                ]
            },
            {
                "coords": [
                    0.3942730411888701,
                    0.5
                ],
                "id": 0,
                "xyz": [
                    -1.4621670421535131,
                    0.0,
                    -1.8673397526482125
                ]
            }
        ]
    },
    "layoutWalls": {
        "num": 10,
        "walls": [
            {
                "id": 0,
                "normal": [
                    1.0,
                    0.0,
                    -0.0
                ],
                "planeEquation": [
                    1.0,
                    0.0,
                    -0.0,
                    -6.6083036569599996
                ],
                "pointsIdx": [
                    0,
                    1
                ],
                "width": 2.6673397526482123
            },
            {
                "id": 0,
                "normal": [
                    0.0,
                    0.0,
                    1.0
                ],
                "planeEquation": [
                    0.0,
                    0.0,
                    1.0,
                    -0.8
                ],
                "pointsIdx": [
                    1,
                    2
                ],
                "width": 5.8315136569599995
            },
            {
                "id": 0,
                "normal": [
                    1.0,
                    0.0,
                    -0.0
                ],
                "planeEquation": [
                    1.0,
                    0.0,
                    -0.0,
                    -0.7767900000000001
                ],
                "pointsIdx": [
                    2,
                    3
                ],
                "width": 1.24328027648
            },
            {
                "id": 0,
                "normal": [
                    0.0,
                    0.0,
                    1.0
                ],
                "planeEquation": [
                    0.0,
                    0.0,
                    1.0,
                    -2.04328027648
                ],
                "pointsIdx": [
                    3,
                    4
                ],
                "width": 1.51637
            },
            {
                "id": 0,
                "normal": [
                    -1.0,
                    -0.0,
                    -0.0
                ],
                "planeEquation": [
                    -1.0,
                    -0.0,
                    -0.0,
                    -0.7395799999999999
                ],
                "pointsIdx": [
                    4,
                    5
                ],
                "width": 1.16360027648
            },
            {
                "id": 0,
                "normal": [
                    0.0,
                    0.0,
                    1.0
                ],
                "planeEquation": [
                    0.0,
                    0.0,
                    1.0,
                    -0.8796799999999999
                ],
                "pointsIdx": [
                    5,
                    6
                ],
                "width": 5.0026075
            },
            {
                "id": 0,
                "normal": [
                    -1.0,
                    -0.0,
                    -0.0
                ],
                "planeEquation": [
                    -1.0,
                    -0.0,
                    -0.0,
                    -5.7421875
                ],
                "pointsIdx": [
                    6,
                    7
                ],
                "width": 1.50468
            },
            {
                "id": 0,
                "normal": [
                    0.0,
                    0.0,
                    -1.0
                ],
                "planeEquation": [
                    0.0,
                    0.0,
                    -1.0,
                    -0.625
                ],
                "pointsIdx": [
                    7,
                    8
                ],
                "width": 4.280020457846486
            },
            {
                "id": 0,
                "normal": [
                    -1.0,
                    -0.0,
                    -0.0
                ],
                "planeEquation": [
                    -1.0,
                    -0.0,
                    -0.0,
                    -1.4621670421535131
                ],
                "pointsIdx": [
                    8,
                    9
                ],
                "width": 1.2423397526482125
            },
            {
                "id": 0,
                "normal": [
                    0.0,
                    0.0,
                    -1.0
                ],
                "planeEquation": [
                    0.0,
                    0.0,
                    -1.0,
                    -1.8673397526482125
                ],
                "pointsIdx": [
                    9,
                    0
                ],
                "width": 8.070470699113512
            }
        ]
    },
    "panoId": "nothing"
}