{
    "cameraHeight": 1.6,
    "layoutHeight": 2.492298545837402,
    "layoutObj2ds": {
        "num": 0,
        "obj2ds": []
    },
    "layoutPoints": {
        "num": 8,
        "points": [
            {
                "coords": [
                    0.5630801295416237,
                    0.5
                ],
                "id": 0,
                "xyz": [
                    2.436713274998691,
                    0.0,
                    -5.822625151126444
                ]
            },
            {
                "coords": [
                    0.585109647785621,
                    0.5998700996754999
                ],
                "id": 0,
                "xyz": [
                    2.436713274998691,
                    -1.5513808717296842,
                    -4.113786117230031
                ]
            },
            {
                "coords": [
                    0.5717846316010259,
                    0.6041523916852326
                ],
                "id": 0,
                "xyz": [
                    1.992444939948225,
                    -1.5513808717296842,
                    -4.113786117230031
                ]
            },
            {
                "coords": [
                    0.760137205549449,
                    0.5
                ],
                "id": 0,
                "xyz": [
                    1.992444939948225,
                    0.0,
                    0.1270785659880305
                ]
            },
            {
                "coords": [
                    0.2121885120348322,
                    0.5
                ],
                "id": 0,
                "xyz": [
                    -0.5247934577013762,
                    0.0,
                    0.1270785659880305
                ]
            },
            {
                "coords": [
                    0.4719661429661604,
                    0.5
                ],
                "id": 0,
                "xyz": [
                    -0.5247934577013762,
                    0.0,
                    -2.948501939809806
                ]
            },
            {
                "coords": [
                    0.5390515835942061,
                    0.5373502197433222
                ],
                "id": 0,
                "xyz": [
                    0.7383463654423751,
                    -0.358303363195212,
                    -2.948501939809806
                ]
            },
            {
                "coords": [
                    0.520074729539103,
                    0.5194079477845644
                ],
                "id": 0,
                "xyz": [
                    0.7383463654423751,
                    -0.358303363195212,
                    -5.822625151126444
                ]
            }
        ]
    },
    "layoutWalls": {
        "num": 8,
        "walls": [
            {
                "id": 0,
                "normal": [
                    1.0,
                    0.0,
                    -0.0
                ],
                "planeEquation": [
                    1.0,
                    0.0,
                    -0.0,
                    -2.436713274998691
                ],
                "pointsIdx": [
                    0,
                    1
                ],
                "width": 1.708839033896413
            },
            {
                "id": 0,
                "normal": [
                    0.0,
                    0.0,
                    1.0
                ],
                "planeEquation": [
                    0.0,
                    0.0,
                    1.0,
                    4.113786117230031
                ],
                "pointsIdx": [
                    1,
                    2
                ],
                "width": 0.44426833505046615
            },
            {
                "id": 0,
                "normal": [
                    1.0,
                    0.0,
                    -0.0
                ],
                "planeEquation": [
                    1.0,
                    0.0,
                    -0.0,
                    -1.992444939948225
                ],
                "pointsIdx": [
                    2,
                    3
                ],
                "width": 4.240864683218062
            },
            {
                "id": 0,
                "normal": [
                    0.0,
                    0.0,
                    1.0
                ],
                "planeEquation": [
                    0.0,
                    0.0,
                    1.0,
                    -0.1270785659880305
                ],
                "pointsIdx": [
                    3,
                    4
                ],
                "width": 2.517238397649601
            },
            {
                "id": 0,
                "normal": [
                    -1.0,
                    -0.0,
                    -0.0
                ],
                "planeEquation": [
                    -1.0,
                    -0.0,
                    -0.0,
                    -0.5247934577013762
                ],
                "pointsIdx": [
                    4,
                    5
                ],
                "width": 3.0755805057978365
            },
            {
                "id": 0,
                "normal": [
                    0.0,
                    0.0,
                    -1.0
                ],
                "planeEquation": [
                    0.0,
                    0.0,
                    -1.0,
                    -2.948501939809806
                ],
                "pointsIdx": [
                    5,
                    6
                ],
                "width": 1.2631398231437512
            },
            {
                "id": 0,
                "normal": [
                    -1.0,
                    -0.0,
                    -0.0
                ],
                "planeEquation": [
                    -1.0,
                    -0.0,
                    -0.0,
                    0.7383463654423751
                ],
                "pointsIdx": [
                    6,
                    7
                ],
                "width": 2.8741232113166384
            },
            {
                "id": 0,
                "normal": [
                    0.0,
                    0.0,
                    -1.0
                ],
                "planeEquation": [
                    0.0,
                    0.0,
                    -1.0,
                    -5.822625151126444
                ],
                "pointsIdx": [
                    7,
                    0
                ],
                "width": 1.698366909556316
            }
        ]
    },
    "panoId": "nothing"
}