{
    "cameraHeight": 1.6,
    "layoutHeight": 2.5448022747039794,
    "layoutObj2ds": {
        "num": 0,
        "obj2ds": []
    },
    "layoutPoints": {
        "num": 10,
        "points": [
            {
                "coords": [
                    0.5084796569465091,
                    0.5
                ],
                "id": 0,
                "xyz": [
                    0.43380259185972764,
                    0.0,
                    -8.134348558183175
                ]
            },
            {
                "coords": [
                    0.5178143139064827,
                    0.5
                ],
                "id": 0,
                "xyz": [
                    0.43380259185972764,
                    0.0,
                    -3.8594389125804853
                ]
            },
            {
                "coords": [
                    0.5611229727929335,
                    0.5
                ],
                "id": 0,
                "xyz": [
                    1.5596491421065084,
                    0.0,
                    -3.8594389125804853
                ]
            },
            {
                "coords": [
                    0.6917448524753409,
                    0.5
                ],
                "id": 0,
                "xyz": [
                    1.5596491421065084,
                    0.0,
                    -0.5978142928589243
                ]
            },
            {
                "coords": [
                    0.7277991201079639,
                    0.5
                ],
                "id": 0,
                "xyz": [
                    4.2578125,
                    0.0,
                    -0.5978142928589243
                ]
            },
            {
                "coords": [
                    0.7717653475180236,
                    0.5
                ],
                "id": 0,
                "xyz": [
                    4.2578125,
                    0.0,
                    0.5859375
                ]
            },
            {
                "coords": [
                    0.8039798564378071,
                    0.5
                ],
                "id": 0,
                "xyz": [
                    1.6608292044019823,
                    0.0,
                    0.5859375
                ]
            },
            {
                "coords": [
                    0.942453529959669,
                    0.5
                ],
                "id": 0,
                "xyz": [
                    1.6608292044019823,
                    0.0,
                    4.391378797465854
                ]
            },
            {
                "coords": [
                    0.039789196496259394,
                    0.5
                ],
                "id": 0,
                "xyz": [
                    -1.1213166399999999,
                    0.0,
                    4.391378797465854
                ]
            },
            {
                "coords": [
                    0.4781979607512399,
                    0.5
                ],
                "id": 0,
                "xyz": [
                    -1.1213166399999999,
                    0.0,
                    -8.134348558183175
                ]
            }
        ]
    },
    "layoutWalls": {
        "num": 10,
        "walls": [
            {
                "id": 0,
                "normal": [
                    1.0,
                    0.0,
                    -0.0
                ],
                "planeEquation": [
                    1.0,
                    0.0,
                    -0.0,
                    -0.43380259185972764
                ],
                "pointsIdx": [
                    0,
                    1
                ],
                "width": 4.2749096456026905
            },
            {
                "id": 0,
                "normal": [
                    0.0,
                    0.0,
                    -1.0
                ],
                "planeEquation": [
                    0.0,
                    0.0,
                    -1.0,
                    -3.8594389125804853
                ],
                "pointsIdx": [
                    1,
                    2
                ],
                "width": 1.1258465502467807
            },
            {
                "id": 0,
                "normal": [
                    1.0,
                    0.0,
                    -0.0
                ],
                "planeEquation": [
                    1.0,
                    0.0,
                    -0.0,
                    -1.5596491421065084
                ],
                "pointsIdx": [
                    2,
                    3
                ],
                "width": 3.261624619721561
            },
            {
                "id": 0,
                "normal": [
                    0.0,
                    0.0,
                    -1.0
                ],
                "planeEquation": [
                    0.0,
                    0.0,
                    -1.0,
                    -0.5978142928589243
                ],
                "pointsIdx": [
                    3,
                    4
                ],
                "width": 2.698163357893492
            },
            {
                "id": 0,
                "normal": [
                    1.0,
                    0.0,
                    -0.0
                ],
                "planeEquation": [
                    1.0,
                    0.0,
                    -0.0,
                    -4.2578125
                ],
                "pointsIdx": [
                    4,
                    5
                ],
                "width": 1.1837517928589243
            },
            {
                "id": 0,
                "normal": [
                    0.0,
                    0.0,
                    1.0
                ],
                "planeEquation": [
                    0.0,
                    0.0,
                    1.0,
                    -0.5859375
                ],
                "pointsIdx": [
                    5,
                    6
                ],
                "width": 2.596983295598018
            },
            {
                "id": 0,
                "normal": [
                    1.0,
                    0.0,
                    -0.0
                ],
                "planeEquation": [
                    1.0,
                    0.0,
                    -0.0,
                    -1.6608292044019823
                ],
                "pointsIdx": [
                    6,
                    7
                ],
                "width": 3.805441297465854
            },
            {
                "id": 0,
                "normal": [
                    0.0,
                    0.0,
                    1.0
                ],
                "planeEquation": [
                    0.0,
                    0.0,
                    1.0,
                    -4.391378797465854
                ],
                "pointsIdx": [
                    7,
                    8
                ],
                "width": 2.782145844401982
            },
            {
                "id": 0,
                "normal": [
                    -1.0,
                    -0.0,
                    -0.0
                ],
                "planeEquation": [
                    -1.0,
                    -0.0,
                    -0.0,
                    -1.1213166399999999
                ],
                "pointsIdx": [
                    8,
                    9
                ],
                "width": 12.525727355649028
            },
            {
                "id": 0,
                "normal": [
                    0.0,
                    0.0,
                    -1.0
                ],
                "planeEquation": [
                    0.0,
                    0.0,
                    -1.0,
                    -8.134348558183175
                ],
                "pointsIdx": [
                    9,
                    0
                ],
                "width": 1.5551192318597276
            }
        ]
    },
    "panoId": "nothing"
}