{
    "cameraHeight": 1.6,
    "layoutHeight": 2.556266117095947,
    "layoutObj2ds": {
        "num": 0,
        "obj2ds": []
    },
    "layoutPoints": {
        "num": 4,
        "points": [
            {
                "coords": [
                    0.5345525338852894,
                    0.5
                ],
                "id": 0,
                "xyz": [
                    1.3253850569327479,
                    0.0,
                    -6.008736227950592
                ]
            },
            {
                "coords": [
                    0.9198391762468798,
                    0.5
                ],
                "id": 0,
                "xyz": [
                    1.3253850569327479,
                    0.0,
                    2.4051064394956803
                ]
            },
            {
                "coords": [
                    0.08024832719577918,
                    0.5
                ],
                "id": 0,
                "xyz": [
                    -1.3271094719886132,
                    0.0,
                    2.4051064394956803
                ]
            },
            {
                "coords": [
                    0.46540391288298366,
                    0.5
                ],
                "id": 0,
                "xyz": [
                    -1.3271094719886132,
                    0.0,
                    -6.008736227950592
                ]
            }
        ]
    },
    "layoutWalls": {
        "num": 4,
        "walls": [
            {
                "id": 0,
                "normal": [
                    1.0,
                    0.0,
                    -0.0
                ],
                "planeEquation": [
                    1.0,
                    0.0,
                    -0.0,
                    -1.3253850569327479
                ],
                "pointsIdx": [
                    0,
                    1
                ],
                "width": 8.413842667446271
            },
            {
                "id": 0,
                "normal": [
                    0.0,
                    0.0,
                    1.0
                ],
                "planeEquation": [
                    0.0,
                    0.0,
                    1.0,
                    -2.4051064394956803
                ],
                "pointsIdx": [
                    1,
                    2
                ],
                "width": 2.652494528921361
            },
            {
                "id": 0,
                "normal": [
                    -1.0,
                    -0.0,
                    -0.0
                ],
                "planeEquation": [
                    -1.0,
                    -0.0,
                    -0.0,
                    -1.3271094719886132
                ],
                "pointsIdx": [
                    2,
                    3
                ],
                "width": 8.413842667446271
            },
            {
                "id": 0,
                "normal": [
                    0.0,
                    0.0,
                    -1.0
                ],
                "planeEquation": [
                    0.0,
                    0.0,
                    -1.0,
                    -6.008736227950592
                ],
                "pointsIdx": [
                    3,
                    0
                ],
                "width": 2.652494528921361
            }
        ]
    },
    "panoId": "nothing"
}