{
    "cameraHeight": 1.6,
    "layoutHeight": 2.5499604988098143,
    "layoutObj2ds": {
        "num": 0,
        "obj2ds": []
    },
    "layoutPoints": {
        "num": 10,
        "points": [
            {
                "coords": [
                    0.5962997825384542,
                    0.5
                ],
                "id": 0,
                "xyz": [
                    0.8203125,
                    0.0,
                    -1.1861000000000002
                ]
            },
            {
                "coords": [
                    0.6619550240560472,
                    0.5
                ],
                "id": 0,
                "xyz": [
                    0.8203125,
                    0.0,
                    -0.50656
                ]
            },
            {
                "coords": [
                    0.7378464488448719,
                    0.5
                ],
                "id": 0,
                "xyz": [
                    6.620678704114643,
                    0.0,
                    -0.50656
                ]
            },
            {
                "coords": [
                    0.7646033866262483,
                    0.5
                ],
                "id": 0,
                "xyz": [
                    6.620678704114643,
                    0.0,
                    0.60919616
                ]
            },
            {
                "coords": [
                    0.7699999999999999,
                    0.5361534113547619
                ],
                "id": 0,
                "xyz": [
                    4.822284155065961,
                    -0.554451053470529,
                    0.60919616
                ]
            },
            {
                "coords": [
                    0.8609487299851324,
                    0.5279875410709302
                ],
                "id": 0,
                "xyz": [
                    4.822284155065961,
                    -0.554451053470529,
                    4.0379998506927315
                ]
            },
            {
                "coords": [
                    0.938886138910612,
                    0.5228836923737322
                ],
                "id": 0,
                "xyz": [
                    1.631539000477139,
                    -0.31363790374314665,
                    4.0379998506927315
                ]
            },
            {
                "coords": [
                    0.806875,
                    0.5567164802116702
                ],
                "id": 0,
                "xyz": [
                    1.631539000477139,
                    -0.31363790374314665,
                    0.60919616
                ]
            },
            {
                "coords": [
                    0.19175858957819591,
                    0.5
                ],
                "id": 0,
                "xyz": [
                    -1.58975408,
                    0.0,
                    0.60919616
                ]
            },
            {
                "coords": [
                    0.35201738931807175,
                    0.5
                ],
                "id": 0,
                "xyz": [
                    -1.58975408,
                    0.0,
                    -1.1861000000000002
                ]
            }
        ]
    },
    "layoutWalls": {
        "num": 10,
        "walls": [
            {
                "id": 0,
                "normal": [
                    1.0,
                    0.0,
                    -0.0
                ],
                "planeEquation": [
                    1.0,
                    0.0,
                    -0.0,
                    -0.8203125
                ],
                "pointsIdx": [
                    0,
                    1
                ],
                "width": 0.6795400000000001
            },
            {
                "id": 0,
                "normal": [
                    0.0,
                    0.0,
                    -1.0
                ],
                "planeEquation": [
                    0.0,
                    0.0,
                    -1.0,
                    -0.50656
                ],
                "pointsIdx": [
                    1,
                    2
                ],
                "width": 5.800366204114643
            },
            {
                "id": 0,
                "normal": [
                    1.0,
                    0.0,
                    -0.0
                ],
                "planeEquation": [
                    1.0,
                    0.0,
                    -0.0,
                    -6.620678704114643
                ],
                "pointsIdx": [
                    2,
                    3
                ],
                "width": 1.11575616
            },
            {
                "id": 0,
                "normal": [
                    0.0,
                    0.0,
                    1.0
                ],
                "planeEquation": [
                    0.0,
                    0.0,
                    1.0,
                    -0.60919616
                ],
                "pointsIdx": [
                    3,
                    4
                ],
                "width": 1.7983945490486821
            },
            {
                "id": 0,
                "normal": [
                    1.0,
                    0.0,
                    -0.0
                ],
                "planeEquation": [
                    1.0,
                    0.0,
                    -0.0,
                    -4.822284155065961
                ],
                "pointsIdx": [
                    4,
                    5
                ],
                "width": 3.4288036906927317
            },
            {
                "id": 0,
                "normal": [
                    0.0,
                    0.0,
                    1.0
                ],
                "planeEquation": [
                    0.0,
                    0.0,
                    1.0,
                    -4.0379998506927315
                ],
                "pointsIdx": [
                    5,
                    6
                ],
                "width": 3.1907451545888215
            },
            {
                "id": 0,
                "normal": [
                    -1.0,
                    -0.0,
                    -0.0
                ],
                "planeEquation": [
                    -1.0,
                    -0.0,
                    -0.0,
                    1.631539000477139
                ],
                "pointsIdx": [
                    6,
                    7
                ],
                "width": 3.4288036906927317
            },
            {
                "id": 0,
                "normal": [
                    0.0,
                    0.0,
                    1.0
                ],
                "planeEquation": [
                    0.0,
                    0.0,
                    1.0,
                    -0.60919616
                ],
                "pointsIdx": [
                    7,
                    8
                ],
                "width": 3.221293080477139
            },
            {
                "id": 0,
                "normal": [
                    -1.0,
                    -0.0,
                    -0.0
                ],
                "planeEquation": [
                    -1.0,
                    -0.0,
                    -0.0,
                    -1.58975408
                ],
                "pointsIdx": [
                    8,
                    9
                ],
                "width": 1.7952961600000001
            },
            {
                "id": 0,
                "normal": [
                    0.0,
                    0.0,
                    -1.0
                ],
                "planeEquation": [
                    0.0,
                    0.0,
                    -1.0,
                    -1.1861000000000002
                ],
                "pointsIdx": [
                    9,
                    0
                ],
                "width": 2.41006658
            }
        ]
    },
    "panoId": "nothing"
}