{
    "cameraHeight": 1.6,
    "layoutHeight": 2.590312700271606,
    "layoutObj2ds": {
        "num": 0,
        "obj2ds": []
    },
    "layoutPoints": {
        "num": 6,
        "points": [
            {
                "coords": [
                    0.5538752066837522,
                    0.5
                ],
                "id": 0,
                "xyz": [
                    0.9241508200212073,
                    0.0,
                    -2.624988748978561
                ]
            },
            {
                "coords": [
                    0.8661887649214365,
                    0.5
                ],
                "id": 0,
                "xyz": [
                    0.9241508200212073,
                    0.0,
                    0.8270979199999999
                ]
            },
            {
                "coords": [
                    0.23931249487404938,
                    0.5
                ],
                "id": 0,
                "xyz": [
                    -12.298361187247535,
                    0.0,
                    0.8270979199999999
                ]
            },
            {
                "coords": [
                    0.26205835832376556,
                    0.5058278328881273
                ],
                "id": 0,
                "xyz": [
                    -12.298361187247535,
                    -0.22583977130368493,
                    -0.9335711199745753
                ]
            },
            {
                "coords": [
                    0.27295807246464515,
                    0.5110646144959119
                ],
                "id": 0,
                "xyz": [
                    -6.426953209936414,
                    -0.22583977130368493,
                    -0.9335711199745753
                ]
            },
            {
                "coords": [
                    0.3117133151229816,
                    0.5
                ],
                "id": 0,
                "xyz": [
                    -6.426953209936414,
                    0.0,
                    -2.624988748978561
                ]
            }
        ]
    },
    "layoutWalls": {
        "num": 6,
        "walls": [
            {
                "id": 0,
                "normal": [
                    1.0,
                    0.0,
                    -0.0
                ],
                "planeEquation": [
                    1.0,
                    0.0,
                    -0.0,
                    -0.9241508200212073
                ],
                "pointsIdx": [
                    0,
                    1
                ],
                "width": 3.452086668978561
            },
            {
                "id": 0,
                "normal": [
                    0.0,
                    0.0,
                    1.0
                ],
                "planeEquation": [
                    0.0,
                    0.0,
                    1.0,
                    -0.8270979199999999
                ],
                "pointsIdx": [
                    1,
                    2
                ],
                "width": 13.222512007268742
            },
            {
                "id": 0,
                "normal": [
                    -1.0,
                    -0.0,
                    -0.0
                ],
                "planeEquation": [
                    -1.0,
                    -0.0,
                    -0.0,
                    -12.298361187247535
                ],
                "pointsIdx": [
                    2,
                    3
                ],
                "width": 1.7606690399745752
            },
            {
                "id": 0,
                "normal": [
                    0.0,
                    0.0,
                    -1.0
                ],
                "planeEquation": [
                    0.0,
                    0.0,
                    -1.0,
                    -0.9335711199745753
                ],
                "pointsIdx": [
                    3,
                    4
                ],
                "width": 5.8714079773111205
            },
            {
                "id": 0,
                "normal": [
                    -1.0,
                    -0.0,
                    -0.0
                ],
                "planeEquation": [
                    -1.0,
                    -0.0,
                    -0.0,
                    -6.426953209936414
                ],
                "pointsIdx": [
                    4,
                    5
                ],
                "width": 1.6914176290039857
            },
            {
                "id": 0,
                "normal": [
                    0.0,
                    0.0,
                    -1.0
                ],
                "planeEquation": [
                    0.0,
                    0.0,
                    -1.0,
                    -2.624988748978561
                ],
                "pointsIdx": [
                    5,
                    0
                ],
                "width": 7.351104029957622
            }
        ]
    },
    "panoId": "nothing"
}