{
    "cameraHeight": 1.6,
    "layoutHeight": 2.9699577140808104,
    "layoutObj2ds": {
        "num": 0,
        "obj2ds": []
    },
    "layoutPoints": {
        "num": 8,
        "points": [
            {
                "coords": [
                    0.6797595055584551,
                    0.5
                ],
                "id": 0,
                "xyz": [
                    3.8,
                    0.0,
                    -1.79516280576
                ]
            },
            {
                "coords": [
                    0.8747045975932465,
                    0.5
                ],
                "id": 0,
                "xyz": [
                    3.8,
                    0.0,
                    3.78592
                ]
            },
            {
                "coords": [
                    0.09034154221661267,
                    0.5
                ],
                "id": 0,
                "xyz": [
                    -2.41403,
                    0.0,
                    3.78592
                ]
            },
            {
                "coords": [
                    0.20508151406469066,
                    0.5
                ],
                "id": 0,
                "xyz": [
                    -2.41403,
                    0.0,
                    0.7
                ]
            },
            {
                "coords": [
                    0.22439550606289016,
                    0.5
                ],
                "id": 0,
                "xyz": [
                    -4.31352608,
                    0.0,
                    0.7
                ]
            },
            {
                "coords": [
                    0.2826298803785451,
                    0.5
                ],
                "id": 0,
                "xyz": [
                    -4.31352608,
                    0.0,
                    -0.89696
                ]
            },
            {
                "coords": [
                    0.3062219859094679,
                    0.5
                ],
                "id": 0,
                "xyz": [
                    -2.432635,
                    0.0,
                    -0.89696
                ]
            },
            {
                "coords": [
                    0.35118185543473257,
                    0.5
                ],
                "id": 0,
                "xyz": [
                    -2.432635,
                    0.0,
                    -1.79516280576
                ]
            }
        ]
    },
    "layoutWalls": {
        "num": 8,
        "walls": [
            {
                "id": 0,
                "normal": [
                    1.0,
                    0.0,
                    -0.0
                ],
                "planeEquation": [
                    1.0,
                    0.0,
                    -0.0,
                    -3.8
                ],
                "pointsIdx": [
                    0,
                    1
                ],
                "width": 5.5810828057599995
            },
            {
                "id": 0,
                "normal": [
                    0.0,
                    0.0,
                    1.0
                ],
                "planeEquation": [
                    0.0,
                    0.0,
                    1.0,
                    -3.78592
                ],
                "pointsIdx": [
                    1,
                    2
                ],
                "width": 6.214029999999999
            },
            {
                "id": 0,
                "normal": [
                    -1.0,
                    -0.0,
                    -0.0
                ],
                "planeEquation": [
                    -1.0,
                    -0.0,
                    -0.0,
                    -2.41403
                ],
                "pointsIdx": [
                    2,
                    3
                ],
                "width": 3.0859199999999998
            },
            {
                "id": 0,
                "normal": [
                    0.0,
                    0.0,
                    1.0
                ],
                "planeEquation": [
                    0.0,
                    0.0,
                    1.0,
                    -0.7
                ],
                "pointsIdx": [
                    3,
                    4
                ],
                "width": 1.89949608
            },
            {
                "id": 0,
                "normal": [
                    -1.0,
                    -0.0,
                    -0.0
                ],
                "planeEquation": [
                    -1.0,
                    -0.0,
                    -0.0,
                    -4.31352608
                ],
                "pointsIdx": [
                    4,
                    5
                ],
                "width": 1.59696
            },
            {
                "id": 0,
                "normal": [
                    0.0,
                    0.0,
                    -1.0
                ],
                "planeEquation": [
                    0.0,
                    0.0,
                    -1.0,
                    -0.89696
                ],
                "pointsIdx": [
                    5,
                    6
                ],
                "width": 1.88089108
            },
            {
                "id": 0,
                "normal": [
                    -1.0,
                    -0.0,
                    -0.0
                ],
                "planeEquation": [
                    -1.0,
                    -0.0,
                    -0.0,
                    -2.432635
                ],
                "pointsIdx": [
                    6,
                    7
                ],
                "width": 0.89820280576
            },
            {
                "id": 0,
                "normal": [
                    0.0,
                    0.0,
                    -1.0
                ],
                "planeEquation": [
                    0.0,
                    0.0,
                    -1.0,
                    -1.79516280576
                ],
                "pointsIdx": [
                    7,
                    0
                ],
                "width": 6.232635
            }
        ]
    },
    "panoId": "nothing"
}