{
    "cameraHeight": 1.6,
    "layoutHeight": 3.0969050693511964,
    "layoutObj2ds": {
        "num": 0,
        "obj2ds": []
    },
    "layoutPoints": {
        "num": 8,
        "points": [
            {
                "coords": [
                    0.7149538535356803,
                    0.5
                ],
                "id": 0,
                "xyz": [
                    2.7922860449448064,
                    0.0,
                    -0.625
                ]
            },
            {
                "coords": [
                    0.93122752315226,
                    0.5
                ],
                "id": 0,
                "xyz": [
                    2.7922860449448064,
                    0.0,
                    6.0546875
                ]
            },
            {
                "coords": [
                    0.007569444444444462,
                    0.49028230949365686
                ],
                "id": 0,
                "xyz": [
                    -0.2881796001121997,
                    0.18511047234475367,
                    6.0546875
                ]
            },
            {
                "coords": [
                    0.005809095263834829,
                    0.49254014657010253
                ],
                "id": 0,
                "xyz": [
                    -0.2881796001121997,
                    0.18511047234475367,
                    7.8919068137530015
                ]
            },
            {
                "coords": [
                    0.037012329049962434,
                    0.49620755244826065
                ],
                "id": 0,
                "xyz": [
                    -1.869122324487753,
                    0.09663247730722148,
                    7.8919068137530015
                ]
            },
            {
                "coords": [
                    0.04631944444444447,
                    0.4952782973397223
                ],
                "id": 0,
                "xyz": [
                    -1.869122324487753,
                    0.09663247730722148,
                    6.24
                ]
            },
            {
                "coords": [
                    0.07067581441269538,
                    0.5
                ],
                "id": 0,
                "xyz": [
                    -2.96875,
                    0.0,
                    6.24
                ]
            },
            {
                "coords": [
                    0.28302405011007775,
                    0.5
                ],
                "id": 0,
                "xyz": [
                    -2.96875,
                    0.0,
                    -0.625
                ]
            }
        ]
    },
    "layoutWalls": {
        "num": 8,
        "walls": [
            {
                "id": 0,
                "normal": [
                    1.0,
                    0.0,
                    -0.0
                ],
                "planeEquation": [
                    1.0,
                    0.0,
                    -0.0,
                    -2.7922860449448064
                ],
                "pointsIdx": [
                    0,
                    1
                ],
                "width": 6.6796875
            },
            {
                "id": 0,
                "normal": [
                    0.0,
                    0.0,
                    1.0
                ],
                "planeEquation": [
                    0.0,
                    0.0,
                    1.0,
                    -6.0546875
                ],
                "pointsIdx": [
                    1,
                    2
                ],
                "width": 3.0804656450570063
            },
            {
                "id": 0,
                "normal": [
                    1.0,
                    0.0,
                    -0.0
                ],
                "planeEquation": [
                    1.0,
                    0.0,
                    -0.0,
                    0.2881796001121997
                ],
                "pointsIdx": [
                    2,
                    3
                ],
                "width": 1.8372193137530015
            },
            {
                "id": 0,
                "normal": [
                    0.0,
                    0.0,
                    1.0
                ],
                "planeEquation": [
                    0.0,
                    0.0,
                    1.0,
                    -7.8919068137530015
                ],
                "pointsIdx": [
                    3,
                    4
                ],
                "width": 1.5809427243755534
            },
            {
                "id": 0,
                "normal": [
                    -1.0,
                    -0.0,
                    -0.0
                ],
                "planeEquation": [
                    -1.0,
                    -0.0,
                    -0.0,
                    -1.869122324487753
                ],
                "pointsIdx": [
                    4,
                    5
                ],
                "width": 1.6519068137530013
            },
            {
                "id": 0,
                "normal": [
                    0.0,
                    0.0,
                    1.0
                ],
                "planeEquation": [
                    0.0,
                    0.0,
                    1.0,
                    -6.24
                ],
                "pointsIdx": [
                    5,
                    6
                ],
                "width": 1.099627675512247
            },
            {
                "id": 0,
                "normal": [
                    -1.0,
                    -0.0,
                    -0.0
                ],
                "planeEquation": [
                    -1.0,
                    -0.0,
                    -0.0,
                    -2.96875
                ],
                "pointsIdx": [
                    6,
                    7
                ],
                "width": 6.865
            },
            {
                "id": 0,
                "normal": [
                    0.0,
                    0.0,
                    -1.0
                ],
                "planeEquation": [
                    0.0,
                    0.0,
                    -1.0,
                    -0.625
                ],
                "pointsIdx": [
                    7,
                    0
                ],
                "width": 5.761036044944806
            }
        ]
    },
    "panoId": "nothing"
}