{
    "cameraHeight": 1.6,
    "layoutHeight": 3.079295082092285,
    "layoutObj2ds": {
        "num": 0,
        "obj2ds": []
    },
    "layoutPoints": {
        "num": 4,
        "points": [
            {
                "coords": [
                    0.6503875550578541,
                    0.5
                ],
                "id": 0,
                "xyz": [
                    2.7734375,
                    0.0,
                    -2.0047200000000003
                ]
            },
            {
                "coords": [
                    0.9009421372027092,
                    0.5
                ],
                "id": 0,
                "xyz": [
                    2.7734375,
                    0.0,
                    3.86522
                ]
            },
            {
                "coords": [
                    0.11945268196452985,
                    0.5
                ],
                "id": 0,
                "xyz": [
                    -3.60475,
                    0.0,
                    3.86522
                ]
            },
            {
                "coords": [
                    0.3307774297024153,
                    0.5
                ],
                "id": 0,
                "xyz": [
                    -3.60475,
                    0.0,
                    -2.0047200000000003
                ]
            }
        ]
    },
    "layoutWalls": {
        "num": 4,
        "walls": [
            {
                "id": 0,
                "normal": [
                    1.0,
                    0.0,
                    -0.0
                ],
                "planeEquation": [
                    1.0,
                    0.0,
                    -0.0,
                    -2.7734375
                ],
                "pointsIdx": [
                    0,
                    1
                ],
                "width": 5.86994
            },
            {
                "id": 0,
                "normal": [
                    0.0,
                    0.0,
                    1.0
                ],
                "planeEquation": [
                    0.0,
                    0.0,
                    1.0,
                    -3.86522
                ],
                "pointsIdx": [
                    1,
                    2
                ],
                "width": 6.3781875
            },
            {
                "id": 0,
                "normal": [
                    -1.0,
                    -0.0,
                    -0.0
                ],
                "planeEquation": [
                    -1.0,
                    -0.0,
                    -0.0,
                    -3.60475
                ],
                "pointsIdx": [
                    2,
                    3
                ],
                "width": 5.86994
            },
            {
                "id": 0,
                "normal": [
                    0.0,
                    0.0,
                    -1.0
                ],
                "planeEquation": [
                    0.0,
                    0.0,
                    -1.0,
                    -2.0047200000000003
                ],
                "pointsIdx": [
                    3,
                    0
                ],
                "width": 6.3781875
            }
        ]
    },
    "panoId": "nothing"
}