{
    "cameraHeight": 1.6,
    "layoutHeight": 3.317541198730469,
    "layoutObj2ds": {
        "num": 0,
        "obj2ds": []
    },
    "layoutPoints": {
        "num": 4,
        "points": [
            {
                "coords": [
                    0.5969983389234935,
                    0.5
                ],
                "id": 0,
                "xyz": [
                    2.890625,
                    0.0,
                    -4.140625
                ]
            },
            {
                "coords": [
                    0.8149589473811493,
                    0.5
                ],
                "id": 0,
                "xyz": [
                    2.890625,
                    0.0,
                    1.25
                ]
            },
            {
                "coords": [
                    0.16730569882025048,
                    0.5
                ],
                "id": 0,
                "xyz": [
                    -2.1852799999999997,
                    0.0,
                    1.25
                ]
            },
            {
                "coords": [
                    0.4227123423743231,
                    0.5
                ],
                "id": 0,
                "xyz": [
                    -2.1852799999999997,
                    0.0,
                    -4.140625
                ]
            }
        ]
    },
    "layoutWalls": {
        "num": 4,
        "walls": [
            {
                "id": 0,
                "normal": [
                    1.0,
                    0.0,
                    -0.0
                ],
                "planeEquation": [
                    1.0,
                    0.0,
                    -0.0,
                    -2.890625
                ],
                "pointsIdx": [
                    0,
                    1
                ],
                "width": 5.390625
            },
            {
                "id": 0,
                "normal": [
                    0.0,
                    0.0,
                    1.0
                ],
                "planeEquation": [
                    0.0,
                    0.0,
                    1.0,
                    -1.25
                ],
                "pointsIdx": [
                    1,
                    2
                ],
                "width": 5.075905
            },
            {
                "id": 0,
                "normal": [
                    -1.0,
                    -0.0,
                    -0.0
                ],
                "planeEquation": [
                    -1.0,
                    -0.0,
                    -0.0,
                    -2.1852799999999997
                ],
                "pointsIdx": [
                    2,
                    3
                ],
                "width": 5.390625
            },
            {
                "id": 0,
                "normal": [
                    0.0,
                    0.0,
                    -1.0
                ],
                "planeEquation": [
                    0.0,
                    0.0,
                    -1.0,
                    -4.140625
                ],
                "pointsIdx": [
                    3,
                    0
                ],
                "width": 5.075905
            }
        ]
    },
    "panoId": "nothing"
}