{
    "cameraHeight": 1.6,
    "layoutHeight": 3.8812613487243652,
    "layoutObj2ds": {
        "num": 0,
        "obj2ds": []
    },
    "layoutPoints": {
        "num": 6,
        "points": [
            {
                "coords": [
                    0.5902746878333579,
                    0.5
                ],
                "id": 0,
                "xyz": [
                    1.904375,
                    0.0,
                    -2.9893980455782003
                ]
            },
            {
                "coords": [
                    0.822705858813195,
                    0.5
                ],
                "id": 0,
                "xyz": [
                    1.904375,
                    0.0,
                    0.9359999999999999
                ]
            },
            {
                "coords": [
                    0.8679334052542311,
                    0.5
                ],
                "id": 0,
                "xyz": [
                    1.02304,
                    0.0,
                    0.9359999999999999
                ]
            },
            {
                "coords": [
                    0.9456773085641479,
                    0.5
                ],
                "id": 0,
                "xyz": [
                    1.02304,
                    0.0,
                    2.88
                ]
            },
            {
                "coords": [
                    0.09239123813641448,
                    0.5
                ],
                "id": 0,
                "xyz": [
                    -1.888990341361828,
                    0.0,
                    2.88
                ]
            },
            {
                "coords": [
                    0.41030930217414435,
                    0.5
                ],
                "id": 0,
                "xyz": [
                    -1.888990341361828,
                    0.0,
                    -2.9893980455782003
                ]
            }
        ]
    },
    "layoutWalls": {
        "num": 6,
        "walls": [
            {
                "id": 0,
                "normal": [
                    1.0,
                    0.0,
                    -0.0
                ],
                "planeEquation": [
                    1.0,
                    0.0,
                    -0.0,
                    -1.904375
                ],
                "pointsIdx": [
                    0,
                    1
                ],
                "width": 3.9253980455782003
            },
            {
                "id": 0,
                "normal": [
                    0.0,
                    0.0,
                    1.0
                ],
                "planeEquation": [
                    0.0,
                    0.0,
                    1.0,
                    -0.9359999999999999
                ],
                "pointsIdx": [
                    1,
                    2
                ],
                "width": 0.881335
            },
            {
                "id": 0,
                "normal": [
                    1.0,
                    0.0,
                    -0.0
                ],
                "planeEquation": [
                    1.0,
                    0.0,
                    -0.0,
                    -1.02304
                ],
                "pointsIdx": [
                    2,
                    3
                ],
                "width": 1.944
            },
            {
                "id": 0,
                "normal": [
                    0.0,
                    0.0,
                    1.0
                ],
                "planeEquation": [
                    0.0,
                    0.0,
                    1.0,
                    -2.88
                ],
                "pointsIdx": [
                    3,
                    4
                ],
                "width": 2.9120303413618283
            },
            {
                "id": 0,
                "normal": [
                    -1.0,
                    -0.0,
                    -0.0
                ],
                "planeEquation": [
                    -1.0,
                    -0.0,
                    -0.0,
                    -1.888990341361828
                ],
                "pointsIdx": [
                    4,
                    5
                ],
                "width": 5.8693980455782
            },
            {
                "id": 0,
                "normal": [
                    0.0,
                    0.0,
                    -1.0
                ],
                "planeEquation": [
                    0.0,
                    0.0,
                    -1.0,
                    -2.9893980455782003
                ],
                "pointsIdx": [
                    5,
                    0
                ],
                "width": 3.7933653413618282
            }
        ]
    },
    "panoId": "nothing"
}