{
    "cameraHeight": 1.6,
    "layoutHeight": 3.7884357643127444,
    "layoutObj2ds": {
        "num": 0,
        "obj2ds": []
    },
    "layoutPoints": {
        "num": 6,
        "points": [
            {
                "coords": [
                    0.5153114963061483,
                    0.5
                ],
                "id": 0,
                "xyz": [
                    0.5616768989593601,
                    0.0,
                    -5.8203125
                ]
            },
            {
                "coords": [
                    0.6448442165887618,
                    0.5
                ],
                "id": 0,
                "xyz": [
                    0.5616768989593601,
                    0.0,
                    -0.4365625
                ]
            },
            {
                "coords": [
                    0.73411426854991,
                    0.5
                ],
                "id": 0,
                "xyz": [
                    4.35926973074512,
                    0.0,
                    -0.4365625
                ]
            },
            {
                "coords": [
                    0.8889582239597104,
                    0.5
                ],
                "id": 0,
                "xyz": [
                    4.35926973074512,
                    0.0,
                    5.199774084569575
                ]
            },
            {
                "coords": [
                    0.024258557684892768,
                    0.5
                ],
                "id": 0,
                "xyz": [
                    -0.79875,
                    0.0,
                    5.199774084569575
                ]
            },
            {
                "coords": [
                    0.47829397592010114,
                    0.5
                ],
                "id": 0,
                "xyz": [
                    -0.79875,
                    0.0,
                    -5.8203125
                ]
            }
        ]
    },
    "layoutWalls": {
        "num": 6,
        "walls": [
            {
                "id": 0,
                "normal": [
                    1.0,
                    0.0,
                    -0.0
                ],
                "planeEquation": [
                    1.0,
                    0.0,
                    -0.0,
                    -0.5616768989593601
                ],
                "pointsIdx": [
                    0,
                    1
                ],
                "width": 5.38375
            },
            {
                "id": 0,
                "normal": [
                    0.0,
                    0.0,
                    -1.0
                ],
                "planeEquation": [
                    0.0,
                    0.0,
                    -1.0,
                    -0.4365625
                ],
                "pointsIdx": [
                    1,
                    2
                ],
                "width": 3.7975928317857597
            },
            {
                "id": 0,
                "normal": [
                    1.0,
                    0.0,
                    -0.0
                ],
                "planeEquation": [
                    1.0,
                    0.0,
                    -0.0,
                    -4.35926973074512
                ],
                "pointsIdx": [
                    2,
                    3
                ],
                "width": 5.636336584569575
            },
            {
                "id": 0,
                "normal": [
                    0.0,
                    0.0,
                    1.0
                ],
                "planeEquation": [
                    0.0,
                    0.0,
                    1.0,
                    -5.199774084569575
                ],
                "pointsIdx": [
                    3,
                    4
                ],
                "width": 5.15801973074512
            },
            {
                "id": 0,
                "normal": [
                    -1.0,
                    -0.0,
                    -0.0
                ],
                "planeEquation": [
                    -1.0,
                    -0.0,
                    -0.0,
                    -0.79875
                ],
                "pointsIdx": [
                    4,
                    5
                ],
                "width": 11.020086584569576
            },
            {
                "id": 0,
                "normal": [
                    0.0,
                    0.0,
                    -1.0
                ],
                "planeEquation": [
                    0.0,
                    0.0,
                    -1.0,
                    -5.8203125
                ],
                "pointsIdx": [
                    5,
                    0
                ],
                "width": 1.3604268989593602
            }
        ]
    },
    "panoId": "nothing"
}