{
    "cameraHeight": 1.6,
    "layoutHeight": 3.8953465080261234,
    "layoutObj2ds": {
        "num": 0,
        "obj2ds": []
    },
    "layoutPoints": {
        "num": 10,
        "points": [
            {
                "coords": [
                    0.5461477082355901,
                    0.5
                ],
                "id": 0,
                "xyz": [
                    1.73509027311712,
                    0.0,
                    -5.81536
                ]
            },
            {
                "coords": [
                    0.6734111756682849,
                    0.5097969615422596
                ],
                "id": 0,
                "xyz": [
                    1.73509027311712,
                    -0.06026373370728262,
                    -0.9060029854154955
                ]
            },
            {
                "coords": [
                    0.559513888888889,
                    0.5196844746095999
                ],
                "id": 0,
                "xyz": [
                    0.3555147977325341,
                    -0.06026373370728262,
                    -0.9060029854154955
                ]
            },
            {
                "coords": [
                    0.5729112106948029,
                    0.5
                ],
                "id": 0,
                "xyz": [
                    0.3555147977325341,
                    0.0,
                    -0.7209749999999999
                ]
            },
            {
                "coords": [
                    0.7277228446175625,
                    0.5
                ],
                "id": 0,
                "xyz": [
                    5.1171875,
                    0.0,
                    -0.7209749999999999
                ]
            },
            {
                "coords": [
                    0.7671144827639633,
                    0.5
                ],
                "id": 0,
                "xyz": [
                    5.1171875,
                    0.0,
                    0.5523997696
                ]
            },
            {
                "coords": [
                    0.799916990117352,
                    0.5
                ],
                "id": 0,
                "xyz": [
                    1.7031336887021846,
                    0.0,
                    0.5523997696
                ]
            },
            {
                "coords": [
                    0.9783949446005611,
                    0.5
                ],
                "id": 0,
                "xyz": [
                    1.7031336887021846,
                    0.0,
                    12.469076165093268
                ]
            },
            {
                "coords": [
                    0.06186722694398028,
                    0.5
                ],
                "id": 0,
                "xyz": [
                    -5.106875,
                    0.0,
                    12.469076165093268
                ]
            },
            {
                "coords": [
                    0.3853093495444615,
                    0.5
                ],
                "id": 0,
                "xyz": [
                    -5.106875,
                    0.0,
                    -5.81536
                ]
            }
        ]
    },
    "layoutWalls": {
        "num": 10,
        "walls": [
            {
                "id": 0,
                "normal": [
                    1.0,
                    0.0,
                    -0.0
                ],
                "planeEquation": [
                    1.0,
                    0.0,
                    -0.0,
                    -1.73509027311712
                ],
                "pointsIdx": [
                    0,
                    1
                ],
                "width": 4.909357014584504
            },
            {
                "id": 0,
                "normal": [
                    0.0,
                    0.0,
                    1.0
                ],
                "planeEquation": [
                    0.0,
                    0.0,
                    1.0,
                    0.9060029854154955
                ],
                "pointsIdx": [
                    1,
                    2
                ],
                "width": 1.379575475384586
            },
            {
                "id": 0,
                "normal": [
                    1.0,
                    0.0,
                    -0.0
                ],
                "planeEquation": [
                    1.0,
                    0.0,
                    -0.0,
                    -0.3555147977325341
                ],
                "pointsIdx": [
                    2,
                    3
                ],
                "width": 0.1850279854154956
            },
            {
                "id": 0,
                "normal": [
                    0.0,
                    0.0,
                    -1.0
                ],
                "planeEquation": [
                    0.0,
                    0.0,
                    -1.0,
                    -0.7209749999999999
                ],
                "pointsIdx": [
                    3,
                    4
                ],
                "width": 4.761672702267466
            },
            {
                "id": 0,
                "normal": [
                    1.0,
                    0.0,
                    -0.0
                ],
                "planeEquation": [
                    1.0,
                    0.0,
                    -0.0,
                    -5.1171875
                ],
                "pointsIdx": [
                    4,
                    5
                ],
                "width": 1.2733747696
            },
            {
                "id": 0,
                "normal": [
                    0.0,
                    0.0,
                    1.0
                ],
                "planeEquation": [
                    0.0,
                    0.0,
                    1.0,
                    -0.5523997696
                ],
                "pointsIdx": [
                    5,
                    6
                ],
                "width": 3.4140538112978156
            },
            {
                "id": 0,
                "normal": [
                    1.0,
                    0.0,
                    -0.0
                ],
                "planeEquation": [
                    1.0,
                    0.0,
                    -0.0,
                    -1.7031336887021846
                ],
                "pointsIdx": [
                    6,
                    7
                ],
                "width": 11.916676395493269
            },
            {
                "id": 0,
                "normal": [
                    0.0,
                    0.0,
                    1.0
                ],
                "planeEquation": [
                    0.0,
                    0.0,
                    1.0,
                    -12.469076165093268
                ],
                "pointsIdx": [
                    7,
                    8
                ],
                "width": 6.810008688702184
            },
            {
                "id": 0,
                "normal": [
                    -1.0,
                    -0.0,
                    -0.0
                ],
                "planeEquation": [
                    -1.0,
                    -0.0,
                    -0.0,
                    -5.106875
                ],
                "pointsIdx": [
                    8,
                    9
                ],
                "width": 18.28443616509327
            },
            {
                "id": 0,
                "normal": [
                    0.0,
                    0.0,
                    -1.0
                ],
                "planeEquation": [
                    0.0,
                    0.0,
                    -1.0,
                    -5.81536
                ],
                "pointsIdx": [
                    9,
                    0
                ],
                "width": 6.84196527311712
            }
        ]
    },
    "panoId": "nothing"
}