{
    "cameraHeight": 1.6,
    "layoutHeight": 3.6334093284606936,
    "layoutObj2ds": {
        "num": 0,
        "obj2ds": []
    },
    "layoutPoints": {
        "num": 4,
        "points": [
            {
                "coords": [
                    0.6083379743936255,
                    0.5
                ],
                "id": 0,
                "xyz": [
                    2.65625,
                    0.0,
                    -3.28
                ]
            },
            {
                "coords": [
                    0.9617597638113419,
                    0.5
                ],
                "id": 0,
                "xyz": [
                    2.65625,
                    0.0,
                    10.841685813612695
                ]
            },
            {
                "coords": [
                    0.0369045971175489,
                    0.5
                ],
                "id": 0,
                "xyz": [
                    -2.56,
                    0.0,
                    10.841685813612695
                ]
            },
            {
                "coords": [
                    0.39452332288597114,
                    0.5
                ],
                "id": 0,
                "xyz": [
                    -2.56,
                    0.0,
                    -3.28
                ]
            }
        ]
    },
    "layoutWalls": {
        "num": 4,
        "walls": [
            {
                "id": 0,
                "normal": [
                    1.0,
                    0.0,
                    -0.0
                ],
                "planeEquation": [
                    1.0,
                    0.0,
                    -0.0,
                    -2.65625
                ],
                "pointsIdx": [
                    0,
                    1
                ],
                "width": 14.121685813612695
            },
            {
                "id": 0,
                "normal": [
                    0.0,
                    0.0,
                    1.0
                ],
                "planeEquation": [
                    0.0,
                    0.0,
                    1.0,
                    -10.841685813612695
                ],
                "pointsIdx": [
                    1,
                    2
                ],
                "width": 5.2162500000000005
            },
            {
                "id": 0,
                "normal": [
                    -1.0,
                    -0.0,
                    -0.0
                ],
                "planeEquation": [
                    -1.0,
                    -0.0,
                    -0.0,
                    -2.56
                ],
                "pointsIdx": [
                    2,
                    3
                ],
                "width": 14.121685813612695
            },
            {
                "id": 0,
                "normal": [
                    0.0,
                    0.0,
                    -1.0
                ],
                "planeEquation": [
                    0.0,
                    0.0,
                    -1.0,
                    -3.28
                ],
                "pointsIdx": [
                    3,
                    0
                ],
                "width": 5.2162500000000005
            }
        ]
    },
    "panoId": "nothing"
}