{
    "cameraHeight": 1.6,
    "layoutHeight": 3.8163052272796634,
    "layoutObj2ds": {
        "num": 0,
        "obj2ds": []
    },
    "layoutPoints": {
        "num": 6,
        "points": [
            {
                "coords": [
                    0.565079702246515,
                    0.5
                ],
                "id": 0,
                "xyz": [
                    2.03125,
                    0.0,
                    -4.6875
                ]
            },
            {
                "coords": [
                    0.6775504771766241,
                    0.5
                ],
                "id": 0,
                "xyz": [
                    2.03125,
                    0.0,
                    -0.9943003927067425
                ]
            },
            {
                "coords": [
                    0.6438503746449464,
                    0.5
                ],
                "id": 0,
                "xyz": [
                    1.26290144,
                    0.0,
                    -0.9943003927067425
                ]
            },
            {
                "coords": [
                    0.8343168929993029,
                    0.5
                ],
                "id": 0,
                "xyz": [
                    1.26290144,
                    0.0,
                    0.7395799999999999
                ]
            },
            {
                "coords": [
                    0.1779278623878836,
                    0.5
                ],
                "id": 0,
                "xyz": [
                    -1.52,
                    0.0,
                    0.7395799999999999
                ]
            },
            {
                "coords": [
                    0.450094026210847,
                    0.5
                ],
                "id": 0,
                "xyz": [
                    -1.52,
                    0.0,
                    -4.6875
                ]
            }
        ]
    },
    "layoutWalls": {
        "num": 6,
        "walls": [
            {
                "id": 0,
                "normal": [
                    1.0,
                    0.0,
                    -0.0
                ],
                "planeEquation": [
                    1.0,
                    0.0,
                    -0.0,
                    -2.03125
                ],
                "pointsIdx": [
                    0,
                    1
                ],
                "width": 3.6931996072932574
            },
            {
                "id": 0,
                "normal": [
                    0.0,
                    0.0,
                    1.0
                ],
                "planeEquation": [
                    0.0,
                    0.0,
                    1.0,
                    0.9943003927067425
                ],
                "pointsIdx": [
                    1,
                    2
                ],
                "width": 0.76834856
            },
            {
                "id": 0,
                "normal": [
                    1.0,
                    0.0,
                    -0.0
                ],
                "planeEquation": [
                    1.0,
                    0.0,
                    -0.0,
                    -1.26290144
                ],
                "pointsIdx": [
                    2,
                    3
                ],
                "width": 1.7338803927067423
            },
            {
                "id": 0,
                "normal": [
                    0.0,
                    0.0,
                    1.0
                ],
                "planeEquation": [
                    0.0,
                    0.0,
                    1.0,
                    -0.7395799999999999
                ],
                "pointsIdx": [
                    3,
                    4
                ],
                "width": 2.78290144
            },
            {
                "id": 0,
                "normal": [
                    -1.0,
                    -0.0,
                    -0.0
                ],
                "planeEquation": [
                    -1.0,
                    -0.0,
                    -0.0,
                    -1.52
                ],
                "pointsIdx": [
                    4,
                    5
                ],
                "width": 5.42708
            },
            {
                "id": 0,
                "normal": [
                    0.0,
                    0.0,
                    -1.0
                ],
                "planeEquation": [
                    0.0,
                    0.0,
                    -1.0,
                    -4.6875
                ],
                "pointsIdx": [
                    5,
                    0
                ],
                "width": 3.55125
            }
        ]
    },
    "panoId": "nothing"
}