{
    "cameraHeight": 1.6,
    "layoutHeight": 4.425516433715821,
    "layoutObj2ds": {
        "num": 0,
        "obj2ds": []
    },
    "layoutPoints": {
        "num": 4,
        "points": [
            {
                "coords": [
                    0.5427530310472782,
                    0.5
                ],
                "id": 0,
                "xyz": [
                    3.629516535189171,
                    0.0,
                    -13.184883848510532
                ]
            },
            {
                "coords": [
                    0.8002043923156651,
                    0.5
                ],
                "id": 0,
                "xyz": [
                    3.629516535189171,
                    0.0,
                    1.1844568064000003
                ]
            },
            {
                "coords": [
                    0.19942600146571565,
                    0.5
                ],
                "id": 0,
                "xyz": [
                    -3.6011393549926396,
                    0.0,
                    1.1844568064000003
                ]
            },
            {
                "coords": [
                    0.4575655566073404,
                    0.5
                ],
                "id": 0,
                "xyz": [
                    -3.6011393549926396,
                    0.0,
                    -13.184883848510532
                ]
            }
        ]
    },
    "layoutWalls": {
        "num": 4,
        "walls": [
            {
                "id": 0,
                "normal": [
                    1.0,
                    0.0,
                    -0.0
                ],
                "planeEquation": [
                    1.0,
                    0.0,
                    -0.0,
                    -3.629516535189171
                ],
                "pointsIdx": [
                    0,
                    1
                ],
                "width": 14.369340654910532
            },
            {
                "id": 0,
                "normal": [
                    0.0,
                    0.0,
                    1.0
                ],
                "planeEquation": [
                    0.0,
                    0.0,
                    1.0,
                    -1.1844568064000003
                ],
                "pointsIdx": [
                    1,
                    2
                ],
                "width": 7.2306558901818105
            },
            {
                "id": 0,
                "normal": [
                    -1.0,
                    -0.0,
                    -0.0
                ],
                "planeEquation": [
                    -1.0,
                    -0.0,
                    -0.0,
                    -3.6011393549926396
                ],
                "pointsIdx": [
                    2,
                    3
                ],
                "width": 14.369340654910532
            },
            {
                "id": 0,
                "normal": [
                    0.0,
                    0.0,
                    -1.0
                ],
                "planeEquation": [
                    0.0,
                    0.0,
                    -1.0,
                    -13.184883848510532
                ],
                "pointsIdx": [
                    3,
                    0
                ],
                "width": 7.2306558901818105
            }
        ]
    },
    "panoId": "nothing"
}