{
    "cameraHeight": 1.6,
    "layoutHeight": 3.499552021026611,
    "layoutObj2ds": {
        "num": 0,
        "obj2ds": []
    },
    "layoutPoints": {
        "num": 4,
        "points": [
            {
                "coords": [
                    0.6311763961698509,
                    0.5
                ],
                "id": 0,
                "xyz": [
                    3.8155479244800006,
                    0.0,
                    -3.53033
                ]
            },
            {
                "coords": [
                    0.8752109213294215,
                    0.5
                ],
                "id": 0,
                "xyz": [
                    3.8155479244800006,
                    0.0,
                    3.8256745200392603
                ]
            },
            {
                "coords": [
                    0.1304249452035397,
                    0.5
                ],
                "id": 0,
                "xyz": [
                    -4.09578966036906,
                    0.0,
                    3.8256745200392603
                ]
            },
            {
                "coords": [
                    0.3632205738718348,
                    0.5
                ],
                "id": 0,
                "xyz": [
                    -4.09578966036906,
                    0.0,
                    -3.53033
                ]
            }
        ]
    },
    "layoutWalls": {
        "num": 4,
        "walls": [
            {
                "id": 0,
                "normal": [
                    1.0,
                    0.0,
                    -0.0
                ],
                "planeEquation": [
                    1.0,
                    0.0,
                    -0.0,
                    -3.8155479244800006
                ],
                "pointsIdx": [
                    0,
                    1
                ],
                "width": 7.35600452003926
            },
            {
                "id": 0,
                "normal": [
                    0.0,
                    0.0,
                    1.0
                ],
                "planeEquation": [
                    0.0,
                    0.0,
                    1.0,
                    -3.8256745200392603
                ],
                "pointsIdx": [
                    1,
                    2
                ],
                "width": 7.91133758484906
            },
            {
                "id": 0,
                "normal": [
                    -1.0,
                    -0.0,
                    -0.0
                ],
                "planeEquation": [
                    -1.0,
                    -0.0,
                    -0.0,
                    -4.09578966036906
                ],
                "pointsIdx": [
                    2,
                    3
                ],
                "width": 7.35600452003926
            },
            {
                "id": 0,
                "normal": [
                    0.0,
                    0.0,
                    -1.0
                ],
                "planeEquation": [
                    0.0,
                    0.0,
                    -1.0,
                    -3.53033
                ],
                "pointsIdx": [
                    3,
                    0
                ],
                "width": 7.91133758484906
            }
        ]
    },
    "panoId": "nothing"
}