{
    "cameraHeight": 1.6,
    "layoutHeight": 3.8399250507354736,
    "layoutObj2ds": {
        "num": 0,
        "obj2ds": []
    },
    "layoutPoints": {
        "num": 6,
        "points": [
            {
                "coords": [
                    0.65036840931607,
                    0.5
                ],
                "id": 0,
                "xyz": [
                    5.234375,
                    0.0,
                    -3.7845148090564606
                ]
            },
            {
                "coords": [
                    0.7613694261246124,
                    0.5
                ],
                "id": 0,
                "xyz": [
                    5.234375,
                    0.0,
                    0.37456128
                ]
            },
            {
                "coords": [
                    0.8455769822830665,
                    0.5
                ],
                "id": 0,
                "xyz": [
                    0.546875,
                    0.0,
                    0.37456128
                ]
            },
            {
                "coords": [
                    0.9573005518585016,
                    0.5
                ],
                "id": 0,
                "xyz": [
                    0.546875,
                    0.0,
                    1.9892406400000002
                ]
            },
            {
                "coords": [
                    0.09608764254757124,
                    0.5
                ],
                "id": 0,
                "xyz": [
                    -1.3718523200000001,
                    0.0,
                    1.9892406400000002
                ]
            },
            {
                "coords": [
                    0.4446524397056989,
                    0.5
                ],
                "id": 0,
                "xyz": [
                    -1.3718523200000001,
                    0.0,
                    -3.7845148090564606
                ]
            }
        ]
    },
    "layoutWalls": {
        "num": 6,
        "walls": [
            {
                "id": 0,
                "normal": [
                    1.0,
                    0.0,
                    -0.0
                ],
                "planeEquation": [
                    1.0,
                    0.0,
                    -0.0,
                    -5.234375
                ],
                "pointsIdx": [
                    0,
                    1
                ],
                "width": 4.159076089056461
            },
            {
                "id": 0,
                "normal": [
                    0.0,
                    0.0,
                    1.0
                ],
                "planeEquation": [
                    0.0,
                    0.0,
                    1.0,
                    -0.37456128
                ],
                "pointsIdx": [
                    1,
                    2
                ],
                "width": 4.6875
            },
            {
                "id": 0,
                "normal": [
                    1.0,
                    0.0,
                    -0.0
                ],
                "planeEquation": [
                    1.0,
                    0.0,
                    -0.0,
                    -0.546875
                ],
                "pointsIdx": [
                    2,
                    3
                ],
                "width": 1.6146793600000002
            },
            {
                "id": 0,
                "normal": [
                    0.0,
                    0.0,
                    1.0
                ],
                "planeEquation": [
                    0.0,
                    0.0,
                    1.0,
                    -1.9892406400000002
                ],
                "pointsIdx": [
                    3,
                    4
                ],
                "width": 1.9187273200000001
            },
            {
                "id": 0,
                "normal": [
                    -1.0,
                    -0.0,
                    -0.0
                ],
                "planeEquation": [
                    -1.0,
                    -0.0,
                    -0.0,
                    -1.3718523200000001
                ],
                "pointsIdx": [
                    4,
                    5
                ],
                "width": 5.773755449056461
            },
            {
                "id": 0,
                "normal": [
                    0.0,
                    0.0,
                    -1.0
                ],
                "planeEquation": [
                    0.0,
                    0.0,
                    -1.0,
                    -3.7845148090564606
                ],
                "pointsIdx": [
                    5,
                    0
                ],
                "width": 6.60622732
            }
        ]
    },
    "panoId": "nothing"
}