{
    "cameraHeight": 1.6,
    "layoutHeight": 3.1794495582580566,
    "layoutObj2ds": {
        "num": 0,
        "obj2ds": []
    },
    "layoutPoints": {
        "num": 10,
        "points": [
            {
                "coords": [
                    0.6701506284591765,
                    0.5
                ],
                "id": 0,
                "xyz": [
                    7.762325077463058,
                    0.0,
                    -4.2578125
                ]
            },
            {
                "coords": [
                    0.7538023565190082,
                    0.5
                ],
                "id": 0,
                "xyz": [
                    7.762325077463058,
                    0.0,
                    0.18548430588938175
                ]
            },
            {
                "coords": [
                    0.7806509786866391,
                    0.5
                ],
                "id": 0,
                "xyz": [
                    0.9511889027565147,
                    0.0,
                    0.18548430588938175
                ]
            },
            {
                "coords": [
                    0.9809697065405988,
                    0.5
                ],
                "id": 0,
                "xyz": [
                    0.9511889027565147,
                    0.0,
                    7.9170749833216
                ]
            },
            {
                "coords": [
                    0.01804616676113535,
                    0.5
                ],
                "id": 0,
                "xyz": [
                    -0.9015636541642603,
                    0.0,
                    7.9170749833216
                ]
            },
            {
                "coords": [
                    0.21875,
                    0.5
                ],
                "id": 0,
                "xyz": [
                    -0.9015636541642603,
                    0.0,
                    0.17933216079326822
                ]
            },
            {
                "coords": [
                    0.22683221491530442,
                    0.5
                ],
                "id": 0,
                "xyz": [
                    -1.2232380678265873,
                    0.0,
                    0.17933216079326822
                ]
            },
            {
                "coords": [
                    0.29375,
                    0.5
                ],
                "id": 0,
                "xyz": [
                    -1.2232380678265873,
                    0.0,
                    -0.3449888149046653
                ]
            },
            {
                "coords": [
                    0.2610977911316723,
                    0.5
                ],
                "id": 0,
                "xyz": [
                    -4.93951062992282,
                    0.0,
                    -0.3449888149046653
                ]
            },
            {
                "coords": [
                    0.3632250956371833,
                    0.5
                ],
                "id": 0,
                "xyz": [
                    -4.93951062992282,
                    0.0,
                    -4.2578125
                ]
            }
        ]
    },
    "layoutWalls": {
        "num": 10,
        "walls": [
            {
                "id": 0,
                "normal": [
                    1.0,
                    0.0,
                    -0.0
                ],
                "planeEquation": [
                    1.0,
                    0.0,
                    -0.0,
                    -7.762325077463058
                ],
                "pointsIdx": [
                    0,
                    1
                ],
                "width": 4.443296805889382
            },
            {
                "id": 0,
                "normal": [
                    0.0,
                    0.0,
                    1.0
                ],
                "planeEquation": [
                    0.0,
                    0.0,
                    1.0,
                    -0.18548430588938175
                ],
                "pointsIdx": [
                    1,
                    2
                ],
                "width": 6.811136174706543
            },
            {
                "id": 0,
                "normal": [
                    1.0,
                    0.0,
                    -0.0
                ],
                "planeEquation": [
                    1.0,
                    0.0,
                    -0.0,
                    -0.9511889027565147
                ],
                "pointsIdx": [
                    2,
                    3
                ],
                "width": 7.731590677432218
            },
            {
                "id": 0,
                "normal": [
                    0.0,
                    0.0,
                    1.0
                ],
                "planeEquation": [
                    0.0,
                    0.0,
                    1.0,
                    -7.9170749833216
                ],
                "pointsIdx": [
                    3,
                    4
                ],
                "width": 1.852752556920775
            },
            {
                "id": 0,
                "normal": [
                    -1.0,
                    -0.0,
                    -0.0
                ],
                "planeEquation": [
                    -1.0,
                    -0.0,
                    -0.0,
                    -0.9015636541642603
                ],
                "pointsIdx": [
                    4,
                    5
                ],
                "width": 7.737742822528332
            },
            {
                "id": 0,
                "normal": [
                    0.0,
                    0.0,
                    1.0
                ],
                "planeEquation": [
                    0.0,
                    0.0,
                    1.0,
                    -0.17933216079326822
                ],
                "pointsIdx": [
                    5,
                    6
                ],
                "width": 0.32167441366232696
            },
            {
                "id": 0,
                "normal": [
                    -1.0,
                    -0.0,
                    -0.0
                ],
                "planeEquation": [
                    -1.0,
                    -0.0,
                    -0.0,
                    -1.2232380678265873
                ],
                "pointsIdx": [
                    6,
                    7
                ],
                "width": 0.5243209756979336
            },
            {
                "id": 0,
                "normal": [
                    0.0,
                    0.0,
                    1.0
                ],
                "planeEquation": [
                    0.0,
                    0.0,
                    1.0,
                    0.3449888149046653
                ],
                "pointsIdx": [
                    7,
                    8
                ],
                "width": 3.7162725620962327
            },
            {
                "id": 0,
                "normal": [
                    -1.0,
                    -0.0,
                    -0.0
                ],
                "planeEquation": [
                    -1.0,
                    -0.0,
                    -0.0,
                    -4.93951062992282
                ],
                "pointsIdx": [
                    8,
                    9
                ],
                "width": 3.9128236850953346
            },
            {
                "id": 0,
                "normal": [
                    0.0,
                    0.0,
                    -1.0
                ],
                "planeEquation": [
                    0.0,
                    0.0,
                    -1.0,
                    -4.2578125
                ],
                "pointsIdx": [
                    9,
                    0
                ],
                "width": 12.701835707385879
            }
        ]
    },
    "panoId": "nothing"
}