{
    "cameraHeight": 1.6,
    "layoutHeight": 3.119894790649414,
    "layoutObj2ds": {
        "num": 0,
        "obj2ds": []
    },
    "layoutPoints": {
        "num": 4,
        "points": [
            {
                "coords": [
                    0.623790612624387,
                    0.5
                ],
                "id": 0,
                "xyz": [
                    1.00005,
                    0.0,
                    -1.01536504064
                ]
            },
            {
                "coords": [
                    0.8277950204478153,
                    0.5
                ],
                "id": 0,
                "xyz": [
                    1.00005,
                    0.0,
                    0.531875
                ]
            },
            {
                "coords": [
                    0.20512106970073385,
                    0.5
                ],
                "id": 0,
                "xyz": [
                    -1.8359375,
                    0.0,
                    0.531875
                ]
            },
            {
                "coords": [
                    0.3304021749923694,
                    0.5
                ],
                "id": 0,
                "xyz": [
                    -1.8359375,
                    0.0,
                    -1.01536504064
                ]
            }
        ]
    },
    "layoutWalls": {
        "num": 4,
        "walls": [
            {
                "id": 0,
                "normal": [
                    1.0,
                    0.0,
                    -0.0
                ],
                "planeEquation": [
                    1.0,
                    0.0,
                    -0.0,
                    -1.00005
                ],
                "pointsIdx": [
                    0,
                    1
                ],
                "width": 1.5472400406400002
            },
            {
                "id": 0,
                "normal": [
                    0.0,
                    0.0,
                    1.0
                ],
                "planeEquation": [
                    0.0,
                    0.0,
                    1.0,
                    -0.531875
                ],
                "pointsIdx": [
                    1,
                    2
                ],
                "width": 2.8359875
            },
            {
                "id": 0,
                "normal": [
                    -1.0,
                    -0.0,
                    -0.0
                ],
                "planeEquation": [
                    -1.0,
                    -0.0,
                    -0.0,
                    -1.8359375
                ],
                "pointsIdx": [
                    2,
                    3
                ],
                "width": 1.5472400406400002
            },
            {
                "id": 0,
                "normal": [
                    0.0,
                    0.0,
                    -1.0
                ],
                "planeEquation": [
                    0.0,
                    0.0,
                    -1.0,
                    -1.01536504064
                ],
                "pointsIdx": [
                    3,
                    0
                ],
                "width": 2.8359875
            }
        ]
    },
    "panoId": "nothing"
}