{
    "cameraHeight": 1.6,
    "layoutHeight": 2.7256428044016765,
    "layoutObj2ds": {
        "num": 0,
        "obj2ds": []
    },
    "layoutPoints": {
        "num": 4,
        "points": [
            {
                "coords": [
                    0.6345479076771138,
                    0.5
                ],
                "id": 0,
                "xyz": [
                    0.8164634146341464,
                    0.0,
                    -0.7239415395456265
                ]
            },
            {
                "coords": [
                    0.8633473773116894,
                    0.5
                ],
                "id": 0,
                "xyz": [
                    0.8164634146341464,
                    0.0,
                    0.7048780487804878
                ]
            },
            {
                "coords": [
                    0.14002068594293648,
                    0.5
                ],
                "id": 0,
                "xyz": [
                    -0.8522767110243903,
                    0.0,
                    0.7048780487804878
                ]
            },
            {
                "coords": [
                    0.36207017785180096,
                    0.5
                ],
                "id": 0,
                "xyz": [
                    -0.8522767110243903,
                    0.0,
                    -0.7239415395456265
                ]
            }
        ]
    },
    "layoutWalls": {
        "num": 4,
        "walls": [
            {
                "id": 0,
                "normal": [
                    1.0,
                    0.0,
                    -0.0
                ],
                "planeEquation": [
                    1.0,
                    0.0,
                    -0.0,
                    -0.8164634146341464
                ],
                "pointsIdx": [
                    0,
                    1
                ],
                "width": 1.4288195883261143
            },
            {
                "id": 0,
                "normal": [
                    0.0,
                    0.0,
                    1.0
                ],
                "planeEquation": [
                    0.0,
                    0.0,
                    1.0,
                    -0.7048780487804878
                ],
                "pointsIdx": [
                    1,
                    2
                ],
                "width": 1.6687401256585366
            },
            {
                "id": 0,
                "normal": [
                    -1.0,
                    -0.0,
                    -0.0
                ],
                "planeEquation": [
                    -1.0,
                    -0.0,
                    -0.0,
                    -0.8522767110243903
                ],
                "pointsIdx": [
                    2,
                    3
                ],
                "width": 1.4288195883261143
            },
            {
                "id": 0,
                "normal": [
                    0.0,
                    0.0,
                    -1.0
                ],
                "planeEquation": [
                    0.0,
                    0.0,
                    -1.0,
                    -0.7239415395456265
                ],
                "pointsIdx": [
                    3,
                    0
                ],
                "width": 1.6687401256585366
            }
        ]
    },
    "panoId": "nothing"
}