{
    "cameraHeight": 1.6,
    "layoutHeight": 2.3593791198730463,
    "layoutObj2ds": {
        "num": 0,
        "obj2ds": []
    },
    "layoutPoints": {
        "num": 4,
        "points": [
            {
                "coords": [
                    0.6955711061706941,
                    0.5
                ],
                "id": 0,
                "xyz": [
                    2.1924633953888053,
                    0.0,
                    -0.7804597241464895
                ]
            },
            {
                "coords": [
                    0.8035315669602328,
                    0.5
                ],
                "id": 0,
                "xyz": [
                    2.1924633953888053,
                    0.0,
                    0.7665598223620674
                ]
            },
            {
                "coords": [
                    0.06197848210360257,
                    0.5
                ],
                "id": 0,
                "xyz": [
                    -0.3145806280884884,
                    0.0,
                    0.7665598223620674
                ]
            },
            {
                "coords": [
                    0.4390196362809624,
                    0.5
                ],
                "id": 0,
                "xyz": [
                    -0.3145806280884884,
                    0.0,
                    -0.7804597241464895
                ]
            }
        ]
    },
    "layoutWalls": {
        "num": 4,
        "walls": [
            {
                "id": 0,
                "normal": [
                    1.0,
                    0.0,
                    -0.0
                ],
                "planeEquation": [
                    1.0,
                    0.0,
                    -0.0,
                    -2.1924633953888053
                ],
                "pointsIdx": [
                    0,
                    1
                ],
                "width": 1.5470195465085568
            },
            {
                "id": 0,
                "normal": [
                    0.0,
                    0.0,
                    1.0
                ],
                "planeEquation": [
                    0.0,
                    0.0,
                    1.0,
                    -0.7665598223620674
                ],
                "pointsIdx": [
                    1,
                    2
                ],
                "width": 2.5070440234772935
            },
            {
                "id": 0,
                "normal": [
                    -1.0,
                    -0.0,
                    -0.0
                ],
                "planeEquation": [
                    -1.0,
                    -0.0,
                    -0.0,
                    -0.3145806280884884
                ],
                "pointsIdx": [
                    2,
                    3
                ],
                "width": 1.5470195465085568
            },
            {
                "id": 0,
                "normal": [
                    0.0,
                    0.0,
                    -1.0
                ],
                "planeEquation": [
                    0.0,
                    0.0,
                    -1.0,
                    -0.7804597241464895
                ],
                "pointsIdx": [
                    3,
                    0
                ],
                "width": 2.5070440234772935
            }
        ]
    },
    "panoId": "nothing"
}