{
    "cameraHeight": 1.6,
    "layoutHeight": 2.861448411941528,
    "layoutObj2ds": {
        "num": 0,
        "obj2ds": []
    },
    "layoutPoints": {
        "num": 10,
        "points": [
            {
                "coords": [
                    0.6008598282885609,
                    0.5
                ],
                "id": 0,
                "xyz": [
                    4.600653493517002,
                    0.0,
                    -6.260846042198773
                ]
            },
            {
                "coords": [
                    0.7541785555285899,
                    0.5028590690150924
                ],
                "id": 0,
                "xyz": [
                    4.600653493517002,
                    -0.04133856663780211,
                    0.12081625633558786
                ]
            },
            {
                "coords": [
                    0.7552777777777775,
                    0.5036108787569862
                ],
                "id": 0,
                "xyz": [
                    3.64196,
                    -0.04133856663780211,
                    0.12081625633558786
                ]
            },
            {
                "coords": [
                    0.8456024753000151,
                    0.5
                ],
                "id": 0,
                "xyz": [
                    3.64196,
                    0.0,
                    2.49527941742592
                ]
            },
            {
                "coords": [
                    0.027746014781213968,
                    0.5
                ],
                "id": 0,
                "xyz": [
                    -0.4394716307718144,
                    0.0,
                    2.49527941742592
                ]
            },
            {
                "coords": [
                    0.07247909455222268,
                    0.5
                ],
                "id": 0,
                "xyz": [
                    -0.4394716307718144,
                    0.0,
                    0.89737154281472
                ]
            },
            {
                "coords": [
                    0.19386033003301473,
                    0.5
                ],
                "id": 0,
                "xyz": [
                    -2.43763456,
                    0.0,
                    0.89737154281472
                ]
            },
            {
                "coords": [
                    0.2955445286953018,
                    0.5
                ],
                "id": 0,
                "xyz": [
                    -2.43763456,
                    0.0,
                    -0.71725135183872
                ]
            },
            {
                "coords": [
                    0.39361722482286776,
                    0.5
                ],
                "id": 0,
                "xyz": [
                    -0.56640625,
                    0.0,
                    -0.71725135183872
                ]
            },
            {
                "coords": [
                    0.4856406591877044,
                    0.5
                ],
                "id": 0,
                "xyz": [
                    -0.56640625,
                    0.0,
                    -6.260846042198773
                ]
            }
        ]
    },
    "layoutWalls": {
        "num": 10,
        "walls": [
            {
                "id": 0,
                "normal": [
                    1.0,
                    0.0,
                    -0.0
                ],
                "planeEquation": [
                    1.0,
                    0.0,
                    -0.0,
                    -4.600653493517002
                ],
                "pointsIdx": [
                    0,
                    1
                ],
                "width": 6.381662298534361
            },
            {
                "id": 0,
                "normal": [
                    0.0,
                    0.0,
                    1.0
                ],
                "planeEquation": [
                    0.0,
                    0.0,
                    1.0,
                    -0.12081625633558786
                ],
                "pointsIdx": [
                    1,
                    2
                ],
                "width": 0.9586934935170017
            },
            {
                "id": 0,
                "normal": [
                    1.0,
                    0.0,
                    -0.0
                ],
                "planeEquation": [
                    1.0,
                    0.0,
                    -0.0,
                    -3.64196
                ],
                "pointsIdx": [
                    2,
                    3
                ],
                "width": 2.374463161090332
            },
            {
                "id": 0,
                "normal": [
                    0.0,
                    0.0,
                    1.0
                ],
                "planeEquation": [
                    0.0,
                    0.0,
                    1.0,
                    -2.49527941742592
                ],
                "pointsIdx": [
                    3,
                    4
                ],
                "width": 4.081431630771815
            },
            {
                "id": 0,
                "normal": [
                    -1.0,
                    -0.0,
                    -0.0
                ],
                "planeEquation": [
                    -1.0,
                    -0.0,
                    -0.0,
                    -0.4394716307718144
                ],
                "pointsIdx": [
                    4,
                    5
                ],
                "width": 1.5979078746112
            },
            {
                "id": 0,
                "normal": [
                    0.0,
                    0.0,
                    1.0
                ],
                "planeEquation": [
                    0.0,
                    0.0,
                    1.0,
                    -0.89737154281472
                ],
                "pointsIdx": [
                    5,
                    6
                ],
                "width": 1.9981629292281853
            },
            {
                "id": 0,
                "normal": [
                    -1.0,
                    -0.0,
                    -0.0
                ],
                "planeEquation": [
                    -1.0,
                    -0.0,
                    -0.0,
                    -2.43763456
                ],
                "pointsIdx": [
                    6,
                    7
                ],
                "width": 1.61462289465344
            },
            {
                "id": 0,
                "normal": [
                    0.0,
                    0.0,
                    -1.0
                ],
                "planeEquation": [
                    0.0,
                    0.0,
                    -1.0,
                    -0.71725135183872
                ],
                "pointsIdx": [
                    7,
                    8
                ],
                "width": 1.8712283099999998
            },
            {
                "id": 0,
                "normal": [
                    -1.0,
                    -0.0,
                    -0.0
                ],
                "planeEquation": [
                    -1.0,
                    -0.0,
                    -0.0,
                    -0.56640625
                ],
                "pointsIdx": [
                    8,
                    9
                ],
                "width": 5.543594690360053
            },
            {
                "id": 0,
                "normal": [
                    0.0,
                    0.0,
                    -1.0
                ],
                "planeEquation": [
                    0.0,
                    0.0,
                    -1.0,
                    -6.260846042198773
                ],
                "pointsIdx": [
                    9,
                    0
                ],
                "width": 5.167059743517002
            }
        ]
    },
    "panoId": "nothing"
}