{
    "cameraHeight": 1.6,
    "layoutHeight": 3.16483549118042,
    "layoutObj2ds": {
        "num": 0,
        "obj2ds": []
    },
    "layoutPoints": {
        "num": 6,
        "points": [
            {
                "coords": [
                    0.6026318186958427,
                    0.5
                ],
                "id": 0,
                "xyz": [
                    4.52445498368,
                    0.0,
                    -6.015625
                ]
            },
            {
                "coords": [
                    0.8084932876780156,
                    0.5
                ],
                "id": 0,
                "xyz": [
                    4.52445498368,
                    0.0,
                    1.74199477632
                ]
            },
            {
                "coords": [
                    0.04905337482034028,
                    0.5
                ],
                "id": 0,
                "xyz": [
                    -0.5545754521599999,
                    0.0,
                    1.74199477632
                ]
            },
            {
                "coords": [
                    0.4736188309873256,
                    0.5
                ],
                "id": 0,
                "xyz": [
                    -0.5545754521599999,
                    0.0,
                    -3.315
                ]
            },
            {
                "coords": [
                    0.5743629963987925,
                    0.5
                ],
                "id": 0,
                "xyz": [
                    1.6723982084865479,
                    0.0,
                    -3.315
                ]
            },
            {
                "coords": [
                    0.5431567003603512,
                    0.5
                ],
                "id": 0,
                "xyz": [
                    1.6723982084865479,
                    0.0,
                    -6.015625
                ]
            }
        ]
    },
    "layoutWalls": {
        "num": 6,
        "walls": [
            {
                "id": 0,
                "normal": [
                    1.0,
                    0.0,
                    -0.0
                ],
                "planeEquation": [
                    1.0,
                    0.0,
                    -0.0,
                    -4.52445498368
                ],
                "pointsIdx": [
                    0,
                    1
                ],
                "width": 7.75761977632
            },
            {
                "id": 0,
                "normal": [
                    0.0,
                    0.0,
                    1.0
                ],
                "planeEquation": [
                    0.0,
                    0.0,
                    1.0,
                    -1.74199477632
                ],
                "pointsIdx": [
                    1,
                    2
                ],
                "width": 5.07903043584
            },
            {
                "id": 0,
                "normal": [
                    -1.0,
                    -0.0,
                    -0.0
                ],
                "planeEquation": [
                    -1.0,
                    -0.0,
                    -0.0,
                    -0.5545754521599999
                ],
                "pointsIdx": [
                    2,
                    3
                ],
                "width": 5.05699477632
            },
            {
                "id": 0,
                "normal": [
                    0.0,
                    0.0,
                    -1.0
                ],
                "planeEquation": [
                    0.0,
                    0.0,
                    -1.0,
                    -3.315
                ],
                "pointsIdx": [
                    3,
                    4
                ],
                "width": 2.226973660646548
            },
            {
                "id": 0,
                "normal": [
                    -1.0,
                    -0.0,
                    -0.0
                ],
                "planeEquation": [
                    -1.0,
                    -0.0,
                    -0.0,
                    1.6723982084865479
                ],
                "pointsIdx": [
                    4,
                    5
                ],
                "width": 2.700625
            },
            {
                "id": 0,
                "normal": [
                    0.0,
                    0.0,
                    -1.0
                ],
                "planeEquation": [
                    0.0,
                    0.0,
                    -1.0,
                    -6.015625
                ],
                "pointsIdx": [
                    5,
                    0
                ],
                "width": 2.8520567751934522
            }
        ]
    },
    "panoId": "nothing"
}