{
    "cameraHeight": 1.6,
    "layoutHeight": 2.902428283691406,
    "layoutObj2ds": {
        "num": 0,
        "obj2ds": []
    },
    "layoutPoints": {
        "num": 6,
        "points": [
            {
                "coords": [
                    0.6722963979805062,
                    0.5
                ],
                "id": 0,
                "xyz": [
                    3.442072170223304,
                    0.0,
                    -1.828125
                ]
            },
            {
                "coords": [
                    0.8352868194755563,
                    0.5
                ],
                "id": 0,
                "xyz": [
                    3.442072170223304,
                    0.0,
                    2.0440173897046257
                ]
            },
            {
                "coords": [
                    0.06193282323022359,
                    0.5
                ],
                "id": 0,
                "xyz": [
                    -0.8381382758400002,
                    0.0,
                    2.0440173897046257
                ]
            },
            {
                "coords": [
                    0.35189118637939976,
                    0.5
                ],
                "id": 0,
                "xyz": [
                    -0.8381382758400002,
                    0.0,
                    -0.6242928360816639
                ]
            },
            {
                "coords": [
                    0.5690665246794936,
                    0.5
                ],
                "id": 0,
                "xyz": [
                    0.28930977582968675,
                    0.0,
                    -0.6242928360816639
                ]
            },
            {
                "coords": [
                    0.5249798902707639,
                    0.5
                ],
                "id": 0,
                "xyz": [
                    0.28930977582968675,
                    0.0,
                    -1.828125
                ]
            }
        ]
    },
    "layoutWalls": {
        "num": 6,
        "walls": [
            {
                "id": 0,
                "normal": [
                    1.0,
                    0.0,
                    -0.0
                ],
                "planeEquation": [
                    1.0,
                    0.0,
                    -0.0,
                    -3.442072170223304
                ],
                "pointsIdx": [
                    0,
                    1
                ],
                "width": 3.8721423897046257
            },
            {
                "id": 0,
                "normal": [
                    0.0,
                    0.0,
                    1.0
                ],
                "planeEquation": [
                    0.0,
                    0.0,
                    1.0,
                    -2.0440173897046257
                ],
                "pointsIdx": [
                    1,
                    2
                ],
                "width": 4.280210446063304
            },
            {
                "id": 0,
                "normal": [
                    -1.0,
                    -0.0,
                    -0.0
                ],
                "planeEquation": [
                    -1.0,
                    -0.0,
                    -0.0,
                    -0.8381382758400002
                ],
                "pointsIdx": [
                    2,
                    3
                ],
                "width": 2.6683102257862896
            },
            {
                "id": 0,
                "normal": [
                    0.0,
                    0.0,
                    -1.0
                ],
                "planeEquation": [
                    0.0,
                    0.0,
                    -1.0,
                    -0.6242928360816639
                ],
                "pointsIdx": [
                    3,
                    4
                ],
                "width": 1.127448051669687
            },
            {
                "id": 0,
                "normal": [
                    -1.0,
                    -0.0,
                    -0.0
                ],
                "planeEquation": [
                    -1.0,
                    -0.0,
                    -0.0,
                    0.28930977582968675
                ],
                "pointsIdx": [
                    4,
                    5
                ],
                "width": 1.203832163918336
            },
            {
                "id": 0,
                "normal": [
                    0.0,
                    0.0,
                    -1.0
                ],
                "planeEquation": [
                    0.0,
                    0.0,
                    -1.0,
                    -1.828125
                ],
                "pointsIdx": [
                    5,
                    0
                ],
                "width": 3.1527623943936174
            }
        ]
    },
    "panoId": "nothing"
}