{
    "cameraHeight": 1.6,
    "layoutHeight": 3.7387622070312503,
    "layoutObj2ds": {
        "num": 0,
        "obj2ds": []
    },
    "layoutPoints": {
        "num": 4,
        "points": [
            {
                "coords": [
                    0.6832384984985859,
                    0.5
                ],
                "id": 0,
                "xyz": [
                    4.2,
                    0.0,
                    -1.87296
                ]
            },
            {
                "coords": [
                    0.8224833117820533,
                    0.5
                ],
                "id": 0,
                "xyz": [
                    4.2,
                    0.0,
                    2.05701271273472
                ]
            },
            {
                "coords": [
                    0.04542033697856018,
                    0.5
                ],
                "id": 0,
                "xyz": [
                    -0.6035132095127629,
                    0.0,
                    2.05701271273472
                ]
            },
            {
                "coords": [
                    0.4503883291846458,
                    0.5
                ],
                "id": 0,
                "xyz": [
                    -0.6035132095127629,
                    0.0,
                    -1.87296
                ]
            }
        ]
    },
    "layoutWalls": {
        "num": 4,
        "walls": [
            {
                "id": 0,
                "normal": [
                    1.0,
                    0.0,
                    -0.0
                ],
                "planeEquation": [
                    1.0,
                    0.0,
                    -0.0,
                    -4.2
                ],
                "pointsIdx": [
                    0,
                    1
                ],
                "width": 3.92997271273472
            },
            {
                "id": 0,
                "normal": [
                    0.0,
                    0.0,
                    1.0
                ],
                "planeEquation": [
                    0.0,
                    0.0,
                    1.0,
                    -2.05701271273472
                ],
                "pointsIdx": [
                    1,
                    2
                ],
                "width": 4.803513209512763
            },
            {
                "id": 0,
                "normal": [
                    -1.0,
                    -0.0,
                    -0.0
                ],
                "planeEquation": [
                    -1.0,
                    -0.0,
                    -0.0,
                    -0.6035132095127629
                ],
                "pointsIdx": [
                    2,
                    3
                ],
                "width": 3.92997271273472
            },
            {
                "id": 0,
                "normal": [
                    0.0,
                    0.0,
                    -1.0
                ],
                "planeEquation": [
                    0.0,
                    0.0,
                    -1.0,
                    -1.87296
                ],
                "pointsIdx": [
                    3,
                    0
                ],
                "width": 4.803513209512763
            }
        ]
    },
    "panoId": "nothing"
}