{
    "cameraHeight": 1.6,
    "layoutHeight": 3.0409868621826175,
    "layoutObj2ds": {
        "num": 0,
        "obj2ds": []
    },
    "layoutPoints": {
        "num": 4,
        "points": [
            {
                "coords": [
                    0.539162021082714,
                    0.5
                ],
                "id": 0,
                "xyz": [
                    0.9244444444444444,
                    0.0,
                    -3.6808223197033954
                ]
            },
            {
                "coords": [
                    0.8842486169566146,
                    0.5
                ],
                "id": 0,
                "xyz": [
                    0.9244444444444444,
                    0.0,
                    1.0386499611728195
                ]
            },
            {
                "coords": [
                    0.18333315841240327,
                    0.5
                ],
                "id": 0,
                "xyz": [
                    -2.332839107784431,
                    0.0,
                    1.0386499611728195
                ]
            },
            {
                "coords": [
                    0.41009503025323296,
                    0.5
                ],
                "id": 0,
                "xyz": [
                    -2.332839107784431,
                    0.0,
                    -3.6808223197033954
                ]
            }
        ]
    },
    "layoutWalls": {
        "num": 4,
        "walls": [
            {
                "id": 0,
                "normal": [
                    1.0,
                    0.0,
                    -0.0
                ],
                "planeEquation": [
                    1.0,
                    0.0,
                    -0.0,
                    -0.9244444444444444
                ],
                "pointsIdx": [
                    0,
                    1
                ],
                "width": 4.719472280876214
            },
            {
                "id": 0,
                "normal": [
                    0.0,
                    0.0,
                    1.0
                ],
                "planeEquation": [
                    0.0,
                    0.0,
                    1.0,
                    -1.0386499611728195
                ],
                "pointsIdx": [
                    1,
                    2
                ],
                "width": 3.2572835522288752
            },
            {
                "id": 0,
                "normal": [
                    -1.0,
                    -0.0,
                    -0.0
                ],
                "planeEquation": [
                    -1.0,
                    -0.0,
                    -0.0,
                    -2.332839107784431
                ],
                "pointsIdx": [
                    2,
                    3
                ],
                "width": 4.719472280876214
            },
            {
                "id": 0,
                "normal": [
                    0.0,
                    0.0,
                    -1.0
                ],
                "planeEquation": [
                    0.0,
                    0.0,
                    -1.0,
                    -3.6808223197033954
                ],
                "pointsIdx": [
                    3,
                    0
                ],
                "width": 3.2572835522288752
            }
        ]
    },
    "panoId": "nothing"
}