{
    "cameraHeight": 1.6,
    "layoutHeight": 2.7104854676781627,
    "layoutObj2ds": {
        "num": 0,
        "obj2ds": []
    },
    "layoutPoints": {
        "num": 4,
        "points": [
            {
                "coords": [
                    0.6299854662021556,
                    0.5
                ],
                "id": 0,
                "xyz": [
                    1.4065644219317073,
                    0.0,
                    -1.321093644899115
                ]
            },
            {
                "coords": [
                    0.8677346730245625,
                    0.5
                ],
                "id": 0,
                "xyz": [
                    1.4065644219317073,
                    0.0,
                    1.283671405978106
                ]
            },
            {
                "coords": [
                    0.14301993730288298,
                    0.5
                ],
                "id": 0,
                "xyz": [
                    -1.6130550184585366,
                    0.0,
                    1.283671405978106
                ]
            },
            {
                "coords": [
                    0.3592153052823709,
                    0.5
                ],
                "id": 0,
                "xyz": [
                    -1.6130550184585366,
                    0.0,
                    -1.321093644899115
                ]
            }
        ]
    },
    "layoutWalls": {
        "num": 4,
        "walls": [
            {
                "id": 0,
                "normal": [
                    1.0,
                    0.0,
                    -0.0
                ],
                "planeEquation": [
                    1.0,
                    0.0,
                    -0.0,
                    -1.4065644219317073
                ],
                "pointsIdx": [
                    0,
                    1
                ],
                "width": 2.604765050877221
            },
            {
                "id": 0,
                "normal": [
                    0.0,
                    0.0,
                    1.0
                ],
                "planeEquation": [
                    0.0,
                    0.0,
                    1.0,
                    -1.283671405978106
                ],
                "pointsIdx": [
                    1,
                    2
                ],
                "width": 3.019619440390244
            },
            {
                "id": 0,
                "normal": [
                    -1.0,
                    -0.0,
                    -0.0
                ],
                "planeEquation": [
                    -1.0,
                    -0.0,
                    -0.0,
                    -1.6130550184585366
                ],
                "pointsIdx": [
                    2,
                    3
                ],
                "width": 2.604765050877221
            },
            {
                "id": 0,
                "normal": [
                    0.0,
                    0.0,
                    -1.0
                ],
                "planeEquation": [
                    0.0,
                    0.0,
                    -1.0,
                    -1.321093644899115
                ],
                "pointsIdx": [
                    3,
                    0
                ],
                "width": 3.019619440390244
            }
        ]
    },
    "panoId": "nothing"
}