{
    "cameraHeight": 1.6,
    "layoutHeight": 2.850268096923828,
    "layoutObj2ds": {
        "num": 0,
        "obj2ds": []
    },
    "layoutPoints": {
        "num": 6,
        "points": [
            {
                "coords": [
                    0.6031608129842954,
                    0.5
                ],
                "id": 0,
                "xyz": [
                    3.5665427457092895,
                    0.0,
                    -4.709337944719359
                ]
            },
            {
                "coords": [
                    0.8073851979960991,
                    0.4683490487538675
                ],
                "id": 0,
                "xyz": [
                    3.5665427457092895,
                    0.38026175711869115,
                    1.34474504191513
                ]
            },
            {
                "coords": [
                    0.8244444444444444,
                    0.4596341032510657
                ],
                "id": 0,
                "xyz": [
                    2.662142700680747,
                    0.38026175711869115,
                    1.34474504191513
                ]
            },
            {
                "coords": [
                    0.8979677755514012,
                    0.5
                ],
                "id": 0,
                "xyz": [
                    2.662142700680747,
                    0.0,
                    3.56743045376
                ]
            },
            {
                "coords": [
                    0.059410934419148076,
                    0.5
                ],
                "id": 0,
                "xyz": [
                    -1.3971942982991337,
                    0.0,
                    3.56743045376
                ]
            },
            {
                "coords": [
                    0.4540975506969686,
                    0.5
                ],
                "id": 0,
                "xyz": [
                    -1.3971942982991337,
                    0.0,
                    -4.709337944719359
                ]
            }
        ]
    },
    "layoutWalls": {
        "num": 6,
        "walls": [
            {
                "id": 0,
                "normal": [
                    1.0,
                    0.0,
                    -0.0
                ],
                "planeEquation": [
                    1.0,
                    0.0,
                    -0.0,
                    -3.5665427457092895
                ],
                "pointsIdx": [
                    0,
                    1
                ],
                "width": 6.054082986634489
            },
            {
                "id": 0,
                "normal": [
                    0.0,
                    0.0,
                    1.0
                ],
                "planeEquation": [
                    0.0,
                    0.0,
                    1.0,
                    -1.34474504191513
                ],
                "pointsIdx": [
                    1,
                    2
                ],
                "width": 0.9044000450285425
            },
            {
                "id": 0,
                "normal": [
                    1.0,
                    0.0,
                    -0.0
                ],
                "planeEquation": [
                    1.0,
                    0.0,
                    -0.0,
                    -2.662142700680747
                ],
                "pointsIdx": [
                    2,
                    3
                ],
                "width": 2.2226854118448705
            },
            {
                "id": 0,
                "normal": [
                    0.0,
                    0.0,
                    1.0
                ],
                "planeEquation": [
                    0.0,
                    0.0,
                    1.0,
                    -3.56743045376
                ],
                "pointsIdx": [
                    3,
                    4
                ],
                "width": 4.05933699897988
            },
            {
                "id": 0,
                "normal": [
                    -1.0,
                    -0.0,
                    -0.0
                ],
                "planeEquation": [
                    -1.0,
                    -0.0,
                    -0.0,
                    -1.3971942982991337
                ],
                "pointsIdx": [
                    4,
                    5
                ],
                "width": 8.276768398479359
            },
            {
                "id": 0,
                "normal": [
                    0.0,
                    0.0,
                    -1.0
                ],
                "planeEquation": [
                    0.0,
                    0.0,
                    -1.0,
                    -4.709337944719359
                ],
                "pointsIdx": [
                    5,
                    0
                ],
                "width": 4.963737044008424
            }
        ]
    },
    "panoId": "nothing"
}