{
    "cameraHeight": 1.6,
    "layoutHeight": 3.163435945510864,
    "layoutObj2ds": {
        "num": 0,
        "obj2ds": []
    },
    "layoutPoints": {
        "num": 4,
        "points": [
            {
                "coords": [
                    0.627837905819024,
                    0.5
                ],
                "id": 0,
                "xyz": [
                    2.666875,
                    0.0,
                    -2.573424847219559
                ]
            },
            {
                "coords": [
                    0.7942980914591203,
                    0.5
                ],
                "id": 0,
                "xyz": [
                    2.666875,
                    0.0,
                    0.7620608000000001
                ]
            },
            {
                "coords": [
                    0.17501303639398175,
                    0.5
                ],
                "id": 0,
                "xyz": [
                    -1.495931434694738,
                    0.0,
                    0.7620608000000001
                ]
            },
            {
                "coords": [
                    0.4161960284434842,
                    0.5
                ],
                "id": 0,
                "xyz": [
                    -1.495931434694738,
                    0.0,
                    -2.573424847219559
                ]
            }
        ]
    },
    "layoutWalls": {
        "num": 4,
        "walls": [
            {
                "id": 0,
                "normal": [
                    1.0,
                    0.0,
                    -0.0
                ],
                "planeEquation": [
                    1.0,
                    0.0,
                    -0.0,
                    -2.666875
                ],
                "pointsIdx": [
                    0,
                    1
                ],
                "width": 3.335485647219559
            },
            {
                "id": 0,
                "normal": [
                    0.0,
                    0.0,
                    1.0
                ],
                "planeEquation": [
                    0.0,
                    0.0,
                    1.0,
                    -0.7620608000000001
                ],
                "pointsIdx": [
                    1,
                    2
                ],
                "width": 4.162806434694739
            },
            {
                "id": 0,
                "normal": [
                    -1.0,
                    -0.0,
                    -0.0
                ],
                "planeEquation": [
                    -1.0,
                    -0.0,
                    -0.0,
                    -1.495931434694738
                ],
                "pointsIdx": [
                    2,
                    3
                ],
                "width": 3.335485647219559
            },
            {
                "id": 0,
                "normal": [
                    0.0,
                    0.0,
                    -1.0
                ],
                "planeEquation": [
                    0.0,
                    0.0,
                    -1.0,
                    -2.573424847219559
                ],
                "pointsIdx": [
                    3,
                    0
                ],
                "width": 4.162806434694739
            }
        ]
    },
    "panoId": "nothing"
}