{
    "cameraHeight": 1.6,
    "layoutHeight": 3.0912076663970947,
    "layoutObj2ds": {
        "num": 0,
        "obj2ds": []
    },
    "layoutPoints": {
        "num": 4,
        "points": [
            {
                "coords": [
                    0.6619298126981551,
                    0.5
                ],
                "id": 0,
                "xyz": [
                    1.10375,
                    0.0,
                    -0.6818300799999999
                ]
            },
            {
                "coords": [
                    0.8871644999411009,
                    0.5
                ],
                "id": 0,
                "xyz": [
                    1.10375,
                    0.0,
                    1.2868224
                ]
            },
            {
                "coords": [
                    0.05155695746189487,
                    0.5
                ],
                "id": 0,
                "xyz": [
                    -0.4320763123302401,
                    0.0,
                    1.2868224
                ]
            },
            {
                "coords": [
                    0.41010424843451754,
                    0.5
                ],
                "id": 0,
                "xyz": [
                    -0.4320763123302401,
                    0.0,
                    -0.6818300799999999
                ]
            }
        ]
    },
    "layoutWalls": {
        "num": 4,
        "walls": [
            {
                "id": 0,
                "normal": [
                    1.0,
                    0.0,
                    -0.0
                ],
                "planeEquation": [
                    1.0,
                    0.0,
                    -0.0,
                    -1.10375
                ],
                "pointsIdx": [
                    0,
                    1
                ],
                "width": 1.9686524799999998
            },
            {
                "id": 0,
                "normal": [
                    0.0,
                    0.0,
                    1.0
                ],
                "planeEquation": [
                    0.0,
                    0.0,
                    1.0,
                    -1.2868224
                ],
                "pointsIdx": [
                    1,
                    2
                ],
                "width": 1.53582631233024
            },
            {
                "id": 0,
                "normal": [
                    -1.0,
                    -0.0,
                    -0.0
                ],
                "planeEquation": [
                    -1.0,
                    -0.0,
                    -0.0,
                    -0.4320763123302401
                ],
                "pointsIdx": [
                    2,
                    3
                ],
                "width": 1.9686524799999998
            },
            {
                "id": 0,
                "normal": [
                    0.0,
                    0.0,
                    -1.0
                ],
                "planeEquation": [
                    0.0,
                    0.0,
                    -1.0,
                    -0.6818300799999999
                ],
                "pointsIdx": [
                    3,
                    0
                ],
                "width": 1.53582631233024
            }
        ]
    },
    "panoId": "nothing"
}