{
    "cameraHeight": 1.6,
    "layoutHeight": 3.212613582611084,
    "layoutObj2ds": {
        "num": 0,
        "obj2ds": []
    },
    "layoutPoints": {
        "num": 6,
        "points": [
            {
                "coords": [
                    0.5208286231808729,
                    0.5
                ],
                "id": 0,
                "xyz": [
                    1.1774034105139202,
                    0.0,
                    -8.9453125
                ]
            },
            {
                "coords": [
                    0.8091282436894942,
                    0.5
                ],
                "id": 0,
                "xyz": [
                    1.1774034105139202,
                    0.0,
                    0.4587229828525661
                ]
            },
            {
                "coords": [
                    0.7722609601222268,
                    0.5
                ],
                "id": 0,
                "xyz": [
                    3.2582291660799996,
                    0.0,
                    0.4587229828525661
                ]
            },
            {
                "coords": [
                    0.8813758777484071,
                    0.5
                ],
                "id": 0,
                "xyz": [
                    3.2582291660799996,
                    0.0,
                    3.53033
                ]
            },
            {
                "coords": [
                    0.03350881025466684,
                    0.5
                ],
                "id": 0,
                "xyz": [
                    -0.754464,
                    0.0,
                    3.53033
                ]
            },
            {
                "coords": [
                    0.4866082755053923,
                    0.5
                ],
                "id": 0,
                "xyz": [
                    -0.754464,
                    0.0,
                    -8.9453125
                ]
            }
        ]
    },
    "layoutWalls": {
        "num": 6,
        "walls": [
            {
                "id": 0,
                "normal": [
                    1.0,
                    0.0,
                    -0.0
                ],
                "planeEquation": [
                    1.0,
                    0.0,
                    -0.0,
                    -1.1774034105139202
                ],
                "pointsIdx": [
                    0,
                    1
                ],
                "width": 9.404035482852565
            },
            {
                "id": 0,
                "normal": [
                    0.0,
                    0.0,
                    -1.0
                ],
                "planeEquation": [
                    0.0,
                    0.0,
                    -1.0,
                    0.4587229828525661
                ],
                "pointsIdx": [
                    1,
                    2
                ],
                "width": 2.0808257555660794
            },
            {
                "id": 0,
                "normal": [
                    1.0,
                    0.0,
                    -0.0
                ],
                "planeEquation": [
                    1.0,
                    0.0,
                    -0.0,
                    -3.2582291660799996
                ],
                "pointsIdx": [
                    2,
                    3
                ],
                "width": 3.071607017147434
            },
            {
                "id": 0,
                "normal": [
                    0.0,
                    0.0,
                    1.0
                ],
                "planeEquation": [
                    0.0,
                    0.0,
                    1.0,
                    -3.53033
                ],
                "pointsIdx": [
                    3,
                    4
                ],
                "width": 4.01269316608
            },
            {
                "id": 0,
                "normal": [
                    -1.0,
                    -0.0,
                    -0.0
                ],
                "planeEquation": [
                    -1.0,
                    -0.0,
                    -0.0,
                    -0.754464
                ],
                "pointsIdx": [
                    4,
                    5
                ],
                "width": 12.4756425
            },
            {
                "id": 0,
                "normal": [
                    0.0,
                    0.0,
                    -1.0
                ],
                "planeEquation": [
                    0.0,
                    0.0,
                    -1.0,
                    -8.9453125
                ],
                "pointsIdx": [
                    5,
                    0
                ],
                "width": 1.9318674105139202
            }
        ]
    },
    "panoId": "nothing"
}