{
    "cameraHeight": 1.6,
    "layoutHeight": 2.953358583450317,
    "layoutObj2ds": {
        "num": 0,
        "obj2ds": []
    },
    "layoutPoints": {
        "num": 4,
        "points": [
            {
                "coords": [
                    0.5264501498056388,
                    0.5
                ],
                "id": 0,
                "xyz": [
                    0.59074,
                    0.0,
                    -3.521794987168235
                ]
            },
            {
                "coords": [
                    0.9127792886487475,
                    0.5
                ],
                "id": 0,
                "xyz": [
                    0.59074,
                    0.0,
                    0.9678081381652603
                ]
            },
            {
                "coords": [
                    0.2043858731839498,
                    0.5
                ],
                "id": 0,
                "xyz": [
                    -3.28386763008,
                    0.0,
                    0.9678081381652603
                ]
            },
            {
                "coords": [
                    0.38056182418447837,
                    0.5
                ],
                "id": 0,
                "xyz": [
                    -3.28386763008,
                    0.0,
                    -3.521794987168235
                ]
            }
        ]
    },
    "layoutWalls": {
        "num": 4,
        "walls": [
            {
                "id": 0,
                "normal": [
                    1.0,
                    0.0,
                    -0.0
                ],
                "planeEquation": [
                    1.0,
                    0.0,
                    -0.0,
                    -0.59074
                ],
                "pointsIdx": [
                    0,
                    1
                ],
                "width": 4.489603125333495
            },
            {
                "id": 0,
                "normal": [
                    0.0,
                    0.0,
                    1.0
                ],
                "planeEquation": [
                    0.0,
                    0.0,
                    1.0,
                    -0.9678081381652603
                ],
                "pointsIdx": [
                    1,
                    2
                ],
                "width": 3.87460763008
            },
            {
                "id": 0,
                "normal": [
                    -1.0,
                    -0.0,
                    -0.0
                ],
                "planeEquation": [
                    -1.0,
                    -0.0,
                    -0.0,
                    -3.28386763008
                ],
                "pointsIdx": [
                    2,
                    3
                ],
                "width": 4.489603125333495
            },
            {
                "id": 0,
                "normal": [
                    0.0,
                    0.0,
                    -1.0
                ],
                "planeEquation": [
                    0.0,
                    0.0,
                    -1.0,
                    -3.521794987168235
                ],
                "pointsIdx": [
                    3,
                    0
                ],
                "width": 3.87460763008
            }
        ]
    },
    "panoId": "nothing"
}