{
    "cameraHeight": 1.6,
    "layoutHeight": 2.738014631271362,
    "layoutObj2ds": {
        "num": 0,
        "obj2ds": []
    },
    "layoutPoints": {
        "num": 12,
        "points": [
            {
                "coords": [
                    0.5066369199206756,
                    0.5
                ],
                "id": 0,
                "xyz": [
                    0.07698349817244679,
                    0.0,
                    -1.845012664087701
                ]
            },
            {
                "coords": [
                    0.5211244763066274,
                    0.5
                ],
                "id": 0,
                "xyz": [
                    0.07698349817244679,
                    0.0,
                    -0.576595125339616
                ]
            },
            {
                "coords": [
                    0.586875,
                    0.5701740509397073
                ],
                "id": 0,
                "xyz": [
                    0.3502308299540872,
                    -0.15118469251790384,
                    -0.576595125339616
                ]
            },
            {
                "coords": [
                    0.541422702559009,
                    0.5352152479343929
                ],
                "id": 0,
                "xyz": [
                    0.3502308299540872,
                    -0.15118469251790384,
                    -1.3151397091427233
                ]
            },
            {
                "coords": [
                    0.6729365471982267,
                    0.5
                ],
                "id": 0,
                "xyz": [
                    2.5004273645430075,
                    0.0,
                    -1.3151397091427233
                ]
            },
            {
                "coords": [
                    0.8279336989074634,
                    0.5
                ],
                "id": 0,
                "xyz": [
                    2.5004273645430075,
                    0.0,
                    1.3326446183068468
                ]
            },
            {
                "coords": [
                    0.9721780509039741,
                    0.5
                ],
                "id": 0,
                "xyz": [
                    0.2353625775224542,
                    0.0,
                    1.3326446183068468
                ]
            },
            {
                "coords": [
                    0.9401119554763202,
                    0.5
                ],
                "id": 0,
                "xyz": [
                    0.2353625775224542,
                    0.0,
                    0.595681911836387
                ]
            },
            {
                "coords": [
                    0.13548611111111125,
                    0.3428787526781675
                ],
                "id": 0,
                "xyz": [
                    -0.6798432046443302,
                    0.4863267806940321,
                    0.595681911836387
                ]
            },
            {
                "coords": [
                    0.12204399582446657,
                    0.35334764385778916
                ],
                "id": 0,
                "xyz": [
                    -0.6798432046443302,
                    0.4863267806940321,
                    0.7055777563857513
                ]
            },
            {
                "coords": [
                    0.2106216048376806,
                    0.5
                ],
                "id": 0,
                "xyz": [
                    -2.793290131856521,
                    0.0,
                    0.7055777563857513
                ]
            },
            {
                "coords": [
                    0.34290388310213554,
                    0.5
                ],
                "id": 0,
                "xyz": [
                    -2.793290131856521,
                    0.0,
                    -1.845012664087701
                ]
            }
        ]
    },
    "layoutWalls": {
        "num": 12,
        "walls": [
            {
                "id": 0,
                "normal": [
                    1.0,
                    0.0,
                    -0.0
                ],
                "planeEquation": [
                    1.0,
                    0.0,
                    -0.0,
                    -0.07698349817244679
                ],
                "pointsIdx": [
                    0,
                    1
                ],
                "width": 1.268417538748085
            },
            {
                "id": 0,
                "normal": [
                    0.0,
                    0.0,
                    -1.0
                ],
                "planeEquation": [
                    0.0,
                    0.0,
                    -1.0,
                    -0.576595125339616
                ],
                "pointsIdx": [
                    1,
                    2
                ],
                "width": 0.2732473317816404
            },
            {
                "id": 0,
                "normal": [
                    -1.0,
                    -0.0,
                    -0.0
                ],
                "planeEquation": [
                    -1.0,
                    -0.0,
                    -0.0,
                    0.3502308299540872
                ],
                "pointsIdx": [
                    2,
                    3
                ],
                "width": 0.7385445838031073
            },
            {
                "id": 0,
                "normal": [
                    0.0,
                    0.0,
                    -1.0
                ],
                "planeEquation": [
                    0.0,
                    0.0,
                    -1.0,
                    -1.3151397091427233
                ],
                "pointsIdx": [
                    3,
                    4
                ],
                "width": 2.1501965345889205
            },
            {
                "id": 0,
                "normal": [
                    1.0,
                    0.0,
                    -0.0
                ],
                "planeEquation": [
                    1.0,
                    0.0,
                    -0.0,
                    -2.5004273645430075
                ],
                "pointsIdx": [
                    4,
                    5
                ],
                "width": 2.6477843274495703
            },
            {
                "id": 0,
                "normal": [
                    0.0,
                    0.0,
                    1.0
                ],
                "planeEquation": [
                    0.0,
                    0.0,
                    1.0,
                    -1.3326446183068468
                ],
                "pointsIdx": [
                    5,
                    6
                ],
                "width": 2.2650647870205534
            },
            {
                "id": 0,
                "normal": [
                    -1.0,
                    -0.0,
                    -0.0
                ],
                "planeEquation": [
                    -1.0,
                    -0.0,
                    -0.0,
                    0.2353625775224542
                ],
                "pointsIdx": [
                    6,
                    7
                ],
                "width": 0.7369627064704598
            },
            {
                "id": 0,
                "normal": [
                    0.0,
                    0.0,
                    1.0
                ],
                "planeEquation": [
                    0.0,
                    0.0,
                    1.0,
                    -0.595681911836387
                ],
                "pointsIdx": [
                    7,
                    8
                ],
                "width": 0.9152057821667845
            },
            {
                "id": 0,
                "normal": [
                    1.0,
                    0.0,
                    -0.0
                ],
                "planeEquation": [
                    1.0,
                    0.0,
                    -0.0,
                    0.6798432046443302
                ],
                "pointsIdx": [
                    8,
                    9
                ],
                "width": 0.1098958445493643
            },
            {
                "id": 0,
                "normal": [
                    0.0,
                    0.0,
                    1.0
                ],
                "planeEquation": [
                    0.0,
                    0.0,
                    1.0,
                    -0.7055777563857513
                ],
                "pointsIdx": [
                    9,
                    10
                ],
                "width": 2.1134469272121907
            },
            {
                "id": 0,
                "normal": [
                    -1.0,
                    -0.0,
                    -0.0
                ],
                "planeEquation": [
                    -1.0,
                    -0.0,
                    -0.0,
                    -2.793290131856521
                ],
                "pointsIdx": [
                    10,
                    11
                ],
                "width": 2.550590420473452
            },
            {
                "id": 0,
                "normal": [
                    0.0,
                    0.0,
                    -1.0
                ],
                "planeEquation": [
                    0.0,
                    0.0,
                    -1.0,
                    -1.845012664087701
                ],
                "pointsIdx": [
                    11,
                    0
                ],
                "width": 2.8702736300289677
            }
        ]
    },
    "panoId": "nothing"
}