{
    "cameraHeight": 1.6,
    "layoutHeight": 2.676311855316162,
    "layoutObj2ds": {
        "num": 0,
        "obj2ds": []
    },
    "layoutPoints": {
        "num": 6,
        "points": [
            {
                "coords": [
                    0.5522745502982397,
                    0.5
                ],
                "id": 0,
                "xyz": [
                    0.46752000000000005,
                    0.0,
                    -1.3718523200000001
                ]
            },
            {
                "coords": [
                    0.620344091039442,
                    0.5
                ],
                "id": 0,
                "xyz": [
                    0.46752000000000005,
                    0.0,
                    -0.4957062012928
                ]
            },
            {
                "coords": [
                    0.6998666225957311,
                    0.5
                ],
                "id": 0,
                "xyz": [
                    1.5212876800000001,
                    0.0,
                    -0.4957062012928
                ]
            },
            {
                "coords": [
                    0.8255070781886371,
                    0.5
                ],
                "id": 0,
                "xyz": [
                    1.5212876800000001,
                    0.0,
                    0.78125
                ]
            },
            {
                "coords": [
                    0.1949674826016678,
                    0.5
                ],
                "id": 0,
                "xyz": [
                    -2.16861504454656,
                    0.0,
                    0.78125
                ]
            },
            {
                "coords": [
                    0.3397699707458439,
                    0.5
                ],
                "id": 0,
                "xyz": [
                    -2.16861504454656,
                    0.0,
                    -1.3718523200000001
                ]
            }
        ]
    },
    "layoutWalls": {
        "num": 6,
        "walls": [
            {
                "id": 0,
                "normal": [
                    1.0,
                    0.0,
                    -0.0
                ],
                "planeEquation": [
                    1.0,
                    0.0,
                    -0.0,
                    -0.46752000000000005
                ],
                "pointsIdx": [
                    0,
                    1
                ],
                "width": 0.8761461187072002
            },
            {
                "id": 0,
                "normal": [
                    0.0,
                    0.0,
                    -1.0
                ],
                "planeEquation": [
                    0.0,
                    0.0,
                    -1.0,
                    -0.4957062012928
                ],
                "pointsIdx": [
                    1,
                    2
                ],
                "width": 1.05376768
            },
            {
                "id": 0,
                "normal": [
                    1.0,
                    0.0,
                    -0.0
                ],
                "planeEquation": [
                    1.0,
                    0.0,
                    -0.0,
                    -1.5212876800000001
                ],
                "pointsIdx": [
                    2,
                    3
                ],
                "width": 1.2769562012928
            },
            {
                "id": 0,
                "normal": [
                    0.0,
                    0.0,
                    1.0
                ],
                "planeEquation": [
                    0.0,
                    0.0,
                    1.0,
                    -0.78125
                ],
                "pointsIdx": [
                    3,
                    4
                ],
                "width": 3.6899027245465605
            },
            {
                "id": 0,
                "normal": [
                    -1.0,
                    -0.0,
                    -0.0
                ],
                "planeEquation": [
                    -1.0,
                    -0.0,
                    -0.0,
                    -2.16861504454656
                ],
                "pointsIdx": [
                    4,
                    5
                ],
                "width": 2.1531023200000003
            },
            {
                "id": 0,
                "normal": [
                    0.0,
                    0.0,
                    -1.0
                ],
                "planeEquation": [
                    0.0,
                    0.0,
                    -1.0,
                    -1.3718523200000001
                ],
                "pointsIdx": [
                    5,
                    0
                ],
                "width": 2.63613504454656
            }
        ]
    },
    "panoId": "nothing"
}