{
    "cameraHeight": 1.6,
    "layoutHeight": 2.668639507293701,
    "layoutObj2ds": {
        "num": 0,
        "obj2ds": []
    },
    "layoutPoints": {
        "num": 4,
        "points": [
            {
                "coords": [
                    0.659938870677732,
                    0.5
                ],
                "id": 0,
                "xyz": [
                    1.9892406400000002,
                    0.0,
                    -1.2634825113600001
                ]
            },
            {
                "coords": [
                    0.8133792389959835,
                    0.5
                ],
                "id": 0,
                "xyz": [
                    1.9892406400000002,
                    0.0,
                    0.836875
                ]
            },
            {
                "coords": [
                    0.09757067371509359,
                    0.5
                ],
                "id": 0,
                "xyz": [
                    -0.5887209531362508,
                    0.0,
                    0.836875
                ]
            },
            {
                "coords": [
                    0.4306021860514862,
                    0.5
                ],
                "id": 0,
                "xyz": [
                    -0.5887209531362508,
                    0.0,
                    -1.2634825113600001
                ]
            }
        ]
    },
    "layoutWalls": {
        "num": 4,
        "walls": [
            {
                "id": 0,
                "normal": [
                    1.0,
                    0.0,
                    -0.0
                ],
                "planeEquation": [
                    1.0,
                    0.0,
                    -0.0,
                    -1.9892406400000002
                ],
                "pointsIdx": [
                    0,
                    1
                ],
                "width": 2.1003575113600004
            },
            {
                "id": 0,
                "normal": [
                    0.0,
                    0.0,
                    1.0
                ],
                "planeEquation": [
                    0.0,
                    0.0,
                    1.0,
                    -0.836875
                ],
                "pointsIdx": [
                    1,
                    2
                ],
                "width": 2.577961593136251
            },
            {
                "id": 0,
                "normal": [
                    -1.0,
                    -0.0,
                    -0.0
                ],
                "planeEquation": [
                    -1.0,
                    -0.0,
                    -0.0,
                    -0.5887209531362508
                ],
                "pointsIdx": [
                    2,
                    3
                ],
                "width": 2.1003575113600004
            },
            {
                "id": 0,
                "normal": [
                    0.0,
                    0.0,
                    -1.0
                ],
                "planeEquation": [
                    0.0,
                    0.0,
                    -1.0,
                    -1.2634825113600001
                ],
                "pointsIdx": [
                    3,
                    0
                ],
                "width": 2.577961593136251
            }
        ]
    },
    "panoId": "nothing"
}