{
    "cameraHeight": 1.6,
    "layoutHeight": 3.0668015480041504,
    "layoutObj2ds": {
        "num": 0,
        "obj2ds": []
    },
    "layoutPoints": {
        "num": 6,
        "points": [
            {
                "coords": [
                    0.572820736790365,
                    0.5
                ],
                "id": 0,
                "xyz": [
                    0.6733061586903986,
                    0.0,
                    -1.3674069664
                ]
            },
            {
                "coords": [
                    0.9768997486690414,
                    0.5
                ],
                "id": 0,
                "xyz": [
                    0.6733061586903986,
                    0.0,
                    4.6062896099326505
                ]
            },
            {
                "coords": [
                    0.08722435146310675,
                    0.48992130632219555
                ],
                "id": 0,
                "xyz": [
                    -2.8117757728067603,
                    0.17093252233161743,
                    4.6062896099326505
                ]
            },
            {
                "coords": [
                    0.10122474711082607,
                    0.4885108704289965
                ],
                "id": 0,
                "xyz": [
                    -2.8117757728067603,
                    0.17093252233161743,
                    3.8081043600569116
                ]
            },
            {
                "coords": [
                    0.1413596664439155,
                    0.5
                ],
                "id": 0,
                "xyz": [
                    -4.684113866666666,
                    0.0,
                    3.8081043600569116
                ]
            },
            {
                "coords": [
                    0.29520503115983865,
                    0.5
                ],
                "id": 0,
                "xyz": [
                    -4.684113866666666,
                    0.0,
                    -1.3674069664
                ]
            }
        ]
    },
    "layoutWalls": {
        "num": 6,
        "walls": [
            {
                "id": 0,
                "normal": [
                    1.0,
                    0.0,
                    -0.0
                ],
                "planeEquation": [
                    1.0,
                    0.0,
                    -0.0,
                    -0.6733061586903986
                ],
                "pointsIdx": [
                    0,
                    1
                ],
                "width": 5.97369657633265
            },
            {
                "id": 0,
                "normal": [
                    0.0,
                    0.0,
                    1.0
                ],
                "planeEquation": [
                    0.0,
                    0.0,
                    1.0,
                    -4.6062896099326505
                ],
                "pointsIdx": [
                    1,
                    2
                ],
                "width": 3.4850819314971586
            },
            {
                "id": 0,
                "normal": [
                    -1.0,
                    -0.0,
                    -0.0
                ],
                "planeEquation": [
                    -1.0,
                    -0.0,
                    -0.0,
                    -2.8117757728067603
                ],
                "pointsIdx": [
                    2,
                    3
                ],
                "width": 0.7981852498757389
            },
            {
                "id": 0,
                "normal": [
                    0.0,
                    0.0,
                    1.0
                ],
                "planeEquation": [
                    0.0,
                    0.0,
                    1.0,
                    -3.8081043600569116
                ],
                "pointsIdx": [
                    3,
                    4
                ],
                "width": 1.8723380938599061
            },
            {
                "id": 0,
                "normal": [
                    -1.0,
                    -0.0,
                    -0.0
                ],
                "planeEquation": [
                    -1.0,
                    -0.0,
                    -0.0,
                    -4.684113866666666
                ],
                "pointsIdx": [
                    4,
                    5
                ],
                "width": 5.1755113264569115
            },
            {
                "id": 0,
                "normal": [
                    0.0,
                    0.0,
                    -1.0
                ],
                "planeEquation": [
                    0.0,
                    0.0,
                    -1.0,
                    -1.3674069664
                ],
                "pointsIdx": [
                    5,
                    0
                ],
                "width": 5.357420025357065
            }
        ]
    },
    "panoId": "nothing"
}