{
    "cameraHeight": 1.6,
    "layoutHeight": 3.2064179216112407,
    "layoutObj2ds": {
        "num": 0,
        "obj2ds": []
    },
    "layoutPoints": {
        "num": 4,
        "points": [
            {
                "coords": [
                    0.6709658207147113,
                    0.5
                ],
                "id": 0,
                "xyz": [
                    0.8518649111676161,
                    0.0,
                    -0.4616071428571427
                ]
            },
            {
                "coords": [
                    0.8990236515470111,
                    0.5
                ],
                "id": 0,
                "xyz": [
                    0.8518649111676161,
                    0.0,
                    1.15749213132844
                ]
            },
            {
                "coords": [
                    0.1661451077274469,
                    0.5
                ],
                "id": 0,
                "xyz": [
                    -1.9897481161573511,
                    0.0,
                    1.15749213132844
                ]
            },
            {
                "coords": [
                    0.2862809918252306,
                    0.5
                ],
                "id": 0,
                "xyz": [
                    -1.9897481161573511,
                    0.0,
                    -0.4616071428571427
                ]
            }
        ]
    },
    "layoutWalls": {
        "num": 4,
        "walls": [
            {
                "id": 0,
                "normal": [
                    1.0,
                    0.0,
                    -0.0
                ],
                "planeEquation": [
                    1.0,
                    0.0,
                    -0.0,
                    -0.8518649111676161
                ],
                "pointsIdx": [
                    0,
                    1
                ],
                "width": 1.6190992741855827
            },
            {
                "id": 0,
                "normal": [
                    0.0,
                    0.0,
                    1.0
                ],
                "planeEquation": [
                    0.0,
                    0.0,
                    1.0,
                    -1.15749213132844
                ],
                "pointsIdx": [
                    1,
                    2
                ],
                "width": 2.8416130273249673
            },
            {
                "id": 0,
                "normal": [
                    -1.0,
                    -0.0,
                    -0.0
                ],
                "planeEquation": [
                    -1.0,
                    -0.0,
                    -0.0,
                    -1.9897481161573511
                ],
                "pointsIdx": [
                    2,
                    3
                ],
                "width": 1.6190992741855827
            },
            {
                "id": 0,
                "normal": [
                    0.0,
                    0.0,
                    -1.0
                ],
                "planeEquation": [
                    0.0,
                    0.0,
                    -1.0,
                    -0.4616071428571427
                ],
                "pointsIdx": [
                    3,
                    0
                ],
                "width": 2.8416130273249673
            }
        ]
    },
    "panoId": "nothing"
}