{
    "cameraHeight": 1.6,
    "layoutHeight": 3.113366374969482,
    "layoutObj2ds": {
        "num": 0,
        "obj2ds": []
    },
    "layoutPoints": {
        "num": 6,
        "points": [
            {
                "coords": [
                    0.6161328475231944,
                    0.5
                ],
                "id": 0,
                "xyz": [
                    4.321780439166597,
                    0.0,
                    -4.832319999999999
                ]
            },
            {
                "coords": [
                    0.8371906270264404,
                    0.5
                ],
                "id": 0,
                "xyz": [
                    4.321780439166597,
                    0.0,
                    2.636848570308323
                ]
            },
            {
                "coords": [
                    0.030864831197248865,
                    0.5
                ],
                "id": 0,
                "xyz": [
                    -0.5178710802628609,
                    0.0,
                    2.636848570308323
                ]
            },
            {
                "coords": [
                    0.4632157810995817,
                    0.5
                ],
                "id": 0,
                "xyz": [
                    -0.5178710802628609,
                    0.0,
                    -2.2006421884638656
                ]
            },
            {
                "coords": [
                    0.6038399531018728,
                    0.5
                ],
                "id": 0,
                "xyz": [
                    1.6814460857332723,
                    0.0,
                    -2.2006421884638656
                ]
            },
            {
                "coords": [
                    0.5532937997289193,
                    0.5
                ],
                "id": 0,
                "xyz": [
                    1.6814460857332723,
                    0.0,
                    -4.832319999999999
                ]
            }
        ]
    },
    "layoutWalls": {
        "num": 6,
        "walls": [
            {
                "id": 0,
                "normal": [
                    1.0,
                    0.0,
                    -0.0
                ],
                "planeEquation": [
                    1.0,
                    0.0,
                    -0.0,
                    -4.321780439166597
                ],
                "pointsIdx": [
                    0,
                    1
                ],
                "width": 7.469168570308322
            },
            {
                "id": 0,
                "normal": [
                    0.0,
                    0.0,
                    1.0
                ],
                "planeEquation": [
                    0.0,
                    0.0,
                    1.0,
                    -2.636848570308323
                ],
                "pointsIdx": [
                    1,
                    2
                ],
                "width": 4.839651519429458
            },
            {
                "id": 0,
                "normal": [
                    -1.0,
                    -0.0,
                    -0.0
                ],
                "planeEquation": [
                    -1.0,
                    -0.0,
                    -0.0,
                    -0.5178710802628609
                ],
                "pointsIdx": [
                    2,
                    3
                ],
                "width": 4.837490758772189
            },
            {
                "id": 0,
                "normal": [
                    0.0,
                    0.0,
                    -1.0
                ],
                "planeEquation": [
                    0.0,
                    0.0,
                    -1.0,
                    -2.2006421884638656
                ],
                "pointsIdx": [
                    3,
                    4
                ],
                "width": 2.199317165996133
            },
            {
                "id": 0,
                "normal": [
                    -1.0,
                    -0.0,
                    -0.0
                ],
                "planeEquation": [
                    -1.0,
                    -0.0,
                    -0.0,
                    1.6814460857332723
                ],
                "pointsIdx": [
                    4,
                    5
                ],
                "width": 2.6316778115361337
            },
            {
                "id": 0,
                "normal": [
                    0.0,
                    0.0,
                    -1.0
                ],
                "planeEquation": [
                    0.0,
                    0.0,
                    -1.0,
                    -4.832319999999999
                ],
                "pointsIdx": [
                    5,
                    0
                ],
                "width": 2.6403343534333246
            }
        ]
    },
    "panoId": "nothing"
}