{
    "cameraHeight": 1.6,
    "layoutHeight": 3.1413488899789206,
    "layoutObj2ds": {
        "num": 0,
        "obj2ds": []
    },
    "layoutPoints": {
        "num": 6,
        "points": [
            {
                "coords": [
                    0.5784870001558216,
                    0.5
                ],
                "id": 0,
                "xyz": [
                    0.5716463414634146,
                    0.0,
                    -1.063648693426954
                ]
            },
            {
                "coords": [
                    0.6989501286590818,
                    0.5
                ],
                "id": 0,
                "xyz": [
                    0.5716463414634146,
                    0.0,
                    -0.18991715990422092
                ]
            },
            {
                "coords": [
                    0.7338491660886999,
                    0.5
                ],
                "id": 0,
                "xyz": [
                    1.8650694917548032,
                    0.0,
                    -0.18991715990422092
                ]
            },
            {
                "coords": [
                    0.7989183083475682,
                    0.5
                ],
                "id": 0,
                "xyz": [
                    1.8650694917548032,
                    0.0,
                    0.5920143609756098
                ]
            },
            {
                "coords": [
                    0.15911023963358029,
                    0.5
                ],
                "id": 0,
                "xyz": [
                    -0.9214383753365853,
                    0.0,
                    0.5920143609756098
                ]
            },
            {
                "coords": [
                    0.386382308834582,
                    0.5
                ],
                "id": 0,
                "xyz": [
                    -0.9214383753365853,
                    0.0,
                    -1.063648693426954
                ]
            }
        ]
    },
    "layoutWalls": {
        "num": 6,
        "walls": [
            {
                "id": 0,
                "normal": [
                    1.0,
                    0.0,
                    -0.0
                ],
                "planeEquation": [
                    1.0,
                    0.0,
                    -0.0,
                    -0.5716463414634146
                ],
                "pointsIdx": [
                    0,
                    1
                ],
                "width": 0.8737315335227331
            },
            {
                "id": 0,
                "normal": [
                    0.0,
                    0.0,
                    -1.0
                ],
                "planeEquation": [
                    0.0,
                    0.0,
                    -1.0,
                    -0.18991715990422092
                ],
                "pointsIdx": [
                    1,
                    2
                ],
                "width": 1.2934231502913884
            },
            {
                "id": 0,
                "normal": [
                    1.0,
                    0.0,
                    -0.0
                ],
                "planeEquation": [
                    1.0,
                    0.0,
                    -0.0,
                    -1.8650694917548032
                ],
                "pointsIdx": [
                    2,
                    3
                ],
                "width": 0.7819315208798308
            },
            {
                "id": 0,
                "normal": [
                    0.0,
                    0.0,
                    1.0
                ],
                "planeEquation": [
                    0.0,
                    0.0,
                    1.0,
                    -0.5920143609756098
                ],
                "pointsIdx": [
                    3,
                    4
                ],
                "width": 2.7865078670913883
            },
            {
                "id": 0,
                "normal": [
                    -1.0,
                    -0.0,
                    -0.0
                ],
                "planeEquation": [
                    -1.0,
                    -0.0,
                    -0.0,
                    -0.9214383753365853
                ],
                "pointsIdx": [
                    4,
                    5
                ],
                "width": 1.655663054402564
            },
            {
                "id": 0,
                "normal": [
                    0.0,
                    0.0,
                    -1.0
                ],
                "planeEquation": [
                    0.0,
                    0.0,
                    -1.0,
                    -1.063648693426954
                ],
                "pointsIdx": [
                    5,
                    0
                ],
                "width": 1.4930847167999999
            }
        ]
    },
    "panoId": "nothing"
}