{
    "cameraHeight": 1.6,
    "layoutHeight": 2.722408971786499,
    "layoutObj2ds": {
        "num": 0,
        "obj2ds": []
    },
    "layoutPoints": {
        "num": 4,
        "points": [
            {
                "coords": [
                    0.649716545993474,
                    0.5
                ],
                "id": 0,
                "xyz": [
                    0.8934224910011703,
                    0.0,
                    -0.6515436945408
                ]
            },
            {
                "coords": [
                    0.9138469955782875,
                    0.5
                ],
                "id": 0,
                "xyz": [
                    0.8934224910011703,
                    0.0,
                    1.48601856
                ]
            },
            {
                "coords": [
                    0.06420849154038155,
                    0.5
                ],
                "id": 0,
                "xyz": [
                    -0.6343022451097601,
                    0.0,
                    1.48601856
                ]
            },
            {
                "coords": [
                    0.3771339239662772,
                    0.5
                ],
                "id": 0,
                "xyz": [
                    -0.6343022451097601,
                    0.0,
                    -0.6515436945408
                ]
            }
        ]
    },
    "layoutWalls": {
        "num": 4,
        "walls": [
            {
                "id": 0,
                "normal": [
                    1.0,
                    0.0,
                    -0.0
                ],
                "planeEquation": [
                    1.0,
                    0.0,
                    -0.0,
                    -0.8934224910011703
                ],
                "pointsIdx": [
                    0,
                    1
                ],
                "width": 2.1375622545408
            },
            {
                "id": 0,
                "normal": [
                    0.0,
                    0.0,
                    1.0
                ],
                "planeEquation": [
                    0.0,
                    0.0,
                    1.0,
                    -1.48601856
                ],
                "pointsIdx": [
                    1,
                    2
                ],
                "width": 1.5277247361109305
            },
            {
                "id": 0,
                "normal": [
                    -1.0,
                    -0.0,
                    -0.0
                ],
                "planeEquation": [
                    -1.0,
                    -0.0,
                    -0.0,
                    -0.6343022451097601
                ],
                "pointsIdx": [
                    2,
                    3
                ],
                "width": 2.1375622545408
            },
            {
                "id": 0,
                "normal": [
                    0.0,
                    0.0,
                    -1.0
                ],
                "planeEquation": [
                    0.0,
                    0.0,
                    -1.0,
                    -0.6515436945408
                ],
                "pointsIdx": [
                    3,
                    0
                ],
                "width": 1.5277247361109305
            }
        ]
    },
    "panoId": "nothing"
}