{
    "cameraHeight": 1.6,
    "layoutHeight": 2.6155692577362055,
    "layoutObj2ds": {
        "num": 0,
        "obj2ds": []
    },
    "layoutPoints": {
        "num": 4,
        "points": [
            {
                "coords": [
                    0.6188207250693439,
                    0.5
                ],
                "id": 0,
                "xyz": [
                    0.8042605516710883,
                    0.0,
                    -0.8692688864367892
                ]
            },
            {
                "coords": [
                    0.8419153555525862,
                    0.5
                ],
                "id": 0,
                "xyz": [
                    0.8042605516710883,
                    0.0,
                    0.5240814196076086
                ]
            },
            {
                "coords": [
                    0.19321699591186242,
                    0.5
                ],
                "id": 0,
                "xyz": [
                    -1.4060657339705007,
                    0.0,
                    0.5240814196076086
                ]
            },
            {
                "coords": [
                    0.3381264108532943,
                    0.5
                ],
                "id": 0,
                "xyz": [
                    -1.4060657339705007,
                    0.0,
                    -0.8692688864367892
                ]
            }
        ]
    },
    "layoutWalls": {
        "num": 4,
        "walls": [
            {
                "id": 0,
                "normal": [
                    1.0,
                    0.0,
                    -0.0
                ],
                "planeEquation": [
                    1.0,
                    0.0,
                    -0.0,
                    -0.8042605516710883
                ],
                "pointsIdx": [
                    0,
                    1
                ],
                "width": 1.3933503060443977
            },
            {
                "id": 0,
                "normal": [
                    0.0,
                    0.0,
                    1.0
                ],
                "planeEquation": [
                    0.0,
                    0.0,
                    1.0,
                    -0.5240814196076086
                ],
                "pointsIdx": [
                    1,
                    2
                ],
                "width": 2.210326285641589
            },
            {
                "id": 0,
                "normal": [
                    -1.0,
                    -0.0,
                    -0.0
                ],
                "planeEquation": [
                    -1.0,
                    -0.0,
                    -0.0,
                    -1.4060657339705007
                ],
                "pointsIdx": [
                    2,
                    3
                ],
                "width": 1.3933503060443977
            },
            {
                "id": 0,
                "normal": [
                    0.0,
                    0.0,
                    -1.0
                ],
                "planeEquation": [
                    0.0,
                    0.0,
                    -1.0,
                    -0.8692688864367892
                ],
                "pointsIdx": [
                    3,
                    0
                ],
                "width": 2.210326285641589
            }
        ]
    },
    "panoId": "nothing"
}