{
    "cameraHeight": 1.6,
    "layoutHeight": 2.8426051139831543,
    "layoutObj2ds": {
        "num": 0,
        "obj2ds": []
    },
    "layoutPoints": {
        "num": 8,
        "points": [
            {
                "coords": [
                    0.7189805789057011,
                    0.5
                ],
                "id": 0,
                "xyz": [
                    9.102400916920596,
                    0.0,
                    -1.796875
                ]
            },
            {
                "coords": [
                    0.7649817127946947,
                    0.5
                ],
                "id": 0,
                "xyz": [
                    9.102400916920596,
                    0.0,
                    0.859375
                ]
            },
            {
                "coords": [
                    0.8237288852038145,
                    0.5
                ],
                "id": 0,
                "xyz": [
                    1.7204501602654367,
                    0.0,
                    0.859375
                ]
            },
            {
                "coords": [
                    0.9618747343259251,
                    0.5
                ],
                "id": 0,
                "xyz": [
                    1.7204501602654367,
                    0.0,
                    7.04416
                ]
            },
            {
                "coords": [
                    0.052673387042628916,
                    0.5
                ],
                "id": 0,
                "xyz": [
                    -2.420331866659131,
                    0.0,
                    7.04416
                ]
            },
            {
                "coords": [
                    0.19833333333333353,
                    0.490837132025161
                ],
                "id": 0,
                "xyz": [
                    -2.420331866659131,
                    0.07353159247338507,
                    0.8145316643903491
                ]
            },
            {
                "coords": [
                    0.20691342033375093,
                    0.4923169130584747
                ],
                "id": 0,
                "xyz": [
                    -2.9348846012707903,
                    0.07353159247338507,
                    0.8145316643903491
                ]
            },
            {
                "coords": [
                    0.3374359361038506,
                    0.5
                ],
                "id": 0,
                "xyz": [
                    -2.9348846012707903,
                    0.0,
                    -1.796875
                ]
            }
        ]
    },
    "layoutWalls": {
        "num": 8,
        "walls": [
            {
                "id": 0,
                "normal": [
                    1.0,
                    0.0,
                    -0.0
                ],
                "planeEquation": [
                    1.0,
                    0.0,
                    -0.0,
                    -9.102400916920596
                ],
                "pointsIdx": [
                    0,
                    1
                ],
                "width": 2.65625
            },
            {
                "id": 0,
                "normal": [
                    0.0,
                    0.0,
                    1.0
                ],
                "planeEquation": [
                    0.0,
                    0.0,
                    1.0,
                    -0.859375
                ],
                "pointsIdx": [
                    1,
                    2
                ],
                "width": 7.381950756655159
            },
            {
                "id": 0,
                "normal": [
                    1.0,
                    0.0,
                    -0.0
                ],
                "planeEquation": [
                    1.0,
                    0.0,
                    -0.0,
                    -1.7204501602654367
                ],
                "pointsIdx": [
                    2,
                    3
                ],
                "width": 6.184785
            },
            {
                "id": 0,
                "normal": [
                    0.0,
                    0.0,
                    1.0
                ],
                "planeEquation": [
                    0.0,
                    0.0,
                    1.0,
                    -7.04416
                ],
                "pointsIdx": [
                    3,
                    4
                ],
                "width": 4.140782026924568
            },
            {
                "id": 0,
                "normal": [
                    -1.0,
                    -0.0,
                    -0.0
                ],
                "planeEquation": [
                    -1.0,
                    -0.0,
                    -0.0,
                    -2.420331866659131
                ],
                "pointsIdx": [
                    4,
                    5
                ],
                "width": 6.22962833560965
            },
            {
                "id": 0,
                "normal": [
                    0.0,
                    0.0,
                    1.0
                ],
                "planeEquation": [
                    0.0,
                    0.0,
                    1.0,
                    -0.8145316643903491
                ],
                "pointsIdx": [
                    5,
                    6
                ],
                "width": 0.5145527346116592
            },
            {
                "id": 0,
                "normal": [
                    -1.0,
                    -0.0,
                    -0.0
                ],
                "planeEquation": [
                    -1.0,
                    -0.0,
                    -0.0,
                    -2.9348846012707903
                ],
                "pointsIdx": [
                    6,
                    7
                ],
                "width": 2.611406664390349
            },
            {
                "id": 0,
                "normal": [
                    0.0,
                    0.0,
                    -1.0
                ],
                "planeEquation": [
                    0.0,
                    0.0,
                    -1.0,
                    -1.796875
                ],
                "pointsIdx": [
                    7,
                    0
                ],
                "width": 12.037285518191386
            }
        ]
    },
    "panoId": "nothing"
}