{
    "cameraHeight": 1.6,
    "layoutHeight": 2.7203517913818356,
    "layoutObj2ds": {
        "num": 0,
        "obj2ds": []
    },
    "layoutPoints": {
        "num": 4,
        "points": [
            {
                "coords": [
                    0.5713898833522121,
                    0.5
                ],
                "id": 0,
                "xyz": [
                    0.8924414948546987,
                    0.0,
                    -1.8543268061232427
                ]
            },
            {
                "coords": [
                    0.791988457140169,
                    0.5
                ],
                "id": 0,
                "xyz": [
                    0.8924414948546987,
                    0.0,
                    0.24106397881440195
                ]
            },
            {
                "coords": [
                    0.1869036393052812,
                    0.5
                ],
                "id": 0,
                "xyz": [
                    -0.5758672302161592,
                    0.0,
                    0.24106397881440195
                ]
            },
            {
                "coords": [
                    0.4520768006516002,
                    0.5
                ],
                "id": 0,
                "xyz": [
                    -0.5758672302161592,
                    0.0,
                    -1.8543268061232427
                ]
            }
        ]
    },
    "layoutWalls": {
        "num": 4,
        "walls": [
            {
                "id": 0,
                "normal": [
                    1.0,
                    0.0,
                    -0.0
                ],
                "planeEquation": [
                    1.0,
                    0.0,
                    -0.0,
                    -0.8924414948546987
                ],
                "pointsIdx": [
                    0,
                    1
                ],
                "width": 2.0953907849376447
            },
            {
                "id": 0,
                "normal": [
                    0.0,
                    0.0,
                    1.0
                ],
                "planeEquation": [
                    0.0,
                    0.0,
                    1.0,
                    -0.24106397881440195
                ],
                "pointsIdx": [
                    1,
                    2
                ],
                "width": 1.468308725070858
            },
            {
                "id": 0,
                "normal": [
                    -1.0,
                    -0.0,
                    -0.0
                ],
                "planeEquation": [
                    -1.0,
                    -0.0,
                    -0.0,
                    -0.5758672302161592
                ],
                "pointsIdx": [
                    2,
                    3
                ],
                "width": 2.0953907849376447
            },
            {
                "id": 0,
                "normal": [
                    0.0,
                    0.0,
                    -1.0
                ],
                "planeEquation": [
                    0.0,
                    0.0,
                    -1.0,
                    -1.8543268061232427
                ],
                "pointsIdx": [
                    3,
                    0
                ],
                "width": 1.468308725070858
            }
        ]
    },
    "panoId": "nothing"
}