{
    "cameraHeight": 1.6,
    "layoutHeight": 5.851299724578858,
    "layoutObj2ds": {
        "num": 0,
        "obj2ds": []
    },
    "layoutPoints": {
        "num": 4,
        "points": [
            {
                "coords": [
                    0.587133433536381,
                    0.5
                ],
                "id": 0,
                "xyz": [
                    2.45283689873408,
                    0.0,
                    -4.0234375
                ]
            },
            {
                "coords": [
                    0.8975599477966987,
                    0.5
                ],
                "id": 0,
                "xyz": [
                    2.45283689873408,
                    0.0,
                    3.2694360908703604
                ]
            },
            {
                "coords": [
                    0.12408584930457206,
                    0.5
                ],
                "id": 0,
                "xyz": [
                    -3.232092342798992,
                    0.0,
                    3.2694360908703604
                ]
            },
            {
                "coords": [
                    0.3922903453364942,
                    0.5
                ],
                "id": 0,
                "xyz": [
                    -3.232092342798992,
                    0.0,
                    -4.0234375
                ]
            }
        ]
    },
    "layoutWalls": {
        "num": 4,
        "walls": [
            {
                "id": 0,
                "normal": [
                    1.0,
                    0.0,
                    -0.0
                ],
                "planeEquation": [
                    1.0,
                    0.0,
                    -0.0,
                    -2.45283689873408
                ],
                "pointsIdx": [
                    0,
                    1
                ],
                "width": 7.292873590870361
            },
            {
                "id": 0,
                "normal": [
                    0.0,
                    0.0,
                    1.0
                ],
                "planeEquation": [
                    0.0,
                    0.0,
                    1.0,
                    -3.2694360908703604
                ],
                "pointsIdx": [
                    1,
                    2
                ],
                "width": 5.684929241533072
            },
            {
                "id": 0,
                "normal": [
                    -1.0,
                    -0.0,
                    -0.0
                ],
                "planeEquation": [
                    -1.0,
                    -0.0,
                    -0.0,
                    -3.232092342798992
                ],
                "pointsIdx": [
                    2,
                    3
                ],
                "width": 7.292873590870361
            },
            {
                "id": 0,
                "normal": [
                    0.0,
                    0.0,
                    -1.0
                ],
                "planeEquation": [
                    0.0,
                    0.0,
                    -1.0,
                    -4.0234375
                ],
                "pointsIdx": [
                    3,
                    0
                ],
                "width": 5.684929241533072
            }
        ]
    },
    "panoId": "nothing"
}