{
    "cameraHeight": 1.6,
    "layoutHeight": 2.661672573089599,
    "layoutObj2ds": {
        "num": 0,
        "obj2ds": []
    },
    "layoutPoints": {
        "num": 8,
        "points": [
            {
                "coords": [
                    0.714368278255165,
                    0.5
                ],
                "id": 0,
                "xyz": [
                    2.239195610007815,
                    0.0,
                    -0.5098598002972959
                ]
            },
            {
                "coords": [
                    0.9039495310263885,
                    0.5
                ],
                "id": 0,
                "xyz": [
                    2.239195610007815,
                    0.0,
                    3.2485462770058797
                ]
            },
            {
                "coords": [
                    0.04106164163807963,
                    0.5
                ],
                "id": 0,
                "xyz": [
                    -0.8572228187432053,
                    0.0,
                    3.2485462770058797
                ]
            },
            {
                "coords": [
                    0.17267354929011747,
                    0.3448900581414632
                ],
                "id": 0,
                "xyz": [
                    -0.8572228187432052,
                    0.513703415134626,
                    0.4526800074290946
                ]
            },
            {
                "coords": [
                    0.09812500000000007,
                    0.26224614105131516
                ],
                "id": 0,
                "xyz": [
                    -0.3208119419743622,
                    0.513703415134626,
                    0.4526800074290946
                ]
            },
            {
                "coords": [
                    0.13088780487954643,
                    0.5
                ],
                "id": 0,
                "xyz": [
                    -0.32081194197436225,
                    0.0,
                    0.2979123050205888
                ]
            },
            {
                "coords": [
                    0.20685428898808306,
                    0.5
                ],
                "id": 0,
                "xyz": [
                    -1.0718788899725993,
                    0.0,
                    0.2979123050205888
                ]
            },
            {
                "coords": [
                    0.32066387511502203,
                    0.5
                ],
                "id": 0,
                "xyz": [
                    -1.0718788899725993,
                    0.0,
                    -0.5098598002972959
                ]
            }
        ]
    },
    "layoutWalls": {
        "num": 8,
        "walls": [
            {
                "id": 0,
                "normal": [
                    1.0,
                    0.0,
                    -0.0
                ],
                "planeEquation": [
                    1.0,
                    0.0,
                    -0.0,
                    -2.239195610007815
                ],
                "pointsIdx": [
                    0,
                    1
                ],
                "width": 3.7584060773031758
            },
            {
                "id": 0,
                "normal": [
                    0.0,
                    0.0,
                    1.0
                ],
                "planeEquation": [
                    0.0,
                    0.0,
                    1.0,
                    -3.2485462770058797
                ],
                "pointsIdx": [
                    1,
                    2
                ],
                "width": 3.0964184287510204
            },
            {
                "id": 0,
                "normal": [
                    -1.0,
                    -0.0,
                    -3.970944664650262e-17
                ],
                "planeEquation": [
                    -1.0,
                    -0.0,
                    -3.970944664650262e-17,
                    -0.8572228187432052
                ],
                "pointsIdx": [
                    2,
                    3
                ],
                "width": 2.795866269576785
            },
            {
                "id": 0,
                "normal": [
                    0.0,
                    0.0,
                    -1.0
                ],
                "planeEquation": [
                    0.0,
                    0.0,
                    -1.0,
                    0.4526800074290946
                ],
                "pointsIdx": [
                    3,
                    4
                ],
                "width": 0.5364108767688429
            },
            {
                "id": 0,
                "normal": [
                    -1.0,
                    0.0,
                    3.586740021812653e-16
                ],
                "planeEquation": [
                    -1.0,
                    0.0,
                    3.586740021812653e-16,
                    -0.32081194197436236
                ],
                "pointsIdx": [
                    4,
                    5
                ],
                "width": 0.1547677024085058
            },
            {
                "id": 0,
                "normal": [
                    0.0,
                    0.0,
                    1.0
                ],
                "planeEquation": [
                    0.0,
                    0.0,
                    1.0,
                    -0.2979123050205888
                ],
                "pointsIdx": [
                    5,
                    6
                ],
                "width": 0.751066947998237
            },
            {
                "id": 0,
                "normal": [
                    -1.0,
                    -0.0,
                    -0.0
                ],
                "planeEquation": [
                    -1.0,
                    -0.0,
                    -0.0,
                    -1.0718788899725993
                ],
                "pointsIdx": [
                    6,
                    7
                ],
                "width": 0.8077721053178848
            },
            {
                "id": 0,
                "normal": [
                    0.0,
                    0.0,
                    -1.0
                ],
                "planeEquation": [
                    0.0,
                    0.0,
                    -1.0,
                    -0.5098598002972959
                ],
                "pointsIdx": [
                    7,
                    0
                ],
                "width": 3.311074499980414
            }
        ]
    },
    "panoId": "nothing"
}