{
    "cameraHeight": 1.6,
    "layoutHeight": 2.7299137210845945,
    "layoutObj2ds": {
        "num": 0,
        "obj2ds": []
    },
    "layoutPoints": {
        "num": 6,
        "points": [
            {
                "coords": [
                    0.5272218018579656,
                    0.5
                ],
                "id": 0,
                "xyz": [
                    0.7421875,
                    0.0,
                    -4.296875
                ]
            },
            {
                "coords": [
                    0.6529623277446713,
                    0.5
                ],
                "id": 0,
                "xyz": [
                    0.7421875,
                    0.0,
                    -0.5184037600000001
                ]
            },
            {
                "coords": [
                    0.718649550759915,
                    0.5
                ],
                "id": 0,
                "xyz": [
                    2.59762235392,
                    0.0,
                    -0.5184037600000001
                ]
            },
            {
                "coords": [
                    0.7843962639496238,
                    0.5
                ],
                "id": 0,
                "xyz": [
                    2.59762235392,
                    0.0,
                    0.5702999861891694
                ]
            },
            {
                "coords": [
                    0.12466140354697097,
                    0.5
                ],
                "id": 0,
                "xyz": [
                    -0.5678785483835787,
                    0.0,
                    0.5702999861891694
                ]
            },
            {
                "coords": [
                    0.47908714730618474,
                    0.5
                ],
                "id": 0,
                "xyz": [
                    -0.5678785483835787,
                    0.0,
                    -4.296875
                ]
            }
        ]
    },
    "layoutWalls": {
        "num": 6,
        "walls": [
            {
                "id": 0,
                "normal": [
                    1.0,
                    0.0,
                    -0.0
                ],
                "planeEquation": [
                    1.0,
                    0.0,
                    -0.0,
                    -0.7421875
                ],
                "pointsIdx": [
                    0,
                    1
                ],
                "width": 3.77847124
            },
            {
                "id": 0,
                "normal": [
                    0.0,
                    0.0,
                    -1.0
                ],
                "planeEquation": [
                    0.0,
                    0.0,
                    -1.0,
                    -0.5184037600000001
                ],
                "pointsIdx": [
                    1,
                    2
                ],
                "width": 1.8554348539199998
            },
            {
                "id": 0,
                "normal": [
                    1.0,
                    0.0,
                    -0.0
                ],
                "planeEquation": [
                    1.0,
                    0.0,
                    -0.0,
                    -2.59762235392
                ],
                "pointsIdx": [
                    2,
                    3
                ],
                "width": 1.0887037461891695
            },
            {
                "id": 0,
                "normal": [
                    0.0,
                    0.0,
                    1.0
                ],
                "planeEquation": [
                    0.0,
                    0.0,
                    1.0,
                    -0.5702999861891694
                ],
                "pointsIdx": [
                    3,
                    4
                ],
                "width": 3.1655009023035783
            },
            {
                "id": 0,
                "normal": [
                    -1.0,
                    -0.0,
                    -0.0
                ],
                "planeEquation": [
                    -1.0,
                    -0.0,
                    -0.0,
                    -0.5678785483835787
                ],
                "pointsIdx": [
                    4,
                    5
                ],
                "width": 4.86717498618917
            },
            {
                "id": 0,
                "normal": [
                    0.0,
                    0.0,
                    -1.0
                ],
                "planeEquation": [
                    0.0,
                    0.0,
                    -1.0,
                    -4.296875
                ],
                "pointsIdx": [
                    5,
                    0
                ],
                "width": 1.3100660483835787
            }
        ]
    },
    "panoId": "nothing"
}