{
    "cameraHeight": 1.6,
    "layoutHeight": 3.2900367259979246,
    "layoutObj2ds": {
        "num": 0,
        "obj2ds": []
    },
    "layoutPoints": {
        "num": 4,
        "points": [
            {
                "coords": [
                    0.5144643707275377,
                    0.5
                ],
                "id": 0,
                "xyz": [
                    0.3778225936863385,
                    0.0,
                    -4.145820583907274
                ]
            },
            {
                "coords": [
                    0.9807901235201409,
                    0.5
                ],
                "id": 0,
                "xyz": [
                    0.3778225936863385,
                    0.0,
                    3.1150664
                ]
            },
            {
                "coords": [
                    0.16232303340982657,
                    0.5
                ],
                "id": 0,
                "xyz": [
                    -5.070662062079999,
                    0.0,
                    3.1150664
                ]
            },
            {
                "coords": [
                    0.35908264707293003,
                    0.5
                ],
                "id": 0,
                "xyz": [
                    -5.070662062079999,
                    0.0,
                    -4.145820583907274
                ]
            }
        ]
    },
    "layoutWalls": {
        "num": 4,
        "walls": [
            {
                "id": 0,
                "normal": [
                    1.0,
                    0.0,
                    -0.0
                ],
                "planeEquation": [
                    1.0,
                    0.0,
                    -0.0,
                    -0.3778225936863385
                ],
                "pointsIdx": [
                    0,
                    1
                ],
                "width": 7.260886983907274
            },
            {
                "id": 0,
                "normal": [
                    0.0,
                    0.0,
                    1.0
                ],
                "planeEquation": [
                    0.0,
                    0.0,
                    1.0,
                    -3.1150664
                ],
                "pointsIdx": [
                    1,
                    2
                ],
                "width": 5.448484655766338
            },
            {
                "id": 0,
                "normal": [
                    -1.0,
                    -0.0,
                    -0.0
                ],
                "planeEquation": [
                    -1.0,
                    -0.0,
                    -0.0,
                    -5.070662062079999
                ],
                "pointsIdx": [
                    2,
                    3
                ],
                "width": 7.260886983907274
            },
            {
                "id": 0,
                "normal": [
                    0.0,
                    0.0,
                    -1.0
                ],
                "planeEquation": [
                    0.0,
                    0.0,
                    -1.0,
                    -4.145820583907274
                ],
                "pointsIdx": [
                    3,
                    0
                ],
                "width": 5.448484655766338
            }
        ]
    },
    "panoId": "nothing"
}