{
    "cameraHeight": 1.6,
    "layoutHeight": 2.662756299972534,
    "layoutObj2ds": {
        "num": 0,
        "obj2ds": []
    },
    "layoutPoints": {
        "num": 8,
        "points": [
            {
                "coords": [
                    0.5490569671279154,
                    0.5
                ],
                "id": 0,
                "xyz": [
                    0.51506259968,
                    0.0,
                    -1.617753362983478
                ]
            },
            {
                "coords": [
                    0.6195138888888889,
                    0.44633493791581746
                ],
                "id": 0,
                "xyz": [
                    0.51506259968,
                    0.12848645814039197,
                    -0.551854059567516
                ]
            },
            {
                "coords": [
                    0.7270780816159571,
                    0.48936714077448945
                ],
                "id": 0,
                "xyz": [
                    3.805187001971452,
                    0.12848645814039197,
                    -0.551854059567516
                ]
            },
            {
                "coords": [
                    0.7668889096162764,
                    0.49802605151329377
                ],
                "id": 0,
                "xyz": [
                    3.805187001971452,
                    0.023731056787859597,
                    0.40531429900648114
                ]
            },
            {
                "coords": [
                    0.8561111111111112,
                    0.48847977452927505
                ],
                "id": 0,
                "xyz": [
                    0.51506259968,
                    0.023731056787859597,
                    0.40531429900648114
                ]
            },
            {
                "coords": [
                    0.9295316922863659,
                    0.5
                ],
                "id": 0,
                "xyz": [
                    0.51506259968,
                    0.0,
                    1.0862557465600002
                ]
            },
            {
                "coords": [
                    0.07854344139339314,
                    0.5
                ],
                "id": 0,
                "xyz": [
                    -0.5842928360816639,
                    0.0,
                    1.0862557465600002
                ]
            },
            {
                "coords": [
                    0.4448375650995342,
                    0.5
                ],
                "id": 0,
                "xyz": [
                    -0.5842928360816639,
                    0.0,
                    -1.617753362983478
                ]
            }
        ]
    },
    "layoutWalls": {
        "num": 8,
        "walls": [
            {
                "id": 0,
                "normal": [
                    1.0,
                    0.0,
                    -0.0
                ],
                "planeEquation": [
                    1.0,
                    0.0,
                    -0.0,
                    -0.51506259968
                ],
                "pointsIdx": [
                    0,
                    1
                ],
                "width": 1.065899303415962
            },
            {
                "id": 0,
                "normal": [
                    0.0,
                    0.0,
                    -1.0
                ],
                "planeEquation": [
                    0.0,
                    0.0,
                    -1.0,
                    -0.551854059567516
                ],
                "pointsIdx": [
                    1,
                    2
                ],
                "width": 3.290124402291452
            },
            {
                "id": 0,
                "normal": [
                    1.0,
                    0.0,
                    -0.0
                ],
                "planeEquation": [
                    1.0,
                    0.0,
                    -0.0,
                    -3.805187001971452
                ],
                "pointsIdx": [
                    2,
                    3
                ],
                "width": 0.9571683585739972
            },
            {
                "id": 0,
                "normal": [
                    0.0,
                    0.0,
                    1.0
                ],
                "planeEquation": [
                    0.0,
                    0.0,
                    1.0,
                    -0.40531429900648114
                ],
                "pointsIdx": [
                    3,
                    4
                ],
                "width": 3.290124402291452
            },
            {
                "id": 0,
                "normal": [
                    1.0,
                    0.0,
                    -0.0
                ],
                "planeEquation": [
                    1.0,
                    0.0,
                    -0.0,
                    -0.51506259968
                ],
                "pointsIdx": [
                    4,
                    5
                ],
                "width": 0.6809414475535192
            },
            {
                "id": 0,
                "normal": [
                    0.0,
                    0.0,
                    1.0
                ],
                "planeEquation": [
                    0.0,
                    0.0,
                    1.0,
                    -1.0862557465600002
                ],
                "pointsIdx": [
                    5,
                    6
                ],
                "width": 1.099355435761664
            },
            {
                "id": 0,
                "normal": [
                    -1.0,
                    -0.0,
                    -0.0
                ],
                "planeEquation": [
                    -1.0,
                    -0.0,
                    -0.0,
                    -0.5842928360816639
                ],
                "pointsIdx": [
                    6,
                    7
                ],
                "width": 2.7040091095434784
            },
            {
                "id": 0,
                "normal": [
                    0.0,
                    0.0,
                    -1.0
                ],
                "planeEquation": [
                    0.0,
                    0.0,
                    -1.0,
                    -1.617753362983478
                ],
                "pointsIdx": [
                    7,
                    0
                ],
                "width": 1.099355435761664
            }
        ]
    },
    "panoId": "nothing"
}