{
    "cameraHeight": 1.6,
    "layoutHeight": 2.5389972686767575,
    "layoutObj2ds": {
        "num": 0,
        "obj2ds": []
    },
    "layoutPoints": {
        "num": 6,
        "points": [
            {
                "coords": [
                    0.5807736193205271,
                    0.5
                ],
                "id": 0,
                "xyz": [
                    1.8158350215369827,
                    0.0,
                    -3.2652940307098217
                ]
            },
            {
                "coords": [
                    0.7896089586022996,
                    0.5
                ],
                "id": 0,
                "xyz": [
                    1.8158350215369827,
                    0.0,
                    0.4614745814556423
                ]
            },
            {
                "coords": [
                    0.15148813149836432,
                    0.5
                ],
                "id": 0,
                "xyz": [
                    -0.6478175806159827,
                    0.0,
                    0.4614745814556423
                ]
            },
            {
                "coords": [
                    0.4530671569955304,
                    0.5
                ],
                "id": 0,
                "xyz": [
                    -0.6478175806159827,
                    0.0,
                    -2.1327776499806665
                ]
            },
            {
                "coords": [
                    0.47451388888888896,
                    0.46112650937809413
                ],
                "id": 0,
                "xyz": [
                    -0.34447965854241425,
                    0.26515991298149716,
                    -2.1327776499806665
                ]
            },
            {
                "coords": [
                    0.48327146338121485,
                    0.47434979683966616
                ],
                "id": 0,
                "xyz": [
                    -0.34447965854241425,
                    0.26515991298149716,
                    -3.2652940307098217
                ]
            }
        ]
    },
    "layoutWalls": {
        "num": 6,
        "walls": [
            {
                "id": 0,
                "normal": [
                    1.0,
                    0.0,
                    -0.0
                ],
                "planeEquation": [
                    1.0,
                    0.0,
                    -0.0,
                    -1.8158350215369827
                ],
                "pointsIdx": [
                    0,
                    1
                ],
                "width": 3.726768612165464
            },
            {
                "id": 0,
                "normal": [
                    0.0,
                    0.0,
                    1.0
                ],
                "planeEquation": [
                    0.0,
                    0.0,
                    1.0,
                    -0.4614745814556423
                ],
                "pointsIdx": [
                    1,
                    2
                ],
                "width": 2.4636526021529654
            },
            {
                "id": 0,
                "normal": [
                    -1.0,
                    -0.0,
                    -0.0
                ],
                "planeEquation": [
                    -1.0,
                    -0.0,
                    -0.0,
                    -0.6478175806159827
                ],
                "pointsIdx": [
                    2,
                    3
                ],
                "width": 2.594252231436309
            },
            {
                "id": 0,
                "normal": [
                    0.0,
                    0.0,
                    -1.0
                ],
                "planeEquation": [
                    0.0,
                    0.0,
                    -1.0,
                    -2.1327776499806665
                ],
                "pointsIdx": [
                    3,
                    4
                ],
                "width": 0.30333792207356847
            },
            {
                "id": 0,
                "normal": [
                    -1.0,
                    -0.0,
                    -0.0
                ],
                "planeEquation": [
                    -1.0,
                    -0.0,
                    -0.0,
                    -0.34447965854241425
                ],
                "pointsIdx": [
                    4,
                    5
                ],
                "width": 1.1325163807291552
            },
            {
                "id": 0,
                "normal": [
                    0.0,
                    0.0,
                    -1.0
                ],
                "planeEquation": [
                    0.0,
                    0.0,
                    -1.0,
                    -3.2652940307098217
                ],
                "pointsIdx": [
                    5,
                    0
                ],
                "width": 2.160314680079397
            }
        ]
    },
    "panoId": "nothing"
}