{
    "cameraHeight": 1.6,
    "layoutHeight": 2.7630410957336418,
    "layoutObj2ds": {
        "num": 0,
        "obj2ds": []
    },
    "layoutPoints": {
        "num": 4,
        "points": [
            {
                "coords": [
                    0.649874380224985,
                    0.5
                ],
                "id": 0,
                "xyz": [
                    0.7634074659801674,
                    0.0,
                    -0.5555691356642461
                ]
            },
            {
                "coords": [
                    0.8972284752960885,
                    0.5
                ],
                "id": 0,
                "xyz": [
                    0.7634074659801674,
                    0.0,
                    1.0131587428369415
                ]
            },
            {
                "coords": [
                    0.030425385880801792,
                    0.5
                ],
                "id": 0,
                "xyz": [
                    -0.19607829449481337,
                    0.0,
                    1.0131587428369415
                ]
            },
            {
                "coords": [
                    0.4460011590885495,
                    0.5
                ],
                "id": 0,
                "xyz": [
                    -0.19607829449481337,
                    0.0,
                    -0.5555691356642461
                ]
            }
        ]
    },
    "layoutWalls": {
        "num": 4,
        "walls": [
            {
                "id": 0,
                "normal": [
                    1.0,
                    0.0,
                    -0.0
                ],
                "planeEquation": [
                    1.0,
                    0.0,
                    -0.0,
                    -0.7634074659801674
                ],
                "pointsIdx": [
                    0,
                    1
                ],
                "width": 1.5687278785011878
            },
            {
                "id": 0,
                "normal": [
                    0.0,
                    0.0,
                    1.0
                ],
                "planeEquation": [
                    0.0,
                    0.0,
                    1.0,
                    -1.0131587428369415
                ],
                "pointsIdx": [
                    1,
                    2
                ],
                "width": 0.9594857604749808
            },
            {
                "id": 0,
                "normal": [
                    -1.0,
                    -0.0,
                    -0.0
                ],
                "planeEquation": [
                    -1.0,
                    -0.0,
                    -0.0,
                    -0.19607829449481337
                ],
                "pointsIdx": [
                    2,
                    3
                ],
                "width": 1.5687278785011878
            },
            {
                "id": 0,
                "normal": [
                    0.0,
                    0.0,
                    -1.0
                ],
                "planeEquation": [
                    0.0,
                    0.0,
                    -1.0,
                    -0.5555691356642461
                ],
                "pointsIdx": [
                    3,
                    0
                ],
                "width": 0.9594857604749808
            }
        ]
    },
    "panoId": "nothing"
}