{
    "cameraHeight": 1.6,
    "layoutHeight": 3.44061164855957,
    "layoutObj2ds": {
        "num": 0,
        "obj2ds": []
    },
    "layoutPoints": {
        "num": 4,
        "points": [
            {
                "coords": [
                    0.5611744433816328,
                    0.5
                ],
                "id": 0,
                "xyz": [
                    1.9537367290298129,
                    0.0,
                    -4.830133411646597
                ]
            },
            {
                "coords": [
                    0.8986432170542134,
                    0.5
                ],
                "id": 0,
                "xyz": [
                    1.9537367290298129,
                    0.0,
                    2.6414378827264753
                ]
            },
            {
                "coords": [
                    0.15036985804037684,
                    0.5
                ],
                "id": 0,
                "xyz": [
                    -3.6534515476045883,
                    0.0,
                    2.6414378827264753
                ]
            },
            {
                "coords": [
                    0.3969350052682732,
                    0.5
                ],
                "id": 0,
                "xyz": [
                    -3.6534515476045883,
                    0.0,
                    -4.830133411646597
                ]
            }
        ]
    },
    "layoutWalls": {
        "num": 4,
        "walls": [
            {
                "id": 0,
                "normal": [
                    1.0,
                    0.0,
                    -0.0
                ],
                "planeEquation": [
                    1.0,
                    0.0,
                    -0.0,
                    -1.9537367290298129
                ],
                "pointsIdx": [
                    0,
                    1
                ],
                "width": 7.4715712943730725
            },
            {
                "id": 0,
                "normal": [
                    0.0,
                    0.0,
                    1.0
                ],
                "planeEquation": [
                    0.0,
                    0.0,
                    1.0,
                    -2.6414378827264753
                ],
                "pointsIdx": [
                    1,
                    2
                ],
                "width": 5.6071882766344014
            },
            {
                "id": 0,
                "normal": [
                    -1.0,
                    -0.0,
                    -0.0
                ],
                "planeEquation": [
                    -1.0,
                    -0.0,
                    -0.0,
                    -3.6534515476045883
                ],
                "pointsIdx": [
                    2,
                    3
                ],
                "width": 7.4715712943730725
            },
            {
                "id": 0,
                "normal": [
                    0.0,
                    0.0,
                    -1.0
                ],
                "planeEquation": [
                    0.0,
                    0.0,
                    -1.0,
                    -4.830133411646597
                ],
                "pointsIdx": [
                    3,
                    0
                ],
                "width": 5.6071882766344014
            }
        ]
    },
    "panoId": "nothing"
}