{
    "cameraHeight": 1.6,
    "layoutHeight": 3.561324768066406,
    "layoutObj2ds": {
        "num": 0,
        "obj2ds": []
    },
    "layoutPoints": {
        "num": 4,
        "points": [
            {
                "coords": [
                    0.5689364187865845,
                    0.5
                ],
                "id": 0,
                "xyz": [
                    2.9723561428582403,
                    0.0,
                    -6.427726080653061
                ]
            },
            {
                "coords": [
                    0.8150790194546373,
                    0.5
                ],
                "id": 0,
                "xyz": [
                    2.9723561428582403,
                    0.0,
                    1.2880058490469248
                ]
            },
            {
                "coords": [
                    0.1808210664835202,
                    0.5
                ],
                "id": 0,
                "xyz": [
                    -2.774211160264079,
                    0.0,
                    1.2880058490469248
                ]
            },
            {
                "coords": [
                    0.43515260491957175,
                    0.5
                ],
                "id": 0,
                "xyz": [
                    -2.774211160264079,
                    0.0,
                    -6.427726080653061
                ]
            }
        ]
    },
    "layoutWalls": {
        "num": 4,
        "walls": [
            {
                "id": 0,
                "normal": [
                    1.0,
                    0.0,
                    -0.0
                ],
                "planeEquation": [
                    1.0,
                    0.0,
                    -0.0,
                    -2.9723561428582403
                ],
                "pointsIdx": [
                    0,
                    1
                ],
                "width": 7.715731929699986
            },
            {
                "id": 0,
                "normal": [
                    0.0,
                    0.0,
                    1.0
                ],
                "planeEquation": [
                    0.0,
                    0.0,
                    1.0,
                    -1.2880058490469248
                ],
                "pointsIdx": [
                    1,
                    2
                ],
                "width": 5.746567303122319
            },
            {
                "id": 0,
                "normal": [
                    -1.0,
                    -0.0,
                    -0.0
                ],
                "planeEquation": [
                    -1.0,
                    -0.0,
                    -0.0,
                    -2.774211160264079
                ],
                "pointsIdx": [
                    2,
                    3
                ],
                "width": 7.715731929699986
            },
            {
                "id": 0,
                "normal": [
                    0.0,
                    0.0,
                    -1.0
                ],
                "planeEquation": [
                    0.0,
                    0.0,
                    -1.0,
                    -6.427726080653061
                ],
                "pointsIdx": [
                    3,
                    0
                ],
                "width": 5.746567303122319
            }
        ]
    },
    "panoId": "nothing"
}