{
    "cameraHeight": 1.6,
    "layoutHeight": 2.539527311325073,
    "layoutObj2ds": {
        "num": 0,
        "obj2ds": []
    },
    "layoutPoints": {
        "num": 4,
        "points": [
            {
                "coords": [
                    0.5526183166032338,
                    0.5
                ],
                "id": 0,
                "xyz": [
                    0.5545754521599999,
                    0.0,
                    -1.6158615370463996
                ]
            },
            {
                "coords": [
                    0.8740472211244028,
                    0.5
                ],
                "id": 0,
                "xyz": [
                    0.5545754521599999,
                    0.0,
                    0.5479749703856055
                ]
            },
            {
                "coords": [
                    0.12322110563918875,
                    0.5
                ],
                "id": 0,
                "xyz": [
                    -0.53586030579712,
                    0.0,
                    0.5479749703856055
                ]
            },
            {
                "coords": [
                    0.44903661499133096,
                    0.5
                ],
                "id": 0,
                "xyz": [
                    -0.53586030579712,
                    0.0,
                    -1.6158615370463996
                ]
            }
        ]
    },
    "layoutWalls": {
        "num": 4,
        "walls": [
            {
                "id": 0,
                "normal": [
                    1.0,
                    0.0,
                    -0.0
                ],
                "planeEquation": [
                    1.0,
                    0.0,
                    -0.0,
                    -0.5545754521599999
                ],
                "pointsIdx": [
                    0,
                    1
                ],
                "width": 2.163836507432005
            },
            {
                "id": 0,
                "normal": [
                    0.0,
                    0.0,
                    1.0
                ],
                "planeEquation": [
                    0.0,
                    0.0,
                    1.0,
                    -0.5479749703856055
                ],
                "pointsIdx": [
                    1,
                    2
                ],
                "width": 1.09043575795712
            },
            {
                "id": 0,
                "normal": [
                    -1.0,
                    -0.0,
                    -0.0
                ],
                "planeEquation": [
                    -1.0,
                    -0.0,
                    -0.0,
                    -0.53586030579712
                ],
                "pointsIdx": [
                    2,
                    3
                ],
                "width": 2.163836507432005
            },
            {
                "id": 0,
                "normal": [
                    0.0,
                    0.0,
                    -1.0
                ],
                "planeEquation": [
                    0.0,
                    0.0,
                    -1.0,
                    -1.6158615370463996
                ],
                "pointsIdx": [
                    3,
                    0
                ],
                "width": 1.09043575795712
            }
        ]
    },
    "panoId": "nothing"
}