{
    "cameraHeight": 1.6,
    "layoutHeight": 2.648272247314453,
    "layoutObj2ds": {
        "num": 0,
        "obj2ds": []
    },
    "layoutPoints": {
        "num": 4,
        "points": [
            {
                "coords": [
                    0.6296197010174575,
                    0.5
                ],
                "id": 0,
                "xyz": [
                    0.6253073628987391,
                    0.0,
                    -0.59002080512
                ]
            },
            {
                "coords": [
                    0.9558571162981453,
                    0.5
                ],
                "id": 0,
                "xyz": [
                    0.6253073628987391,
                    0.0,
                    2.1964042012672005
                ]
            },
            {
                "coords": [
                    0.06911306902640646,
                    0.5
                ],
                "id": 0,
                "xyz": [
                    -1.0186379817319822,
                    0.0,
                    2.1964042012672005
                ]
            },
            {
                "coords": [
                    0.33355695693583776,
                    0.5
                ],
                "id": 0,
                "xyz": [
                    -1.0186379817319822,
                    0.0,
                    -0.59002080512
                ]
            }
        ]
    },
    "layoutWalls": {
        "num": 4,
        "walls": [
            {
                "id": 0,
                "normal": [
                    1.0,
                    0.0,
                    -0.0
                ],
                "planeEquation": [
                    1.0,
                    0.0,
                    -0.0,
                    -0.6253073628987391
                ],
                "pointsIdx": [
                    0,
                    1
                ],
                "width": 2.7864250063872005
            },
            {
                "id": 0,
                "normal": [
                    0.0,
                    0.0,
                    1.0
                ],
                "planeEquation": [
                    0.0,
                    0.0,
                    1.0,
                    -2.1964042012672005
                ],
                "pointsIdx": [
                    1,
                    2
                ],
                "width": 1.6439453446307213
            },
            {
                "id": 0,
                "normal": [
                    -1.0,
                    -0.0,
                    -0.0
                ],
                "planeEquation": [
                    -1.0,
                    -0.0,
                    -0.0,
                    -1.0186379817319822
                ],
                "pointsIdx": [
                    2,
                    3
                ],
                "width": 2.7864250063872005
            },
            {
                "id": 0,
                "normal": [
                    0.0,
                    0.0,
                    -1.0
                ],
                "planeEquation": [
                    0.0,
                    0.0,
                    -1.0,
                    -0.59002080512
                ],
                "pointsIdx": [
                    3,
                    0
                ],
                "width": 1.6439453446307213
            }
        ]
    },
    "panoId": "nothing"
}