{
    "cameraHeight": 1.6,
    "layoutHeight": 2.8939991950988766,
    "layoutObj2ds": {
        "num": 0,
        "obj2ds": []
    },
    "layoutPoints": {
        "num": 4,
        "points": [
            {
                "coords": [
                    0.6097050051846584,
                    0.5
                ],
                "id": 0,
                "xyz": [
                    2.98626903179262,
                    0.0,
                    -3.6234325678308577
                ]
            },
            {
                "coords": [
                    0.8315583705197549,
                    0.5
                ],
                "id": 0,
                "xyz": [
                    2.98626903179262,
                    0.0,
                    1.68
                ]
            },
            {
                "coords": [
                    0.1630047078384494,
                    0.5
                ],
                "id": 0,
                "xyz": [
                    -2.7611269818671706,
                    0.0,
                    1.68
                ]
            },
            {
                "coords": [
                    0.396366348376028,
                    0.5
                ],
                "id": 0,
                "xyz": [
                    -2.7611269818671706,
                    0.0,
                    -3.6234325678308577
                ]
            }
        ]
    },
    "layoutWalls": {
        "num": 4,
        "walls": [
            {
                "id": 0,
                "normal": [
                    1.0,
                    0.0,
                    -0.0
                ],
                "planeEquation": [
                    1.0,
                    0.0,
                    -0.0,
                    -2.98626903179262
                ],
                "pointsIdx": [
                    0,
                    1
                ],
                "width": 5.303432567830858
            },
            {
                "id": 0,
                "normal": [
                    0.0,
                    0.0,
                    1.0
                ],
                "planeEquation": [
                    0.0,
                    0.0,
                    1.0,
                    -1.68
                ],
                "pointsIdx": [
                    1,
                    2
                ],
                "width": 5.747396013659791
            },
            {
                "id": 0,
                "normal": [
                    -1.0,
                    -0.0,
                    -0.0
                ],
                "planeEquation": [
                    -1.0,
                    -0.0,
                    -0.0,
                    -2.7611269818671706
                ],
                "pointsIdx": [
                    2,
                    3
                ],
                "width": 5.303432567830858
            },
            {
                "id": 0,
                "normal": [
                    0.0,
                    0.0,
                    -1.0
                ],
                "planeEquation": [
                    0.0,
                    0.0,
                    -1.0,
                    -3.6234325678308577
                ],
                "pointsIdx": [
                    3,
                    0
                ],
                "width": 5.747396013659791
            }
        ]
    },
    "panoId": "nothing"
}