{
    "cameraHeight": 1.6,
    "layoutHeight": 2.9913328552246092,
    "layoutObj2ds": {
        "num": 0,
        "obj2ds": []
    },
    "layoutPoints": {
        "num": 4,
        "points": [
            {
                "coords": [
                    0.647920325676639,
                    0.5
                ],
                "id": 0,
                "xyz": [
                    0.913125,
                    0.0,
                    -0.6818300799999999
                ]
            },
            {
                "coords": [
                    0.8412306106147716,
                    0.5
                ],
                "id": 0,
                "xyz": [
                    0.913125,
                    0.0,
                    0.5894397337600001
                ]
            },
            {
                "coords": [
                    0.2220290326042098,
                    0.5
                ],
                "id": 0,
                "xyz": [
                    -3.31931298304,
                    0.0,
                    0.5894397337600001
                ]
            },
            {
                "coords": [
                    0.2822439830464567,
                    0.5
                ],
                "id": 0,
                "xyz": [
                    -3.31931298304,
                    0.0,
                    -0.6818300799999999
                ]
            }
        ]
    },
    "layoutWalls": {
        "num": 4,
        "walls": [
            {
                "id": 0,
                "normal": [
                    1.0,
                    0.0,
                    -0.0
                ],
                "planeEquation": [
                    1.0,
                    0.0,
                    -0.0,
                    -0.913125
                ],
                "pointsIdx": [
                    0,
                    1
                ],
                "width": 1.27126981376
            },
            {
                "id": 0,
                "normal": [
                    0.0,
                    0.0,
                    1.0
                ],
                "planeEquation": [
                    0.0,
                    0.0,
                    1.0,
                    -0.5894397337600001
                ],
                "pointsIdx": [
                    1,
                    2
                ],
                "width": 4.2324379830400005
            },
            {
                "id": 0,
                "normal": [
                    -1.0,
                    -0.0,
                    -0.0
                ],
                "planeEquation": [
                    -1.0,
                    -0.0,
                    -0.0,
                    -3.31931298304
                ],
                "pointsIdx": [
                    2,
                    3
                ],
                "width": 1.27126981376
            },
            {
                "id": 0,
                "normal": [
                    0.0,
                    0.0,
                    -1.0
                ],
                "planeEquation": [
                    0.0,
                    0.0,
                    -1.0,
                    -0.6818300799999999
                ],
                "pointsIdx": [
                    3,
                    0
                ],
                "width": 4.2324379830400005
            }
        ]
    },
    "panoId": "nothing"
}