{
    "cameraHeight": 1.6,
    "layoutHeight": 3.1988822269439696,
    "layoutObj2ds": {
        "num": 0,
        "obj2ds": []
    },
    "layoutPoints": {
        "num": 6,
        "points": [
            {
                "coords": [
                    0.6798452169773525,
                    0.5
                ],
                "id": 0,
                "xyz": [
                    1.4453125,
                    0.0,
                    -0.6818300799999999
                ]
            },
            {
                "coords": [
                    0.799791692320969,
                    0.5
                ],
                "id": 0,
                "xyz": [
                    1.4453125,
                    0.0,
                    0.46752
                ]
            },
            {
                "coords": [
                    0.8717458603399004,
                    0.5
                ],
                "id": 0,
                "xyz": [
                    0.48704000000000003,
                    0.0,
                    0.46752
                ]
            },
            {
                "coords": [
                    0.9529104492636791,
                    0.5
                ],
                "id": 0,
                "xyz": [
                    0.48704000000000003,
                    0.0,
                    1.5977985843199998
                ]
            },
            {
                "coords": [
                    0.08620410965897507,
                    0.5
                ],
                "id": 0,
                "xyz": [
                    -0.9613254041600002,
                    0.0,
                    1.5977985843199998
                ]
            },
            {
                "coords": [
                    0.3481849164848213,
                    0.5
                ],
                "id": 0,
                "xyz": [
                    -0.9613254041600002,
                    0.0,
                    -0.6818300799999999
                ]
            }
        ]
    },
    "layoutWalls": {
        "num": 6,
        "walls": [
            {
                "id": 0,
                "normal": [
                    1.0,
                    0.0,
                    -0.0
                ],
                "planeEquation": [
                    1.0,
                    0.0,
                    -0.0,
                    -1.4453125
                ],
                "pointsIdx": [
                    0,
                    1
                ],
                "width": 1.1493500799999998
            },
            {
                "id": 0,
                "normal": [
                    0.0,
                    0.0,
                    1.0
                ],
                "planeEquation": [
                    0.0,
                    0.0,
                    1.0,
                    -0.46752
                ],
                "pointsIdx": [
                    1,
                    2
                ],
                "width": 0.9582725
            },
            {
                "id": 0,
                "normal": [
                    1.0,
                    0.0,
                    -0.0
                ],
                "planeEquation": [
                    1.0,
                    0.0,
                    -0.0,
                    -0.48704000000000003
                ],
                "pointsIdx": [
                    2,
                    3
                ],
                "width": 1.1302785843199998
            },
            {
                "id": 0,
                "normal": [
                    0.0,
                    0.0,
                    1.0
                ],
                "planeEquation": [
                    0.0,
                    0.0,
                    1.0,
                    -1.5977985843199998
                ],
                "pointsIdx": [
                    3,
                    4
                ],
                "width": 1.4483654041600003
            },
            {
                "id": 0,
                "normal": [
                    -1.0,
                    -0.0,
                    -0.0
                ],
                "planeEquation": [
                    -1.0,
                    -0.0,
                    -0.0,
                    -0.9613254041600002
                ],
                "pointsIdx": [
                    4,
                    5
                ],
                "width": 2.2796286643199997
            },
            {
                "id": 0,
                "normal": [
                    0.0,
                    0.0,
                    -1.0
                ],
                "planeEquation": [
                    0.0,
                    0.0,
                    -1.0,
                    -0.6818300799999999
                ],
                "pointsIdx": [
                    5,
                    0
                ],
                "width": 2.40663790416
            }
        ]
    },
    "panoId": "nothing"
}