{
    "cameraHeight": 1.6,
    "layoutHeight": 2.703217449188232,
    "layoutObj2ds": {
        "num": 0,
        "obj2ds": []
    },
    "layoutPoints": {
        "num": 4,
        "points": [
            {
                "coords": [
                    0.5400031545417372,
                    0.5
                ],
                "id": 0,
                "xyz": [
                    1.2205579053626163,
                    0.0,
                    -4.753368047668971
                ]
            },
            {
                "coords": [
                    0.9568650833652719,
                    0.5
                ],
                "id": 0,
                "xyz": [
                    1.2205579053626163,
                    0.0,
                    4.392682786994118
                ]
            },
            {
                "coords": [
                    0.12762424662753818,
                    0.5
                ],
                "id": 0,
                "xyz": [
                    -4.539983547276954,
                    0.0,
                    4.392682786994118
                ]
            },
            {
                "coords": [
                    0.3786537121581296,
                    0.5
                ],
                "id": 0,
                "xyz": [
                    -4.539983547276954,
                    0.0,
                    -4.753368047668971
                ]
            }
        ]
    },
    "layoutWalls": {
        "num": 4,
        "walls": [
            {
                "id": 0,
                "normal": [
                    1.0,
                    0.0,
                    -0.0
                ],
                "planeEquation": [
                    1.0,
                    0.0,
                    -0.0,
                    -1.2205579053626163
                ],
                "pointsIdx": [
                    0,
                    1
                ],
                "width": 9.14605083466309
            },
            {
                "id": 0,
                "normal": [
                    0.0,
                    0.0,
                    1.0
                ],
                "planeEquation": [
                    0.0,
                    0.0,
                    1.0,
                    -4.392682786994118
                ],
                "pointsIdx": [
                    1,
                    2
                ],
                "width": 5.76054145263957
            },
            {
                "id": 0,
                "normal": [
                    -1.0,
                    -0.0,
                    -0.0
                ],
                "planeEquation": [
                    -1.0,
                    -0.0,
                    -0.0,
                    -4.539983547276954
                ],
                "pointsIdx": [
                    2,
                    3
                ],
                "width": 9.14605083466309
            },
            {
                "id": 0,
                "normal": [
                    0.0,
                    0.0,
                    -1.0
                ],
                "planeEquation": [
                    0.0,
                    0.0,
                    -1.0,
                    -4.753368047668971
                ],
                "pointsIdx": [
                    3,
                    0
                ],
                "width": 5.76054145263957
            }
        ]
    },
    "panoId": "nothing"
}