{
    "cameraHeight": 1.6,
    "layoutHeight": 3.0059600257873536,
    "layoutObj2ds": {
        "num": 0,
        "obj2ds": []
    },
    "layoutPoints": {
        "num": 4,
        "points": [
            {
                "coords": [
                    0.6766004864553217,
                    0.5
                ],
                "id": 0,
                "xyz": [
                    5.778931154657807,
                    0.0,
                    -2.87168210944
                ]
            },
            {
                "coords": [
                    0.8183827304261089,
                    0.5
                ],
                "id": 0,
                "xyz": [
                    5.778931154657807,
                    0.0,
                    2.6479711433894435
                ]
            },
            {
                "coords": [
                    0.03174570058251325,
                    0.5
                ],
                "id": 0,
                "xyz": [
                    -0.53529318014976,
                    0.0,
                    2.6479711433894435
                ]
            },
            {
                "coords": [
                    0.47066949267385044,
                    0.5
                ],
                "id": 0,
                "xyz": [
                    -0.53529318014976,
                    0.0,
                    -2.87168210944
                ]
            }
        ]
    },
    "layoutWalls": {
        "num": 4,
        "walls": [
            {
                "id": 0,
                "normal": [
                    1.0,
                    0.0,
                    -0.0
                ],
                "planeEquation": [
                    1.0,
                    0.0,
                    -0.0,
                    -5.778931154657807
                ],
                "pointsIdx": [
                    0,
                    1
                ],
                "width": 5.5196532528294435
            },
            {
                "id": 0,
                "normal": [
                    0.0,
                    0.0,
                    1.0
                ],
                "planeEquation": [
                    0.0,
                    0.0,
                    1.0,
                    -2.6479711433894435
                ],
                "pointsIdx": [
                    1,
                    2
                ],
                "width": 6.314224334807567
            },
            {
                "id": 0,
                "normal": [
                    -1.0,
                    -0.0,
                    -0.0
                ],
                "planeEquation": [
                    -1.0,
                    -0.0,
                    -0.0,
                    -0.53529318014976
                ],
                "pointsIdx": [
                    2,
                    3
                ],
                "width": 5.5196532528294435
            },
            {
                "id": 0,
                "normal": [
                    0.0,
                    0.0,
                    -1.0
                ],
                "planeEquation": [
                    0.0,
                    0.0,
                    -1.0,
                    -2.87168210944
                ],
                "pointsIdx": [
                    3,
                    0
                ],
                "width": 6.314224334807567
            }
        ]
    },
    "panoId": "nothing"
}