{
    "cameraHeight": 1.6,
    "layoutHeight": 2.621371729780988,
    "layoutObj2ds": {
        "num": 0,
        "obj2ds": []
    },
    "layoutPoints": {
        "num": 8,
        "points": [
            {
                "coords": [
                    0.5884785422805981,
                    0.5
                ],
                "id": 0,
                "xyz": [
                    1.3029613268292684,
                    0.0,
                    -2.0971866686439027
                ]
            },
            {
                "coords": [
                    0.9237321936411726,
                    0.5
                ],
                "id": 0,
                "xyz": [
                    1.3029613268292684,
                    0.0,
                    2.507621463414634
                ]
            },
            {
                "coords": [
                    0.1401341771791702,
                    0.5
                ],
                "id": 0,
                "xyz": [
                    -3.036402070003512,
                    0.0,
                    2.507621463414634
                ]
            },
            {
                "coords": [
                    0.34620033090493496,
                    0.5
                ],
                "id": 0,
                "xyz": [
                    -3.036402070003512,
                    0.0,
                    -2.0971866686439027
                ]
            },
            {
                "coords": [
                    0.46103027556574405,
                    0.5
                ],
                "id": 0,
                "xyz": [
                    -0.5240188938314078,
                    0.0,
                    -2.0971866686439027
                ]
            },
            {
                "coords": [
                    0.48090681460059653,
                    0.5
                ],
                "id": 0,
                "xyz": [
                    -0.5240188938314078,
                    0.0,
                    -4.347085979306761
                ]
            },
            {
                "coords": [
                    0.520129633558627,
                    0.5
                ],
                "id": 0,
                "xyz": [
                    0.5527623003236306,
                    0.0,
                    -4.347085979306761
                ]
            },
            {
                "coords": [
                    0.5410161588560303,
                    0.5
                ],
                "id": 0,
                "xyz": [
                    0.5527623003236306,
                    0.0,
                    -2.0971866686439027
                ]
            }
        ]
    },
    "layoutWalls": {
        "num": 8,
        "walls": [
            {
                "id": 0,
                "normal": [
                    1.0,
                    0.0,
                    -0.0
                ],
                "planeEquation": [
                    1.0,
                    0.0,
                    -0.0,
                    -1.3029613268292684
                ],
                "pointsIdx": [
                    0,
                    1
                ],
                "width": 4.604808132058537
            },
            {
                "id": 0,
                "normal": [
                    0.0,
                    0.0,
                    1.0
                ],
                "planeEquation": [
                    0.0,
                    0.0,
                    1.0,
                    -2.507621463414634
                ],
                "pointsIdx": [
                    1,
                    2
                ],
                "width": 4.3393633968327805
            },
            {
                "id": 0,
                "normal": [
                    -1.0,
                    -0.0,
                    -0.0
                ],
                "planeEquation": [
                    -1.0,
                    -0.0,
                    -0.0,
                    -3.036402070003512
                ],
                "pointsIdx": [
                    2,
                    3
                ],
                "width": 4.604808132058537
            },
            {
                "id": 0,
                "normal": [
                    0.0,
                    0.0,
                    -1.0
                ],
                "planeEquation": [
                    0.0,
                    0.0,
                    -1.0,
                    -2.0971866686439027
                ],
                "pointsIdx": [
                    3,
                    4
                ],
                "width": 2.5123831761721043
            },
            {
                "id": 0,
                "normal": [
                    -1.0,
                    -0.0,
                    -0.0
                ],
                "planeEquation": [
                    -1.0,
                    -0.0,
                    -0.0,
                    -0.5240188938314078
                ],
                "pointsIdx": [
                    4,
                    5
                ],
                "width": 2.249899310662858
            },
            {
                "id": 0,
                "normal": [
                    0.0,
                    0.0,
                    -1.0
                ],
                "planeEquation": [
                    0.0,
                    0.0,
                    -1.0,
                    -4.347085979306761
                ],
                "pointsIdx": [
                    5,
                    6
                ],
                "width": 1.0767811941550383
            },
            {
                "id": 0,
                "normal": [
                    1.0,
                    0.0,
                    -0.0
                ],
                "planeEquation": [
                    1.0,
                    0.0,
                    -0.0,
                    -0.5527623003236306
                ],
                "pointsIdx": [
                    6,
                    7
                ],
                "width": 2.249899310662858
            },
            {
                "id": 0,
                "normal": [
                    0.0,
                    0.0,
                    -1.0
                ],
                "planeEquation": [
                    0.0,
                    0.0,
                    -1.0,
                    -2.0971866686439027
                ],
                "pointsIdx": [
                    7,
                    0
                ],
                "width": 0.7501990265056377
            }
        ]
    },
    "panoId": "nothing"
}