{
    "cameraHeight": 1.6,
    "layoutHeight": 3.2618391609191892,
    "layoutObj2ds": {
        "num": 0,
        "obj2ds": []
    },
    "layoutPoints": {
        "num": 4,
        "points": [
            {
                "coords": [
                    0.5766049990704943,
                    0.5
                ],
                "id": 0,
                "xyz": [
                    0.3749946598273994,
                    0.0,
                    -0.7179760604125661
                ]
            },
            {
                "coords": [
                    0.9563616817811044,
                    0.5
                ],
                "id": 0,
                "xyz": [
                    0.3749946598273994,
                    0.0,
                    1.33321107456
                ]
            },
            {
                "coords": [
                    0.07106723491833666,
                    0.5
                ],
                "id": 0,
                "xyz": [
                    -0.6383158641476239,
                    0.0,
                    1.33321107456
                ]
            },
            {
                "coords": [
                    0.38433704997205437,
                    0.5
                ],
                "id": 0,
                "xyz": [
                    -0.6383158641476239,
                    0.0,
                    -0.7179760604125661
                ]
            }
        ]
    },
    "layoutWalls": {
        "num": 4,
        "walls": [
            {
                "id": 0,
                "normal": [
                    1.0,
                    0.0,
                    -0.0
                ],
                "planeEquation": [
                    1.0,
                    0.0,
                    -0.0,
                    -0.3749946598273994
                ],
                "pointsIdx": [
                    0,
                    1
                ],
                "width": 2.051187134972566
            },
            {
                "id": 0,
                "normal": [
                    0.0,
                    0.0,
                    1.0
                ],
                "planeEquation": [
                    0.0,
                    0.0,
                    1.0,
                    -1.33321107456
                ],
                "pointsIdx": [
                    1,
                    2
                ],
                "width": 1.0133105239750233
            },
            {
                "id": 0,
                "normal": [
                    -1.0,
                    -0.0,
                    -0.0
                ],
                "planeEquation": [
                    -1.0,
                    -0.0,
                    -0.0,
                    -0.6383158641476239
                ],
                "pointsIdx": [
                    2,
                    3
                ],
                "width": 2.051187134972566
            },
            {
                "id": 0,
                "normal": [
                    0.0,
                    0.0,
                    -1.0
                ],
                "planeEquation": [
                    0.0,
                    0.0,
                    -1.0,
                    -0.7179760604125661
                ],
                "pointsIdx": [
                    3,
                    0
                ],
                "width": 1.0133105239750233
            }
        ]
    },
    "panoId": "nothing"
}