{
    "cameraHeight": 1.6,
    "layoutHeight": 3.0236814594268795,
    "layoutObj2ds": {
        "num": 0,
        "obj2ds": []
    },
    "layoutPoints": {
        "num": 4,
        "points": [
            {
                "coords": [
                    0.6339006056194194,
                    0.5
                ],
                "id": 0,
                "xyz": [
                    1.1461007403033707,
                    0.0,
                    -1.0245805148192373
                ]
            },
            {
                "coords": [
                    0.9680645052680574,
                    0.5
                ],
                "id": 0,
                "xyz": [
                    1.1461007403033707,
                    0.0,
                    5.634887001210879
                ]
            },
            {
                "coords": [
                    0.08293882160369359,
                    0.5
                ],
                "id": 0,
                "xyz": [
                    -3.234706499337661,
                    0.0,
                    5.634887001210879
                ]
            },
            {
                "coords": [
                    0.29882053505035,
                    0.5
                ],
                "id": 0,
                "xyz": [
                    -3.234706499337661,
                    0.0,
                    -1.0245805148192373
                ]
            }
        ]
    },
    "layoutWalls": {
        "num": 4,
        "walls": [
            {
                "id": 0,
                "normal": [
                    1.0,
                    0.0,
                    -0.0
                ],
                "planeEquation": [
                    1.0,
                    0.0,
                    -0.0,
                    -1.1461007403033707
                ],
                "pointsIdx": [
                    0,
                    1
                ],
                "width": 6.659467516030117
            },
            {
                "id": 0,
                "normal": [
                    0.0,
                    0.0,
                    1.0
                ],
                "planeEquation": [
                    0.0,
                    0.0,
                    1.0,
                    -5.634887001210879
                ],
                "pointsIdx": [
                    1,
                    2
                ],
                "width": 4.380807239641031
            },
            {
                "id": 0,
                "normal": [
                    -1.0,
                    -0.0,
                    -0.0
                ],
                "planeEquation": [
                    -1.0,
                    -0.0,
                    -0.0,
                    -3.234706499337661
                ],
                "pointsIdx": [
                    2,
                    3
                ],
                "width": 6.659467516030117
            },
            {
                "id": 0,
                "normal": [
                    0.0,
                    0.0,
                    -1.0
                ],
                "planeEquation": [
                    0.0,
                    0.0,
                    -1.0,
                    -1.0245805148192373
                ],
                "pointsIdx": [
                    3,
                    0
                ],
                "width": 4.380807239641031
            }
        ]
    },
    "panoId": "nothing"
}