{
    "cameraHeight": 1.6,
    "layoutHeight": 2.9298141479492186,
    "layoutObj2ds": {
        "num": 0,
        "obj2ds": []
    },
    "layoutPoints": {
        "num": 6,
        "points": [
            {
                "coords": [
                    0.6055952922601616,
                    0.5
                ],
                "id": 0,
                "xyz": [
                    4.260297741809862,
                    0.0,
                    -5.4501270829843795
                ]
            },
            {
                "coords": [
                    0.9323462161089816,
                    0.5
                ],
                "id": 0,
                "xyz": [
                    4.260297741809862,
                    0.0,
                    9.411256846922276
                ]
            },
            {
                "coords": [
                    0.9875321428856112,
                    0.5
                ],
                "id": 0,
                "xyz": [
                    0.7387695400932511,
                    0.0,
                    9.411256846922276
                ]
            },
            {
                "coords": [
                    0.9295286675041928,
                    0.5
                ],
                "id": 0,
                "xyz": [
                    0.7387695400932511,
                    0.0,
                    1.5579722996412038
                ]
            },
            {
                "coords": [
                    0.13148100235063737,
                    0.5
                ],
                "id": 0,
                "xyz": [
                    -1.6903202847557688,
                    0.0,
                    1.5579722996412038
                ]
            },
            {
                "coords": [
                    0.45213631825649,
                    0.5
                ],
                "id": 0,
                "xyz": [
                    -1.6903202847557688,
                    0.0,
                    -5.4501270829843795
                ]
            }
        ]
    },
    "layoutWalls": {
        "num": 6,
        "walls": [
            {
                "id": 0,
                "normal": [
                    1.0,
                    0.0,
                    -0.0
                ],
                "planeEquation": [
                    1.0,
                    0.0,
                    -0.0,
                    -4.260297741809862
                ],
                "pointsIdx": [
                    0,
                    1
                ],
                "width": 14.861383929906655
            },
            {
                "id": 0,
                "normal": [
                    0.0,
                    0.0,
                    1.0
                ],
                "planeEquation": [
                    0.0,
                    0.0,
                    1.0,
                    -9.411256846922276
                ],
                "pointsIdx": [
                    1,
                    2
                ],
                "width": 3.521528201716611
            },
            {
                "id": 0,
                "normal": [
                    -1.0,
                    -0.0,
                    -0.0
                ],
                "planeEquation": [
                    -1.0,
                    -0.0,
                    -0.0,
                    0.7387695400932511
                ],
                "pointsIdx": [
                    2,
                    3
                ],
                "width": 7.853284547281072
            },
            {
                "id": 0,
                "normal": [
                    0.0,
                    0.0,
                    1.0
                ],
                "planeEquation": [
                    0.0,
                    0.0,
                    1.0,
                    -1.5579722996412038
                ],
                "pointsIdx": [
                    3,
                    4
                ],
                "width": 2.42908982484902
            },
            {
                "id": 0,
                "normal": [
                    -1.0,
                    -0.0,
                    -0.0
                ],
                "planeEquation": [
                    -1.0,
                    -0.0,
                    -0.0,
                    -1.6903202847557688
                ],
                "pointsIdx": [
                    4,
                    5
                ],
                "width": 7.008099382625583
            },
            {
                "id": 0,
                "normal": [
                    0.0,
                    0.0,
                    -1.0
                ],
                "planeEquation": [
                    0.0,
                    0.0,
                    -1.0,
                    -5.4501270829843795
                ],
                "pointsIdx": [
                    5,
                    0
                ],
                "width": 5.950618026565631
            }
        ]
    },
    "panoId": "nothing"
}