{
    "cameraHeight": 1.6,
    "layoutHeight": 2.7407961750030516,
    "layoutObj2ds": {
        "num": 0,
        "obj2ds": []
    },
    "layoutPoints": {
        "num": 6,
        "points": [
            {
                "coords": [
                    0.6228857618981578,
                    0.5
                ],
                "id": 0,
                "xyz": [
                    2.369377523712,
                    0.0,
                    -2.4331791590400003
                ]
            },
            {
                "coords": [
                    0.787731275970491,
                    0.5
                ],
                "id": 0,
                "xyz": [
                    2.369377523712,
                    0.0,
                    0.57248
                ]
            },
            {
                "coords": [
                    0.8401666288569039,
                    0.5
                ],
                "id": 0,
                "xyz": [
                    0.9,
                    0.0,
                    0.57248
                ]
            },
            {
                "coords": [
                    0.9103709091827772,
                    0.5
                ],
                "id": 0,
                "xyz": [
                    0.9,
                    0.0,
                    1.4255053647246063
                ]
            },
            {
                "coords": [
                    0.07404668401395265,
                    0.5
                ],
                "id": 0,
                "xyz": [
                    -0.715608526848,
                    0.0,
                    1.4255053647246063
                ]
            },
            {
                "coords": [
                    0.45447544977621074,
                    0.5
                ],
                "id": 0,
                "xyz": [
                    -0.715608526848,
                    0.0,
                    -2.4331791590400003
                ]
            }
        ]
    },
    "layoutWalls": {
        "num": 6,
        "walls": [
            {
                "id": 0,
                "normal": [
                    1.0,
                    0.0,
                    -0.0
                ],
                "planeEquation": [
                    1.0,
                    0.0,
                    -0.0,
                    -2.369377523712
                ],
                "pointsIdx": [
                    0,
                    1
                ],
                "width": 3.0056591590400004
            },
            {
                "id": 0,
                "normal": [
                    0.0,
                    0.0,
                    1.0
                ],
                "planeEquation": [
                    0.0,
                    0.0,
                    1.0,
                    -0.57248
                ],
                "pointsIdx": [
                    1,
                    2
                ],
                "width": 1.4693775237120001
            },
            {
                "id": 0,
                "normal": [
                    1.0,
                    0.0,
                    -0.0
                ],
                "planeEquation": [
                    1.0,
                    0.0,
                    -0.0,
                    -0.9
                ],
                "pointsIdx": [
                    2,
                    3
                ],
                "width": 0.8530253647246063
            },
            {
                "id": 0,
                "normal": [
                    0.0,
                    0.0,
                    1.0
                ],
                "planeEquation": [
                    0.0,
                    0.0,
                    1.0,
                    -1.4255053647246063
                ],
                "pointsIdx": [
                    3,
                    4
                ],
                "width": 1.615608526848
            },
            {
                "id": 0,
                "normal": [
                    -1.0,
                    -0.0,
                    -0.0
                ],
                "planeEquation": [
                    -1.0,
                    -0.0,
                    -0.0,
                    -0.715608526848
                ],
                "pointsIdx": [
                    4,
                    5
                ],
                "width": 3.8586845237646066
            },
            {
                "id": 0,
                "normal": [
                    0.0,
                    0.0,
                    -1.0
                ],
                "planeEquation": [
                    0.0,
                    0.0,
                    -1.0,
                    -2.4331791590400003
                ],
                "pointsIdx": [
                    5,
                    0
                ],
                "width": 3.08498605056
            }
        ]
    },
    "panoId": "nothing"
}