{
    "cameraHeight": 1.6,
    "layoutHeight": 2.7852410984039304,
    "layoutObj2ds": {
        "num": 0,
        "obj2ds": []
    },
    "layoutPoints": {
        "num": 6,
        "points": [
            {
                "coords": [
                    0.6867794255636959,
                    0.5
                ],
                "id": 0,
                "xyz": [
                    1.2961272230399703,
                    0.0,
                    -0.5437614856722051
                ]
            },
            {
                "coords": [
                    0.9216572482011316,
                    0.5
                ],
                "id": 0,
                "xyz": [
                    1.2961272230399703,
                    0.0,
                    2.4169236061061374
                ]
            },
            {
                "coords": [
                    0.008197619131942946,
                    0.3908336799085185
                ],
                "id": 0,
                "xyz": [
                    -0.12459907718264876,
                    0.8641481865342091,
                    2.4169236061061374
                ]
            },
            {
                "coords": [
                    0.006099646104225587,
                    0.4173241031875562
                ],
                "id": 0,
                "xyz": [
                    -0.12459907718264876,
                    0.8641481865342091,
                    3.249508014907316
                ]
            },
            {
                "coords": [
                    0.07992644135337329,
                    0.5
                ],
                "id": 0,
                "xyz": [
                    -1.7844768698621172,
                    0.0,
                    3.249508014907316
                ]
            },
            {
                "coords": [
                    0.29707472438445137,
                    0.5
                ],
                "id": 0,
                "xyz": [
                    -1.7844768698621172,
                    0.0,
                    -0.5437614856722051
                ]
            }
        ]
    },
    "layoutWalls": {
        "num": 6,
        "walls": [
            {
                "id": 0,
                "normal": [
                    1.0,
                    0.0,
                    -0.0
                ],
                "planeEquation": [
                    1.0,
                    0.0,
                    -0.0,
                    -1.2961272230399703
                ],
                "pointsIdx": [
                    0,
                    1
                ],
                "width": 2.9606850917783425
            },
            {
                "id": 0,
                "normal": [
                    0.0,
                    0.0,
                    1.0
                ],
                "planeEquation": [
                    0.0,
                    0.0,
                    1.0,
                    -2.4169236061061374
                ],
                "pointsIdx": [
                    1,
                    2
                ],
                "width": 1.4207263002226191
            },
            {
                "id": 0,
                "normal": [
                    1.0,
                    0.0,
                    -0.0
                ],
                "planeEquation": [
                    1.0,
                    0.0,
                    -0.0,
                    0.12459907718264876
                ],
                "pointsIdx": [
                    2,
                    3
                ],
                "width": 0.8325844088011785
            },
            {
                "id": 0,
                "normal": [
                    0.0,
                    0.0,
                    1.0
                ],
                "planeEquation": [
                    0.0,
                    0.0,
                    1.0,
                    -3.249508014907316
                ],
                "pointsIdx": [
                    3,
                    4
                ],
                "width": 1.6598777926794683
            },
            {
                "id": 0,
                "normal": [
                    -1.0,
                    -0.0,
                    -0.0
                ],
                "planeEquation": [
                    -1.0,
                    -0.0,
                    -0.0,
                    -1.7844768698621172
                ],
                "pointsIdx": [
                    4,
                    5
                ],
                "width": 3.793269500579521
            },
            {
                "id": 0,
                "normal": [
                    0.0,
                    0.0,
                    -1.0
                ],
                "planeEquation": [
                    0.0,
                    0.0,
                    -1.0,
                    -0.5437614856722051
                ],
                "pointsIdx": [
                    5,
                    0
                ],
                "width": 3.0806040929020875
            }
        ]
    },
    "panoId": "nothing"
}