{
    "cameraHeight": 1.6,
    "layoutHeight": 2.830469560623169,
    "layoutObj2ds": {
        "num": 0,
        "obj2ds": []
    },
    "layoutPoints": {
        "num": 8,
        "points": [
            {
                "coords": [
                    0.6459018695713257,
                    0.5
                ],
                "id": 0,
                "xyz": [
                    4.0625,
                    0.0,
                    -3.11448734810112
                ]
            },
            {
                "coords": [
                    0.8150659587711,
                    0.5
                ],
                "id": 0,
                "xyz": [
                    4.0625,
                    0.0,
                    1.76
                ]
            },
            {
                "coords": [
                    0.13015863252490523,
                    0.5
                ],
                "id": 0,
                "xyz": [
                    -1.87795712,
                    0.0,
                    1.76
                ]
            },
            {
                "coords": [
                    0.18736895484744798,
                    0.5
                ],
                "id": 0,
                "xyz": [
                    -1.87795712,
                    0.0,
                    0.7796875
                ]
            },
            {
                "coords": [
                    0.20964309072356418,
                    0.5
                ],
                "id": 0,
                "xyz": [
                    -3.008656000817846,
                    0.0,
                    0.7796875
                ]
            },
            {
                "coords": [
                    0.23305555555555563,
                    0.43736051984667845
                ],
                "id": 0,
                "xyz": [
                    -3.008656000817846,
                    0.6032451399386646,
                    0.3215325712786688
                ]
            },
            {
                "coords": [
                    0.2446277270241986,
                    0.4798722570750032
                ],
                "id": 0,
                "xyz": [
                    -9.521865541526154,
                    0.6032451399386646,
                    0.3215325712786688
                ]
            },
            {
                "coords": [
                    0.3003119341342563,
                    0.5
                ],
                "id": 0,
                "xyz": [
                    -9.521865541526154,
                    0.0,
                    -3.11448734810112
                ]
            }
        ]
    },
    "layoutWalls": {
        "num": 8,
        "walls": [
            {
                "id": 0,
                "normal": [
                    1.0,
                    0.0,
                    -0.0
                ],
                "planeEquation": [
                    1.0,
                    0.0,
                    -0.0,
                    -4.0625
                ],
                "pointsIdx": [
                    0,
                    1
                ],
                "width": 4.87448734810112
            },
            {
                "id": 0,
                "normal": [
                    0.0,
                    0.0,
                    1.0
                ],
                "planeEquation": [
                    0.0,
                    0.0,
                    1.0,
                    -1.76
                ],
                "pointsIdx": [
                    1,
                    2
                ],
                "width": 5.94045712
            },
            {
                "id": 0,
                "normal": [
                    -1.0,
                    -0.0,
                    -0.0
                ],
                "planeEquation": [
                    -1.0,
                    -0.0,
                    -0.0,
                    -1.87795712
                ],
                "pointsIdx": [
                    2,
                    3
                ],
                "width": 0.9803125
            },
            {
                "id": 0,
                "normal": [
                    0.0,
                    0.0,
                    1.0
                ],
                "planeEquation": [
                    0.0,
                    0.0,
                    1.0,
                    -0.7796875
                ],
                "pointsIdx": [
                    3,
                    4
                ],
                "width": 1.130698880817846
            },
            {
                "id": 0,
                "normal": [
                    -1.0,
                    -0.0,
                    -0.0
                ],
                "planeEquation": [
                    -1.0,
                    -0.0,
                    -0.0,
                    -3.008656000817846
                ],
                "pointsIdx": [
                    4,
                    5
                ],
                "width": 0.4581549287213312
            },
            {
                "id": 0,
                "normal": [
                    0.0,
                    0.0,
                    1.0
                ],
                "planeEquation": [
                    0.0,
                    0.0,
                    1.0,
                    -0.3215325712786688
                ],
                "pointsIdx": [
                    5,
                    6
                ],
                "width": 6.513209540708308
            },
            {
                "id": 0,
                "normal": [
                    -1.0,
                    -0.0,
                    -0.0
                ],
                "planeEquation": [
                    -1.0,
                    -0.0,
                    -0.0,
                    -9.521865541526154
                ],
                "pointsIdx": [
                    6,
                    7
                ],
                "width": 3.4360199193797887
            },
            {
                "id": 0,
                "normal": [
                    0.0,
                    0.0,
                    -1.0
                ],
                "planeEquation": [
                    0.0,
                    0.0,
                    -1.0,
                    -3.11448734810112
                ],
                "pointsIdx": [
                    7,
                    0
                ],
                "width": 13.584365541526154
            }
        ]
    },
    "panoId": "nothing"
}