{
    "cameraHeight": 1.6,
    "layoutHeight": 2.718913402557373,
    "layoutObj2ds": {
        "num": 0,
        "obj2ds": []
    },
    "layoutPoints": {
        "num": 6,
        "points": [
            {
                "coords": [
                    0.6131445637349826,
                    0.5
                ],
                "id": 0,
                "xyz": [
                    4.72194304,
                    0.0,
                    -5.4835590963200005
                ]
            },
            {
                "coords": [
                    0.7899541018567521,
                    0.5
                ],
                "id": 0,
                "xyz": [
                    4.72194304,
                    0.0,
                    1.2109375
                ]
            },
            {
                "coords": [
                    0.12752605680333096,
                    0.5
                ],
                "id": 0,
                "xyz": [
                    -1.25,
                    0.0,
                    1.2109375
                ]
            },
            {
                "coords": [
                    0.48417973644267415,
                    0.5
                ],
                "id": 0,
                "xyz": [
                    -1.25,
                    0.0,
                    -12.53379962266753
                ]
            },
            {
                "coords": [
                    0.5292928478755964,
                    0.4970788298671073
                ],
                "id": 0,
                "xyz": [
                    2.333282353215116,
                    0.1170036736654814,
                    -12.53379962266753
                ]
            },
            {
                "coords": [
                    0.5640277777777778,
                    0.49375120443745524
                ],
                "id": 0,
                "xyz": [
                    2.333282353215116,
                    0.1170036736654814,
                    -5.4835590963200005
                ]
            }
        ]
    },
    "layoutWalls": {
        "num": 6,
        "walls": [
            {
                "id": 0,
                "normal": [
                    1.0,
                    0.0,
                    -0.0
                ],
                "planeEquation": [
                    1.0,
                    0.0,
                    -0.0,
                    -4.72194304
                ],
                "pointsIdx": [
                    0,
                    1
                ],
                "width": 6.6944965963200005
            },
            {
                "id": 0,
                "normal": [
                    0.0,
                    0.0,
                    1.0
                ],
                "planeEquation": [
                    0.0,
                    0.0,
                    1.0,
                    -1.2109375
                ],
                "pointsIdx": [
                    1,
                    2
                ],
                "width": 5.97194304
            },
            {
                "id": 0,
                "normal": [
                    -1.0,
                    -0.0,
                    -0.0
                ],
                "planeEquation": [
                    -1.0,
                    -0.0,
                    -0.0,
                    -1.25
                ],
                "pointsIdx": [
                    2,
                    3
                ],
                "width": 13.74473712266753
            },
            {
                "id": 0,
                "normal": [
                    0.0,
                    0.0,
                    -1.0
                ],
                "planeEquation": [
                    0.0,
                    0.0,
                    -1.0,
                    -12.53379962266753
                ],
                "pointsIdx": [
                    3,
                    4
                ],
                "width": 3.583282353215116
            },
            {
                "id": 0,
                "normal": [
                    1.0,
                    0.0,
                    -0.0
                ],
                "planeEquation": [
                    1.0,
                    0.0,
                    -0.0,
                    -2.333282353215116
                ],
                "pointsIdx": [
                    4,
                    5
                ],
                "width": 7.05024052634753
            },
            {
                "id": 0,
                "normal": [
                    0.0,
                    0.0,
                    -1.0
                ],
                "planeEquation": [
                    0.0,
                    0.0,
                    -1.0,
                    -5.4835590963200005
                ],
                "pointsIdx": [
                    5,
                    0
                ],
                "width": 2.3886606867848843
            }
        ]
    },
    "panoId": "nothing"
}