{
    "cameraHeight": 1.6,
    "layoutHeight": 2.518067293167114,
    "layoutObj2ds": {
        "num": 0,
        "obj2ds": []
    },
    "layoutPoints": {
        "num": 8,
        "points": [
            {
                "coords": [
                    0.6960339951780404,
                    0.5
                ],
                "id": 0,
                "xyz": [
                    4.06451608367104,
                    0.0,
                    -1.4335560653293191
                ]
            },
            {
                "coords": [
                    0.8638847103510641,
                    0.5
                ],
                "id": 0,
                "xyz": [
                    4.06451608367104,
                    0.0,
                    3.533042581611569
                ]
            },
            {
                "coords": [
                    0.9363194444444445,
                    0.5320583833246011
                ],
                "id": 0,
                "xyz": [
                    1.4942326056705644,
                    -0.3876549192203462,
                    3.533042581611569
                ]
            },
            {
                "coords": [
                    0.9544322285847022,
                    0.5232803650193458
                ],
                "id": 0,
                "xyz": [
                    1.4942326056705644,
                    -0.3876549192203462,
                    5.075528527431772
                ]
            },
            {
                "coords": [
                    0.9960572350832763,
                    0.5
                ],
                "id": 0,
                "xyz": [
                    0.12576241861170384,
                    0.0,
                    5.075528527431772
                ]
            },
            {
                "coords": [
                    0.9802131228626649,
                    0.5
                ],
                "id": 0,
                "xyz": [
                    0.12576241861170384,
                    0.0,
                    1.0063477428469763
                ]
            },
            {
                "coords": [
                    0.1717166482220257,
                    0.5
                ],
                "id": 0,
                "xyz": [
                    -1.87824671309824,
                    0.0,
                    1.0063477428469763
                ]
            },
            {
                "coords": [
                    0.3537566124015227,
                    0.5
                ],
                "id": 0,
                "xyz": [
                    -1.87824671309824,
                    0.0,
                    -1.4335560653293191
                ]
            }
        ]
    },
    "layoutWalls": {
        "num": 8,
        "walls": [
            {
                "id": 0,
                "normal": [
                    1.0,
                    0.0,
                    -0.0
                ],
                "planeEquation": [
                    1.0,
                    0.0,
                    -0.0,
                    -4.06451608367104
                ],
                "pointsIdx": [
                    0,
                    1
                ],
                "width": 4.966598646940888
            },
            {
                "id": 0,
                "normal": [
                    0.0,
                    0.0,
                    1.0
                ],
                "planeEquation": [
                    0.0,
                    0.0,
                    1.0,
                    -3.533042581611569
                ],
                "pointsIdx": [
                    1,
                    2
                ],
                "width": 2.5702834780004755
            },
            {
                "id": 0,
                "normal": [
                    1.0,
                    0.0,
                    -0.0
                ],
                "planeEquation": [
                    1.0,
                    0.0,
                    -0.0,
                    -1.4942326056705644
                ],
                "pointsIdx": [
                    2,
                    3
                ],
                "width": 1.5424859458202032
            },
            {
                "id": 0,
                "normal": [
                    0.0,
                    0.0,
                    1.0
                ],
                "planeEquation": [
                    0.0,
                    0.0,
                    1.0,
                    -5.075528527431772
                ],
                "pointsIdx": [
                    3,
                    4
                ],
                "width": 1.3684701870588605
            },
            {
                "id": 0,
                "normal": [
                    -1.0,
                    -0.0,
                    -0.0
                ],
                "planeEquation": [
                    -1.0,
                    -0.0,
                    -0.0,
                    0.12576241861170384
                ],
                "pointsIdx": [
                    4,
                    5
                ],
                "width": 4.0691807845847965
            },
            {
                "id": 0,
                "normal": [
                    0.0,
                    0.0,
                    1.0
                ],
                "planeEquation": [
                    0.0,
                    0.0,
                    1.0,
                    -1.0063477428469763
                ],
                "pointsIdx": [
                    5,
                    6
                ],
                "width": 2.0040091317099438
            },
            {
                "id": 0,
                "normal": [
                    -1.0,
                    -0.0,
                    -0.0
                ],
                "planeEquation": [
                    -1.0,
                    -0.0,
                    -0.0,
                    -1.87824671309824
                ],
                "pointsIdx": [
                    6,
                    7
                ],
                "width": 2.4399038081762954
            },
            {
                "id": 0,
                "normal": [
                    0.0,
                    0.0,
                    -1.0
                ],
                "planeEquation": [
                    0.0,
                    0.0,
                    -1.0,
                    -1.4335560653293191
                ],
                "pointsIdx": [
                    7,
                    0
                ],
                "width": 5.94276279676928
            }
        ]
    },
    "panoId": "nothing"
}