{
    "cameraHeight": 1.6,
    "layoutHeight": 2.540063152313232,
    "layoutObj2ds": {
        "num": 0,
        "obj2ds": []
    },
    "layoutPoints": {
        "num": 4,
        "points": [
            {
                "coords": [
                    0.6535813015407318,
                    0.5
                ],
                "id": 0,
                "xyz": [
                    2.3046875,
                    0.0,
                    -1.5964800000000001
                ]
            },
            {
                "coords": [
                    0.8741351881986542,
                    0.5
                ],
                "id": 0,
                "xyz": [
                    2.3046875,
                    0.0,
                    2.27977632
                ]
            },
            {
                "coords": [
                    0.06840468712216508,
                    0.5
                ],
                "id": 0,
                "xyz": [
                    -1.04499968,
                    0.0,
                    2.27977632
                ]
            },
            {
                "coords": [
                    0.40775736670818413,
                    0.5
                ],
                "id": 0,
                "xyz": [
                    -1.04499968,
                    0.0,
                    -1.5964800000000001
                ]
            }
        ]
    },
    "layoutWalls": {
        "num": 4,
        "walls": [
            {
                "id": 0,
                "normal": [
                    1.0,
                    0.0,
                    -0.0
                ],
                "planeEquation": [
                    1.0,
                    0.0,
                    -0.0,
                    -2.3046875
                ],
                "pointsIdx": [
                    0,
                    1
                ],
                "width": 3.87625632
            },
            {
                "id": 0,
                "normal": [
                    0.0,
                    0.0,
                    1.0
                ],
                "planeEquation": [
                    0.0,
                    0.0,
                    1.0,
                    -2.27977632
                ],
                "pointsIdx": [
                    1,
                    2
                ],
                "width": 3.34968718
            },
            {
                "id": 0,
                "normal": [
                    -1.0,
                    -0.0,
                    -0.0
                ],
                "planeEquation": [
                    -1.0,
                    -0.0,
                    -0.0,
                    -1.04499968
                ],
                "pointsIdx": [
                    2,
                    3
                ],
                "width": 3.87625632
            },
            {
                "id": 0,
                "normal": [
                    0.0,
                    0.0,
                    -1.0
                ],
                "planeEquation": [
                    0.0,
                    0.0,
                    -1.0,
                    -1.5964800000000001
                ],
                "pointsIdx": [
                    3,
                    0
                ],
                "width": 3.34968718
            }
        ]
    },
    "panoId": "nothing"
}