{
    "cameraHeight": 1.6,
    "layoutHeight": 2.8261751747131347,
    "layoutObj2ds": {
        "num": 0,
        "obj2ds": []
    },
    "layoutPoints": {
        "num": 6,
        "points": [
            {
                "coords": [
                    0.7095455522515426,
                    0.5
                ],
                "id": 0,
                "xyz": [
                    12.629799765499747,
                    0.0,
                    -3.28125
                ]
            },
            {
                "coords": [
                    0.7544974567716201,
                    0.4909496415723005
                ],
                "id": 0,
                "xyz": [
                    12.629799765499747,
                    0.3593375406687475,
                    0.35699238524956073
                ]
            },
            {
                "coords": [
                    0.7605555555555554,
                    0.47879719526477793
                ],
                "id": 0,
                "xyz": [
                    5.374778367067294,
                    0.3593375406687475,
                    0.35699238524956073
                ]
            },
            {
                "coords": [
                    0.8243669049718536,
                    0.5
                ],
                "id": 0,
                "xyz": [
                    5.374778367067294,
                    0.0,
                    2.71171
                ]
            },
            {
                "coords": [
                    0.06387145932274901,
                    0.5
                ],
                "id": 0,
                "xyz": [
                    -1.1507021447679813,
                    0.0,
                    2.71171
                ]
            },
            {
                "coords": [
                    0.4463187017492195,
                    0.5
                ],
                "id": 0,
                "xyz": [
                    -1.1507021447679813,
                    0.0,
                    -3.28125
                ]
            }
        ]
    },
    "layoutWalls": {
        "num": 6,
        "walls": [
            {
                "id": 0,
                "normal": [
                    1.0,
                    0.0,
                    -0.0
                ],
                "planeEquation": [
                    1.0,
                    0.0,
                    -0.0,
                    -12.629799765499747
                ],
                "pointsIdx": [
                    0,
                    1
                ],
                "width": 3.6382423852495607
            },
            {
                "id": 0,
                "normal": [
                    0.0,
                    0.0,
                    1.0
                ],
                "planeEquation": [
                    0.0,
                    0.0,
                    1.0,
                    -0.35699238524956073
                ],
                "pointsIdx": [
                    1,
                    2
                ],
                "width": 7.255021398432453
            },
            {
                "id": 0,
                "normal": [
                    1.0,
                    0.0,
                    -0.0
                ],
                "planeEquation": [
                    1.0,
                    0.0,
                    -0.0,
                    -5.374778367067294
                ],
                "pointsIdx": [
                    2,
                    3
                ],
                "width": 2.3547176147504394
            },
            {
                "id": 0,
                "normal": [
                    0.0,
                    0.0,
                    1.0
                ],
                "planeEquation": [
                    0.0,
                    0.0,
                    1.0,
                    -2.71171
                ],
                "pointsIdx": [
                    3,
                    4
                ],
                "width": 6.525480511835275
            },
            {
                "id": 0,
                "normal": [
                    -1.0,
                    -0.0,
                    -0.0
                ],
                "planeEquation": [
                    -1.0,
                    -0.0,
                    -0.0,
                    -1.1507021447679813
                ],
                "pointsIdx": [
                    4,
                    5
                ],
                "width": 5.99296
            },
            {
                "id": 0,
                "normal": [
                    0.0,
                    0.0,
                    -1.0
                ],
                "planeEquation": [
                    0.0,
                    0.0,
                    -1.0,
                    -3.28125
                ],
                "pointsIdx": [
                    5,
                    0
                ],
                "width": 13.780501910267729
            }
        ]
    },
    "panoId": "nothing"
}