{
    "cameraHeight": 1.6,
    "layoutHeight": 2.778124017715454,
    "layoutObj2ds": {
        "num": 0,
        "obj2ds": []
    },
    "layoutPoints": {
        "num": 4,
        "points": [
            {
                "coords": [
                    0.7253191874370932,
                    0.5
                ],
                "id": 0,
                "xyz": [
                    3.646150276239537,
                    0.0,
                    -0.57
                ]
            },
            {
                "coords": [
                    0.8749576727196968,
                    0.5
                ],
                "id": 0,
                "xyz": [
                    3.646150276239537,
                    0.0,
                    3.644211403442953
                ]
            },
            {
                "coords": [
                    0.05154491826016122,
                    0.5
                ],
                "id": 0,
                "xyz": [
                    -1.2233100000000001,
                    0.0,
                    3.644211403442953
                ]
            },
            {
                "coords": [
                    0.31939754341362514,
                    0.5
                ],
                "id": 0,
                "xyz": [
                    -1.2233100000000001,
                    0.0,
                    -0.57
                ]
            }
        ]
    },
    "layoutWalls": {
        "num": 4,
        "walls": [
            {
                "id": 0,
                "normal": [
                    1.0,
                    0.0,
                    -0.0
                ],
                "planeEquation": [
                    1.0,
                    0.0,
                    -0.0,
                    -3.646150276239537
                ],
                "pointsIdx": [
                    0,
                    1
                ],
                "width": 4.214211403442953
            },
            {
                "id": 0,
                "normal": [
                    0.0,
                    0.0,
                    1.0
                ],
                "planeEquation": [
                    0.0,
                    0.0,
                    1.0,
                    -3.644211403442953
                ],
                "pointsIdx": [
                    1,
                    2
                ],
                "width": 4.869460276239537
            },
            {
                "id": 0,
                "normal": [
                    -1.0,
                    -0.0,
                    -0.0
                ],
                "planeEquation": [
                    -1.0,
                    -0.0,
                    -0.0,
                    -1.2233100000000001
                ],
                "pointsIdx": [
                    2,
                    3
                ],
                "width": 4.214211403442953
            },
            {
                "id": 0,
                "normal": [
                    0.0,
                    0.0,
                    -1.0
                ],
                "planeEquation": [
                    0.0,
                    0.0,
                    -1.0,
                    -0.57
                ],
                "pointsIdx": [
                    3,
                    0
                ],
                "width": 4.869460276239537
            }
        ]
    },
    "panoId": "nothing"
}