{
    "cameraHeight": 1.6,
    "layoutHeight": 3.1454871559143065,
    "layoutObj2ds": {
        "num": 0,
        "obj2ds": []
    },
    "layoutPoints": {
        "num": 8,
        "points": [
            {
                "coords": [
                    0.5352652876135385,
                    0.5
                ],
                "id": 0,
                "xyz": [
                    0.9375,
                    0.0,
                    -4.1615383423955645
                ]
            },
            {
                "coords": [
                    0.9614246000212525,
                    0.5
                ],
                "id": 0,
                "xyz": [
                    0.9375,
                    0.0,
                    3.7919101274980362
                ]
            },
            {
                "coords": [
                    0.1492476632440834,
                    0.5
                ],
                "id": 0,
                "xyz": [
                    -5.16757,
                    0.0,
                    3.7919101274980362
                ]
            },
            {
                "coords": [
                    0.21871119023739288,
                    0.5
                ],
                "id": 0,
                "xyz": [
                    -5.16757,
                    0.0,
                    1.0292036098187012
                ]
            },
            {
                "coords": [
                    0.2358238994919939,
                    0.5
                ],
                "id": 0,
                "xyz": [
                    -11.52428536305035,
                    0.0,
                    1.0292036098187012
                ]
            },
            {
                "coords": [
                    0.26274508493476423,
                    0.5
                ],
                "id": 0,
                "xyz": [
                    -11.52428536305035,
                    0.0,
                    -0.9248394360628897
                ]
            },
            {
                "coords": [
                    0.27435880101744226,
                    0.5
                ],
                "id": 0,
                "xyz": [
                    -5.995437131519999,
                    0.0,
                    -0.9248394360628897
                ]
            },
            {
                "coords": [
                    0.34656998565195096,
                    0.5
                ],
                "id": 0,
                "xyz": [
                    -5.995437131519999,
                    0.0,
                    -4.1615383423955645
                ]
            }
        ]
    },
    "layoutWalls": {
        "num": 8,
        "walls": [
            {
                "id": 0,
                "normal": [
                    1.0,
                    0.0,
                    -0.0
                ],
                "planeEquation": [
                    1.0,
                    0.0,
                    -0.0,
                    -0.9375
                ],
                "pointsIdx": [
                    0,
                    1
                ],
                "width": 7.953448469893601
            },
            {
                "id": 0,
                "normal": [
                    0.0,
                    0.0,
                    1.0
                ],
                "planeEquation": [
                    0.0,
                    0.0,
                    1.0,
                    -3.7919101274980362
                ],
                "pointsIdx": [
                    1,
                    2
                ],
                "width": 6.10507
            },
            {
                "id": 0,
                "normal": [
                    -1.0,
                    -0.0,
                    -0.0
                ],
                "planeEquation": [
                    -1.0,
                    -0.0,
                    -0.0,
                    -5.16757
                ],
                "pointsIdx": [
                    2,
                    3
                ],
                "width": 2.762706517679335
            },
            {
                "id": 0,
                "normal": [
                    0.0,
                    0.0,
                    1.0
                ],
                "planeEquation": [
                    0.0,
                    0.0,
                    1.0,
                    -1.0292036098187012
                ],
                "pointsIdx": [
                    3,
                    4
                ],
                "width": 6.356715363050349
            },
            {
                "id": 0,
                "normal": [
                    -1.0,
                    -0.0,
                    -0.0
                ],
                "planeEquation": [
                    -1.0,
                    -0.0,
                    -0.0,
                    -11.52428536305035
                ],
                "pointsIdx": [
                    4,
                    5
                ],
                "width": 1.954043045881591
            },
            {
                "id": 0,
                "normal": [
                    0.0,
                    0.0,
                    -1.0
                ],
                "planeEquation": [
                    0.0,
                    0.0,
                    -1.0,
                    -0.9248394360628897
                ],
                "pointsIdx": [
                    5,
                    6
                ],
                "width": 5.52884823153035
            },
            {
                "id": 0,
                "normal": [
                    -1.0,
                    -0.0,
                    -0.0
                ],
                "planeEquation": [
                    -1.0,
                    -0.0,
                    -0.0,
                    -5.995437131519999
                ],
                "pointsIdx": [
                    6,
                    7
                ],
                "width": 3.2366989063326748
            },
            {
                "id": 0,
                "normal": [
                    0.0,
                    0.0,
                    -1.0
                ],
                "planeEquation": [
                    0.0,
                    0.0,
                    -1.0,
                    -4.1615383423955645
                ],
                "pointsIdx": [
                    7,
                    0
                ],
                "width": 6.932937131519999
            }
        ]
    },
    "panoId": "nothing"
}