{
    "cameraHeight": 1.6,
    "layoutHeight": 2.824026708602905,
    "layoutObj2ds": {
        "num": 0,
        "obj2ds": []
    },
    "layoutPoints": {
        "num": 4,
        "points": [
            {
                "coords": [
                    0.6509868677289244,
                    0.5
                ],
                "id": 0,
                "xyz": [
                    0.72,
                    0.0,
                    -0.51632
                ]
            },
            {
                "coords": [
                    0.9727774234098765,
                    0.5
                ],
                "id": 0,
                "xyz": [
                    0.72,
                    0.0,
                    4.1683000771379195
                ]
            },
            {
                "coords": [
                    0.1315767898528949,
                    0.5
                ],
                "id": 0,
                "xyz": [
                    -4.52785773756416,
                    0.0,
                    4.1683000771379195
                ]
            },
            {
                "coords": [
                    0.2680706766386174,
                    0.5
                ],
                "id": 0,
                "xyz": [
                    -4.52785773756416,
                    0.0,
                    -0.51632
                ]
            }
        ]
    },
    "layoutWalls": {
        "num": 4,
        "walls": [
            {
                "id": 0,
                "normal": [
                    1.0,
                    0.0,
                    -0.0
                ],
                "planeEquation": [
                    1.0,
                    0.0,
                    -0.0,
                    -0.72
                ],
                "pointsIdx": [
                    0,
                    1
                ],
                "width": 4.68462007713792
            },
            {
                "id": 0,
                "normal": [
                    0.0,
                    0.0,
                    1.0
                ],
                "planeEquation": [
                    0.0,
                    0.0,
                    1.0,
                    -4.1683000771379195
                ],
                "pointsIdx": [
                    1,
                    2
                ],
                "width": 5.24785773756416
            },
            {
                "id": 0,
                "normal": [
                    -1.0,
                    -0.0,
                    -0.0
                ],
                "planeEquation": [
                    -1.0,
                    -0.0,
                    -0.0,
                    -4.52785773756416
                ],
                "pointsIdx": [
                    2,
                    3
                ],
                "width": 4.68462007713792
            },
            {
                "id": 0,
                "normal": [
                    0.0,
                    0.0,
                    -1.0
                ],
                "planeEquation": [
                    0.0,
                    0.0,
                    -1.0,
                    -0.51632
                ],
                "pointsIdx": [
                    3,
                    0
                ],
                "width": 5.24785773756416
            }
        ]
    },
    "panoId": "nothing"
}