{
    "cameraHeight": 1.6,
    "layoutHeight": 2.8305664149197667,
    "layoutObj2ds": {
        "num": 0,
        "obj2ds": []
    },
    "layoutPoints": {
        "num": 8,
        "points": [
            {
                "coords": [
                    0.5785575474341847,
                    0.5
                ],
                "id": 0,
                "xyz": [
                    1.3102601828910545,
                    0.0,
                    -2.435380417957734
                ]
            },
            {
                "coords": [
                    0.8165097496058815,
                    0.5
                ],
                "id": 0,
                "xyz": [
                    1.3102601828910545,
                    0.0,
                    0.5818181818181818
                ]
            },
            {
                "coords": [
                    0.19364893980365616,
                    0.5
                ],
                "id": 0,
                "xyz": [
                    -1.5740085822147096,
                    0.0,
                    0.5818181818181818
                ]
            },
            {
                "coords": [
                    0.329343645332768,
                    0.5
                ],
                "id": 0,
                "xyz": [
                    -1.5740085822147096,
                    0.0,
                    -0.8568845669780577
                ]
            },
            {
                "coords": [
                    0.3613822264404829,
                    0.5
                ],
                "id": 0,
                "xyz": [
                    -1.017669597179482,
                    0.0,
                    -0.8568845669780577
                ]
            },
            {
                "coords": [
                    0.4233713820495659,
                    0.3957326817909895
                ],
                "id": 0,
                "xyz": [
                    -1.017669597179482,
                    0.7467566823886377,
                    -1.947756386580335
                ]
            },
            {
                "coords": [
                    0.41488843458631797,
                    0.39857802133557285
                ],
                "id": 0,
                "xyz": [
                    -1.1537435648527996,
                    0.7467566823886377,
                    -1.947756386580335
                ]
            },
            {
                "coords": [
                    0.4295863598595091,
                    0.5
                ],
                "id": 0,
                "xyz": [
                    -1.1537435648527996,
                    0.0,
                    -2.435380417957734
                ]
            }
        ]
    },
    "layoutWalls": {
        "num": 8,
        "walls": [
            {
                "id": 0,
                "normal": [
                    1.0,
                    0.0,
                    -0.0
                ],
                "planeEquation": [
                    1.0,
                    0.0,
                    -0.0,
                    -1.3102601828910545
                ],
                "pointsIdx": [
                    0,
                    1
                ],
                "width": 3.0171985997759156
            },
            {
                "id": 0,
                "normal": [
                    0.0,
                    0.0,
                    1.0
                ],
                "planeEquation": [
                    0.0,
                    0.0,
                    1.0,
                    -0.5818181818181818
                ],
                "pointsIdx": [
                    1,
                    2
                ],
                "width": 2.884268765105764
            },
            {
                "id": 0,
                "normal": [
                    -1.0,
                    -0.0,
                    -0.0
                ],
                "planeEquation": [
                    -1.0,
                    -0.0,
                    -0.0,
                    -1.5740085822147096
                ],
                "pointsIdx": [
                    2,
                    3
                ],
                "width": 1.4387027487962394
            },
            {
                "id": 0,
                "normal": [
                    0.0,
                    0.0,
                    -1.0
                ],
                "planeEquation": [
                    0.0,
                    0.0,
                    -1.0,
                    -0.8568845669780577
                ],
                "pointsIdx": [
                    3,
                    4
                ],
                "width": 0.5563389850352276
            },
            {
                "id": 0,
                "normal": [
                    -1.0,
                    -0.0,
                    -0.0
                ],
                "planeEquation": [
                    -1.0,
                    -0.0,
                    -0.0,
                    -1.017669597179482
                ],
                "pointsIdx": [
                    4,
                    5
                ],
                "width": 1.090871819602277
            },
            {
                "id": 0,
                "normal": [
                    0.0,
                    0.0,
                    1.0
                ],
                "planeEquation": [
                    0.0,
                    0.0,
                    1.0,
                    1.947756386580335
                ],
                "pointsIdx": [
                    5,
                    6
                ],
                "width": 0.1360739676733176
            },
            {
                "id": 0,
                "normal": [
                    -1.0,
                    -0.0,
                    -0.0
                ],
                "planeEquation": [
                    -1.0,
                    -0.0,
                    -0.0,
                    -1.1537435648527996
                ],
                "pointsIdx": [
                    6,
                    7
                ],
                "width": 0.4876240313773992
            },
            {
                "id": 0,
                "normal": [
                    0.0,
                    0.0,
                    -1.0
                ],
                "planeEquation": [
                    0.0,
                    0.0,
                    -1.0,
                    -2.435380417957734
                ],
                "pointsIdx": [
                    7,
                    0
                ],
                "width": 2.4640037477438543
            }
        ]
    },
    "panoId": "nothing"
}