{
    "cameraHeight": 1.6,
    "layoutHeight": 2.5325135379367407,
    "layoutObj2ds": {
        "num": 0,
        "obj2ds": []
    },
    "layoutPoints": {
        "num": 8,
        "points": [
            {
                "coords": [
                    0.6381046213933366,
                    0.5
                ],
                "id": 0,
                "xyz": [
                    2.5521403843799266,
                    0.0,
                    -2.163020126107875
                ]
            },
            {
                "coords": [
                    0.7682103522985357,
                    0.5
                ],
                "id": 0,
                "xyz": [
                    2.5521403843799266,
                    0.0,
                    0.2932944237327106
                ]
            },
            {
                "coords": [
                    0.21829990286820206,
                    0.5
                ],
                "id": 0,
                "xyz": [
                    -1.4530030103453853,
                    0.0,
                    0.2932944237327106
                ]
            },
            {
                "coords": [
                    0.38259059242235555,
                    0.47643676136008684
                ],
                "id": 0,
                "xyz": [
                    -1.4530030103453853,
                    0.1602117505967351,
                    -1.598656564717638
                ]
            },
            {
                "coords": [
                    0.39374999999999993,
                    0.475
                ],
                "id": 0,
                "xyz": [
                    -1.2602792163555554,
                    0.1602117505967351,
                    -1.598656564717638
                ]
            },
            {
                "coords": [
                    0.4205650730892986,
                    0.5
                ],
                "id": 0,
                "xyz": [
                    -1.2602792163555554,
                    0.0,
                    -2.3118445303367388
                ]
            },
            {
                "coords": [
                    0.583031050449371,
                    0.42409027412804295
                ],
                "id": 0,
                "xyz": [
                    1.3288959545264913,
                    0.6482523851237848,
                    -2.3118445303367388
                ]
            },
            {
                "coords": [
                    0.5876815069172302,
                    0.4204184300155775
                ],
                "id": 0,
                "xyz": [
                    1.3288959545264913,
                    0.6482523851237848,
                    -2.163020126107875
                ]
            }
        ]
    },
    "layoutWalls": {
        "num": 8,
        "walls": [
            {
                "id": 0,
                "normal": [
                    1.0,
                    0.0,
                    -0.0
                ],
                "planeEquation": [
                    1.0,
                    0.0,
                    -0.0,
                    -2.5521403843799266
                ],
                "pointsIdx": [
                    0,
                    1
                ],
                "width": 2.456314549840586
            },
            {
                "id": 0,
                "normal": [
                    0.0,
                    0.0,
                    1.0
                ],
                "planeEquation": [
                    0.0,
                    0.0,
                    1.0,
                    -0.2932944237327106
                ],
                "pointsIdx": [
                    1,
                    2
                ],
                "width": 4.005143394725312
            },
            {
                "id": 0,
                "normal": [
                    -1.0,
                    -0.0,
                    -0.0
                ],
                "planeEquation": [
                    -1.0,
                    -0.0,
                    -0.0,
                    -1.4530030103453853
                ],
                "pointsIdx": [
                    2,
                    3
                ],
                "width": 1.8919509884503487
            },
            {
                "id": 0,
                "normal": [
                    0.0,
                    0.0,
                    -1.0
                ],
                "planeEquation": [
                    0.0,
                    0.0,
                    -1.0,
                    -1.598656564717638
                ],
                "pointsIdx": [
                    3,
                    4
                ],
                "width": 0.19272379398982986
            },
            {
                "id": 0,
                "normal": [
                    -1.0,
                    -0.0,
                    -0.0
                ],
                "planeEquation": [
                    -1.0,
                    -0.0,
                    -0.0,
                    -1.2602792163555554
                ],
                "pointsIdx": [
                    4,
                    5
                ],
                "width": 0.7131879656191007
            },
            {
                "id": 0,
                "normal": [
                    0.0,
                    0.0,
                    -1.0
                ],
                "planeEquation": [
                    0.0,
                    0.0,
                    -1.0,
                    -2.3118445303367388
                ],
                "pointsIdx": [
                    5,
                    6
                ],
                "width": 2.5891751708820467
            },
            {
                "id": 0,
                "normal": [
                    1.0,
                    0.0,
                    -0.0
                ],
                "planeEquation": [
                    1.0,
                    0.0,
                    -0.0,
                    -1.3288959545264913
                ],
                "pointsIdx": [
                    6,
                    7
                ],
                "width": 0.14882440422886356
            },
            {
                "id": 0,
                "normal": [
                    0.0,
                    0.0,
                    -1.0
                ],
                "planeEquation": [
                    0.0,
                    0.0,
                    -1.0,
                    -2.163020126107875
                ],
                "pointsIdx": [
                    7,
                    0
                ],
                "width": 1.2232444298534353
            }
        ]
    },
    "panoId": "nothing"
}