{
    "cameraHeight": 1.6,
    "layoutHeight": 2.4641147518157958,
    "layoutObj2ds": {
        "num": 0,
        "obj2ds": []
    },
    "layoutPoints": {
        "num": 6,
        "points": [
            {
                "coords": [
                    0.509351269906987,
                    0.5
                ],
                "id": 0,
                "xyz": [
                    0.08987371363060598,
                    0.0,
                    -1.527854722439475
                ]
            },
            {
                "coords": [
                    0.5247912229604103,
                    0.5
                ],
                "id": 0,
                "xyz": [
                    0.08987371363060598,
                    0.0,
                    -0.57229812864
                ]
            },
            {
                "coords": [
                    0.6909083745957966,
                    0.5
                ],
                "id": 0,
                "xyz": [
                    1.4699162469990399,
                    0.0,
                    -0.57229812864
                ]
            },
            {
                "coords": [
                    0.9283748914513439,
                    0.5
                ],
                "id": 0,
                "xyz": [
                    1.4699162469990399,
                    0.0,
                    3.0426951242547204
                ]
            },
            {
                "coords": [
                    0.06091267738215045,
                    0.5
                ],
                "id": 0,
                "xyz": [
                    -1.22491796733952,
                    0.0,
                    3.0426951242547204
                ]
            },
            {
                "coords": [
                    0.392444466957881,
                    0.5
                ],
                "id": 0,
                "xyz": [
                    -1.22491796733952,
                    0.0,
                    -1.527854722439475
                ]
            }
        ]
    },
    "layoutWalls": {
        "num": 6,
        "walls": [
            {
                "id": 0,
                "normal": [
                    1.0,
                    0.0,
                    -0.0
                ],
                "planeEquation": [
                    1.0,
                    0.0,
                    -0.0,
                    -0.08987371363060598
                ],
                "pointsIdx": [
                    0,
                    1
                ],
                "width": 0.955556593799475
            },
            {
                "id": 0,
                "normal": [
                    0.0,
                    0.0,
                    -1.0
                ],
                "planeEquation": [
                    0.0,
                    0.0,
                    -1.0,
                    -0.57229812864
                ],
                "pointsIdx": [
                    1,
                    2
                ],
                "width": 1.3800425333684339
            },
            {
                "id": 0,
                "normal": [
                    1.0,
                    0.0,
                    -0.0
                ],
                "planeEquation": [
                    1.0,
                    0.0,
                    -0.0,
                    -1.4699162469990399
                ],
                "pointsIdx": [
                    2,
                    3
                ],
                "width": 3.6149932528947204
            },
            {
                "id": 0,
                "normal": [
                    0.0,
                    0.0,
                    1.0
                ],
                "planeEquation": [
                    0.0,
                    0.0,
                    1.0,
                    -3.0426951242547204
                ],
                "pointsIdx": [
                    3,
                    4
                ],
                "width": 2.69483421433856
            },
            {
                "id": 0,
                "normal": [
                    -1.0,
                    -0.0,
                    -0.0
                ],
                "planeEquation": [
                    -1.0,
                    -0.0,
                    -0.0,
                    -1.22491796733952
                ],
                "pointsIdx": [
                    4,
                    5
                ],
                "width": 4.570549846694195
            },
            {
                "id": 0,
                "normal": [
                    0.0,
                    0.0,
                    -1.0
                ],
                "planeEquation": [
                    0.0,
                    0.0,
                    -1.0,
                    -1.527854722439475
                ],
                "pointsIdx": [
                    5,
                    0
                ],
                "width": 1.314791680970126
            }
        ]
    },
    "panoId": "nothing"
}