{
    "cameraHeight": 1.6,
    "layoutHeight": 2.5237738800048826,
    "layoutObj2ds": {
        "num": 0,
        "obj2ds": []
    },
    "layoutPoints": {
        "num": 4,
        "points": [
            {
                "coords": [
                    0.6214222602836073,
                    0.5
                ],
                "id": 0,
                "xyz": [
                    2.147719268310545,
                    0.0,
                    -2.2465165820375717
                ]
            },
            {
                "coords": [
                    0.7848448290408271,
                    0.5
                ],
                "id": 0,
                "xyz": [
                    2.147719268310545,
                    0.0,
                    0.47787403264
                ]
            },
            {
                "coords": [
                    0.20973536986449526,
                    0.5
                ],
                "id": 0,
                "xyz": [
                    -1.8484316928251265,
                    0.0,
                    0.47787403264
                ]
            },
            {
                "coords": [
                    0.3904235688013422,
                    0.5
                ],
                "id": 0,
                "xyz": [
                    -1.8484316928251265,
                    0.0,
                    -2.2465165820375717
                ]
            }
        ]
    },
    "layoutWalls": {
        "num": 4,
        "walls": [
            {
                "id": 0,
                "normal": [
                    1.0,
                    0.0,
                    -0.0
                ],
                "planeEquation": [
                    1.0,
                    0.0,
                    -0.0,
                    -2.147719268310545
                ],
                "pointsIdx": [
                    0,
                    1
                ],
                "width": 2.7243906146775716
            },
            {
                "id": 0,
                "normal": [
                    0.0,
                    0.0,
                    1.0
                ],
                "planeEquation": [
                    0.0,
                    0.0,
                    1.0,
                    -0.47787403264
                ],
                "pointsIdx": [
                    1,
                    2
                ],
                "width": 3.9961509611356716
            },
            {
                "id": 0,
                "normal": [
                    -1.0,
                    -0.0,
                    -0.0
                ],
                "planeEquation": [
                    -1.0,
                    -0.0,
                    -0.0,
                    -1.8484316928251265
                ],
                "pointsIdx": [
                    2,
                    3
                ],
                "width": 2.7243906146775716
            },
            {
                "id": 0,
                "normal": [
                    0.0,
                    0.0,
                    -1.0
                ],
                "planeEquation": [
                    0.0,
                    0.0,
                    -1.0,
                    -2.2465165820375717
                ],
                "pointsIdx": [
                    3,
                    0
                ],
                "width": 3.9961509611356716
            }
        ]
    },
    "panoId": "nothing"
}