{
    "cameraHeight": 1.6,
    "layoutHeight": 2.8726856327056884,
    "layoutObj2ds": {
        "num": 0,
        "obj2ds": []
    },
    "layoutPoints": {
        "num": 8,
        "points": [
            {
                "coords": [
                    0.6894031441801256,
                    0.5
                ],
                "id": 0,
                "xyz": [
                    3.6839045116233526,
                    0.0,
                    -1.4745656913641028
                ]
            },
            {
                "coords": [
                    0.8700825355334043,
                    0.5
                ],
                "id": 0,
                "xyz": [
                    3.6839045116233526,
                    0.0,
                    3.4630134583187777
                ]
            },
            {
                "coords": [
                    0.9325786490875204,
                    0.5
                ],
                "id": 0,
                "xyz": [
                    1.5615508046607485,
                    0.0,
                    3.4630134583187777
                ]
            },
            {
                "coords": [
                    0.9647211692952944,
                    0.5
                ],
                "id": 0,
                "xyz": [
                    1.5615508046607485,
                    0.0,
                    6.928933646482431
                ]
            },
            {
                "coords": [
                    0.10358753105687646,
                    0.5
                ],
                "id": 0,
                "xyz": [
                    -5.276810780971433,
                    0.0,
                    6.928933646482431
                ]
            },
            {
                "coords": [
                    0.20310126336901707,
                    0.5
                ],
                "id": 0,
                "xyz": [
                    -5.276810780971433,
                    0.0,
                    1.6015625
                ]
            },
            {
                "coords": [
                    0.17042077348367035,
                    0.5
                ],
                "id": 0,
                "xyz": [
                    -2.9315636597489676,
                    0.0,
                    1.6015625
                ]
            },
            {
                "coords": [
                    0.3241728529224035,
                    0.5
                ],
                "id": 0,
                "xyz": [
                    -2.9315636597489676,
                    0.0,
                    -1.4745656913641028
                ]
            }
        ]
    },
    "layoutWalls": {
        "num": 8,
        "walls": [
            {
                "id": 0,
                "normal": [
                    1.0,
                    0.0,
                    -0.0
                ],
                "planeEquation": [
                    1.0,
                    0.0,
                    -0.0,
                    -3.6839045116233526
                ],
                "pointsIdx": [
                    0,
                    1
                ],
                "width": 4.937579149682881
            },
            {
                "id": 0,
                "normal": [
                    0.0,
                    0.0,
                    1.0
                ],
                "planeEquation": [
                    0.0,
                    0.0,
                    1.0,
                    -3.4630134583187777
                ],
                "pointsIdx": [
                    1,
                    2
                ],
                "width": 2.1223537069626044
            },
            {
                "id": 0,
                "normal": [
                    1.0,
                    0.0,
                    -0.0
                ],
                "planeEquation": [
                    1.0,
                    0.0,
                    -0.0,
                    -1.5615508046607485
                ],
                "pointsIdx": [
                    2,
                    3
                ],
                "width": 3.465920188163653
            },
            {
                "id": 0,
                "normal": [
                    0.0,
                    0.0,
                    1.0
                ],
                "planeEquation": [
                    0.0,
                    0.0,
                    1.0,
                    -6.928933646482431
                ],
                "pointsIdx": [
                    3,
                    4
                ],
                "width": 6.838361585632181
            },
            {
                "id": 0,
                "normal": [
                    -1.0,
                    -0.0,
                    -0.0
                ],
                "planeEquation": [
                    -1.0,
                    -0.0,
                    -0.0,
                    -5.276810780971433
                ],
                "pointsIdx": [
                    4,
                    5
                ],
                "width": 5.327371146482431
            },
            {
                "id": 0,
                "normal": [
                    0.0,
                    0.0,
                    -1.0
                ],
                "planeEquation": [
                    0.0,
                    0.0,
                    -1.0,
                    1.6015625
                ],
                "pointsIdx": [
                    5,
                    6
                ],
                "width": 2.345247121222465
            },
            {
                "id": 0,
                "normal": [
                    -1.0,
                    -0.0,
                    -0.0
                ],
                "planeEquation": [
                    -1.0,
                    -0.0,
                    -0.0,
                    -2.9315636597489676
                ],
                "pointsIdx": [
                    6,
                    7
                ],
                "width": 3.076128191364103
            },
            {
                "id": 0,
                "normal": [
                    0.0,
                    0.0,
                    -1.0
                ],
                "planeEquation": [
                    0.0,
                    0.0,
                    -1.0,
                    -1.4745656913641028
                ],
                "pointsIdx": [
                    7,
                    0
                ],
                "width": 6.615468171372321
            }
        ]
    },
    "panoId": "nothing"
}