{
    "cameraHeight": 1.6,
    "layoutHeight": 2.709073677062988,
    "layoutObj2ds": {
        "num": 0,
        "obj2ds": []
    },
    "layoutPoints": {
        "num": 6,
        "points": [
            {
                "coords": [
                    0.6098531051388545,
                    0.5
                ],
                "id": 0,
                "xyz": [
                    3.9953267546931204,
                    0.0,
                    -4.838606296276009
                ]
            },
            {
                "coords": [
                    0.7777252747148158,
                    0.5
                ],
                "id": 0,
                "xyz": [
                    3.9953267546931204,
                    0.0,
                    0.703125
                ]
            },
            {
                "coords": [
                    0.15035840291736463,
                    0.5
                ],
                "id": 0,
                "xyz": [
                    -0.9723657600000001,
                    0.0,
                    0.703125
                ]
            },
            {
                "coords": [
                    0.33000365127374903,
                    0.5
                ],
                "id": 0,
                "xyz": [
                    -0.9723657600000001,
                    0.0,
                    -0.5345916502609809
                ]
            },
            {
                "coords": [
                    0.46146740011649,
                    0.5
                ],
                "id": 0,
                "xyz": [
                    -0.13201822716767136,
                    0.0,
                    -0.5345916502609809
                ]
            },
            {
                "coords": [
                    0.49565863792055487,
                    0.5
                ],
                "id": 0,
                "xyz": [
                    -0.13201822716767136,
                    0.0,
                    -4.838606296276009
                ]
            }
        ]
    },
    "layoutWalls": {
        "num": 6,
        "walls": [
            {
                "id": 0,
                "normal": [
                    1.0,
                    0.0,
                    -0.0
                ],
                "planeEquation": [
                    1.0,
                    0.0,
                    -0.0,
                    -3.9953267546931204
                ],
                "pointsIdx": [
                    0,
                    1
                ],
                "width": 5.541731296276009
            },
            {
                "id": 0,
                "normal": [
                    0.0,
                    0.0,
                    1.0
                ],
                "planeEquation": [
                    0.0,
                    0.0,
                    1.0,
                    -0.703125
                ],
                "pointsIdx": [
                    1,
                    2
                ],
                "width": 4.967692514693121
            },
            {
                "id": 0,
                "normal": [
                    -1.0,
                    -0.0,
                    -0.0
                ],
                "planeEquation": [
                    -1.0,
                    -0.0,
                    -0.0,
                    -0.9723657600000001
                ],
                "pointsIdx": [
                    2,
                    3
                ],
                "width": 1.2377166502609809
            },
            {
                "id": 0,
                "normal": [
                    0.0,
                    0.0,
                    -1.0
                ],
                "planeEquation": [
                    0.0,
                    0.0,
                    -1.0,
                    -0.5345916502609809
                ],
                "pointsIdx": [
                    3,
                    4
                ],
                "width": 0.8403475328323287
            },
            {
                "id": 0,
                "normal": [
                    -1.0,
                    -0.0,
                    -0.0
                ],
                "planeEquation": [
                    -1.0,
                    -0.0,
                    -0.0,
                    -0.13201822716767136
                ],
                "pointsIdx": [
                    4,
                    5
                ],
                "width": 4.304014646015028
            },
            {
                "id": 0,
                "normal": [
                    0.0,
                    0.0,
                    -1.0
                ],
                "planeEquation": [
                    0.0,
                    0.0,
                    -1.0,
                    -4.838606296276009
                ],
                "pointsIdx": [
                    5,
                    0
                ],
                "width": 4.127344981860792
            }
        ]
    },
    "panoId": "nothing"
}