{
    "cameraHeight": 1.6,
    "layoutHeight": 2.8565516567230222,
    "layoutObj2ds": {
        "num": 0,
        "obj2ds": []
    },
    "layoutPoints": {
        "num": 8,
        "points": [
            {
                "coords": [
                    0.6608950976287546,
                    0.5
                ],
                "id": 0,
                "xyz": [
                    1.8074156301152242,
                    0.0,
                    -1.1328125
                ]
            },
            {
                "coords": [
                    0.8365711595833798,
                    0.47260558598659397
                ],
                "id": 0,
                "xyz": [
                    1.8074156301152242,
                    0.18223642120104358,
                    1.093127932134765
                ]
            },
            {
                "coords": [
                    0.9252777777777778,
                    0.45302021663871894
                ],
                "id": 0,
                "xyz": [
                    0.5545754521599999,
                    0.18223642120104358,
                    1.093127932134765
                ]
            },
            {
                "coords": [
                    0.9867393376735337,
                    0.5
                ],
                "id": 0,
                "xyz": [
                    0.5545754521599999,
                    0.0,
                    6.640625
                ]
            },
            {
                "coords": [
                    0.1320830062051599,
                    0.5
                ],
                "id": 0,
                "xyz": [
                    -7.2596493238192545,
                    0.0,
                    6.640625
                ]
            },
            {
                "coords": [
                    0.19337916927207466,
                    0.5001958743838103
                ],
                "id": 0,
                "xyz": [
                    -7.2596493238192545,
                    -0.004765697224228015,
                    2.697459724114373
                ]
            },
            {
                "coords": [
                    0.16777777777777764,
                    0.5002777776720079
                ],
                "id": 0,
                "xyz": [
                    -4.748387839405855,
                    -0.004765697224228015,
                    2.697459724114373
                ]
            },
            {
                "coords": [
                    0.2872725526185764,
                    0.5
                ],
                "id": 0,
                "xyz": [
                    -4.748387839405855,
                    0.0,
                    -1.1328125
                ]
            }
        ]
    },
    "layoutWalls": {
        "num": 8,
        "walls": [
            {
                "id": 0,
                "normal": [
                    1.0,
                    0.0,
                    -0.0
                ],
                "planeEquation": [
                    1.0,
                    0.0,
                    -0.0,
                    -1.8074156301152242
                ],
                "pointsIdx": [
                    0,
                    1
                ],
                "width": 2.225940432134765
            },
            {
                "id": 0,
                "normal": [
                    0.0,
                    0.0,
                    1.0
                ],
                "planeEquation": [
                    0.0,
                    0.0,
                    1.0,
                    -1.093127932134765
                ],
                "pointsIdx": [
                    1,
                    2
                ],
                "width": 1.2528401779552243
            },
            {
                "id": 0,
                "normal": [
                    1.0,
                    0.0,
                    -0.0
                ],
                "planeEquation": [
                    1.0,
                    0.0,
                    -0.0,
                    -0.5545754521599999
                ],
                "pointsIdx": [
                    2,
                    3
                ],
                "width": 5.547497067865235
            },
            {
                "id": 0,
                "normal": [
                    0.0,
                    0.0,
                    1.0
                ],
                "planeEquation": [
                    0.0,
                    0.0,
                    1.0,
                    -6.640625
                ],
                "pointsIdx": [
                    3,
                    4
                ],
                "width": 7.8142247759792545
            },
            {
                "id": 0,
                "normal": [
                    -1.0,
                    -0.0,
                    -0.0
                ],
                "planeEquation": [
                    -1.0,
                    -0.0,
                    -0.0,
                    -7.2596493238192545
                ],
                "pointsIdx": [
                    4,
                    5
                ],
                "width": 3.943165275885627
            },
            {
                "id": 0,
                "normal": [
                    0.0,
                    0.0,
                    -1.0
                ],
                "planeEquation": [
                    0.0,
                    0.0,
                    -1.0,
                    2.697459724114373
                ],
                "pointsIdx": [
                    5,
                    6
                ],
                "width": 2.5112614844133994
            },
            {
                "id": 0,
                "normal": [
                    -1.0,
                    -0.0,
                    -0.0
                ],
                "planeEquation": [
                    -1.0,
                    -0.0,
                    -0.0,
                    -4.748387839405855
                ],
                "pointsIdx": [
                    6,
                    7
                ],
                "width": 3.830272224114373
            },
            {
                "id": 0,
                "normal": [
                    0.0,
                    0.0,
                    -1.0
                ],
                "planeEquation": [
                    0.0,
                    0.0,
                    -1.0,
                    -1.1328125
                ],
                "pointsIdx": [
                    7,
                    0
                ],
                "width": 6.555803469521079
            }
        ]
    },
    "panoId": "nothing"
}