{
    "cameraHeight": 1.6,
    "layoutHeight": 2.8019309616088863,
    "layoutObj2ds": {
        "num": 0,
        "obj2ds": []
    },
    "layoutPoints": {
        "num": 4,
        "points": [
            {
                "coords": [
                    0.659170124290833,
                    0.5
                ],
                "id": 0,
                "xyz": [
                    1.01536504064,
                    0.0,
                    -0.6518216211641138
                ]
            },
            {
                "coords": [
                    0.9450463819690416,
                    0.5
                ],
                "id": 0,
                "xyz": [
                    1.01536504064,
                    0.0,
                    2.8228658207555273
                ]
            },
            {
                "coords": [
                    0.11334941891303846,
                    0.5
                ],
                "id": 0,
                "xyz": [
                    -2.437130332576055,
                    0.0,
                    2.8228658207555273
                ]
            },
            {
                "coords": [
                    0.2915932078704239,
                    0.5
                ],
                "id": 0,
                "xyz": [
                    -2.437130332576055,
                    0.0,
                    -0.6518216211641138
                ]
            }
        ]
    },
    "layoutWalls": {
        "num": 4,
        "walls": [
            {
                "id": 0,
                "normal": [
                    1.0,
                    0.0,
                    -0.0
                ],
                "planeEquation": [
                    1.0,
                    0.0,
                    -0.0,
                    -1.01536504064
                ],
                "pointsIdx": [
                    0,
                    1
                ],
                "width": 3.474687441919641
            },
            {
                "id": 0,
                "normal": [
                    0.0,
                    0.0,
                    1.0
                ],
                "planeEquation": [
                    0.0,
                    0.0,
                    1.0,
                    -2.8228658207555273
                ],
                "pointsIdx": [
                    1,
                    2
                ],
                "width": 3.4524953732160553
            },
            {
                "id": 0,
                "normal": [
                    -1.0,
                    -0.0,
                    -0.0
                ],
                "planeEquation": [
                    -1.0,
                    -0.0,
                    -0.0,
                    -2.437130332576055
                ],
                "pointsIdx": [
                    2,
                    3
                ],
                "width": 3.474687441919641
            },
            {
                "id": 0,
                "normal": [
                    0.0,
                    0.0,
                    -1.0
                ],
                "planeEquation": [
                    0.0,
                    0.0,
                    -1.0,
                    -0.6518216211641138
                ],
                "pointsIdx": [
                    3,
                    0
                ],
                "width": 3.4524953732160553
            }
        ]
    },
    "panoId": "nothing"
}