{
    "cameraHeight": 1.6,
    "layoutHeight": 2.873354949951172,
    "layoutObj2ds": {
        "num": 0,
        "obj2ds": []
    },
    "layoutPoints": {
        "num": 20,
        "points": [
            {
                "coords": [
                    0.570106670326733,
                    0.5
                ],
                "id": 0,
                "xyz": [
                    2.513608524689679,
                    0.0,
                    -5.33241031859043
                ]
            },
            {
                "coords": [
                    0.6079861111111111,
                    0.5137371893643969
                ],
                "id": 0,
                "xyz": [
                    2.513608524689679,
                    -0.17294817945472477,
                    -3.1179319917476436
                ]
            },
            {
                "coords": [
                    0.6227026899413606,
                    0.5126571134197857
                ],
                "id": 0,
                "xyz": [
                    3.0291955781570126,
                    -0.17294817945472477,
                    -3.1179319917476436
                ]
            },
            {
                "coords": [
                    0.6621225233311109,
                    0.512709800194286
                ],
                "id": 0,
                "xyz": [
                    3.0291955781570126,
                    -0.14213921193081147,
                    -1.8661903155151185
                ]
            },
            {
                "coords": [
                    0.6217361111111112,
                    0.5174736123322308
                ],
                "id": 0,
                "xyz": [
                    1.7911759267596996,
                    -0.14213921193081147,
                    -1.8661903155151185
                ]
            },
            {
                "coords": [
                    0.7340531907100204,
                    0.5
                ],
                "id": 0,
                "xyz": [
                    1.7911759267596996,
                    0.0,
                    -0.18007303208240122
                ]
            },
            {
                "coords": [
                    0.6913076736194543,
                    0.5
                ],
                "id": 0,
                "xyz": [
                    0.4659620697600001,
                    0.0,
                    -0.18007303208240122
                ]
            },
            {
                "coords": [
                    0.9612182803201728,
                    0.5
                ],
                "id": 0,
                "xyz": [
                    0.4659620697600001,
                    0.0,
                    1.8742473569116258
                ]
            },
            {
                "coords": [
                    0.10294337484133798,
                    0.5
                ],
                "id": 0,
                "xyz": [
                    -1.4154065566927192,
                    0.0,
                    1.8742473569116258
                ]
            },
            {
                "coords": [
                    0.22109201093008068,
                    0.5646065805072852
                ],
                "id": 0,
                "xyz": [
                    -1.4154065566927192,
                    -0.29616462389203835,
                    0.25995130329118643
                ]
            },
            {
                "coords": [
                    0.1895039559255981,
                    0.6273006187158209
                ],
                "id": 0,
                "xyz": [
                    -0.6506300802843588,
                    -0.29616462389203835,
                    0.25995130329118643
                ]
            },
            {
                "coords": [
                    0.2465277777777773,
                    0.6254535868912314
                ],
                "id": 0,
                "xyz": [
                    -0.6506300802843588,
                    -0.2706510632561264,
                    0.014196798855109626
                ]
            },
            {
                "coords": [
                    0.24932923622096226,
                    0.5255202946854048
                ],
                "id": 0,
                "xyz": [
                    -3.368514231939831,
                    -0.2706510632561264,
                    0.014196798855109626
                ]
            },
            {
                "coords": [
                    0.3250902324358126,
                    0.5
                ],
                "id": 0,
                "xyz": [
                    -3.368514231939831,
                    0.0,
                    -1.71875
                ]
            },
            {
                "coords": [
                    0.36145833333333327,
                    0.4607192269993933
                ],
                "id": 0,
                "xyz": [
                    -2.039274621944236,
                    0.33079647642985555,
                    -1.71875
                ]
            },
            {
                "coords": [
                    0.4114362839292285,
                    0.47279414158446764
                ],
                "id": 0,
                "xyz": [
                    -2.039274621944236,
                    0.33079647642985555,
                    -3.2784074313929232
                ]
            },
            {
                "coords": [
                    0.4502534256791135,
                    0.4740164365716737
                ],
                "id": 0,
                "xyz": [
                    -1.0594507317953183,
                    0.2818689447337845,
                    -3.2784074313929232
                ]
            },
            {
                "coords": [
                    0.4120833333333334,
                    0.4558476545840328
                ],
                "id": 0,
                "xyz": [
                    -1.0594507317953183,
                    0.2818689447337845,
                    -1.7187500000000002
                ]
            },
            {
                "coords": [
                    0.44550333012875915,
                    0.5
                ],
                "id": 0,
                "xyz": [
                    -0.612654925816293,
                    0.0,
                    -1.71875
                ]
            },
            {
                "coords": [
                    0.48179408959675896,
                    0.5
                ],
                "id": 0,
                "xyz": [
                    -0.612654925816293,
                    0.0,
                    -5.33241031859043
                ]
            }
        ]
    },
    "layoutWalls": {
        "num": 20,
        "walls": [
            {
                "id": 0,
                "normal": [
                    1.0,
                    0.0,
                    -0.0
                ],
                "planeEquation": [
                    1.0,
                    0.0,
                    -0.0,
                    -2.513608524689679
                ],
                "pointsIdx": [
                    0,
                    1
                ],
                "width": 2.2144783268427863
            },
            {
                "id": 0,
                "normal": [
                    0.0,
                    0.0,
                    -1.0
                ],
                "planeEquation": [
                    0.0,
                    0.0,
                    -1.0,
                    -3.1179319917476436
                ],
                "pointsIdx": [
                    1,
                    2
                ],
                "width": 0.5155870534673337
            },
            {
                "id": 0,
                "normal": [
                    1.0,
                    0.0,
                    -0.0
                ],
                "planeEquation": [
                    1.0,
                    0.0,
                    -0.0,
                    -3.0291955781570126
                ],
                "pointsIdx": [
                    2,
                    3
                ],
                "width": 1.251741676232525
            },
            {
                "id": 0,
                "normal": [
                    0.0,
                    0.0,
                    1.0
                ],
                "planeEquation": [
                    0.0,
                    0.0,
                    1.0,
                    1.8661903155151185
                ],
                "pointsIdx": [
                    3,
                    4
                ],
                "width": 1.238019651397313
            },
            {
                "id": 0,
                "normal": [
                    1.0,
                    0.0,
                    -0.0
                ],
                "planeEquation": [
                    1.0,
                    0.0,
                    -0.0,
                    -1.7911759267596996
                ],
                "pointsIdx": [
                    4,
                    5
                ],
                "width": 1.6861172834327172
            },
            {
                "id": 0,
                "normal": [
                    0.0,
                    0.0,
                    1.0
                ],
                "planeEquation": [
                    0.0,
                    0.0,
                    1.0,
                    0.18007303208240122
                ],
                "pointsIdx": [
                    5,
                    6
                ],
                "width": 1.3252138569996994
            },
            {
                "id": 0,
                "normal": [
                    1.0,
                    0.0,
                    -0.0
                ],
                "planeEquation": [
                    1.0,
                    0.0,
                    -0.0,
                    -0.4659620697600001
                ],
                "pointsIdx": [
                    6,
                    7
                ],
                "width": 2.054320388994027
            },
            {
                "id": 0,
                "normal": [
                    0.0,
                    0.0,
                    1.0
                ],
                "planeEquation": [
                    0.0,
                    0.0,
                    1.0,
                    -1.8742473569116258
                ],
                "pointsIdx": [
                    7,
                    8
                ],
                "width": 1.8813686264527192
            },
            {
                "id": 0,
                "normal": [
                    -1.0,
                    -0.0,
                    -0.0
                ],
                "planeEquation": [
                    -1.0,
                    -0.0,
                    -0.0,
                    -1.4154065566927192
                ],
                "pointsIdx": [
                    8,
                    9
                ],
                "width": 1.6142960536204394
            },
            {
                "id": 0,
                "normal": [
                    0.0,
                    0.0,
                    -1.0
                ],
                "planeEquation": [
                    0.0,
                    0.0,
                    -1.0,
                    0.25995130329118643
                ],
                "pointsIdx": [
                    9,
                    10
                ],
                "width": 0.7647764764083604
            },
            {
                "id": 0,
                "normal": [
                    -1.0,
                    -0.0,
                    -0.0
                ],
                "planeEquation": [
                    -1.0,
                    -0.0,
                    -0.0,
                    -0.6506300802843588
                ],
                "pointsIdx": [
                    10,
                    11
                ],
                "width": 0.2457545044360768
            },
            {
                "id": 0,
                "normal": [
                    0.0,
                    0.0,
                    1.0
                ],
                "planeEquation": [
                    0.0,
                    0.0,
                    1.0,
                    -0.014196798855109626
                ],
                "pointsIdx": [
                    11,
                    12
                ],
                "width": 2.7178841516554724
            },
            {
                "id": 0,
                "normal": [
                    -1.0,
                    -0.0,
                    -0.0
                ],
                "planeEquation": [
                    -1.0,
                    -0.0,
                    -0.0,
                    -3.368514231939831
                ],
                "pointsIdx": [
                    12,
                    13
                ],
                "width": 1.7329467988551097
            },
            {
                "id": 0,
                "normal": [
                    0.0,
                    0.0,
                    -1.0
                ],
                "planeEquation": [
                    0.0,
                    0.0,
                    -1.0,
                    -1.71875
                ],
                "pointsIdx": [
                    13,
                    14
                ],
                "width": 1.3292396099955952
            },
            {
                "id": 0,
                "normal": [
                    -1.0,
                    -0.0,
                    -0.0
                ],
                "planeEquation": [
                    -1.0,
                    -0.0,
                    -0.0,
                    -2.039274621944236
                ],
                "pointsIdx": [
                    14,
                    15
                ],
                "width": 1.5596574313929232
            },
            {
                "id": 0,
                "normal": [
                    0.0,
                    0.0,
                    -1.0
                ],
                "planeEquation": [
                    0.0,
                    0.0,
                    -1.0,
                    -3.2784074313929232
                ],
                "pointsIdx": [
                    15,
                    16
                ],
                "width": 0.9798238901489176
            },
            {
                "id": 0,
                "normal": [
                    1.0,
                    0.0,
                    -0.0
                ],
                "planeEquation": [
                    1.0,
                    0.0,
                    -0.0,
                    1.0594507317953183
                ],
                "pointsIdx": [
                    16,
                    17
                ],
                "width": 1.559657431392923
            },
            {
                "id": 0,
                "normal": [
                    4.969711039218105e-16,
                    0.0,
                    -1.0
                ],
                "planeEquation": [
                    4.969711039218105e-16,
                    0.0,
                    -1.0,
                    -1.7187499999999998
                ],
                "pointsIdx": [
                    17,
                    18
                ],
                "width": 0.44679580597902535
            },
            {
                "id": 0,
                "normal": [
                    -1.0,
                    -0.0,
                    -0.0
                ],
                "planeEquation": [
                    -1.0,
                    -0.0,
                    -0.0,
                    -0.612654925816293
                ],
                "pointsIdx": [
                    18,
                    19
                ],
                "width": 3.61366031859043
            },
            {
                "id": 0,
                "normal": [
                    0.0,
                    0.0,
                    -1.0
                ],
                "planeEquation": [
                    0.0,
                    0.0,
                    -1.0,
                    -5.33241031859043
                ],
                "pointsIdx": [
                    19,
                    0
                ],
                "width": 3.126263450505972
            }
        ]
    },
    "panoId": "nothing"
}