{
    "cameraHeight": 1.6,
    "layoutHeight": 2.849095478057861,
    "layoutObj2ds": {
        "num": 0,
        "obj2ds": []
    },
    "layoutPoints": {
        "num": 10,
        "points": [
            {
                "coords": [
                    0.6957580167193539,
                    0.5
                ],
                "id": 0,
                "xyz": [
                    3.344304082304506,
                    0.0,
                    -1.1860615659139655
                ]
            },
            {
                "coords": [
                    0.7915134018912757,
                    0.5
                ],
                "id": 0,
                "xyz": [
                    3.344304082304506,
                    0.0,
                    0.8926527087990672
                ]
            },
            {
                "coords": [
                    0.7702389549893208,
                    0.5
                ],
                "id": 0,
                "xyz": [
                    6.981756758223032,
                    0.0,
                    0.8926527087990672
                ]
            },
            {
                "coords": [
                    0.8902629086667713,
                    0.5
                ],
                "id": 0,
                "xyz": [
                    6.981756758223032,
                    0.0,
                    8.46793622793051
                ]
            },
            {
                "coords": [
                    0.908227247641479,
                    0.5009553927361302
                ],
                "id": 0,
                "xyz": [
                    5.5071703104363685,
                    -0.03031847948532537,
                    8.46793622793051
                ]
            },
            {
                "coords": [
                    0.8906944444444445,
                    0.501111104341897
                ],
                "id": 0,
                "xyz": [
                    5.5071703104363685,
                    -0.03031847948532537,
                    6.716480363667915
                ]
            },
            {
                "coords": [
                    0.9639611884764339,
                    0.4841363311684942
                ],
                "id": 0,
                "xyz": [
                    1.5474082777118034,
                    0.34378394542614815,
                    6.716480363667915
                ]
            },
            {
                "coords": [
                    0.9556582855408878,
                    0.4805754701962624
                ],
                "id": 0,
                "xyz": [
                    1.5474082777118034,
                    0.34378394542614815,
                    5.40963000990886
                ]
            },
            {
                "coords": [
                    0.03504880665743754,
                    0.5
                ],
                "id": 0,
                "xyz": [
                    -1.2109375,
                    0.0,
                    5.40963000990886
                ]
            },
            {
                "coords": [
                    0.3733483574089774,
                    0.5
                ],
                "id": 0,
                "xyz": [
                    -1.2109375,
                    0.0,
                    -1.1860615659139655
                ]
            }
        ]
    },
    "layoutWalls": {
        "num": 10,
        "walls": [
            {
                "id": 0,
                "normal": [
                    1.0,
                    0.0,
                    -0.0
                ],
                "planeEquation": [
                    1.0,
                    0.0,
                    -0.0,
                    -3.344304082304506
                ],
                "pointsIdx": [
                    0,
                    1
                ],
                "width": 2.0787142747130325
            },
            {
                "id": 0,
                "normal": [
                    0.0,
                    0.0,
                    -1.0
                ],
                "planeEquation": [
                    0.0,
                    0.0,
                    -1.0,
                    0.8926527087990672
                ],
                "pointsIdx": [
                    1,
                    2
                ],
                "width": 3.6374526759185257
            },
            {
                "id": 0,
                "normal": [
                    1.0,
                    0.0,
                    -0.0
                ],
                "planeEquation": [
                    1.0,
                    0.0,
                    -0.0,
                    -6.981756758223032
                ],
                "pointsIdx": [
                    2,
                    3
                ],
                "width": 7.5752835191314425
            },
            {
                "id": 0,
                "normal": [
                    0.0,
                    0.0,
                    1.0
                ],
                "planeEquation": [
                    0.0,
                    0.0,
                    1.0,
                    -8.46793622793051
                ],
                "pointsIdx": [
                    3,
                    4
                ],
                "width": 1.4745864477866633
            },
            {
                "id": 0,
                "normal": [
                    -1.0,
                    -0.0,
                    -0.0
                ],
                "planeEquation": [
                    -1.0,
                    -0.0,
                    -0.0,
                    5.5071703104363685
                ],
                "pointsIdx": [
                    4,
                    5
                ],
                "width": 1.7514558642625948
            },
            {
                "id": 0,
                "normal": [
                    0.0,
                    0.0,
                    1.0
                ],
                "planeEquation": [
                    0.0,
                    0.0,
                    1.0,
                    -6.716480363667915
                ],
                "pointsIdx": [
                    5,
                    6
                ],
                "width": 3.959762032724565
            },
            {
                "id": 0,
                "normal": [
                    -1.0,
                    -0.0,
                    -0.0
                ],
                "planeEquation": [
                    -1.0,
                    -0.0,
                    -0.0,
                    1.5474082777118034
                ],
                "pointsIdx": [
                    6,
                    7
                ],
                "width": 1.3068503537590548
            },
            {
                "id": 0,
                "normal": [
                    0.0,
                    0.0,
                    1.0
                ],
                "planeEquation": [
                    0.0,
                    0.0,
                    1.0,
                    -5.40963000990886
                ],
                "pointsIdx": [
                    7,
                    8
                ],
                "width": 2.7583457777118037
            },
            {
                "id": 0,
                "normal": [
                    -1.0,
                    -0.0,
                    -0.0
                ],
                "planeEquation": [
                    -1.0,
                    -0.0,
                    -0.0,
                    -1.2109375
                ],
                "pointsIdx": [
                    8,
                    9
                ],
                "width": 6.595691575822826
            },
            {
                "id": 0,
                "normal": [
                    0.0,
                    0.0,
                    -1.0
                ],
                "planeEquation": [
                    0.0,
                    0.0,
                    -1.0,
                    -1.1860615659139655
                ],
                "pointsIdx": [
                    9,
                    0
                ],
                "width": 4.555241582304506
            }
        ]
    },
    "panoId": "nothing"
}