{
    "cameraHeight": 1.6,
    "layoutHeight": 2.782315120697021,
    "layoutObj2ds": {
        "num": 0,
        "obj2ds": []
    },
    "layoutPoints": {
        "num": 4,
        "points": [
            {
                "coords": [
                    0.573043743683372,
                    0.5
                ],
                "id": 0,
                "xyz": [
                    0.4104015237371099,
                    0.0,
                    -0.830539558579831
                ]
            },
            {
                "coords": [
                    0.9562969314627598,
                    0.5
                ],
                "id": 0,
                "xyz": [
                    0.4104015237371099,
                    0.0,
                    1.456818251401452
                ]
            },
            {
                "coords": [
                    0.050469032036096706,
                    0.5
                ],
                "id": 0,
                "xyz": [
                    -0.4781000244604094,
                    0.0,
                    1.456818251401452
                ]
            },
            {
                "coords": [
                    0.4168697812000084,
                    0.5
                ],
                "id": 0,
                "xyz": [
                    -0.4781000244604094,
                    0.0,
                    -0.830539558579831
                ]
            }
        ]
    },
    "layoutWalls": {
        "num": 4,
        "walls": [
            {
                "id": 0,
                "normal": [
                    1.0,
                    0.0,
                    -0.0
                ],
                "planeEquation": [
                    1.0,
                    0.0,
                    -0.0,
                    -0.4104015237371099
                ],
                "pointsIdx": [
                    0,
                    1
                ],
                "width": 2.287357809981283
            },
            {
                "id": 0,
                "normal": [
                    0.0,
                    0.0,
                    1.0
                ],
                "planeEquation": [
                    0.0,
                    0.0,
                    1.0,
                    -1.456818251401452
                ],
                "pointsIdx": [
                    1,
                    2
                ],
                "width": 0.8885015481975194
            },
            {
                "id": 0,
                "normal": [
                    -1.0,
                    -0.0,
                    -0.0
                ],
                "planeEquation": [
                    -1.0,
                    -0.0,
                    -0.0,
                    -0.4781000244604094
                ],
                "pointsIdx": [
                    2,
                    3
                ],
                "width": 2.287357809981283
            },
            {
                "id": 0,
                "normal": [
                    0.0,
                    0.0,
                    -1.0
                ],
                "planeEquation": [
                    0.0,
                    0.0,
                    -1.0,
                    -0.830539558579831
                ],
                "pointsIdx": [
                    3,
                    0
                ],
                "width": 0.8885015481975194
            }
        ]
    },
    "panoId": "nothing"
}