{
    "cameraHeight": 1.6,
    "layoutHeight": 2.8148210048675537,
    "layoutObj2ds": {
        "num": 0,
        "obj2ds": []
    },
    "layoutPoints": {
        "num": 4,
        "points": [
            {
                "coords": [
                    0.579048051749837,
                    0.5
                ],
                "id": 0,
                "xyz": [
                    1.218125,
                    0.0,
                    -2.2475
                ]
            },
            {
                "coords": [
                    0.8745290681837284,
                    0.5
                ],
                "id": 0,
                "xyz": [
                    1.218125,
                    0.0,
                    1.2109375
                ]
            },
            {
                "coords": [
                    0.15447920982735935,
                    0.5
                ],
                "id": 0,
                "xyz": [
                    -1.7693585888051202,
                    0.0,
                    1.2109375
                ]
            },
            {
                "coords": [
                    0.3938560733349222,
                    0.5
                ],
                "id": 0,
                "xyz": [
                    -1.7693585888051202,
                    0.0,
                    -2.2475
                ]
            }
        ]
    },
    "layoutWalls": {
        "num": 4,
        "walls": [
            {
                "id": 0,
                "normal": [
                    1.0,
                    0.0,
                    -0.0
                ],
                "planeEquation": [
                    1.0,
                    0.0,
                    -0.0,
                    -1.218125
                ],
                "pointsIdx": [
                    0,
                    1
                ],
                "width": 3.4584375
            },
            {
                "id": 0,
                "normal": [
                    0.0,
                    0.0,
                    1.0
                ],
                "planeEquation": [
                    0.0,
                    0.0,
                    1.0,
                    -1.2109375
                ],
                "pointsIdx": [
                    1,
                    2
                ],
                "width": 2.9874835888051203
            },
            {
                "id": 0,
                "normal": [
                    -1.0,
                    -0.0,
                    -0.0
                ],
                "planeEquation": [
                    -1.0,
                    -0.0,
                    -0.0,
                    -1.7693585888051202
                ],
                "pointsIdx": [
                    2,
                    3
                ],
                "width": 3.4584375
            },
            {
                "id": 0,
                "normal": [
                    0.0,
                    0.0,
                    -1.0
                ],
                "planeEquation": [
                    0.0,
                    0.0,
                    -1.0,
                    -2.2475
                ],
                "pointsIdx": [
                    3,
                    0
                ],
                "width": 2.9874835888051203
            }
        ]
    },
    "panoId": "nothing"
}