{
    "cameraHeight": 1.6,
    "layoutHeight": 2.84822603225708,
    "layoutObj2ds": {
        "num": 0,
        "obj2ds": []
    },
    "layoutPoints": {
        "num": 10,
        "points": [
            {
                "coords": [
                    0.6700205568280295,
                    0.5
                ],
                "id": 0,
                "xyz": [
                    2.662504495456888,
                    0.0,
                    -1.4632764337356798
                ]
            },
            {
                "coords": [
                    0.8940660929829325,
                    0.5
                ],
                "id": 0,
                "xyz": [
                    2.662504495456888,
                    0.0,
                    3.391202311903875
                ]
            },
            {
                "coords": [
                    0.9872046319250201,
                    0.5
                ],
                "id": 0,
                "xyz": [
                    0.27322689536,
                    0.0,
                    3.391202311903875
                ]
            },
            {
                "coords": [
                    0.993297780766631,
                    0.5
                ],
                "id": 0,
                "xyz": [
                    0.27322689536,
                    0.0,
                    6.484375
                ]
            },
            {
                "coords": [
                    0.1236325551807766,
                    0.5
                ],
                "id": 0,
                "xyz": [
                    -6.373895191503759,
                    0.0,
                    6.484375
                ]
            },
            {
                "coords": [
                    0.14461452807961317,
                    0.4983324796556681
                ],
                "id": 0,
                "xyz": [
                    -6.373895191503759,
                    0.04233850828081374,
                    4.9688724410123815
                ]
            },
            {
                "coords": [
                    0.12277777777777776,
                    0.4980555918336288
                ],
                "id": 0,
                "xyz": [
                    -4.832017310725137,
                    0.04233850828081374,
                    4.9688724410123815
                ]
            },
            {
                "coords": [
                    0.19767375268019066,
                    0.4844697952944679
                ],
                "id": 0,
                "xyz": [
                    -4.832017310725137,
                    0.24929178346276976,
                    1.648477918354259
                ]
            },
            {
                "coords": [
                    0.1927777777777776,
                    0.48307951243151526
                ],
                "id": 0,
                "xyz": [
                    -4.385704426770226,
                    0.24929178346276976,
                    1.648477918354259
                ]
            },
            {
                "coords": [
                    0.3012530938177137,
                    0.5
                ],
                "id": 0,
                "xyz": [
                    -4.385704426770226,
                    0.0,
                    -1.4632764337356798
                ]
            }
        ]
    },
    "layoutWalls": {
        "num": 10,
        "walls": [
            {
                "id": 0,
                "normal": [
                    1.0,
                    0.0,
                    -0.0
                ],
                "planeEquation": [
                    1.0,
                    0.0,
                    -0.0,
                    -2.662504495456888
                ],
                "pointsIdx": [
                    0,
                    1
                ],
                "width": 4.854478745639555
            },
            {
                "id": 0,
                "normal": [
                    0.0,
                    0.0,
                    1.0
                ],
                "planeEquation": [
                    0.0,
                    0.0,
                    1.0,
                    -3.391202311903875
                ],
                "pointsIdx": [
                    1,
                    2
                ],
                "width": 2.389277600096888
            },
            {
                "id": 0,
                "normal": [
                    1.0,
                    0.0,
                    -0.0
                ],
                "planeEquation": [
                    1.0,
                    0.0,
                    -0.0,
                    -0.27322689536
                ],
                "pointsIdx": [
                    2,
                    3
                ],
                "width": 3.093172688096125
            },
            {
                "id": 0,
                "normal": [
                    0.0,
                    0.0,
                    1.0
                ],
                "planeEquation": [
                    0.0,
                    0.0,
                    1.0,
                    -6.484375
                ],
                "pointsIdx": [
                    3,
                    4
                ],
                "width": 6.647122086863758
            },
            {
                "id": 0,
                "normal": [
                    -1.0,
                    -0.0,
                    -0.0
                ],
                "planeEquation": [
                    -1.0,
                    -0.0,
                    -0.0,
                    -6.373895191503759
                ],
                "pointsIdx": [
                    4,
                    5
                ],
                "width": 1.5155025589876185
            },
            {
                "id": 0,
                "normal": [
                    0.0,
                    0.0,
                    -1.0
                ],
                "planeEquation": [
                    0.0,
                    0.0,
                    -1.0,
                    4.9688724410123815
                ],
                "pointsIdx": [
                    5,
                    6
                ],
                "width": 1.541877880778622
            },
            {
                "id": 0,
                "normal": [
                    -1.0,
                    -0.0,
                    -0.0
                ],
                "planeEquation": [
                    -1.0,
                    -0.0,
                    -0.0,
                    -4.832017310725137
                ],
                "pointsIdx": [
                    6,
                    7
                ],
                "width": 3.3203945226581224
            },
            {
                "id": 0,
                "normal": [
                    0.0,
                    0.0,
                    -1.0
                ],
                "planeEquation": [
                    0.0,
                    0.0,
                    -1.0,
                    1.648477918354259
                ],
                "pointsIdx": [
                    7,
                    8
                ],
                "width": 0.44631288395491087
            },
            {
                "id": 0,
                "normal": [
                    -1.0,
                    -0.0,
                    -0.0
                ],
                "planeEquation": [
                    -1.0,
                    -0.0,
                    -0.0,
                    -4.385704426770226
                ],
                "pointsIdx": [
                    8,
                    9
                ],
                "width": 3.111754352089939
            },
            {
                "id": 0,
                "normal": [
                    0.0,
                    0.0,
                    -1.0
                ],
                "planeEquation": [
                    0.0,
                    0.0,
                    -1.0,
                    -1.4632764337356798
                ],
                "pointsIdx": [
                    9,
                    0
                ],
                "width": 7.048208922227114
            }
        ]
    },
    "panoId": "nothing"
}