{
    "cameraHeight": 1.6,
    "layoutHeight": 2.8850107192993164,
    "layoutObj2ds": {
        "num": 0,
        "obj2ds": []
    },
    "layoutPoints": {
        "num": 10,
        "points": [
            {
                "coords": [
                    0.563734229144053,
                    0.5
                ],
                "id": 0,
                "xyz": [
                    1.5625,
                    0.0,
                    -3.69098752
                ]
            },
            {
                "coords": [
                    0.6447682471878856,
                    0.5
                ],
                "id": 0,
                "xyz": [
                    1.5625,
                    0.0,
                    -1.21564754345984
                ]
            },
            {
                "coords": [
                    0.7134829940936154,
                    0.5
                ],
                "id": 0,
                "xyz": [
                    5.204950505345392,
                    0.0,
                    -1.21564754345984
                ]
            },
            {
                "coords": [
                    0.8998495779293862,
                    0.5
                ],
                "id": 0,
                "xyz": [
                    5.204950505345392,
                    0.0,
                    7.149779556130236
                ]
            },
            {
                "coords": [
                    0.9362439876914375,
                    0.4922409297287964
                ],
                "id": 0,
                "xyz": [
                    3.027859055011013,
                    0.1893034045964419,
                    7.149779556130234
                ]
            },
            {
                "coords": [
                    0.8978203605505193,
                    0.48808871319611485
                ],
                "id": 0,
                "xyz": [
                    3.0278590550110143,
                    0.1893034045964419,
                    4.049681219906654
                ]
            },
            {
                "coords": [
                    0.011411348638845908,
                    0.4666506424749228
                ],
                "id": 0,
                "xyz": [
                    -0.2908591875282328,
                    0.42694171628800176,
                    4.049681219906655
                ]
            },
            {
                "coords": [
                    0.01324778251298192,
                    0.4613441691357003
                ],
                "id": 0,
                "xyz": [
                    -0.2908591875282327,
                    0.42694171628800176,
                    3.4862223659674867
                ]
            },
            {
                "coords": [
                    0.12511667738083193,
                    0.5
                ],
                "id": 0,
                "xyz": [
                    -3.4913376552441204,
                    0.0,
                    3.4862223659674867
                ]
            },
            {
                "coords": [
                    0.3794229524128525,
                    0.5
                ],
                "id": 0,
                "xyz": [
                    -3.4913376552441204,
                    0.0,
                    -3.69098752
                ]
            }
        ]
    },
    "layoutWalls": {
        "num": 10,
        "walls": [
            {
                "id": 0,
                "normal": [
                    1.0,
                    0.0,
                    -0.0
                ],
                "planeEquation": [
                    1.0,
                    0.0,
                    -0.0,
                    -1.5625
                ],
                "pointsIdx": [
                    0,
                    1
                ],
                "width": 2.4753399765401602
            },
            {
                "id": 0,
                "normal": [
                    0.0,
                    0.0,
                    -1.0
                ],
                "planeEquation": [
                    0.0,
                    0.0,
                    -1.0,
                    -1.21564754345984
                ],
                "pointsIdx": [
                    1,
                    2
                ],
                "width": 3.6424505053453924
            },
            {
                "id": 0,
                "normal": [
                    1.0,
                    0.0,
                    -0.0
                ],
                "planeEquation": [
                    1.0,
                    0.0,
                    -0.0,
                    -5.204950505345392
                ],
                "pointsIdx": [
                    2,
                    3
                ],
                "width": 8.365427099590075
            },
            {
                "id": 0,
                "normal": [
                    -8.159311999169442e-16,
                    0.0,
                    1.0
                ],
                "planeEquation": [
                    -8.159311999169442e-16,
                    0.0,
                    1.0,
                    -7.149779556130231
                ],
                "pointsIdx": [
                    3,
                    4
                ],
                "width": 2.1770914503343795
            },
            {
                "id": 0,
                "normal": [
                    -1.0,
                    -0.0,
                    -4.297501192085103e-16
                ],
                "planeEquation": [
                    -1.0,
                    -0.0,
                    -4.297501192085103e-16,
                    3.027859055011016
                ],
                "pointsIdx": [
                    4,
                    5
                ],
                "width": 3.1000983362235797
            },
            {
                "id": 0,
                "normal": [
                    2.67626943533644e-16,
                    0.0,
                    1.0
                ],
                "planeEquation": [
                    2.67626943533644e-16,
                    0.0,
                    1.0,
                    -4.049681219906655
                ],
                "pointsIdx": [
                    5,
                    6
                ],
                "width": 3.318718242539247
            },
            {
                "id": 0,
                "normal": [
                    -1.0,
                    -0.0,
                    -1.9703710694463896e-16
                ],
                "planeEquation": [
                    -1.0,
                    -0.0,
                    -1.9703710694463896e-16,
                    -0.29085918752823203
                ],
                "pointsIdx": [
                    6,
                    7
                ],
                "width": 0.5634588539391685
            },
            {
                "id": 0,
                "normal": [
                    0.0,
                    0.0,
                    1.0
                ],
                "planeEquation": [
                    0.0,
                    0.0,
                    1.0,
                    -3.4862223659674867
                ],
                "pointsIdx": [
                    7,
                    8
                ],
                "width": 3.2004784677158877
            },
            {
                "id": 0,
                "normal": [
                    -1.0,
                    -0.0,
                    -0.0
                ],
                "planeEquation": [
                    -1.0,
                    -0.0,
                    -0.0,
                    -3.4913376552441204
                ],
                "pointsIdx": [
                    8,
                    9
                ],
                "width": 7.177209885967487
            },
            {
                "id": 0,
                "normal": [
                    0.0,
                    0.0,
                    -1.0
                ],
                "planeEquation": [
                    0.0,
                    0.0,
                    -1.0,
                    -3.69098752
                ],
                "pointsIdx": [
                    9,
                    0
                ],
                "width": 5.05383765524412
            }
        ]
    },
    "panoId": "nothing"
}