{
    "cameraHeight": 1.6,
    "layoutHeight": 3.0224513339996335,
    "layoutObj2ds": {
        "num": 0,
        "obj2ds": []
    },
    "layoutPoints": {
        "num": 4,
        "points": [
            {
                "coords": [
                    0.6923019964776546,
                    0.5
                ],
                "id": 0,
                "xyz": [
                    5.0749570440645835,
                    0.0,
                    -1.9248850821440735
                ]
            },
            {
                "coords": [
                    0.8159187290006982,
                    0.5
                ],
                "id": 0,
                "xyz": [
                    5.0749570440645835,
                    0.0,
                    2.23099886575616
                ]
            },
            {
                "coords": [
                    0.1087139129975967,
                    0.5
                ],
                "id": 0,
                "xyz": [
                    -1.815477645704891,
                    0.0,
                    2.23099886575616
                ]
            },
            {
                "coords": [
                    0.37965403279700616,
                    0.5
                ],
                "id": 0,
                "xyz": [
                    -1.815477645704891,
                    0.0,
                    -1.9248850821440735
                ]
            }
        ]
    },
    "layoutWalls": {
        "num": 4,
        "walls": [
            {
                "id": 0,
                "normal": [
                    1.0,
                    0.0,
                    -0.0
                ],
                "planeEquation": [
                    1.0,
                    0.0,
                    -0.0,
                    -5.0749570440645835
                ],
                "pointsIdx": [
                    0,
                    1
                ],
                "width": 4.155883947900234
            },
            {
                "id": 0,
                "normal": [
                    0.0,
                    0.0,
                    1.0
                ],
                "planeEquation": [
                    0.0,
                    0.0,
                    1.0,
                    -2.23099886575616
                ],
                "pointsIdx": [
                    1,
                    2
                ],
                "width": 6.890434689769474
            },
            {
                "id": 0,
                "normal": [
                    -1.0,
                    -0.0,
                    -0.0
                ],
                "planeEquation": [
                    -1.0,
                    -0.0,
                    -0.0,
                    -1.815477645704891
                ],
                "pointsIdx": [
                    2,
                    3
                ],
                "width": 4.155883947900234
            },
            {
                "id": 0,
                "normal": [
                    0.0,
                    0.0,
                    -1.0
                ],
                "planeEquation": [
                    0.0,
                    0.0,
                    -1.0,
                    -1.9248850821440735
                ],
                "pointsIdx": [
                    3,
                    0
                ],
                "width": 6.890434689769474
            }
        ]
    },
    "panoId": "nothing"
}