{
    "cameraHeight": 1.6,
    "layoutHeight": 3.080905122756958,
    "layoutObj2ds": {
        "num": 0,
        "obj2ds": []
    },
    "layoutPoints": {
        "num": 4,
        "points": [
            {
                "coords": [
                    0.5213196148696421,
                    0.5
                ],
                "id": 0,
                "xyz": [
                    0.455625,
                    0.0,
                    -3.3809576878492313
                ]
            },
            {
                "coords": [
                    0.9731443540753753,
                    0.5
                ],
                "id": 0,
                "xyz": [
                    0.455625,
                    0.0,
                    2.6745
                ]
            },
            {
                "coords": [
                    0.05491812815134839,
                    0.5
                ],
                "id": 0,
                "xyz": [
                    -0.9613254041600001,
                    0.0,
                    2.6745
                ]
            },
            {
                "coords": [
                    0.45591022520908553,
                    0.5
                ],
                "id": 0,
                "xyz": [
                    -0.9613254041600001,
                    0.0,
                    -3.3809576878492313
                ]
            }
        ]
    },
    "layoutWalls": {
        "num": 4,
        "walls": [
            {
                "id": 0,
                "normal": [
                    1.0,
                    0.0,
                    -0.0
                ],
                "planeEquation": [
                    1.0,
                    0.0,
                    -0.0,
                    -0.455625
                ],
                "pointsIdx": [
                    0,
                    1
                ],
                "width": 6.055457687849231
            },
            {
                "id": 0,
                "normal": [
                    0.0,
                    0.0,
                    1.0
                ],
                "planeEquation": [
                    0.0,
                    0.0,
                    1.0,
                    -2.6745
                ],
                "pointsIdx": [
                    1,
                    2
                ],
                "width": 1.41695040416
            },
            {
                "id": 0,
                "normal": [
                    -1.0,
                    -0.0,
                    -0.0
                ],
                "planeEquation": [
                    -1.0,
                    -0.0,
                    -0.0,
                    -0.9613254041600001
                ],
                "pointsIdx": [
                    2,
                    3
                ],
                "width": 6.055457687849231
            },
            {
                "id": 0,
                "normal": [
                    0.0,
                    0.0,
                    -1.0
                ],
                "planeEquation": [
                    0.0,
                    0.0,
                    -1.0,
                    -3.3809576878492313
                ],
                "pointsIdx": [
                    3,
                    0
                ],
                "width": 1.41695040416
            }
        ]
    },
    "panoId": "nothing"
}