{
    "cameraHeight": 1.6,
    "layoutHeight": 3.042366714477539,
    "layoutObj2ds": {
        "num": 0,
        "obj2ds": []
    },
    "layoutPoints": {
        "num": 4,
        "points": [
            {
                "coords": [
                    0.6408823279979925,
                    0.5
                ],
                "id": 0,
                "xyz": [
                    1.0388557974774009,
                    0.0,
                    -0.8497597030399999
                ]
            },
            {
                "coords": [
                    0.95975142423532,
                    0.5
                ],
                "id": 0,
                "xyz": [
                    1.0388557974774009,
                    0.0,
                    4.02
                ]
            },
            {
                "coords": [
                    0.15710135481873622,
                    0.5
                ],
                "id": 0,
                "xyz": [
                    -6.086586928896567,
                    0.0,
                    4.02
                ]
            },
            {
                "coords": [
                    0.27207721603693036,
                    0.5
                ],
                "id": 0,
                "xyz": [
                    -6.086586928896567,
                    0.0,
                    -0.8497597030399999
                ]
            }
        ]
    },
    "layoutWalls": {
        "num": 4,
        "walls": [
            {
                "id": 0,
                "normal": [
                    1.0,
                    0.0,
                    -0.0
                ],
                "planeEquation": [
                    1.0,
                    0.0,
                    -0.0,
                    -1.0388557974774009
                ],
                "pointsIdx": [
                    0,
                    1
                ],
                "width": 4.86975970304
            },
            {
                "id": 0,
                "normal": [
                    0.0,
                    0.0,
                    1.0
                ],
                "planeEquation": [
                    0.0,
                    0.0,
                    1.0,
                    -4.02
                ],
                "pointsIdx": [
                    1,
                    2
                ],
                "width": 7.125442726373969
            },
            {
                "id": 0,
                "normal": [
                    -1.0,
                    -0.0,
                    -0.0
                ],
                "planeEquation": [
                    -1.0,
                    -0.0,
                    -0.0,
                    -6.086586928896567
                ],
                "pointsIdx": [
                    2,
                    3
                ],
                "width": 4.86975970304
            },
            {
                "id": 0,
                "normal": [
                    0.0,
                    0.0,
                    -1.0
                ],
                "planeEquation": [
                    0.0,
                    0.0,
                    -1.0,
                    -0.8497597030399999
                ],
                "pointsIdx": [
                    3,
                    0
                ],
                "width": 7.125442726373969
            }
        ]
    },
    "panoId": "nothing"
}