{
    "cameraHeight": 1.6,
    "layoutHeight": 3.0938100910186765,
    "layoutObj2ds": {
        "num": 0,
        "obj2ds": []
    },
    "layoutPoints": {
        "num": 12,
        "points": [
            {
                "coords": [
                    0.5722969333477198,
                    0.5
                ],
                "id": 0,
                "xyz": [
                    1.782042718392303,
                    0.0,
                    -3.6493801098035195
                ]
            },
            {
                "coords": [
                    0.7483741846221028,
                    0.5788155264480811
                ],
                "id": 0,
                "xyz": [
                    1.782042718392303,
                    -0.4505126484838281,
                    -0.01820473296400534
                ]
            },
            {
                "coords": [
                    0.7481250000000016,
                    0.5902964486422574
                ],
                "id": 0,
                "xyz": [
                    1.5451942369270169,
                    -0.4505126484838281,
                    -0.01820473296400534
                ]
            },
            {
                "coords": [
                    0.8592078588325152,
                    0.5
                ],
                "id": 0,
                "xyz": [
                    1.5451942369270169,
                    0.0,
                    1.2653948138987998
                ]
            },
            {
                "coords": [
                    0.991724964049516,
                    0.6125292531958522
                ],
                "id": 0,
                "xyz": [
                    0.06585176237014467,
                    -0.46759280401878456,
                    1.2653948138987998
                ]
            },
            {
                "coords": [
                    0.9786805555555556,
                    0.7415592895844373
                ],
                "id": 0,
                "xyz": [
                    0.06585176237014467,
                    -0.46759280401878456,
                    0.4886558540224192
                ]
            },
            {
                "coords": [
                    0.03944444444444445,
                    0.6139774972867277
                ],
                "id": 0,
                "xyz": [
                    -0.12364894024978233,
                    -0.18861919001583682,
                    0.4886558540224192
                ]
            },
            {
                "coords": [
                    0.013926156290743619,
                    0.5421841628759265
                ],
                "id": 0,
                "xyz": [
                    -0.12364894024978233,
                    -0.18861919001583682,
                    1.4095124280240245
                ]
            },
            {
                "coords": [
                    0.17709028912541103,
                    0.5
                ],
                "id": 0,
                "xyz": [
                    -2.85852339456,
                    0.0,
                    1.4095124280240245
                ]
            },
            {
                "coords": [
                    0.2745997887744186,
                    0.5
                ],
                "id": 0,
                "xyz": [
                    -2.85852339456,
                    0.0,
                    -0.4453801826339774
                ]
            },
            {
                "coords": [
                    0.5228013438098036,
                    0.5
                ],
                "id": 0,
                "xyz": [
                    0.0642475829428224,
                    0.0,
                    -0.4453801826339774
                ]
            },
            {
                "coords": [
                    0.5028016440845718,
                    0.5
                ],
                "id": 0,
                "xyz": [
                    0.0642475829428224,
                    0.0,
                    -3.6493801098035195
                ]
            }
        ]
    },
    "layoutWalls": {
        "num": 12,
        "walls": [
            {
                "id": 0,
                "normal": [
                    1.0,
                    0.0,
                    -0.0
                ],
                "planeEquation": [
                    1.0,
                    0.0,
                    -0.0,
                    -1.782042718392303
                ],
                "pointsIdx": [
                    0,
                    1
                ],
                "width": 3.631175376839514
            },
            {
                "id": 0,
                "normal": [
                    0.0,
                    0.0,
                    1.0
                ],
                "planeEquation": [
                    0.0,
                    0.0,
                    1.0,
                    0.01820473296400534
                ],
                "pointsIdx": [
                    1,
                    2
                ],
                "width": 0.23684848146528625
            },
            {
                "id": 0,
                "normal": [
                    1.0,
                    0.0,
                    -0.0
                ],
                "planeEquation": [
                    1.0,
                    0.0,
                    -0.0,
                    -1.5451942369270169
                ],
                "pointsIdx": [
                    2,
                    3
                ],
                "width": 1.2835995468628052
            },
            {
                "id": 0,
                "normal": [
                    0.0,
                    0.0,
                    1.0
                ],
                "planeEquation": [
                    0.0,
                    0.0,
                    1.0,
                    -1.2653948138987998
                ],
                "pointsIdx": [
                    3,
                    4
                ],
                "width": 1.4793424745568722
            },
            {
                "id": 0,
                "normal": [
                    -1.0,
                    -0.0,
                    -0.0
                ],
                "planeEquation": [
                    -1.0,
                    -0.0,
                    -0.0,
                    0.06585176237014467
                ],
                "pointsIdx": [
                    4,
                    5
                ],
                "width": 0.7767389598763806
            },
            {
                "id": 0,
                "normal": [
                    0.0,
                    0.0,
                    1.0
                ],
                "planeEquation": [
                    0.0,
                    0.0,
                    1.0,
                    -0.4886558540224192
                ],
                "pointsIdx": [
                    5,
                    6
                ],
                "width": 0.18950070261992702
            },
            {
                "id": 0,
                "normal": [
                    1.0,
                    0.0,
                    -0.0
                ],
                "planeEquation": [
                    1.0,
                    0.0,
                    -0.0,
                    0.12364894024978233
                ],
                "pointsIdx": [
                    6,
                    7
                ],
                "width": 0.9208565740016054
            },
            {
                "id": 0,
                "normal": [
                    0.0,
                    0.0,
                    1.0
                ],
                "planeEquation": [
                    0.0,
                    0.0,
                    1.0,
                    -1.4095124280240245
                ],
                "pointsIdx": [
                    7,
                    8
                ],
                "width": 2.734874454310218
            },
            {
                "id": 0,
                "normal": [
                    -1.0,
                    -0.0,
                    -0.0
                ],
                "planeEquation": [
                    -1.0,
                    -0.0,
                    -0.0,
                    -2.85852339456
                ],
                "pointsIdx": [
                    8,
                    9
                ],
                "width": 1.854892610658002
            },
            {
                "id": 0,
                "normal": [
                    0.0,
                    0.0,
                    -1.0
                ],
                "planeEquation": [
                    0.0,
                    0.0,
                    -1.0,
                    -0.4453801826339774
                ],
                "pointsIdx": [
                    9,
                    10
                ],
                "width": 2.9227709775028226
            },
            {
                "id": 0,
                "normal": [
                    -1.0,
                    -0.0,
                    -0.0
                ],
                "planeEquation": [
                    -1.0,
                    -0.0,
                    -0.0,
                    0.0642475829428224
                ],
                "pointsIdx": [
                    10,
                    11
                ],
                "width": 3.203999927169542
            },
            {
                "id": 0,
                "normal": [
                    0.0,
                    0.0,
                    -1.0
                ],
                "planeEquation": [
                    0.0,
                    0.0,
                    -1.0,
                    -3.6493801098035195
                ],
                "pointsIdx": [
                    11,
                    0
                ],
                "width": 1.7177951354494807
            }
        ]
    },
    "panoId": "nothing"
}