{
    "cameraHeight": 1.6,
    "layoutHeight": 2.3252257537841796,
    "layoutObj2ds": {
        "num": 0,
        "obj2ds": []
    },
    "layoutPoints": {
        "num": 4,
        "points": [
            {
                "coords": [
                    0.6313716034506412,
                    0.5
                ],
                "id": 0,
                "xyz": [
                    1.7597174528,
                    0.0,
                    -1.62417442308096
                ]
            },
            {
                "coords": [
                    0.781181141804368,
                    0.5
                ],
                "id": 0,
                "xyz": [
                    1.7597174528,
                    0.0,
                    0.34923816960000004
                ]
            },
            {
                "coords": [
                    0.21399015620852768,
                    0.5
                ],
                "id": 0,
                "xyz": [
                    -1.51712016,
                    0.0,
                    0.34923816960000004
                ]
            },
            {
                "coords": [
                    0.38042184857113515,
                    0.5
                ],
                "id": 0,
                "xyz": [
                    -1.51712016,
                    0.0,
                    -1.62417442308096
                ]
            }
        ]
    },
    "layoutWalls": {
        "num": 4,
        "walls": [
            {
                "id": 0,
                "normal": [
                    1.0,
                    0.0,
                    -0.0
                ],
                "planeEquation": [
                    1.0,
                    0.0,
                    -0.0,
                    -1.7597174528
                ],
                "pointsIdx": [
                    0,
                    1
                ],
                "width": 1.97341259268096
            },
            {
                "id": 0,
                "normal": [
                    0.0,
                    0.0,
                    1.0
                ],
                "planeEquation": [
                    0.0,
                    0.0,
                    1.0,
                    -0.34923816960000004
                ],
                "pointsIdx": [
                    1,
                    2
                ],
                "width": 3.2768376127999996
            },
            {
                "id": 0,
                "normal": [
                    -1.0,
                    -0.0,
                    -0.0
                ],
                "planeEquation": [
                    -1.0,
                    -0.0,
                    -0.0,
                    -1.51712016
                ],
                "pointsIdx": [
                    2,
                    3
                ],
                "width": 1.97341259268096
            },
            {
                "id": 0,
                "normal": [
                    0.0,
                    0.0,
                    -1.0
                ],
                "planeEquation": [
                    0.0,
                    0.0,
                    -1.0,
                    -1.62417442308096
                ],
                "pointsIdx": [
                    3,
                    0
                ],
                "width": 3.2768376127999996
            }
        ]
    },
    "panoId": "nothing"
}