{
    "cameraHeight": 1.6,
    "layoutHeight": 3.0286903858184813,
    "layoutObj2ds": {
        "num": 0,
        "obj2ds": []
    },
    "layoutPoints": {
        "num": 4,
        "points": [
            {
                "coords": [
                    0.5247978984080529,
                    0.5
                ],
                "id": 0,
                "xyz": [
                    0.12786556593911497,
                    0.0,
                    -0.8140000000000001
                ]
            },
            {
                "coords": [
                    0.9937385183931056,
                    0.5
                ],
                "id": 0,
                "xyz": [
                    0.12786556593911497,
                    0.0,
                    3.2484222771200004
                ]
            },
            {
                "coords": [
                    0.153954514200903,
                    0.5
                ],
                "id": 0,
                "xyz": [
                    -4.71301264,
                    0.0,
                    3.2484222771200004
                ]
            },
            {
                "coords": [
                    0.27721964356449313,
                    0.5
                ],
                "id": 0,
                "xyz": [
                    -4.71301264,
                    0.0,
                    -0.8140000000000001
                ]
            }
        ]
    },
    "layoutWalls": {
        "num": 4,
        "walls": [
            {
                "id": 0,
                "normal": [
                    1.0,
                    0.0,
                    -0.0
                ],
                "planeEquation": [
                    1.0,
                    0.0,
                    -0.0,
                    -0.12786556593911497
                ],
                "pointsIdx": [
                    0,
                    1
                ],
                "width": 4.0624222771200005
            },
            {
                "id": 0,
                "normal": [
                    0.0,
                    0.0,
                    1.0
                ],
                "planeEquation": [
                    0.0,
                    0.0,
                    1.0,
                    -3.2484222771200004
                ],
                "pointsIdx": [
                    1,
                    2
                ],
                "width": 4.840878205939115
            },
            {
                "id": 0,
                "normal": [
                    -1.0,
                    -0.0,
                    -0.0
                ],
                "planeEquation": [
                    -1.0,
                    -0.0,
                    -0.0,
                    -4.71301264
                ],
                "pointsIdx": [
                    2,
                    3
                ],
                "width": 4.0624222771200005
            },
            {
                "id": 0,
                "normal": [
                    0.0,
                    0.0,
                    -1.0
                ],
                "planeEquation": [
                    0.0,
                    0.0,
                    -1.0,
                    -0.8140000000000001
                ],
                "pointsIdx": [
                    3,
                    0
                ],
                "width": 4.840878205939115
            }
        ]
    },
    "panoId": "nothing"
}