{
    "cameraHeight": 1.6,
    "layoutHeight": 4.436860866546631,
    "layoutObj2ds": {
        "num": 0,
        "obj2ds": []
    },
    "layoutPoints": {
        "num": 4,
        "points": [
            {
                "coords": [
                    0.6678981618589567,
                    0.5
                ],
                "id": 0,
                "xyz": [
                    7.591343710846121,
                    0.0,
                    -4.304891598445502
                ]
            },
            {
                "coords": [
                    0.8121518505631524,
                    0.5
                ],
                "id": 0,
                "xyz": [
                    7.591343710846121,
                    0.0,
                    3.125
                ]
            },
            {
                "coords": [
                    0.03848461554879418,
                    0.5
                ],
                "id": 0,
                "xyz": [
                    -0.7707239842021071,
                    0.0,
                    3.125
                ]
            },
            {
                "coords": [
                    0.47180449987699946,
                    0.5
                ],
                "id": 0,
                "xyz": [
                    -0.7707239842021071,
                    0.0,
                    -4.304891598445502
                ]
            }
        ]
    },
    "layoutWalls": {
        "num": 4,
        "walls": [
            {
                "id": 0,
                "normal": [
                    1.0,
                    0.0,
                    -0.0
                ],
                "planeEquation": [
                    1.0,
                    0.0,
                    -0.0,
                    -7.591343710846121
                ],
                "pointsIdx": [
                    0,
                    1
                ],
                "width": 7.429891598445502
            },
            {
                "id": 0,
                "normal": [
                    0.0,
                    0.0,
                    1.0
                ],
                "planeEquation": [
                    0.0,
                    0.0,
                    1.0,
                    -3.125
                ],
                "pointsIdx": [
                    1,
                    2
                ],
                "width": 8.362067695048228
            },
            {
                "id": 0,
                "normal": [
                    -1.0,
                    -0.0,
                    -0.0
                ],
                "planeEquation": [
                    -1.0,
                    -0.0,
                    -0.0,
                    -0.7707239842021071
                ],
                "pointsIdx": [
                    2,
                    3
                ],
                "width": 7.429891598445502
            },
            {
                "id": 0,
                "normal": [
                    0.0,
                    0.0,
                    -1.0
                ],
                "planeEquation": [
                    0.0,
                    0.0,
                    -1.0,
                    -4.304891598445502
                ],
                "pointsIdx": [
                    3,
                    0
                ],
                "width": 8.362067695048228
            }
        ]
    },
    "panoId": "nothing"
}