{
    "cameraHeight": 1.6,
    "layoutHeight": 5.574538784027101,
    "layoutObj2ds": {
        "num": 0,
        "obj2ds": []
    },
    "layoutPoints": {
        "num": 4,
        "points": [
            {
                "coords": [
                    0.5740058355868588,
                    0.5
                ],
                "id": 0,
                "xyz": [
                    1.3616629610870543,
                    0.0,
                    -2.714194858859225
                ]
            },
            {
                "coords": [
                    0.949691805046812,
                    0.5
                ],
                "id": 0,
                "xyz": [
                    1.3616629610870543,
                    0.0,
                    4.16331844545151
                ]
            },
            {
                "coords": [
                    0.11176095281177884,
                    0.5
                ],
                "id": 0,
                "xyz": [
                    -3.522506765048226,
                    0.0,
                    4.16331844545151
                ]
            },
            {
                "coords": [
                    0.3544869634124925,
                    0.5
                ],
                "id": 0,
                "xyz": [
                    -3.522506765048226,
                    0.0,
                    -2.714194858859225
                ]
            }
        ]
    },
    "layoutWalls": {
        "num": 4,
        "walls": [
            {
                "id": 0,
                "normal": [
                    1.0,
                    0.0,
                    -0.0
                ],
                "planeEquation": [
                    1.0,
                    0.0,
                    -0.0,
                    -1.3616629610870543
                ],
                "pointsIdx": [
                    0,
                    1
                ],
                "width": 6.877513304310735
            },
            {
                "id": 0,
                "normal": [
                    0.0,
                    0.0,
                    1.0
                ],
                "planeEquation": [
                    0.0,
                    0.0,
                    1.0,
                    -4.16331844545151
                ],
                "pointsIdx": [
                    1,
                    2
                ],
                "width": 4.88416972613528
            },
            {
                "id": 0,
                "normal": [
                    -1.0,
                    -0.0,
                    -0.0
                ],
                "planeEquation": [
                    -1.0,
                    -0.0,
                    -0.0,
                    -3.522506765048226
                ],
                "pointsIdx": [
                    2,
                    3
                ],
                "width": 6.877513304310735
            },
            {
                "id": 0,
                "normal": [
                    0.0,
                    0.0,
                    -1.0
                ],
                "planeEquation": [
                    0.0,
                    0.0,
                    -1.0,
                    -2.714194858859225
                ],
                "pointsIdx": [
                    3,
                    0
                ],
                "width": 4.88416972613528
            }
        ]
    },
    "panoId": "nothing"
}