{
    "cameraHeight": 1.6,
    "layoutHeight": 5.493134632110596,
    "layoutObj2ds": {
        "num": 0,
        "obj2ds": []
    },
    "layoutPoints": {
        "num": 4,
        "points": [
            {
                "coords": [
                    0.31528285595222283,
                    0.5
                ],
                "id": 0,
                "xyz": [
                    -5.037135594412837,
                    0.0,
                    -2.1904
                ]
            },
            {
                "coords": [
                    0.6890711776941794,
                    0.5
                ],
                "id": 0,
                "xyz": [
                    5.439358810072671,
                    0.0,
                    -2.1904
                ]
            },
            {
                "coords": [
                    0.9300928820962271,
                    0.5
                ],
                "id": 0,
                "xyz": [
                    5.439358810072671,
                    0.0,
                    11.576757785299211
                ]
            },
            {
                "coords": [
                    0.06531729259228447,
                    0.5
                ],
                "id": 0,
                "xyz": [
                    -5.037135594412837,
                    0.0,
                    11.576757785299211
                ]
            }
        ]
    },
    "layoutWalls": {
        "num": 4,
        "walls": [
            {
                "id": 0,
                "normal": [
                    0.0,
                    0.0,
                    -1.0
                ],
                "planeEquation": [
                    0.0,
                    0.0,
                    -1.0,
                    -2.1904
                ],
                "pointsIdx": [
                    0,
                    1
                ],
                "width": 10.476494404485507
            },
            {
                "id": 0,
                "normal": [
                    1.0,
                    0.0,
                    -0.0
                ],
                "planeEquation": [
                    1.0,
                    0.0,
                    -0.0,
                    -5.439358810072671
                ],
                "pointsIdx": [
                    1,
                    2
                ],
                "width": 13.767157785299212
            },
            {
                "id": 0,
                "normal": [
                    0.0,
                    0.0,
                    1.0
                ],
                "planeEquation": [
                    0.0,
                    0.0,
                    1.0,
                    -11.576757785299211
                ],
                "pointsIdx": [
                    2,
                    3
                ],
                "width": 10.476494404485507
            },
            {
                "id": 0,
                "normal": [
                    -1.0,
                    -0.0,
                    -0.0
                ],
                "planeEquation": [
                    -1.0,
                    -0.0,
                    -0.0,
                    -5.037135594412837
                ],
                "pointsIdx": [
                    3,
                    0
                ],
                "width": 13.767157785299212
            }
        ]
    },
    "panoId": "nothing"
}