{
    "cameraHeight": 1.6,
    "layoutHeight": 2.799559288024902,
    "layoutObj2ds": {
        "num": 0,
        "obj2ds": []
    },
    "layoutPoints": {
        "num": 4,
        "points": [
            {
                "coords": [
                    0.544519940757276,
                    0.5
                ],
                "id": 0,
                "xyz": [
                    0.7181470400000001,
                    0.0,
                    -2.5
                ]
            },
            {
                "coords": [
                    0.9778893033142553,
                    0.5
                ],
                "id": 0,
                "xyz": [
                    0.7181470400000001,
                    0.0,
                    5.135992964871765
                ]
            },
            {
                "coords": [
                    0.07145862160005445,
                    0.5
                ],
                "id": 0,
                "xyz": [
                    -2.4745585881096024,
                    0.0,
                    5.135992964871765
                ]
            },
            {
                "coords": [
                    0.3758139598895629,
                    0.5
                ],
                "id": 0,
                "xyz": [
                    -2.4745585881096024,
                    0.0,
                    -2.5
                ]
            }
        ]
    },
    "layoutWalls": {
        "num": 4,
        "walls": [
            {
                "id": 0,
                "normal": [
                    1.0,
                    0.0,
                    -0.0
                ],
                "planeEquation": [
                    1.0,
                    0.0,
                    -0.0,
                    -0.7181470400000001
                ],
                "pointsIdx": [
                    0,
                    1
                ],
                "width": 7.635992964871765
            },
            {
                "id": 0,
                "normal": [
                    0.0,
                    0.0,
                    1.0
                ],
                "planeEquation": [
                    0.0,
                    0.0,
                    1.0,
                    -5.135992964871765
                ],
                "pointsIdx": [
                    1,
                    2
                ],
                "width": 3.1927056281096027
            },
            {
                "id": 0,
                "normal": [
                    -1.0,
                    -0.0,
                    -0.0
                ],
                "planeEquation": [
                    -1.0,
                    -0.0,
                    -0.0,
                    -2.4745585881096024
                ],
                "pointsIdx": [
                    2,
                    3
                ],
                "width": 7.635992964871765
            },
            {
                "id": 0,
                "normal": [
                    0.0,
                    0.0,
                    -1.0
                ],
                "planeEquation": [
                    0.0,
                    0.0,
                    -1.0,
                    -2.5
                ],
                "pointsIdx": [
                    3,
                    0
                ],
                "width": 3.1927056281096027
            }
        ]
    },
    "panoId": "nothing"
}