{
    "cameraHeight": 1.6,
    "layoutHeight": 2.6201737594604486,
    "layoutObj2ds": {
        "num": 0,
        "obj2ds": []
    },
    "layoutPoints": {
        "num": 4,
        "points": [
            {
                "coords": [
                    0.5823689567179028,
                    0.5
                ],
                "id": 0,
                "xyz": [
                    0.2901754895581432,
                    0.0,
                    -0.5097064826126771
                ]
            },
            {
                "coords": [
                    0.895667374749709,
                    0.5
                ],
                "id": 0,
                "xyz": [
                    0.2901754895581432,
                    0.0,
                    0.37734868736
                ]
            },
            {
                "coords": [
                    0.2135544705740382,
                    0.5
                ],
                "id": 0,
                "xyz": [
                    -1.6189491994453769,
                    0.0,
                    0.37734868736
                ]
            },
            {
                "coords": [
                    0.2985443749258853,
                    0.5
                ],
                "id": 0,
                "xyz": [
                    -1.6189491994453769,
                    0.0,
                    -0.5097064826126771
                ]
            }
        ]
    },
    "layoutWalls": {
        "num": 4,
        "walls": [
            {
                "id": 0,
                "normal": [
                    1.0,
                    0.0,
                    -0.0
                ],
                "planeEquation": [
                    1.0,
                    0.0,
                    -0.0,
                    -0.2901754895581432
                ],
                "pointsIdx": [
                    0,
                    1
                ],
                "width": 0.8870551699726772
            },
            {
                "id": 0,
                "normal": [
                    0.0,
                    0.0,
                    1.0
                ],
                "planeEquation": [
                    0.0,
                    0.0,
                    1.0,
                    -0.37734868736
                ],
                "pointsIdx": [
                    1,
                    2
                ],
                "width": 1.90912468900352
            },
            {
                "id": 0,
                "normal": [
                    -1.0,
                    -0.0,
                    -0.0
                ],
                "planeEquation": [
                    -1.0,
                    -0.0,
                    -0.0,
                    -1.6189491994453769
                ],
                "pointsIdx": [
                    2,
                    3
                ],
                "width": 0.8870551699726772
            },
            {
                "id": 0,
                "normal": [
                    0.0,
                    0.0,
                    -1.0
                ],
                "planeEquation": [
                    0.0,
                    0.0,
                    -1.0,
                    -0.5097064826126771
                ],
                "pointsIdx": [
                    3,
                    0
                ],
                "width": 1.90912468900352
            }
        ]
    },
    "panoId": "nothing"
}