{
    "cameraHeight": 1.6,
    "layoutHeight": 2.8001561641693113,
    "layoutObj2ds": {
        "num": 0,
        "obj2ds": []
    },
    "layoutPoints": {
        "num": 4,
        "points": [
            {
                "coords": [
                    0.5664874946622123,
                    0.5
                ],
                "id": 0,
                "xyz": [
                    0.8125711360000001,
                    0.0,
                    -1.8306081587200003
                ]
            },
            {
                "coords": [
                    0.8520882465828121,
                    0.5
                ],
                "id": 0,
                "xyz": [
                    0.8125711360000001,
                    0.0,
                    0.60681472
                ]
            },
            {
                "coords": [
                    0.11784604118940667,
                    0.5
                ],
                "id": 0,
                "xyz": [
                    -0.5545754521599999,
                    0.0,
                    0.60681472
                ]
            },
            {
                "coords": [
                    0.4531834009972101,
                    0.5
                ],
                "id": 0,
                "xyz": [
                    -0.5545754521599999,
                    0.0,
                    -1.8306081587200003
                ]
            }
        ]
    },
    "layoutWalls": {
        "num": 4,
        "walls": [
            {
                "id": 0,
                "normal": [
                    1.0,
                    0.0,
                    -0.0
                ],
                "planeEquation": [
                    1.0,
                    0.0,
                    -0.0,
                    -0.8125711360000001
                ],
                "pointsIdx": [
                    0,
                    1
                ],
                "width": 2.4374228787200005
            },
            {
                "id": 0,
                "normal": [
                    0.0,
                    0.0,
                    1.0
                ],
                "planeEquation": [
                    0.0,
                    0.0,
                    1.0,
                    -0.60681472
                ],
                "pointsIdx": [
                    1,
                    2
                ],
                "width": 1.36714658816
            },
            {
                "id": 0,
                "normal": [
                    -1.0,
                    -0.0,
                    -0.0
                ],
                "planeEquation": [
                    -1.0,
                    -0.0,
                    -0.0,
                    -0.5545754521599999
                ],
                "pointsIdx": [
                    2,
                    3
                ],
                "width": 2.4374228787200005
            },
            {
                "id": 0,
                "normal": [
                    0.0,
                    0.0,
                    -1.0
                ],
                "planeEquation": [
                    0.0,
                    0.0,
                    -1.0,
                    -1.8306081587200003
                ],
                "pointsIdx": [
                    3,
                    0
                ],
                "width": 1.36714658816
            }
        ]
    },
    "panoId": "nothing"
}