{
    "cameraHeight": 1.6,
    "layoutHeight": 3.070439071655273,
    "layoutObj2ds": {
        "num": 0,
        "obj2ds": []
    },
    "layoutPoints": {
        "num": 4,
        "points": [
            {
                "coords": [
                    0.6008021619545437,
                    0.5
                ],
                "id": 0,
                "xyz": [
                    0.754464,
                    0.0,
                    -1.0275
                ]
            },
            {
                "coords": [
                    0.9673285210297851,
                    0.5
                ],
                "id": 0,
                "xyz": [
                    0.754464,
                    0.0,
                    3.62350384
                ]
            },
            {
                "coords": [
                    0.045083227112119095,
                    0.5
                ],
                "id": 0,
                "xyz": [
                    -1.0547802731315201,
                    0.0,
                    3.62350384
                ]
            },
            {
                "coords": [
                    0.37291500597169125,
                    0.5
                ],
                "id": 0,
                "xyz": [
                    -1.0547802731315201,
                    0.0,
                    -1.0275
                ]
            }
        ]
    },
    "layoutWalls": {
        "num": 4,
        "walls": [
            {
                "id": 0,
                "normal": [
                    1.0,
                    0.0,
                    -0.0
                ],
                "planeEquation": [
                    1.0,
                    0.0,
                    -0.0,
                    -0.754464
                ],
                "pointsIdx": [
                    0,
                    1
                ],
                "width": 4.6510038400000004
            },
            {
                "id": 0,
                "normal": [
                    0.0,
                    0.0,
                    1.0
                ],
                "planeEquation": [
                    0.0,
                    0.0,
                    1.0,
                    -3.62350384
                ],
                "pointsIdx": [
                    1,
                    2
                ],
                "width": 1.8092442731315201
            },
            {
                "id": 0,
                "normal": [
                    -1.0,
                    -0.0,
                    -0.0
                ],
                "planeEquation": [
                    -1.0,
                    -0.0,
                    -0.0,
                    -1.0547802731315201
                ],
                "pointsIdx": [
                    2,
                    3
                ],
                "width": 4.6510038400000004
            },
            {
                "id": 0,
                "normal": [
                    0.0,
                    0.0,
                    -1.0
                ],
                "planeEquation": [
                    0.0,
                    0.0,
                    -1.0,
                    -1.0275
                ],
                "pointsIdx": [
                    3,
                    0
                ],
                "width": 1.8092442731315201
            }
        ]
    },
    "panoId": "nothing"
}